dt-timestamp(s),dt-ventilation,dt-cooling,pt-timestamp(s),pt-ventilation,pt-cooling,operation
0.0,0.0,1588.76452600301,0.0,0.0,5618.916666666667,Mismatch
3600.0,0.0,1581.0759458509,3600.0,0.0,3465.25,Mismatch
7200.0,0.0,1574.61887203074,7200.0,0.0,4143.666666666666,Mismatch
10800.0,0.0,1568.32961756947,10800.0,0.0,3569.6666666666665,Mismatch
14400.0,0.0,1560.29522823495,14400.0,0.0,4131.75,Mismatch
18000.0,0.0,1556.98602053342,18000.0,0.0,4159.583333333333,Mismatch
21600.0,0.0,1555.31250591985,21600.0,0.0,2688.0,Mismatch
25200.0,0.0,1599.41845021977,25200.0,6433.916666666667,3293.9999999999995,Mismatch
28800.0,2582.62945321999,1497.81109722654,28800.0,6994.5,2697.833333333333,Mismatch
32400.0,2582.62945321999,1474.97342022368,32400.0,6986.500000000001,3431.083333333333,Mismatch
36000.0,2582.62945321999,1488.80015934656,36000.0,6930.416666666666,3590.333333333333,Mismatch
39600.0,2582.62945321999,3109.1226272693,39600.0,6889.666666666667,3989.75,Mismatch
43200.0,2582.62945321999,5297.96329482176,43200.0,6846.666666666666,4726.833333333333,Mismatch
46800.0,2582.62945321999,5840.90382581953,46800.0,1131.5,3204.583333333333,Mismatch
50400.0,1291.314726609999,3885.27709857568,50400.0,0.0,3198.25,Mismatch
54000.0,0.0,1620.89396061509,54000.0,0.0,3214.583333333333,Mismatch
57600.0,0.0,1619.76917635178,57600.0,0.0,4787.583333333333,Mismatch
61200.0,0.0,1610.22954060385,61200.0,0.0,3891.3333333333335,Mismatch
64800.0,0.0,1609.80469143162,64800.0,0.0,3113.7499999999995,Mismatch
68400.0,0.0,1612.86966546634,68400.0,0.0,3017.6666666666665,Mismatch
72000.0,0.0,1613.94927930787,72000.0,0.0,3014.333333333333,Mismatch
75600.0,0.0,1612.91938105841,75600.0,0.0,2989.083333333333,Mismatch
79200.0,0.0,1609.09142718284,79200.0,0.0,5272.916666666666,Mismatch
82800.0,0.0,1603.88568550976,82800.0,0.0,2616.0,Mismatch
86400.0,0.0,1596.24994360266,86400.0,0.0,4809.666666666667,Mismatch
90000.0,0.0,1587.41960010429,90000.0,0.0,3277.0,Mismatch
93600.0,0.0,1579.10532581728,93600.0,0.0,3378.4166666666665,Mismatch
97200.0,0.0,1573.49553354272,97200.0,0.0,3403.0,Mismatch
100800.0,0.0,1567.92299399655,100800.0,0.0,3630.6666666666665,Mismatch
104400.0,0.0,1562.70184194374,104400.0,0.0,3073.9999999999995,Mismatch
108000.0,0.0,1563.31395579295,108000.0,0.0,1773.083333333333,Mismatch
111600.0,0.0,1576.9445614226,111600.0,6376.583333333334,3135.75,Mismatch
115200.0,2582.62945321999,1501.64543490909,115200.0,6902.666666666667,2684.1666666666665,Mismatch
118800.0,2582.62945321999,1488.96998132674,118800.0,6894.416666666667,2102.75,Mismatch
122400.0,2582.62945321999,1509.04511100075,122400.0,6233.583333333334,4074.3333333333335,Mismatch
126000.0,2582.62945321999,4298.11741301412,126000.0,6739.333333333334,4548.083333333334,Mismatch
129600.0,2582.62945321999,6565.70748002876,129600.0,6740.249999999999,3781.9166666666665,Mismatch
133200.0,2582.62945321999,7102.21853046102,133200.0,1122.9166666666667,3213.833333333333,Mismatch
136800.0,1291.314726609999,5275.45851648297,136800.0,0.0,3994.25,Mismatch
140400.0,0.0,1671.61086214494,140400.0,0.0,3362.4166666666665,Mismatch
144000.0,0.0,1662.2580285065,144000.0,0.0,4045.0833333333335,Mismatch
147600.0,0.0,1635.24207796996,147600.0,0.0,3244.0,Mismatch
151200.0,0.0,1621.98481642133,151200.0,0.0,4100.833333333334,Mismatch
154800.0,0.0,1626.56473557918,154800.0,0.0,3283.833333333333,Mismatch
158400.0,0.0,1615.08738198834,158400.0,0.0,3078.083333333333,Mismatch
162000.0,0.0,1605.26771465462,162000.0,0.0,3245.5,Mismatch
165600.0,0.0,1602.94801446747,165600.0,0.0,5289.833333333333,Mismatch
169200.0,0.0,1601.08147330507,169200.0,0.0,4691.75,Mismatch
172800.0,0.0,1598.30671015469,172800.0,0.0,5099.833333333334,Mismatch
176400.0,0.0,1595.2817543193,176400.0,0.0,3471.833333333333,Mismatch
180000.0,0.0,1592.31008117068,180000.0,0.0,4903.916666666667,Mismatch
183600.0,0.0,1589.10614952599,183600.0,0.0,3068.5000000000005,Mismatch
187200.0,0.0,1585.34430731385,187200.0,0.0,5666.583333333333,Mismatch
190800.0,0.0,1582.7803077433,190800.0,0.0,3938.25,Mismatch
194400.0,0.0,1581.01842283118,194400.0,0.0,3378.5000000000005,Mismatch
198000.0,8790.619651739988,1512.83412065307,198000.0,4225.333333333333,11858.916666666668,Mismatch
201600.0,9244.412443039986,1511.12712408021,201600.0,10593.666666666668,7242.166666666666,Mismatch
205200.0,9244.412443039984,1648.12710347427,205200.0,10685.5,8147.416666666666,Mismatch
208800.0,9244.412443039986,4359.80122019604,208800.0,10643.333333333334,13030.500000000002,Mismatch
212400.0,9244.412443039986,12649.7169335369,212400.0,10597.333333333334,14027.750000000002,Mismatch
216000.0,9244.412443039986,22238.7839718998,216000.0,10540.333333333332,26252.416666666668,Mismatch
219600.0,9244.412443039986,26245.893663488,219600.0,10466.833333333334,31800.5,Mismatch
223200.0,9244.412443039984,25668.1809131886,223200.0,10442.833333333332,31526.25,Mismatch
226800.0,9244.412443039984,24145.333169689,226800.0,10443.25,31137.33333333333,Mismatch
230400.0,9244.412443039986,24763.585843149,230400.0,10087.5,29185.416666666668,Mismatch
234000.0,9244.412443039986,22917.5355193313,234000.0,10062.0,26737.416666666668,Mismatch
237600.0,9244.412443039986,18453.1461431027,237600.0,10056.833333333334,26221.5,Mismatch
241200.0,7953.097716429996,10844.7900687054,241200.0,7604.750000000001,14360.75,Mismatch
244800.0,4174.75310936999,3864.8817750703,244800.0,2227.833333333333,7825.333333333334,Mismatch
248400.0,0.0,1646.2719176447,248400.0,0.0,2283.666666666667,Mismatch
252000.0,0.0,1631.68537528117,252000.0,0.0,4879.166666666666,Mismatch
255600.0,0.0,1634.50361976843,255600.0,0.0,4109.583333333333,Mismatch
259200.0,0.0,1635.50635117455,259200.0,0.0,4661.333333333334,Mismatch
262800.0,0.0,1634.11322597911,262800.0,0.0,5187.5,Mismatch
266400.0,0.0,1627.29600303186,266400.0,0.0,5375.333333333333,Mismatch
270000.0,0.0,1625.13535117195,270000.0,0.0,3709.75,Mismatch
273600.0,0.0,1629.1983602302,273600.0,0.0,6339.666666666667,Mismatch
277200.0,0.0,1630.27431550844,277200.0,0.0,3214.6666666666665,Mismatch
280800.0,0.0,1627.84622967649,280800.0,0.0,4175.25,Mismatch
284400.0,8790.619651739988,1577.49661980972,284400.0,5029.333333333334,10019.750000000002,Mismatch
288000.0,9244.412443039986,1591.57699363277,288000.0,10462.75,5756.666666666667,Mismatch
291600.0,9244.412443039984,1644.36448416278,291600.0,10510.0,8640.166666666666,Mismatch
295200.0,9244.412443039986,3011.79178605799,295200.0,10496.083333333332,13999.583333333332,Mismatch
298800.0,9244.412443039986,9329.75133017931,298800.0,10498.083333333334,17913.999999999996,Mismatch
302400.0,9244.412443039986,13870.5619299143,302400.0,9685.000000000002,24224.5,Mismatch
306000.0,9244.412443039986,19229.8830176989,306000.0,9654.916666666668,22974.666666666668,Mismatch
309600.0,9244.412443039984,15404.0275387275,309600.0,10541.916666666666,18578.500000000004,Mismatch
313200.0,9244.412443039984,7690.80793600088,313200.0,10555.333333333336,9499.083333333334,Mismatch
316800.0,9244.412443039986,5740.42747430126,316800.0,10104.666666666666,10738.249999999998,Mismatch
320400.0,9244.412443039986,4597.12353293661,320400.0,10092.75,8820.083333333332,Mismatch
324000.0,9244.412443039984,2242.66196102602,324000.0,10191.666666666666,8466.083333333332,Mismatch
327600.0,7953.097716429996,1679.4723708415,327600.0,7096.583333333333,7051.916666666667,Mismatch
331200.0,4174.75310936999,1656.77964797673,331200.0,2907.9999999999995,5038.916666666667,Mismatch
334800.0,0.0,1626.01534319659,334800.0,1308.25,2964.0,Mismatch
338400.0,0.0,1624.31815086494,338400.0,0.0,4592.25,Mismatch
342000.0,0.0,1624.09031841148,342000.0,0.0,3454.583333333333,Mismatch
345600.0,0.0,1623.1863798306,345600.0,0.0,4880.083333333333,Mismatch
349200.0,0.0,1620.39251125109,349200.0,0.0,3496.5,Mismatch
352800.0,0.0,1618.58324463077,352800.0,0.0,2195.416666666667,Mismatch
356400.0,0.0,1618.60364490529,356400.0,0.0,4363.583333333333,Mismatch
360000.0,0.0,1618.31232562432,360000.0,0.0,4692.083333333333,Mismatch
363600.0,0.0,1616.50600777289,363600.0,0.0,3638.166666666667,Mismatch
367200.0,0.0,1611.33601464873,367200.0,0.0,1419.5,Mismatch
370800.0,8790.619651739988,1532.98909625549,370800.0,4789.916666666666,8812.083333333334,Mismatch
374400.0,9244.412443039986,1533.92835448498,374400.0,10526.583333333334,6932.166666666667,Mismatch
378000.0,9244.412443039984,1581.51396846603,378000.0,10608.666666666666,8455.916666666666,Mismatch
381600.0,9244.412443039986,2413.82262722855,381600.0,7015.583333333334,5225.916666666666,Mismatch
385200.0,9244.412443039986,12922.444685338,385200.0,10426.416666666666,11529.333333333332,Mismatch
388800.0,9244.412443039986,18230.8315359656,388800.0,10376.666666666666,20129.916666666668,Mismatch
392400.0,9244.412443039986,21542.1700113485,392400.0,10348.75,30607.33333333333,Mismatch
396000.0,9244.412443039984,24776.4458615953,396000.0,9457.666666666666,25632.583333333336,Mismatch
399600.0,9244.412443039984,23372.3962507829,399600.0,10375.75,22124.916666666664,Mismatch
403200.0,9244.412443039986,23200.1754217386,403200.0,10058.916666666668,21194.750000000004,Mismatch
406800.0,9244.412443039986,22084.4746925854,406800.0,10000.083333333334,20960.58333333333,Mismatch
410400.0,9244.412443039986,17728.7235433097,410400.0,10096.083333333332,11399.750000000002,Mismatch
414000.0,7953.097716429996,10510.9570620122,414000.0,7812.999999999999,10137.166666666668,Mismatch
417600.0,4174.75310936999,4171.61464589192,417600.0,2221.833333333333,7628.166666666667,Mismatch
421200.0,0.0,1666.11407479275,421200.0,0.0,3859.5833333333335,Mismatch
424800.0,0.0,1645.14282553398,424800.0,0.0,0.0,Mismatch
428400.0,0.0,1644.06835208691,428400.0,0.0,2620.166666666667,Mismatch
432000.0,0.0,1646.31009066848,432000.0,0.0,3383.833333333333,Mismatch
435600.0,0.0,1650.195736223,435600.0,0.0,2606.083333333333,Mismatch
439200.0,0.0,1650.25824373721,439200.0,0.0,3115.916666666667,Mismatch
442800.0,0.0,1646.54004638664,442800.0,0.0,1829.4166666666663,Mismatch
446400.0,0.0,1642.1304986005,446400.0,0.0,2352.916666666667,Mismatch
450000.0,0.0,1639.22763041474,450000.0,0.0,3311.916666666667,Mismatch
453600.0,0.0,1636.46344310317,453600.0,0.0,6033.75,Mismatch
457200.0,8790.619651739988,1581.85736762234,457200.0,5075.916666666668,10880.916666666666,Mismatch
460800.0,9244.412443039988,1630.29874530873,460800.0,10505.333333333332,8018.583333333333,Mismatch
464400.0,9244.412443039984,2063.59973751127,464400.0,10469.249999999998,12548.833333333334,Mismatch
468000.0,9244.412443039986,6369.23017027568,468000.0,10510.833333333334,14717.999999999996,Mismatch
471600.0,9244.412443039986,17772.1934874422,471600.0,10461.749999999998,27741.250000000007,Mismatch
475200.0,9244.412443039986,24262.9769031614,475200.0,10489.833333333334,34071.583333333336,Mismatch
478800.0,9244.412443039986,25460.5007135945,478800.0,10546.75,26013.0,Mismatch
482400.0,9244.412443039984,25398.5397176448,482400.0,10526.5,29396.000000000004,Mismatch
486000.0,9244.412443039984,24344.7964248808,486000.0,10478.333333333334,23402.166666666664,Mismatch
489600.0,9244.412443039986,22773.1405700818,489600.0,10063.583333333332,21407.5,Mismatch
493200.0,9244.412443039986,20277.7442341081,493200.0,10017.583333333334,18781.416666666668,Mismatch
496800.0,9244.412443039986,16658.3305778295,496800.0,10094.750000000002,11503.416666666666,Mismatch
500400.0,7953.097716429996,10099.1408701542,500400.0,7546.333333333334,11380.916666666666,Mismatch
504000.0,4174.75310936999,4069.55053114789,504000.0,2866.1666666666665,6262.75,Mismatch
507600.0,0.0,1658.01514476144,507600.0,1296.5,2307.9166666666665,Mismatch
511200.0,0.0,1639.26914260569,511200.0,0.0,766.4166666666666,Mismatch
514800.0,0.0,1637.94206583285,514800.0,0.0,0.0,Mismatch
518400.0,0.0,1634.42936924095,518400.0,0.0,0.0,Mismatch
522000.0,0.0,1630.61712432728,522000.0,0.0,0.0,Mismatch
525600.0,0.0,1623.70500121699,525600.0,0.0,0.0,Mismatch
529200.0,0.0,1615.66716450277,529200.0,0.0,0.0,Mismatch
532800.0,0.0,1609.44081173507,532800.0,0.0,0.0,Mismatch
536400.0,0.0,1604.94054735545,536400.0,0.0,0.0,Mismatch
540000.0,0.0,1601.7345567665,540000.0,0.0,13139.916666666666,Mismatch
543600.0,4395.3098258699965,1576.58722807112,543600.0,5029.0,10798.666666666666,Mismatch
547200.0,9244.412443039988,1565.06059612911,547200.0,9590.916666666666,7161.666666666666,Mismatch
550800.0,9244.412443039986,1701.04907938105,550800.0,9690.75,8006.166666666667,Mismatch
554400.0,9244.412443039986,3962.25055938929,554400.0,10477.166666666664,13109.333333333332,Mismatch
558000.0,9244.412443039986,14033.7373649355,558000.0,10419.666666666668,19727.916666666668,Mismatch
561600.0,9244.412443039986,20734.1502156067,561600.0,9540.916666666666,17704.166666666668,Mismatch
565200.0,9244.412443039986,20532.7373142832,565200.0,10480.166666666668,24040.58333333333,Mismatch
568800.0,9244.412443039986,18818.088511523,568800.0,9564.75,17934.416666666664,Mismatch
572400.0,5177.938264739986,15426.3386277231,572400.0,8352.416666666666,13633.916666666664,Mismatch
576000.0,2141.516020219999,5728.11085716621,576000.0,3115.833333333333,9208.083333333334,Mismatch
579600.0,2141.516020219999,5532.21580738868,579600.0,1933.9166666666663,6629.083333333333,Mismatch
583200.0,2141.51602022,4888.92851972332,583200.0,1448.3333333333333,4867.5,Mismatch
586800.0,2141.51602022,3940.09121931709,586800.0,1765.9999999999998,6377.0,Mismatch
590400.0,0.0,1668.5735429236,590400.0,319.75,3203.083333333333,Mismatch
594000.0,0.0,1635.41394746528,594000.0,0.0,3139.4166666666665,Mismatch
597600.0,0.0,1635.41420918525,597600.0,0.0,784.4166666666666,Mismatch
601200.0,0.0,1635.90288802124,601200.0,0.0,0.0,Mismatch
604800.0,0.0,1636.38859747263,604800.0,0.0,0.0,Mismatch
608400.0,0.0,1632.36078123791,608400.0,0.0,0.0,Mismatch
612000.0,0.0,1625.82481525145,612000.0,0.0,0.0,Mismatch
615600.0,0.0,1621.83855407872,615600.0,0.0,0.0,Mismatch
619200.0,0.0,1620.44952957335,619200.0,0.0,0.0,Mismatch
622800.0,0.0,1618.14005702058,622800.0,0.0,0.0,Mismatch
626400.0,0.0,1615.52950175879,626400.0,0.0,0.0,Mismatch
630000.0,0.0,1648.77970875109,630000.0,5605.333333333333,16208.333333333332,Mismatch
633600.0,2582.62945321999,1575.74633172471,633600.0,6751.666666666666,2857.333333333333,Mismatch
637200.0,2582.62945321999,1559.13129311607,637200.0,6741.166666666666,2923.416666666667,Mismatch
640800.0,2582.62945321999,2710.24213716099,640800.0,6125.916666666667,3151.5,Mismatch
644400.0,2582.62945321999,8427.46545070066,644400.0,6680.583333333334,5034.75,Mismatch
648000.0,2582.62945321999,11258.9408812966,648000.0,7017.166666666668,7544.75,Mismatch
651600.0,2582.62945321999,11658.9836916372,651600.0,1168.0,3697.75,Mismatch
655200.0,1291.314726609999,7137.21417579729,655200.0,0.0,3213.666666666667,Mismatch
658800.0,0.0,1739.96807100391,658800.0,0.0,3394.833333333333,Mismatch
662400.0,0.0,1716.94931659814,662400.0,0.0,2553.083333333333,Mismatch
666000.0,0.0,1689.44398002491,666000.0,0.0,4152.583333333333,Mismatch
669600.0,0.0,1667.84291427172,669600.0,0.0,3272.333333333333,Mismatch
673200.0,0.0,1642.37979503859,673200.0,0.0,3176.333333333333,Mismatch
676800.0,0.0,1638.99050839891,676800.0,0.0,3916.25,Mismatch
680400.0,0.0,1638.2967550162,680400.0,0.0,3910.9166666666665,Mismatch
684000.0,0.0,1638.09312215773,684000.0,0.0,0.0,Mismatch
687600.0,0.0,1639.25149855008,687600.0,0.0,0.0,Mismatch
691200.0,0.0,1642.74589971525,691200.0,0.0,0.0,Mismatch
694800.0,0.0,1646.30261793503,694800.0,0.0,0.0,Mismatch
698400.0,0.0,1652.06788542216,698400.0,0.0,0.0,Mismatch
702000.0,0.0,1654.24233281076,702000.0,0.0,0.0,Mismatch
705600.0,0.0,1652.23793156498,705600.0,0.0,0.0,Mismatch
709200.0,0.0,1650.11720161118,709200.0,0.0,0.0,Mismatch
712800.0,0.0,1651.2717381513,712800.0,0.0,0.0,Mismatch
716400.0,0.0,1664.77044687149,716400.0,5009.333333333333,16017.583333333334,Mismatch
720000.0,2582.62945321999,1607.75279965315,720000.0,6716.583333333333,2946.25,Mismatch
723600.0,2582.62945321999,1590.54892879241,723600.0,6691.5,5207.166666666667,Mismatch
727200.0,2582.62945321999,4642.21368577462,727200.0,6627.833333333333,3192.583333333333,Mismatch
730800.0,2582.62945321999,10660.4800132099,730800.0,6622.083333333333,6764.833333333332,Mismatch
734400.0,2582.62945321999,11387.7943409212,734400.0,6680.333333333334,6667.333333333334,Mismatch
738000.0,2582.62945321999,11542.9165793498,738000.0,1121.0,4338.416666666667,Mismatch
741600.0,1291.314726609999,7370.57416812659,741600.0,0.0,3432.083333333333,Mismatch
745200.0,0.0,1772.07349744007,745200.0,0.0,4205.083333333334,Mismatch
748800.0,0.0,1766.77970417556,748800.0,0.0,4193.333333333333,Mismatch
752400.0,0.0,1735.04621841006,752400.0,0.0,2493.583333333333,Mismatch
756000.0,0.0,1706.09084590497,756000.0,0.0,2480.583333333333,Mismatch
759600.0,0.0,1668.8466540926,759600.0,0.0,2450.6666666666665,Mismatch
763200.0,0.0,1656.80738483071,763200.0,0.0,2331.083333333333,Mismatch
766800.0,0.0,1653.18149710399,766800.0,0.0,1620.5,Mismatch
770400.0,0.0,1652.87934122916,770400.0,0.0,0.0,Mismatch
774000.0,0.0,1653.60403472376,774000.0,0.0,0.0,Mismatch
777600.0,0.0,1653.64491045787,777600.0,0.0,0.0,Mismatch
781200.0,0.0,1652.73008501469,781200.0,0.0,0.0,Mismatch
784800.0,0.0,1652.11230954993,784800.0,0.0,0.0,Mismatch
788400.0,0.0,1651.53795482625,788400.0,0.0,0.0,Mismatch
792000.0,0.0,1650.63938843917,792000.0,0.0,0.0,Mismatch
795600.0,0.0,1649.18928654597,795600.0,0.0,0.0,Mismatch
799200.0,0.0,1648.36563388645,799200.0,0.0,0.0,Mismatch
802800.0,8790.619651739988,2138.56024497647,802800.0,5284.916666666667,28457.5,Mismatch
806400.0,9244.412443039986,2169.41956716342,806400.0,10421.666666666666,7508.749999999999,Mismatch
810000.0,9244.412443039984,2554.43882096375,810000.0,10457.0,12608.583333333332,Mismatch
813600.0,9244.412443039986,5667.71052193051,813600.0,10446.0,15354.75,Mismatch
817200.0,9244.412443039986,13251.7481361332,817200.0,10447.333333333332,18313.5,Mismatch
820800.0,9244.412443039986,12693.126776085,820800.0,10527.5,16001.249999999998,Mismatch
824400.0,9244.412443039986,11293.14766539,824400.0,10500.750000000002,15938.25,Mismatch
828000.0,9244.412443039984,16177.5792734412,828000.0,10389.666666666666,27298.83333333333,Mismatch
831600.0,9244.412443039984,15693.0640419287,831600.0,10395.333333333334,20611.5,Mismatch
835200.0,9244.412443039986,12989.4074593962,835200.0,10066.75,17671.666666666668,Mismatch
838800.0,9244.412443039986,13298.6266734579,838800.0,9079.249999999998,21731.75,Mismatch
842400.0,9244.412443039986,12288.6152507383,842400.0,9931.916666666666,17455.166666666668,Mismatch
846000.0,7953.097716429996,8148.62617678376,846000.0,6081.416666666667,7877.250000000001,Mismatch
849600.0,4174.75310936999,3708.65018580798,849600.0,2217.25,7661.916666666666,Mismatch
853200.0,0.0,1669.1325847307,853200.0,0.0,3033.333333333333,Mismatch
856800.0,0.0,1653.0843566166,856800.0,0.0,0.0,Mismatch
860400.0,0.0,1653.0178868156,860400.0,0.0,0.0,Mismatch
864000.0,0.0,1653.98661114786,864000.0,0.0,0.0,Mismatch
867600.0,0.0,1655.9934359536,867600.0,0.0,0.0,Mismatch
871200.0,0.0,1659.4712469093,871200.0,0.0,0.0,Mismatch
874800.0,0.0,1660.92112469158,874800.0,0.0,0.0,Mismatch
878400.0,0.0,1662.60495324421,878400.0,0.0,0.0,Mismatch
882000.0,0.0,1663.23350359951,882000.0,0.0,0.0,Mismatch
885600.0,0.0,1661.57648214275,885600.0,0.0,0.0,Mismatch
889200.0,8790.619651739988,1967.61998103489,889200.0,5198.833333333333,25761.000000000004,Mismatch
892800.0,9244.412443039988,2028.25458376414,892800.0,8646.5,7430.833333333333,Mismatch
896400.0,9244.412443039984,2491.81263291486,896400.0,9624.083333333332,12325.916666666666,Mismatch
900000.0,9244.412443039986,5518.8761498014,900000.0,8683.833333333332,9409.833333333332,Mismatch
903600.0,9244.412443039986,8857.91565889234,903600.0,8661.833333333334,13440.833333333334,Mismatch
907200.0,9244.412443039986,11921.7314061656,907200.0,10364.666666666666,14917.166666666668,Mismatch
910800.0,9244.412443039986,13894.6074878426,910800.0,8592.333333333334,13461.166666666666,Mismatch
914400.0,9244.412443039984,12606.564379934,914400.0,10403.083333333334,9691.833333333334,Mismatch
918000.0,9244.412443039984,13670.9714177072,918000.0,10394.833333333334,14565.916666666666,Mismatch
921600.0,9244.412443039986,13609.9430760522,921600.0,10041.000000000002,13130.249999999996,Mismatch
925200.0,9244.412443039986,14855.9765040415,925200.0,9997.083333333332,18817.83333333333,Mismatch
928800.0,9244.412443039986,12848.7879829727,928800.0,10023.166666666668,14934.416666666666,Mismatch
932400.0,7953.097716429996,6746.04533284048,932400.0,7821.166666666667,8496.5,Mismatch
936000.0,4174.75310936999,2982.33363221637,936000.0,2867.0,5298.333333333333,Mismatch
939600.0,0.0,1661.82691681751,939600.0,1294.7500000000002,3775.5833333333335,Mismatch
943200.0,0.0,1653.00308740352,943200.0,0.0,749.5833333333334,Mismatch
946800.0,0.0,1650.56127794078,946800.0,0.0,0.0,Mismatch
950400.0,0.0,1640.30805090198,950400.0,0.0,0.0,Mismatch
954000.0,0.0,1621.82664146568,954000.0,0.0,0.0,Mismatch
957600.0,0.0,1605.10902120466,957600.0,0.0,0.0,Mismatch
961200.0,0.0,1591.49893712552,961200.0,0.0,0.0,Mismatch
964800.0,0.0,1580.26489221639,964800.0,0.0,0.0,Mismatch
968400.0,0.0,1570.57496347217,968400.0,0.0,0.0,Mismatch
972000.0,0.0,1562.2276534777,972000.0,0.0,0.0,Mismatch
975600.0,2582.62945321999,1518.5614198273,975600.0,0.0,14020.333333333334,Mismatch
979200.0,2582.62945321999,1508.57800757049,979200.0,362.6666666666666,2739.9166666666665,Mismatch
982800.0,2582.62945321999,1509.42505051689,982800.0,422.8333333333333,2901.75,Mismatch
986400.0,2582.62945321999,1516.05373462446,986400.0,418.4166666666666,3597.75,Mismatch
990000.0,2582.62945321999,3199.921762319,990000.0,417.1666666666666,2366.583333333333,Mismatch
993600.0,2582.62945321999,7712.94720528185,993600.0,413.91666666666674,4056.6666666666665,Mismatch
997200.0,2582.62945321999,8902.23590709434,997200.0,417.50000000000006,2440.9166666666665,Mismatch
1000800.0,2582.62945321999,8691.64148557584,1000800.0,409.75000000000006,2524.75,Mismatch
1004400.0,2582.62945321999,8786.27904358889,1004400.0,412.4166666666667,3273.9999999999995,Mismatch
1008000.0,0.0,1710.15941835143,1008000.0,69.5,2463.0,Mismatch
1011600.0,0.0,1583.80137261751,1011600.0,0.0,3051.9166666666665,Mismatch
1015200.0,0.0,1563.59231917254,1015200.0,0.0,2318.083333333333,Mismatch
1018800.0,0.0,1552.751947375,1018800.0,0.0,2365.75,Mismatch
1022400.0,0.0,1543.56485349833,1022400.0,0.0,3868.3333333333335,Mismatch
1026000.0,0.0,1536.25804218755,1026000.0,0.0,3135.833333333333,Mismatch
1029600.0,0.0,1530.45724972044,1029600.0,0.0,0.0,Mismatch
1033200.0,0.0,1525.01728433138,1033200.0,0.0,0.0,Mismatch
1036800.0,0.0,1537.33870906406,1036800.0,0.0,0.0,Mismatch
1040400.0,0.0,1558.51471496169,1040400.0,0.0,0.0,Mismatch
1044000.0,0.0,1570.21329887402,1044000.0,0.0,0.0,Mismatch
1047600.0,0.0,1574.37026458987,1047600.0,0.0,0.0,Mismatch
1051200.0,0.0,1574.48562717024,1051200.0,0.0,0.0,Mismatch
1054800.0,0.0,1574.08548894136,1054800.0,0.0,0.0,Mismatch
1058400.0,0.0,1575.28021474592,1058400.0,0.0,0.0,Mismatch
1062000.0,8790.61965173999,1530.6232634863,1062000.0,5371.083333333333,23925.75,Mismatch
1065600.0,9244.412443039986,1581.3929398147,1065600.0,10533.75,7163.583333333333,Mismatch
1069200.0,9244.412443039984,1719.4602084573,1069200.0,10541.833333333332,8601.333333333332,Mismatch
1072800.0,9244.412443039986,4039.35364683358,1072800.0,10450.583333333334,8997.833333333334,Mismatch
1076400.0,9244.412443039986,12916.0455560608,1076400.0,10394.833333333334,15058.333333333332,Mismatch
1080000.0,9244.412443039986,23413.4790930843,1080000.0,10511.166666666668,31169.08333333333,Mismatch
1083600.0,9244.412443039986,25793.4324530756,1083600.0,10485.75,36239.083333333336,Mismatch
1087200.0,9244.412443039984,19995.5798616658,1087200.0,10442.666666666666,29274.75,Mismatch
1090800.0,9244.412443039984,16629.812559655,1090800.0,10412.416666666666,22299.33333333333,Mismatch
1094400.0,9244.412443039986,16680.5382588134,1094400.0,9209.333333333332,13859.666666666666,Mismatch
1098000.0,9244.412443039986,16507.932596922,1098000.0,9154.166666666668,13296.083333333336,Mismatch
1101600.0,9244.412443039986,14764.4182876724,1101600.0,10043.166666666666,11652.583333333332,Mismatch
1105200.0,7953.097716429996,9347.7636738351,1105200.0,7847.083333333333,10791.250000000002,Mismatch
1108800.0,4174.753109369999,3914.28826964086,1108800.0,2879.583333333333,5416.583333333334,Mismatch
1112400.0,0.0,1626.02580827934,1112400.0,1295.1666666666667,3054.083333333333,Mismatch
1116000.0,0.0,1605.43376040614,1116000.0,0.0,0.0,Mismatch
1119600.0,0.0,1603.62933386997,1119600.0,0.0,0.0,Mismatch
1123200.0,0.0,1600.22684796927,1123200.0,0.0,0.0,Mismatch
1126800.0,0.0,1594.6184689909,1126800.0,0.0,0.0,Mismatch
1130400.0,0.0,1590.01467731267,1130400.0,0.0,0.0,Mismatch
1134000.0,0.0,1587.02502862505,1134000.0,0.0,0.0,Mismatch
1137600.0,0.0,1583.01115503408,1137600.0,0.0,0.0,Mismatch
1141200.0,0.0,1578.63426211728,1141200.0,0.0,0.0,Mismatch
1144800.0,0.0,1575.44204489925,1144800.0,0.0,0.0,Mismatch
1148400.0,4395.3098258699965,1547.62976576034,1148400.0,5076.916666666666,21306.83333333333,Mismatch
1152000.0,9244.412443039988,1532.03393514781,1152000.0,10529.833333333332,6353.916666666667,Mismatch
1155600.0,9244.412443039986,1662.41106920746,1155600.0,10575.166666666668,7805.916666666666,Mismatch
1159200.0,9244.412443039986,3025.27597315417,1159200.0,8781.5,6738.75,Mismatch
1162800.0,9244.412443039986,11278.6918364206,1162800.0,9562.333333333334,11229.5,Mismatch
1166400.0,9244.412443039986,16136.5452622181,1166400.0,4364.416666666667,11212.5,Mismatch
1170000.0,9244.412443039986,17417.4552708737,1170000.0,10399.499999999998,27316.166666666668,Mismatch
1173600.0,9244.412443039986,17849.3008241605,1173600.0,9544.75,25271.33333333333,Mismatch
1177200.0,5177.938264739986,13509.53147582,1177200.0,9120.583333333334,17258.916666666664,Mismatch
1180800.0,2141.516020219999,4628.86517795911,1180800.0,2932.583333333333,7182.583333333333,Mismatch
1184400.0,2141.51602022,4041.56343681174,1184400.0,1931.25,5634.833333333333,Mismatch
1188000.0,2141.51602022,3643.47505596213,1188000.0,1946.1666666666667,6320.5,Mismatch
1191600.0,2141.51602022,2940.1753021251,1191600.0,1946.5,5394.833333333334,Mismatch
1195200.0,0.0,1637.89703732418,1195200.0,324.33333333333337,2344.833333333333,Mismatch
1198800.0,0.0,1617.42829036221,1198800.0,0.0,2945.1666666666665,Mismatch
1202400.0,0.0,1612.3305116488,1202400.0,0.0,554.1666666666666,Mismatch
1206000.0,0.0,1604.34256312141,1206000.0,0.0,0.0,Mismatch
1209600.0,0.0,1596.29422700826,1209600.0,0.0,0.0,Mismatch
1213200.0,0.0,1588.86934861595,1213200.0,0.0,0.0,Mismatch
1216800.0,0.0,1582.42094159151,1216800.0,0.0,0.0,Mismatch
1220400.0,0.0,1576.1733841071,1220400.0,0.0,0.0,Mismatch
1224000.0,0.0,1568.56740093246,1224000.0,0.0,0.0,Mismatch
1227600.0,0.0,1561.70733989869,1227600.0,0.0,0.0,Mismatch
1231200.0,0.0,1557.84191340303,1231200.0,0.0,0.0,Mismatch
1234800.0,0.0,1595.97657498421,1234800.0,5646.833333333334,14363.0,Mismatch
1238400.0,2582.62945321999,1503.71663944456,1238400.0,6781.916666666666,2668.833333333333,Mismatch
1242000.0,2582.62945321999,1480.90262476444,1242000.0,6172.500000000001,2660.9166666666665,Mismatch
1245600.0,2582.62945321999,1492.07385064942,1245600.0,6735.666666666666,3538.4166666666665,Mismatch
1249200.0,2582.62945321999,5910.2214133026,1249200.0,6648.583333333332,5386.416666666666,Mismatch
1252800.0,2582.62945321999,10522.159078495,1252800.0,6645.750000000001,7547.583333333334,Mismatch
1256400.0,2582.62945321999,10880.1399900004,1256400.0,1098.5833333333337,3397.083333333333,Mismatch
1260000.0,1291.314726609999,6511.07260504278,1260000.0,0.0,2432.166666666667,Mismatch
1263600.0,0.0,1694.02993523821,1263600.0,0.0,4253.833333333333,Mismatch
1267200.0,0.0,1692.93045888729,1267200.0,0.0,1719.9166666666667,Mismatch
1270800.0,0.0,1662.63428370176,1270800.0,0.0,3335.4166666666665,Mismatch
1274400.0,0.0,1619.24173669324,1274400.0,0.0,3182.666666666667,Mismatch
1278000.0,0.0,1614.11869297209,1278000.0,0.0,1293.4166666666667,Mismatch
1281600.0,0.0,1628.28701331921,1281600.0,0.0,2260.583333333333,Mismatch
1285200.0,0.0,1633.65460240736,1285200.0,0.0,2934.9999999999995,Mismatch
1288800.0,0.0,1633.13240295251,1288800.0,0.0,0.0,Mismatch
1292400.0,0.0,1628.15668267408,1292400.0,0.0,0.0,Mismatch
1296000.0,0.0,1608.10354656779,1296000.0,0.0,0.0,Mismatch
1299600.0,0.0,1582.43242382739,1299600.0,0.0,0.0,Mismatch
1303200.0,0.0,1567.93461257678,1303200.0,0.0,0.0,Mismatch
1306800.0,0.0,1563.1461072299,1306800.0,0.0,0.0,Mismatch
1310400.0,0.0,1562.67747597899,1310400.0,0.0,0.0,Mismatch
1314000.0,0.0,1564.92741413963,1314000.0,0.0,0.0,Mismatch
1317600.0,0.0,1570.86599207468,1317600.0,0.0,0.0,Mismatch
1321200.0,0.0,1583.91869267793,1321200.0,6234.25,14941.166666666668,Mismatch
1324800.0,2582.62945321999,1508.73094511849,1324800.0,6779.25,2743.583333333333,Mismatch
1328400.0,2582.62945321999,1487.13806545725,1328400.0,6740.416666666668,2750.25,Mismatch
1332000.0,2582.62945321999,1489.68326726265,1332000.0,6740.416666666667,2874.1666666666665,Mismatch
1335600.0,2582.62945321999,1497.03930173271,1335600.0,6695.833333333334,3371.583333333333,Mismatch
1339200.0,2582.62945321999,3651.10603892807,1339200.0,6649.500000000001,3205.833333333333,Mismatch
1342800.0,2582.62945321999,8430.27398230865,1342800.0,1103.5,2658.0,Mismatch
1346400.0,1291.314726609999,6314.77014681672,1346400.0,0.0,2571.5,Mismatch
1350000.0,0.0,1777.9645090412,1350000.0,0.0,4420.833333333334,Mismatch
1353600.0,0.0,1774.57839651325,1353600.0,0.0,3435.416666666667,Mismatch
1357200.0,0.0,1670.24697844699,1357200.0,0.0,2454.0,Mismatch
1360800.0,0.0,1637.16390154535,1360800.0,0.0,3187.416666666667,Mismatch
1364400.0,0.0,1646.34497025037,1364400.0,0.0,3647.5,Mismatch
1368000.0,0.0,1651.13833830856,1368000.0,0.0,1579.25,Mismatch
1371600.0,0.0,1649.79395942609,1371600.0,0.0,2403.1666666666665,Mismatch
1375200.0,0.0,1642.29827317319,1375200.0,0.0,809.9166666666666,Mismatch
1378800.0,0.0,1635.27276433353,1378800.0,0.0,0.0,Mismatch
1382400.0,0.0,1631.78027075668,1382400.0,0.0,0.0,Mismatch
1386000.0,0.0,1631.16604387723,1386000.0,0.0,0.0,Mismatch
1389600.0,0.0,1629.21927945095,1389600.0,0.0,0.0,Mismatch
1393200.0,0.0,1623.45711148338,1393200.0,0.0,0.0,Mismatch
1396800.0,0.0,1615.58676825582,1396800.0,0.0,0.0,Mismatch
1400400.0,0.0,1608.13870027133,1400400.0,0.0,0.0,Mismatch
1404000.0,0.0,1601.60432113711,1404000.0,0.0,0.0,Mismatch
1407600.0,8790.619651739988,1534.66117710994,1407600.0,5044.166666666667,23623.083333333336,Mismatch
1411200.0,9244.412443039988,1562.98082130612,1411200.0,10567.916666666666,5660.833333333333,Mismatch
1414800.0,9244.412443039984,1632.24124589943,1414800.0,10650.166666666666,7208.416666666667,Mismatch
1418400.0,9244.412443039986,3844.11748136529,1418400.0,10596.416666666666,7639.249999999999,Mismatch
1422000.0,9244.412443039986,13457.2578386566,1422000.0,10612.583333333332,14193.500000000002,Mismatch
1425600.0,9244.412443039986,19630.3110254749,1425600.0,9999.75,21766.500000000004,Mismatch
1429200.0,9244.412443039986,20050.377406337,1429200.0,10276.916666666666,18380.416666666668,Mismatch
1432800.0,9244.412443039984,21921.413191552,1432800.0,10453.999999999998,19819.75,Mismatch
1436400.0,9244.412443039984,23823.6106140642,1436400.0,10372.833333333334,18906.33333333333,Mismatch
1440000.0,9244.412443039986,22884.6402826575,1440000.0,9954.5,22292.0,Mismatch
1443600.0,9244.412443039986,21788.3178688315,1443600.0,9931.916666666666,20221.75,Mismatch
1447200.0,9244.412443039986,20383.1513582008,1447200.0,9959.666666666668,18625.166666666664,Mismatch
1450800.0,7953.097716429996,13129.1155592939,1450800.0,7778.833333333333,9665.583333333334,Mismatch
1454400.0,4174.75310936999,5201.72554505083,1454400.0,2225.0,6338.083333333334,Mismatch
1458000.0,0.0,1682.51182880816,1458000.0,0.0,3147.1666666666665,Mismatch
1461600.0,0.0,1651.29291877707,1461600.0,0.0,777.1666666666666,Mismatch
1465200.0,0.0,1646.36286522033,1465200.0,0.0,0.0,Mismatch
1468800.0,0.0,1639.4057788602,1468800.0,0.0,0.0,Mismatch
1472400.0,0.0,1633.23151942617,1472400.0,0.0,0.0,Mismatch
1476000.0,0.0,1627.64461773185,1476000.0,0.0,0.0,Mismatch
1479600.0,0.0,1621.56333741284,1479600.0,0.0,0.0,Mismatch
1483200.0,0.0,1614.08385366594,1483200.0,0.0,0.0,Mismatch
1486800.0,0.0,1611.28461350329,1486800.0,0.0,0.0,Mismatch
1490400.0,0.0,1611.14582399335,1490400.0,0.0,0.0,Mismatch
1494000.0,8790.619651739988,1544.7335775576,1494000.0,5065.0,22558.58333333333,Mismatch
1497600.0,9244.412443039986,1595.4280531846,1497600.0,10534.5,8585.833333333334,Mismatch
1501200.0,9244.412443039984,1716.95932383515,1501200.0,10660.583333333334,8608.416666666666,Mismatch
1504800.0,9244.412443039986,2813.99557706683,1504800.0,10619.083333333334,9086.583333333332,Mismatch
1508400.0,9244.412443039986,14693.9668404091,1508400.0,10467.083333333334,16271.75,Mismatch
1512000.0,9244.412443039986,24178.6012158931,1512000.0,10441.083333333332,25115.25,Mismatch
1515600.0,9244.412443039986,26698.7274900458,1515600.0,10435.916666666666,32610.666666666668,Mismatch
1519200.0,9244.412443039984,27069.2770974596,1519200.0,10465.0,18834.58333333333,Mismatch
1522800.0,9244.412443039984,27103.6760722912,1522800.0,10502.416666666668,27151.666666666668,Mismatch
1526400.0,9244.412443039986,26713.1761736686,1526400.0,10087.083333333334,28098.999999999996,Mismatch
1530000.0,9244.412443039986,24133.1887711142,1530000.0,10022.833333333334,17975.833333333332,Mismatch
1533600.0,9244.412443039986,19740.1294428574,1533600.0,10106.583333333334,15710.333333333334,Mismatch
1537200.0,7953.097716429996,13442.9008593499,1537200.0,6975.416666666667,8116.75,Mismatch
1540800.0,4174.75310936999,6127.01737460422,1540800.0,2856.25,7178.25,Mismatch
1544400.0,0.0,1702.07646763313,1544400.0,1292.1666666666663,3950.333333333333,Mismatch
1548000.0,0.0,1663.32201275434,1548000.0,0.0,786.1666666666666,Mismatch
1551600.0,0.0,1663.95528140775,1551600.0,0.0,0.0,Mismatch
1555200.0,0.0,1665.03876089224,1555200.0,0.0,0.0,Mismatch
1558800.0,0.0,1667.31026992707,1558800.0,0.0,0.0,Mismatch
1562400.0,0.0,1668.6547738353,1562400.0,0.0,0.0,Mismatch
1566000.0,0.0,1669.57832954615,1566000.0,0.0,0.0,Mismatch
1569600.0,0.0,1670.60281041939,1569600.0,0.0,0.0,Mismatch
1573200.0,0.0,1669.98503229786,1573200.0,0.0,0.0,Mismatch
1576800.0,0.0,1667.36562365574,1576800.0,0.0,0.0,Mismatch
1580400.0,8790.619651739988,2471.87575820502,1580400.0,4995.416666666667,24643.75,Mismatch
1584000.0,9244.412443039988,2281.16663733772,1584000.0,10359.25,8316.583333333332,Mismatch
1587600.0,9244.412443039984,3373.64107138833,1587600.0,10453.833333333332,11564.250000000002,Mismatch
1591200.0,9244.412443039986,9132.55290549991,1591200.0,10537.416666666668,14765.583333333334,Mismatch
1594800.0,9244.412443039986,14228.5449492738,1594800.0,10442.75,18835.000000000004,Mismatch
1598400.0,9244.412443039986,13029.5575070726,1598400.0,10431.75,18092.0,Mismatch
1602000.0,9244.412443039986,13407.8721839438,1602000.0,9545.083333333332,15528.916666666666,Mismatch
1605600.0,9244.412443039984,18355.5415536434,1605600.0,10419.416666666666,19756.666666666668,Mismatch
1609200.0,9244.412443039984,20053.2276109512,1609200.0,10383.166666666666,20304.75,Mismatch
1612800.0,9244.412443039986,17016.286102206,1612800.0,10017.75,16395.0,Mismatch
1616400.0,9244.412443039986,15373.2607830332,1616400.0,9934.083333333334,13749.749999999998,Mismatch
1620000.0,9244.412443039986,12404.7919876772,1620000.0,9998.083333333334,11545.583333333334,Mismatch
1623600.0,7953.097716429996,7690.51321062822,1623600.0,7779.583333333332,9292.416666666666,Mismatch
1627200.0,4174.75310936999,3862.65893115669,1627200.0,2220.6666666666665,6862.333333333333,Mismatch
1630800.0,0.0,1677.06001992195,1630800.0,0.0,3038.833333333333,Mismatch
1634400.0,0.0,1661.15294859979,1634400.0,0.0,0.0,Mismatch
1638000.0,0.0,1660.94160402438,1638000.0,0.0,0.0,Mismatch
1641600.0,0.0,1661.29388992603,1641600.0,0.0,0.0,Mismatch
1645200.0,0.0,1662.01721236466,1645200.0,0.0,0.0,Mismatch
1648800.0,0.0,1661.01470428705,1648800.0,0.0,0.0,Mismatch
1652400.0,0.0,1658.58500156219,1652400.0,0.0,0.0,Mismatch
1656000.0,0.0,1656.91777182532,1656000.0,0.0,0.0,Mismatch
1659600.0,0.0,1657.99589290359,1659600.0,0.0,0.0,Mismatch
1663200.0,0.0,1660.79094291224,1663200.0,0.0,0.0,Mismatch
1666800.0,8790.619651739988,1965.93518584342,1666800.0,4678.5,25347.08333333333,Mismatch
1670400.0,9244.412443039988,1867.48596035585,1670400.0,10328.416666666668,8144.333333333333,Mismatch
1674000.0,9244.412443039984,2094.18540756443,1674000.0,10432.166666666666,11276.833333333332,Mismatch
1677600.0,9244.412443039986,3368.24678537984,1677600.0,10420.0,12916.333333333332,Mismatch
1681200.0,9244.412443039986,5616.61355753363,1681200.0,10414.249999999998,13308.0,Mismatch
1684800.0,9244.412443039986,3907.23745866339,1684800.0,10436.0,8974.5,Mismatch
1688400.0,9244.412443039986,2885.35551360524,1688400.0,10440.833333333334,8220.166666666666,Mismatch
1692000.0,9244.412443039984,3124.85771946992,1692000.0,8741.583333333332,7512.333333333333,Mismatch
1695600.0,9244.412443039984,3313.76365974074,1695600.0,10485.166666666668,8981.666666666668,Mismatch
1699200.0,9244.412443039986,4006.94089953363,1699200.0,9285.5,8308.583333333334,Mismatch
1702800.0,9244.412443039986,5591.98733705236,1702800.0,9131.25,8321.416666666668,Mismatch
1706400.0,9244.412443039986,5421.75455054044,1706400.0,9975.916666666668,9093.5,Mismatch
1710000.0,7953.097716429996,4388.15292457133,1710000.0,7757.833333333333,8272.833333333332,Mismatch
1713600.0,4174.75310936999,2719.82800078088,1713600.0,2858.1666666666665,5210.333333333334,Mismatch
1717200.0,0.0,1658.56219037198,1717200.0,1287.9166666666667,3053.333333333333,Mismatch
1720800.0,0.0,1653.29581759631,1720800.0,0.0,0.0,Mismatch
1724400.0,0.0,1653.86192408132,1724400.0,0.0,0.0,Mismatch
1728000.0,0.0,1654.93723523839,1728000.0,0.0,0.0,Mismatch
1731600.0,0.0,1656.14160406003,1731600.0,0.0,0.0,Mismatch
1735200.0,0.0,1656.58113217758,1735200.0,0.0,0.0,Mismatch
1738800.0,0.0,1655.28447403495,1738800.0,0.0,0.0,Mismatch
1742400.0,0.0,1654.22633196971,1742400.0,0.0,0.0,Mismatch
1746000.0,0.0,1653.51521235553,1746000.0,0.0,0.0,Mismatch
1749600.0,0.0,1651.43495012906,1749600.0,0.0,0.0,Mismatch
1753200.0,4395.3098258699965,1650.19509527936,1753200.0,4993.999999999999,25298.083333333336,Mismatch
1756800.0,9244.412443039988,1702.87421774359,1756800.0,10420.416666666666,7980.083333333333,Mismatch
1760400.0,9244.412443039986,1841.77228178509,1760400.0,10505.083333333332,11104.416666666668,Mismatch
1764000.0,9244.412443039986,2335.3812013648,1764000.0,10442.833333333334,9113.166666666666,Mismatch
1767600.0,9244.412443039986,3917.44541540953,1767600.0,10416.750000000002,10577.416666666666,Mismatch
1771200.0,9244.412443039986,5683.84896490177,1771200.0,10429.25,9272.333333333334,Mismatch
1774800.0,9244.412443039986,7227.31285615859,1774800.0,10373.416666666666,9411.916666666666,Mismatch
1778400.0,9244.412443039986,9287.39174154144,1778400.0,10381.5,12123.333333333334,Mismatch
1782000.0,5177.938264739986,7075.71733957154,1782000.0,9252.916666666666,9329.083333333332,Mismatch
1785600.0,2141.516020219999,3703.15260773886,1785600.0,3128.583333333333,7858.416666666668,Mismatch
1789200.0,2141.51602022,3503.93067395742,1789200.0,1940.1666666666667,5515.5,Mismatch
1792800.0,2141.51602022,2722.74462460032,1792800.0,1937.166666666667,5375.25,Mismatch
1796400.0,2141.51602022,2103.82061149438,1796400.0,1937.25,5338.166666666666,Mismatch
1800000.0,0.0,1652.76735793385,1800000.0,321.6666666666667,1539.1666666666663,Mismatch
1803600.0,0.0,1650.3859171264,1803600.0,0.0,3762.750000000001,Mismatch
1807200.0,0.0,1650.27104657803,1807200.0,0.0,751.0833333333334,Mismatch
1810800.0,0.0,1647.12664863985,1810800.0,0.0,0.0,Mismatch
1814400.0,0.0,1641.99519531519,1814400.0,0.0,0.0,Mismatch
1818000.0,0.0,1638.25415565063,1818000.0,0.0,0.0,Mismatch
1821600.0,0.0,1635.70576305707,1821600.0,0.0,0.0,Mismatch
1825200.0,0.0,1633.21451130037,1825200.0,0.0,0.0,Mismatch
1828800.0,0.0,1628.22081556546,1828800.0,0.0,0.0,Mismatch
1832400.0,0.0,1623.66604756779,1832400.0,0.0,0.0,Mismatch
1836000.0,0.0,1620.51751761268,1836000.0,0.0,0.0,Mismatch
1839600.0,0.0,1654.21801414986,1839600.0,5555.083333333334,14661.75,Mismatch
1843200.0,2582.62945321999,1579.33973693975,1843200.0,6759.916666666667,3431.9999999999995,Mismatch
1846800.0,2582.62945321999,1557.72424743468,1846800.0,6725.583333333334,2952.583333333333,Mismatch
1850400.0,2582.62945321999,1559.83938405448,1850400.0,6663.916666666667,4334.916666666667,Mismatch
1854000.0,2582.62945321999,1568.63002948442,1854000.0,6703.666666666667,3658.0833333333335,Mismatch
1857600.0,2582.62945321999,2809.70097270177,1857600.0,6647.249999999999,4003.5,Mismatch
1861200.0,2582.62945321999,8451.43580491766,1861200.0,1103.1666666666663,3254.9166666666665,Mismatch
1864800.0,1291.314726609999,6751.59120591789,1864800.0,0.0,4166.0,Mismatch
1868400.0,0.0,1692.70506134378,1868400.0,0.0,4058.75,Mismatch
1872000.0,0.0,1667.28606113155,1872000.0,0.0,3204.083333333333,Mismatch
1875600.0,0.0,1662.27065951828,1875600.0,0.0,3955.3333333333335,Mismatch
1879200.0,0.0,1662.38237217272,1879200.0,0.0,2375.583333333333,Mismatch
1882800.0,0.0,1662.51403164132,1882800.0,0.0,3894.0833333333335,Mismatch
1886400.0,0.0,1661.97932986645,1886400.0,0.0,1545.0833333333333,Mismatch
1890000.0,0.0,1659.46766778452,1890000.0,0.0,2439.75,Mismatch
1893600.0,0.0,1655.05045248299,1893600.0,0.0,773.6666666666666,Mismatch
1897200.0,0.0,1651.27200593713,1897200.0,0.0,0.0,Mismatch
1900800.0,0.0,1648.75331216124,1900800.0,0.0,0.0,Mismatch
1904400.0,0.0,1640.31218647058,1904400.0,0.0,0.0,Mismatch
1908000.0,0.0,1628.2998118613,1908000.0,0.0,0.0,Mismatch
1911600.0,0.0,1618.72123836654,1911600.0,0.0,0.0,Mismatch
1915200.0,0.0,1611.76854830633,1915200.0,0.0,0.0,Mismatch
1918800.0,0.0,1607.13584168262,1918800.0,0.0,0.0,Mismatch
1922400.0,0.0,1607.60829816693,1922400.0,0.0,0.0,Mismatch
1926000.0,0.0,1619.89820099317,1926000.0,5611.166666666667,15351.583333333334,Mismatch
1929600.0,2582.62945321999,1551.63930131174,1929600.0,6707.666666666667,3523.2499999999995,Mismatch
1933200.0,2582.62945321999,1534.89924159278,1933200.0,6703.083333333333,2872.4166666666665,Mismatch
1936800.0,2582.62945321999,1654.84456547326,1936800.0,6694.416666666667,4406.5,Mismatch
1940400.0,2582.62945321999,5284.02064432288,1940400.0,6620.583333333333,3240.333333333333,Mismatch
1944000.0,2582.62945321999,10352.7265067849,1944000.0,6623.166666666667,6620.583333333333,Mismatch
1947600.0,2582.62945321999,10545.5887816671,1947600.0,1094.6666666666663,3267.166666666667,Mismatch
1951200.0,1291.314726609999,5615.93925741482,1951200.0,0.0,4026.0833333333335,Mismatch
1954800.0,0.0,1756.32808460949,1954800.0,0.0,4220.0,Mismatch
1958400.0,0.0,1804.2139726869,1958400.0,0.0,2600.833333333333,Mismatch
1962000.0,0.0,1772.44403509463,1962000.0,0.0,4140.25,Mismatch
1965600.0,0.0,1716.14686511591,1965600.0,0.0,3289.1666666666665,Mismatch
1969200.0,0.0,1676.85025043286,1969200.0,0.0,1600.3333333333333,Mismatch
1972800.0,0.0,1672.19050049379,1972800.0,0.0,3180.5,Mismatch
1976400.0,0.0,1670.00977758581,1976400.0,0.0,2335.75,Mismatch
1980000.0,0.0,1667.50578124837,1980000.0,0.0,0.0,Mismatch
1983600.0,0.0,1664.69131038488,1983600.0,0.0,0.0,Mismatch
1987200.0,0.0,1662.12759012315,1987200.0,0.0,0.0,Mismatch
1990800.0,0.0,1660.20371841111,1990800.0,0.0,0.0,Mismatch
1994400.0,0.0,1654.97528822043,1994400.0,0.0,0.0,Mismatch
1998000.0,0.0,1644.30106870565,1998000.0,0.0,0.0,Mismatch
2001600.0,0.0,1634.00262788132,2001600.0,0.0,0.0,Mismatch
2005200.0,0.0,1629.4270798398,2005200.0,0.0,0.0,Mismatch
2008800.0,0.0,1625.42849129754,2008800.0,0.0,0.0,Mismatch
2012400.0,8790.619651739988,1558.57650258348,2012400.0,5011.000000000001,25240.833333333336,Mismatch
2016000.0,9244.412443039986,1603.73105053395,2016000.0,10469.083333333334,7012.833333333334,Mismatch
2019600.0,9244.412443039984,1714.30802693742,2019600.0,8722.083333333334,6440.25,Mismatch
2023200.0,9244.412443039986,3364.18332917117,2023200.0,10583.75,7595.75,Mismatch
2026800.0,9244.412443039986,16243.2486465877,2026800.0,10852.5,12448.833333333332,Mismatch
2030400.0,9244.412443039986,25165.706256555,2030400.0,10909.416666666668,28796.5,Mismatch
2034000.0,9244.412443039986,25841.4330991703,2034000.0,10810.416666666668,27452.750000000004,Mismatch
2037600.0,9244.412443039984,26879.4331955014,2037600.0,10398.916666666668,30044.750000000004,Mismatch
2041200.0,9244.412443039984,26635.3551006575,2041200.0,10367.166666666668,27425.83333333333,Mismatch
2044800.0,9244.412443039986,24856.3334357713,2044800.0,10021.249999999998,18959.833333333336,Mismatch
2048400.0,9244.412443039986,21529.6774580454,2048400.0,9911.666666666668,11497.083333333332,Mismatch
2052000.0,9244.412443039986,16453.1324695049,2052000.0,9938.833333333332,9435.833333333332,Mismatch
2055600.0,7953.097716429996,9101.60730670258,2055600.0,7795.999999999999,8391.916666666664,Mismatch
2059200.0,4174.75310936999,3570.87437716142,2059200.0,2234.5,5434.083333333333,Mismatch
2062800.0,0.0,1651.46104218628,2062800.0,0.0,2880.833333333333,Mismatch
2066400.0,0.0,1627.11336974885,2066400.0,0.0,752.3333333333334,Mismatch
2070000.0,0.0,1615.80539903654,2070000.0,0.0,0.0,Mismatch
2073600.0,0.0,1603.80090246864,2073600.0,0.0,0.0,Mismatch
2077200.0,0.0,1591.73958337325,2077200.0,0.0,0.0,Mismatch
2080800.0,0.0,1583.19336318777,2080800.0,0.0,0.0,Mismatch
2084400.0,0.0,1578.63407053904,2084400.0,0.0,0.0,Mismatch
2088000.0,0.0,1578.21601281999,2088000.0,0.0,0.0,Mismatch
2091600.0,0.0,1580.10551893613,2091600.0,0.0,0.0,Mismatch
2095200.0,0.0,1579.17819246722,2095200.0,0.0,0.0,Mismatch
2098800.0,8790.619651739988,1502.90567491853,2098800.0,5060.083333333333,20746.083333333336,Mismatch
2102400.0,9244.412443039986,1532.81631499534,2102400.0,10535.499999999998,5604.750000000001,Mismatch
2106000.0,9244.412443039984,1619.91032925592,2106000.0,8816.25,4993.583333333333,Mismatch
2109600.0,9244.412443039986,1705.44150640691,2109600.0,10595.166666666668,6606.083333333334,Mismatch
2113200.0,9244.412443039986,6942.90949569669,2113200.0,10508.583333333332,8643.916666666666,Mismatch
2116800.0,9244.412443039986,20071.9724770004,2116800.0,10476.500000000002,21322.0,Mismatch
2120400.0,9244.412443039986,26268.619080234,2120400.0,10465.0,24520.58333333333,Mismatch
2124000.0,9244.412443039984,26944.4244288505,2124000.0,9593.083333333334,18728.75,Mismatch
2127600.0,9244.412443039984,26866.8298924012,2127600.0,11214.583333333334,20267.916666666668,Mismatch
2131200.0,9244.412443039986,24420.1834156193,2131200.0,10046.25,21475.25,Mismatch
2134800.0,9244.412443039986,19513.1813412715,2134800.0,10845.75,17150.25,Mismatch
2138400.0,9244.412443039986,16061.2830735054,2138400.0,9110.083333333334,8345.666666666668,Mismatch
2142000.0,7953.097716429996,11100.5911652717,2142000.0,8618.416666666666,8866.75,Mismatch
2145600.0,4174.75310936999,4867.47901213175,2145600.0,3727.9166666666665,7124.083333333333,Mismatch
2149200.0,0.0,1653.67802106087,2149200.0,1438.5,2923.2500000000005,Mismatch
2152800.0,0.0,1612.53755972683,2152800.0,0.0,790.3333333333334,Mismatch
2156400.0,0.0,1601.06703763859,2156400.0,0.0,0.0,Mismatch
2160000.0,0.0,1595.30294009119,2160000.0,0.0,0.0,Mismatch
2163600.0,0.0,1591.8792316879,2163600.0,0.0,0.0,Mismatch
2167200.0,0.0,1591.8792316879,2167200.0,0.0,0.0,Mismatch
2170800.0,0.0,1584.57757051433,2170800.0,0.0,0.0,Mismatch
2174400.0,0.0,1581.24114197846,2174400.0,0.0,0.0,Mismatch
2178000.0,0.0,1584.26334160696,2178000.0,0.0,0.0,Mismatch
2181600.0,0.0,1586.15412345525,2181600.0,0.0,0.0,Mismatch
2185200.0,0.0,1586.01350302081,2185200.0,0.0,0.0,Mismatch
2188800.0,8790.619651739988,1555.44550984586,2188800.0,4439.583333333334,18567.25,Mismatch
2192400.0,9244.412443039988,1580.17359085416,2192400.0,10829.500000000002,6405.583333333333,Mismatch
2196000.0,9244.412443039984,1728.39183357888,2196000.0,10435.083333333334,8129.0,Mismatch
2199600.0,9244.412443039986,2790.04157810279,2199600.0,7591.250000000001,6046.250000000001,Mismatch
2203200.0,9244.412443039986,8788.94602046001,2203200.0,11259.166666666668,8760.5,Mismatch
2206800.0,9244.412443039986,17416.1503067057,2206800.0,7507.333333333333,12154.083333333332,Mismatch
2210400.0,9244.412443039986,26775.2215366865,2210400.0,10440.333333333332,25721.083333333336,Mismatch
2214000.0,9244.412443039986,24645.4679810752,2214000.0,10963.583333333332,20410.333333333336,Mismatch
2217600.0,9244.412443039984,18071.4937416941,2217600.0,10401.833333333332,12448.0,Mismatch
2221200.0,9244.412443039986,16290.5284172201,2221200.0,7581.999999999999,7509.0,Mismatch
2224800.0,9244.412443039986,15715.3644108347,2224800.0,10061.333333333332,11274.166666666668,Mismatch
2228400.0,9244.412443039986,14054.7625989133,2228400.0,10039.000000000002,11178.416666666668,Mismatch
2232000.0,7953.097716429996,9822.29984780787,2232000.0,7506.250000000001,8824.083333333332,Mismatch
2235600.0,4174.75310936999,4736.26123998977,2235600.0,2218.083333333333,6333.916666666667,Mismatch
2239200.0,0.0,1659.19886230816,2239200.0,0.0,3043.833333333333,Mismatch
2242800.0,0.0,1616.01011486078,2242800.0,0.0,2368.0,Mismatch
2246400.0,0.0,1606.39847441905,2246400.0,0.0,2301.416666666667,Mismatch
2250000.0,0.0,1598.35253364265,2250000.0,0.0,1514.25,Mismatch
2253600.0,0.0,1592.26855170001,2253600.0,0.0,2225.333333333333,Mismatch
2257200.0,0.0,1587.42628051647,2257200.0,0.0,2332.0,Mismatch
2260800.0,0.0,1581.36992600492,2260800.0,0.0,1409.5833333333337,Mismatch
2264400.0,0.0,1577.76830504452,2264400.0,0.0,1407.75,Mismatch
2268000.0,0.0,1575.58721206525,2268000.0,0.0,2788.0,Mismatch
2271600.0,0.0,1574.60829912887,2271600.0,0.0,1388.0,Mismatch
2275200.0,8790.619651739988,1499.26103278717,2275200.0,5035.833333333334,8878.833333333334,Mismatch
2278800.0,9244.412443039988,1523.06958572752,2278800.0,10614.166666666666,5309.166666666667,Mismatch
2282400.0,9244.412443039984,1594.34868108682,2282400.0,10694.833333333334,4888.916666666667,Mismatch
2286000.0,9244.412443039986,1808.72417309264,2286000.0,10556.833333333334,6647.916666666667,Mismatch
2289600.0,9244.412443039986,9698.00501285177,2289600.0,10467.666666666666,8815.25,Mismatch
2293200.0,9244.412443039986,21725.9977511907,2293200.0,10515.666666666668,23848.33333333333,Mismatch
2296800.0,9244.412443039986,23539.4456613947,2296800.0,10480.5,26968.916666666664,Mismatch
2300400.0,9244.412443039984,21444.9144056358,2300400.0,10480.25,23665.08333333333,Mismatch
2304000.0,9244.412443039984,20183.5763717794,2304000.0,10456.0,18745.166666666668,Mismatch
2307600.0,9244.412443039986,19131.4361232835,2307600.0,9250.333333333332,13279.916666666668,Mismatch
2311200.0,9244.412443039986,18660.4374192852,2311200.0,9958.0,16171.083333333334,Mismatch
2314800.0,9244.412443039986,17084.7830801069,2314800.0,10029.0,12440.833333333334,Mismatch
2318400.0,7953.097716429996,10230.5608766577,2318400.0,7814.833333333334,9451.166666666668,Mismatch
2322000.0,4174.75310936999,3910.68500209366,2322000.0,2893.0,5370.583333333334,Mismatch
2325600.0,0.0,1664.30270298696,2325600.0,1305.6666666666667,3765.25,Mismatch
2329200.0,0.0,1641.7611063114,2329200.0,0.0,2960.75,Mismatch
2332800.0,0.0,1631.87412480691,2332800.0,0.0,1442.5833333333337,Mismatch
2336400.0,0.0,1617.56765569446,2336400.0,0.0,2860.25,Mismatch
2340000.0,0.0,1607.64675690649,2340000.0,0.0,2596.1666666666665,Mismatch
2343600.0,0.0,1599.71202188129,2343600.0,0.0,3642.5,Mismatch
2347200.0,0.0,1589.20404857746,2347200.0,0.0,2146.1666666666665,Mismatch
2350800.0,0.0,1578.50757128265,2350800.0,0.0,2701.25,Mismatch
2354400.0,0.0,1571.63264178833,2354400.0,0.0,1965.0,Mismatch
2358000.0,0.0,1568.25148569639,2358000.0,0.0,2538.9166666666665,Mismatch
2361600.0,4395.3098258699965,1538.41390006323,2361600.0,5100.833333333333,7975.416666666667,Mismatch
2365200.0,9244.412443039988,1499.90529200168,2365200.0,10681.666666666666,5316.75,Mismatch
2368800.0,9244.412443039986,1529.71353983969,2368800.0,10759.999999999998,5264.666666666667,Mismatch
2372400.0,9244.412443039986,1601.39501966961,2372400.0,10665.833333333334,5705.25,Mismatch
2376000.0,9244.412443039986,3612.1368079037,2376000.0,10505.833333333334,7641.833333333334,Mismatch
2379600.0,9244.412443039986,12290.2410792676,2379600.0,10097.75,12176.5,Mismatch
2383200.0,9244.412443039986,15845.2591749146,2383200.0,9097.916666666666,15585.5,Mismatch
2386800.0,9244.412443039986,15256.9712473174,2386800.0,10501.083333333334,13955.75,Mismatch
2390400.0,5177.938264739986,12145.1580408864,2390400.0,9269.499999999998,9827.666666666666,Mismatch
2394000.0,2141.516020219999,4611.67918663645,2394000.0,3120.833333333333,7204.333333333334,Mismatch
2397600.0,2141.51602022,4061.71393304442,2397600.0,1936.75,5551.416666666667,Mismatch
2401200.0,2141.51602022,3275.76787890285,2401200.0,1935.0,5443.583333333333,Mismatch
2404800.0,2141.51602022,2598.31905572703,2404800.0,1940.8333333333333,3065.083333333333,Mismatch
2408400.0,0.0,1661.35245016443,2408400.0,325.33333333333337,3113.6666666666665,Mismatch
2412000.0,0.0,1652.10583418318,2412000.0,0.0,2958.583333333333,Mismatch
2415600.0,0.0,1653.17861664994,2415600.0,0.0,3307.333333333334,Mismatch
2419200.0,0.0,1651.30667151875,2419200.0,0.0,3020.1666666666665,Mismatch
2422800.0,0.0,1645.80998259516,2422800.0,0.0,2189.75,Mismatch
2426400.0,0.0,1633.87765266873,2426400.0,0.0,737.1666666666666,Mismatch
2430000.0,0.0,1623.25514682604,2430000.0,0.0,1475.4166666666663,Mismatch
2433600.0,0.0,1611.33538417012,2433600.0,0.0,2118.166666666667,Mismatch
2437200.0,0.0,1602.54302349995,2437200.0,0.0,3525.4166666666665,Mismatch
2440800.0,0.0,1597.19757860322,2440800.0,0.0,686.3333333333334,Mismatch
2444400.0,0.0,1596.07643785563,2444400.0,0.0,1287.75,Mismatch
2448000.0,0.0,1633.10582263515,2448000.0,5630.166666666666,3365.9166666666665,Mismatch
2451600.0,2582.62945321999,1545.82903444308,2451600.0,6797.75,4849.666666666667,Mismatch
2455200.0,2582.62945321999,1524.33491996365,2455200.0,6777.916666666667,3928.5,Mismatch
2458800.0,2582.62945321999,1531.70285386167,2458800.0,6717.833333333334,3615.000000000001,Mismatch
2462400.0,2582.62945321999,2998.04822756398,2462400.0,6699.083333333334,3108.25,Mismatch
2466000.0,2582.62945321999,6313.29451944473,2466000.0,6624.333333333333,4031.0833333333335,Mismatch
2469600.0,2582.62945321999,6287.6035725677,2469600.0,1099.0833333333333,3979.5833333333335,Mismatch
2473200.0,1291.314726609999,4153.20512062186,2473200.0,0.0,2431.166666666667,Mismatch
2476800.0,0.0,1664.78168069239,2476800.0,0.0,3963.9166666666665,Mismatch
2480400.0,0.0,1667.50771313296,2480400.0,0.0,3077.9999999999995,Mismatch
2484000.0,0.0,1659.84880577664,2484000.0,0.0,3918.0833333333335,Mismatch
2487600.0,0.0,1654.85650804504,2487600.0,0.0,3102.833333333333,Mismatch
2491200.0,0.0,1651.10403020759,2491200.0,0.0,2284.9166666666665,Mismatch
2494800.0,0.0,1647.21538203658,2494800.0,0.0,3034.4166666666665,Mismatch
2498400.0,0.0,1643.63528924175,2498400.0,0.0,2249.4166666666665,Mismatch
2502000.0,0.0,1640.61424711229,2502000.0,0.0,2864.0,Mismatch
2505600.0,0.0,1638.48654271456,2505600.0,0.0,1648.0833333333337,Mismatch
2509200.0,0.0,1635.42266144912,2509200.0,0.0,2203.75,Mismatch
2512800.0,0.0,1631.52515058226,2512800.0,0.0,2171.083333333333,Mismatch
2516400.0,0.0,1625.92489280444,2516400.0,0.0,717.8333333333334,Mismatch
2520000.0,0.0,1620.36404820775,2520000.0,0.0,1474.25,Mismatch
2523600.0,0.0,1617.47522974299,2523600.0,0.0,2941.9999999999995,Mismatch
2527200.0,0.0,1615.5831172482,2527200.0,0.0,2146.1666666666665,Mismatch
2530800.0,0.0,1617.92659684025,2530800.0,0.0,1491.6666666666667,Mismatch
2534400.0,0.0,1632.30133521696,2534400.0,5592.833333333333,3561.666666666667,Mismatch
2538000.0,2582.62945321999,1570.33915320656,2538000.0,6700.083333333333,2950.166666666667,Mismatch
2541600.0,2582.62945321999,1560.1201043657,2541600.0,6690.833333333333,3185.25,Mismatch
2545200.0,2582.62945321999,2425.70207234716,2545200.0,6660.083333333333,3073.5,Mismatch
2548800.0,2582.62945321999,5066.87944511996,2548800.0,6647.166666666667,3178.6666666666665,Mismatch
2552400.0,2582.62945321999,6794.27746296889,2552400.0,6651.083333333334,3196.083333333333,Mismatch
2556000.0,2582.62945321999,7728.8927549274,2556000.0,1107.1666666666663,4033.4166666666665,Mismatch
2559600.0,1291.314726609999,4978.65940436576,2559600.0,0.0,3255.4166666666665,Mismatch
2563200.0,0.0,1705.08724370012,2563200.0,0.0,1618.1666666666667,Mismatch
2566800.0,0.0,1708.93369646675,2566800.0,0.0,3000.0,Mismatch
2570400.0,0.0,1684.53969148467,2570400.0,0.0,2424.5,Mismatch
2574000.0,0.0,1669.30557032506,2574000.0,0.0,2307.4166666666665,Mismatch
2577600.0,0.0,1662.86774616408,2577600.0,0.0,3044.6666666666665,Mismatch
2581200.0,0.0,1660.20523713699,2581200.0,0.0,1510.0833333333337,Mismatch
2584800.0,0.0,1660.60078945538,2584800.0,0.0,2867.6666666666665,Mismatch
2588400.0,0.0,1659.35720288165,2588400.0,0.0,2267.25,Mismatch
2592000.0,0.0,1658.00401636263,2592000.0,0.0,2791.0,Mismatch
2595600.0,0.0,1658.89153858259,2595600.0,0.0,3062.5,Mismatch
2599200.0,0.0,1660.54386631914,2599200.0,0.0,767.5,Mismatch
2602800.0,0.0,1660.71061934501,2602800.0,0.0,2061.1666666666665,Mismatch
2606400.0,0.0,1655.40991598589,2606400.0,0.0,2254.75,Mismatch
2610000.0,0.0,1648.14088063854,2610000.0,0.0,2005.5833333333333,Mismatch
2613600.0,0.0,1643.25282661199,2613600.0,0.0,2223.833333333333,Mismatch
2617200.0,0.0,1639.94183055606,2617200.0,0.0,1456.9166666666667,Mismatch
2620800.0,8790.619651739988,1857.68183254924,2620800.0,5001.25,12949.833333333332,Mismatch
2624400.0,9244.412443039988,2125.64984458333,2624400.0,10399.416666666666,6703.083333333333,Mismatch
2628000.0,9244.412443039984,4195.5110399641,2628000.0,8688.0,6892.833333333333,Mismatch
2631600.0,9244.412443039986,7181.73566168577,2631600.0,10479.083333333334,7836.500000000002,Mismatch
2635200.0,9244.412443039986,8889.88024280744,2635200.0,7835.5,6263.666666666667,Mismatch
2638800.0,9244.412443039986,10179.218757508,2638800.0,9566.416666666666,8627.083333333332,Mismatch
2642400.0,9244.412443039986,11061.3680944774,2642400.0,10405.166666666668,9352.833333333332,Mismatch
2646000.0,9244.412443039984,10986.2748827407,2646000.0,10444.333333333332,9319.666666666666,Mismatch
2649600.0,9244.412443039984,9372.05793126206,2649600.0,8666.416666666666,7457.333333333335,Mismatch
2653200.0,9244.412443039986,7427.82477771113,2653200.0,10150.666666666666,6944.666666666667,Mismatch
2656800.0,9244.412443039986,6593.05698362869,2656800.0,9222.0,6200.333333333333,Mismatch
2660400.0,9244.412443039986,5789.4881873558,2660400.0,10019.083333333332,6153.833333333333,Mismatch
2664000.0,7953.097716429996,4508.53383802747,2664000.0,7842.083333333333,6146.583333333333,Mismatch
2667600.0,4174.75310936999,2980.47769001646,2667600.0,2219.583333333333,4607.0,Mismatch
2671200.0,0.0,1652.22624031783,2671200.0,0.0,2321.666666666667,Mismatch
2674800.0,0.0,1637.43900097312,2674800.0,0.0,2009.4166666666663,Mismatch
2678400.0,0.0,1633.98697532141,2678400.0,0.0,2270.6666666666665,Mismatch
2682000.0,0.0,1624.5421063799,2682000.0,0.0,2957.1666666666665,Mismatch
2685600.0,0.0,1608.11378313239,2685600.0,0.0,2230.0,Mismatch
2689200.0,0.0,1594.74111876633,2689200.0,0.0,2221.083333333333,Mismatch
2692800.0,0.0,1583.62585994116,2692800.0,0.0,2213.1666666666665,Mismatch
2696400.0,0.0,1573.63430713555,2696400.0,0.0,2180.4166666666665,Mismatch
2700000.0,0.0,1564.25350183169,2700000.0,0.0,2191.75,Mismatch
2703600.0,0.0,1556.05513609375,2703600.0,0.0,2845.6666666666665,Mismatch
2707200.0,2582.62945321999,1487.65924060569,2707200.0,0.0,1382.5833333333337,Mismatch
2710800.0,2582.62945321999,1464.46323219755,2710800.0,324.75,2041.5,Mismatch
2714400.0,2582.62945321999,1462.15970782607,2714400.0,595.81,2099.1766666666667,Mismatch
2718000.0,2582.62945321999,1564.59654564011,2718000.0,866.87,2156.853333333333,Mismatch
2721600.0,2582.62945321999,3287.51280476291,2721600.0,1137.9299999999998,2214.53,Mismatch
2725200.0,2582.62945321999,4837.4788487803,2725200.0,1408.99,2272.2066666666665,Mismatch
2728800.0,2582.62945321999,6175.29121430586,2728800.0,1680.05,2329.883333333333,Mismatch
2732400.0,2582.62945321999,6216.19861038178,2732400.0,1951.11,2387.56,Mismatch
2736000.0,2582.62945321999,5336.40343063252,2736000.0,2222.17,2445.2366666666667,Mismatch
2739600.0,0.0,1617.5028677801,2739600.0,2493.23,2502.9133333333334,Mismatch
2743200.0,0.0,1565.09002961571,2743200.0,2764.29,2560.59,Mismatch
2746800.0,0.0,1555.82428264275,2746800.0,3035.35,2618.2666666666664,Mismatch
2750400.0,0.0,1546.21699760672,2750400.0,3306.41,2675.943333333333,Mismatch
2754000.0,0.0,1538.4726385825,2754000.0,3577.47,2733.62,Mismatch
2757600.0,0.0,1531.15085762856,2757600.0,3848.53,2791.2966666666666,Mismatch
2761200.0,0.0,1524.00720147533,2761200.0,4119.59,2848.9733333333334,Mismatch
2764800.0,0.0,1517.77191678268,2764800.0,4390.65,2906.65,Mismatch
2768400.0,0.0,1520.17093983178,2768400.0,4661.71,2964.326666666667,Mismatch
2772000.0,0.0,1529.74105774461,2772000.0,4932.77,3022.003333333333,Mismatch
2775600.0,0.0,1531.18219904785,2775600.0,5203.83,3079.68,Mismatch
2779200.0,0.0,1529.70005008259,2779200.0,5474.889999999999,3137.3566666666666,Mismatch
2782800.0,0.0,1529.05694372281,2782800.0,5745.95,3195.033333333333,Mismatch
2786400.0,0.0,1529.73034045414,2786400.0,6017.009999999999,3252.71,Mismatch
2790000.0,0.0,1534.62802528329,2790000.0,6288.07,3310.3866666666663,Mismatch
2793600.0,8790.619651739988,1486.14298897993,2793600.0,6559.129999999999,3368.063333333333,Mismatch
2797200.0,9244.412443039986,1504.58823311046,2797200.0,6830.19,3425.74,Mismatch
2800800.0,9244.412443039984,1559.29851121646,2800800.0,7101.25,3483.4166666666665,Mismatch
2804400.0,9244.412443039986,2155.23663520913,2804400.0,9627.083333333334,5965.416666666666,Mismatch
2808000.0,9244.412443039986,6239.09744072457,2808000.0,9633.166666666666,6956.25,Mismatch
2811600.0,9244.412443039986,9458.36965766682,2811600.0,9615.333333333332,7912.333333333334,Mismatch
2815200.0,9244.412443039986,12417.0988487105,2815200.0,10437.083333333334,14039.583333333334,Mismatch
2818800.0,9244.412443039984,12610.4341410726,2818800.0,10396.166666666664,10321.916666666666,Mismatch
2822400.0,9244.412443039984,10721.500127806,2822400.0,10442.666666666668,9407.416666666668,Mismatch
2826000.0,9244.412443039986,8087.95310066929,2826000.0,10124.416666666666,9261.916666666666,Mismatch
2829600.0,9244.412443039986,5192.52319027895,2829600.0,9979.333333333334,9084.333333333334,Mismatch
2833200.0,9244.412443039988,2530.27688275721,2833200.0,10022.333333333334,8150.75,Mismatch
2836800.0,7953.097716429996,1855.44842842156,2836800.0,7794.999999999999,7335.0,Mismatch
2840400.0,4174.75310936999,1682.39712739126,2840400.0,2242.333333333333,5131.833333333333,Mismatch
2844000.0,0.0,1618.83890407622,2844000.0,0.0,2175.666666666667,Mismatch
2847600.0,0.0,1610.5960127047,2847600.0,0.0,1439.3333333333337,Mismatch
2851200.0,0.0,1600.38276917066,2851200.0,0.0,2164.5,Mismatch
2854800.0,0.0,1590.16608423398,2854800.0,0.0,2069.0,Mismatch
2858400.0,0.0,1582.8512987437,2858400.0,0.0,1361.3333333333333,Mismatch
2862000.0,0.0,1576.79994348226,2862000.0,0.0,1358.4166666666663,Mismatch
2865600.0,0.0,1570.6450164533,2865600.0,0.0,1397.5833333333333,Mismatch
2869200.0,0.0,1565.10922121919,2869200.0,0.0,1397.5,Mismatch
2872800.0,0.0,1560.77285426868,2872800.0,0.0,701.8333333333334,Mismatch
2876400.0,0.0,1560.68720719507,2876400.0,0.0,1310.3333333333337,Mismatch
2880000.0,8790.619651739988,1502.28371809228,2880000.0,5086.916666666666,8660.166666666666,Mismatch
2883600.0,9244.412443039986,1519.44212708143,2883600.0,10617.333333333334,4741.666666666666,Mismatch
2887200.0,9244.412443039984,1578.56809382106,2887200.0,9820.416666666668,4853.0,Mismatch
2890800.0,9244.412443039986,1687.77290957077,2890800.0,10629.166666666666,5901.583333333333,Mismatch
2894400.0,9244.412443039986,4916.00624033451,2894400.0,9661.666666666666,4672.333333333334,Mismatch
2898000.0,9244.412443039986,10644.2002352013,2898000.0,10422.416666666668,0.0,Mismatch
2901600.0,9244.412443039986,13288.0439235128,2901600.0,10411.0,13701.833333333332,Mismatch
2905200.0,9244.412443039984,16633.5825317826,2905200.0,10383.0,9813.333333333334,Mismatch
2908800.0,9244.412443039984,18059.999202184,2908800.0,9487.166666666666,8832.666666666666,Mismatch
2912400.0,9244.412443039986,16286.9259145032,2912400.0,9181.083333333334,8067.5,Mismatch
2916000.0,9244.412443039986,13902.7384824588,2916000.0,9093.083333333334,8997.0,Mismatch
2919600.0,9244.412443039986,11973.6574780086,2919600.0,9943.499999999998,8856.583333333332,Mismatch
2923200.0,7953.097716429996,8175.17166560838,2923200.0,7740.583333333334,7103.583333333334,Mismatch
2926800.0,4174.753109369989,3934.12535077727,2926800.0,2574.583333333333,4721.083333333334,Mismatch
2930400.0,0.0,1600.90806785572,2930400.0,1116.25,1611.9166666666667,Mismatch
2934000.0,0.0,1574.39238833186,2934000.0,0.0,3801.333333333333,Mismatch
2937600.0,0.0,1570.43759294798,2937600.0,0.0,2237.25,Mismatch
2941200.0,0.0,1567.62377306839,2941200.0,0.0,1510.0833333333333,Mismatch
2944800.0,0.0,1566.50803784951,2944800.0,0.0,1491.3333333333333,Mismatch
2948400.0,0.0,1566.97826971349,2948400.0,0.0,2996.583333333333,Mismatch
2952000.0,0.0,1567.89207796721,2952000.0,0.0,3754.5,Mismatch
2955600.0,0.0,1569.59193695803,2955600.0,0.0,2265.6666666666665,Mismatch
2959200.0,0.0,1573.40801883918,2959200.0,0.0,2919.2499999999995,Mismatch
2962800.0,0.0,1578.08863801588,2962800.0,0.0,3685.166666666667,Mismatch
2966400.0,4395.3098258699965,1562.08172412923,2966400.0,5012.916666666667,9466.833333333334,Mismatch
2970000.0,9244.412443039988,1606.33546606732,2970000.0,10451.666666666666,5962.999999999999,Mismatch
2973600.0,9244.412443039986,3531.81580011071,2973600.0,10480.666666666668,7709.0,Mismatch
2977200.0,9244.412443039986,9326.12079436342,2977200.0,9548.500000000002,2371.25,Mismatch
2980800.0,9244.412443039986,14538.847409504,2980800.0,10362.25,21286.5,Mismatch
2984400.0,9244.412443039986,18698.4396839332,2984400.0,10414.166666666666,15797.166666666668,Mismatch
2988000.0,9244.412443039986,20534.5102389646,2988000.0,10362.25,18265.666666666664,Mismatch
2991600.0,9244.412443039986,21277.1034588877,2991600.0,9504.083333333334,13577.583333333334,Mismatch
2995200.0,5177.938264739986,18185.3389781369,2995200.0,9143.333333333334,10365.000000000002,Mismatch
2998800.0,2141.516020219999,6291.29753481732,2998800.0,3068.75,9252.833333333334,Mismatch
3002400.0,2141.51602022,5579.40212088719,3002400.0,1734.8333333333333,5842.416666666667,Mismatch
3006000.0,2141.51602022,4862.74970365706,3006000.0,1904.8333333333333,5770.499999999999,Mismatch
3009600.0,2141.51602022,4241.44939159141,3009600.0,1910.9166666666667,5575.583333333333,Mismatch
3013200.0,0.0,1652.30394528523,3013200.0,316.83333333333337,2417.6666666666665,Mismatch
3016800.0,0.0,1615.75071088509,3016800.0,0.0,2345.583333333333,Mismatch
3020400.0,0.0,1617.38218797698,3020400.0,0.0,2206.4166666666665,Mismatch
3024000.0,0.0,1617.10149071716,3024000.0,0.0,3642.4166666666665,Mismatch
3027600.0,0.0,1615.66990599087,3027600.0,0.0,1539.9166666666667,Mismatch
3031200.0,0.0,1614.30610641024,3031200.0,0.0,2945.9166666666665,Mismatch
3034800.0,0.0,1612.1353405688,3034800.0,0.0,2968.833333333333,Mismatch
3038400.0,0.0,1609.39291551847,3038400.0,0.0,1930.5833333333333,Mismatch
3042000.0,0.0,1604.52312103974,3042000.0,0.0,1308.0833333333333,Mismatch
3045600.0,0.0,1598.74467054768,3045600.0,0.0,2813.0000000000005,Mismatch
3049200.0,0.0,1591.17447310212,3049200.0,0.0,2902.333333333333,Mismatch
3052800.0,0.0,1622.33669880361,3052800.0,5600.166666666667,2744.083333333333,Mismatch
3056400.0,2582.62945321999,1541.04789628659,3056400.0,6768.916666666666,3333.1666666666665,Mismatch
3060000.0,2582.62945321999,1523.20564253709,3060000.0,6752.916666666667,2864.333333333333,Mismatch
3063600.0,2582.62945321999,1787.73766541472,3063600.0,6689.666666666667,4536.166666666667,Mismatch
3067200.0,2582.62945321999,5836.29685112173,3067200.0,6686.75,5465.416666666666,Mismatch
3070800.0,2582.62945321999,7035.29377783712,3070800.0,6111.25,3951.6666666666665,Mismatch
3074400.0,2582.62945321999,6885.48362266515,3074400.0,1102.6666666666663,3230.4166666666665,Mismatch
3078000.0,1291.314726609999,4298.63991492961,3078000.0,0.0,3102.6666666666665,Mismatch
3081600.0,0.0,1622.89801676725,3081600.0,0.0,2402.666666666667,Mismatch
3085200.0,0.0,1625.16961236159,3085200.0,0.0,2300.333333333333,Mismatch
3088800.0,0.0,1616.59095986415,3088800.0,0.0,3063.333333333333,Mismatch
3092400.0,0.0,1617.45660536145,3092400.0,0.0,1478.6666666666667,Mismatch
3096000.0,0.0,1621.41724895108,3096000.0,0.0,2205.916666666667,Mismatch
3099600.0,0.0,1621.5006566682,3099600.0,0.0,2202.583333333333,Mismatch
3103200.0,0.0,1617.76221719585,3103200.0,0.0,2143.5,Mismatch
3106800.0,0.0,1608.29170614611,3106800.0,0.0,2779.75,Mismatch
3110400.0,0.0,1598.10941820164,3110400.0,0.0,1947.25,Mismatch
3114000.0,0.0,1586.14201191196,3114000.0,0.0,1866.0,Mismatch
3117600.0,0.0,1576.65435271713,3117600.0,0.0,1968.1666666666663,Mismatch
3121200.0,0.0,1571.44284652177,3121200.0,0.0,389.5833333333333,Mismatch
3124800.0,0.0,1568.81864590633,3124800.0,0.0,1869.5,Mismatch
3128400.0,0.0,1566.16922963658,3128400.0,0.0,2038.75,Mismatch
3132000.0,0.0,1563.42331112407,3132000.0,0.0,1310.0833333333337,Mismatch
3135600.0,0.0,1563.88437331896,3135600.0,0.0,2075.0,Mismatch
3139200.0,0.0,1576.37990125761,3139200.0,5686.833333333333,2931.0,Mismatch
3142800.0,2582.62945321999,1501.11760502346,3142800.0,6836.5,2620.0,Mismatch
3146400.0,2582.62945321999,1491.31608185952,3146400.0,5655.0,2025.333333333333,Mismatch
3150000.0,2582.62945321999,1507.74249463793,3150000.0,6751.999999999999,2862.9166666666665,Mismatch
3153600.0,2582.62945321999,3479.11566629605,3153600.0,6713.416666666668,4744.083333333333,Mismatch
3157200.0,2582.62945321999,7035.89433027383,3157200.0,6662.250000000001,3983.25,Mismatch
3160800.0,2582.62945321999,7112.77601888492,3160800.0,1113.1666666666663,1352.5833333333333,Mismatch
3164400.0,1291.314726609999,4360.22179183807,3164400.0,0.0,4082.5,Mismatch
3168000.0,0.0,1659.98981813189,3168000.0,0.0,2413.333333333333,Mismatch
3171600.0,0.0,1678.88809146874,3171600.0,0.0,3704.0833333333335,Mismatch
3175200.0,0.0,1654.05272384975,3175200.0,0.0,2841.333333333333,Mismatch
3178800.0,0.0,1634.91715739904,3178800.0,0.0,1510.5000000000002,Mismatch
3182400.0,0.0,1621.56638551152,3182400.0,0.0,2562.0,Mismatch
3186000.0,0.0,1602.65139745746,3186000.0,0.0,2207.833333333333,Mismatch
3189600.0,0.0,1590.88496753971,3189600.0,0.0,2295.833333333333,Mismatch
3193200.0,0.0,1586.25515015317,3193200.0,0.0,2106.666666666667,Mismatch
3196800.0,0.0,1581.20693973942,3196800.0,0.0,476.25,Mismatch
3200400.0,0.0,1576.68707815281,3200400.0,0.0,2129.583333333333,Mismatch
3204000.0,0.0,1572.56990603372,3204000.0,0.0,701.5,Mismatch
3207600.0,0.0,1565.50455774839,3207600.0,0.0,636.9166666666666,Mismatch
3211200.0,0.0,1558.3253740048,3211200.0,0.0,2525.833333333333,Mismatch
3214800.0,0.0,1556.46638168845,3214800.0,0.0,1906.666666666667,Mismatch
3218400.0,0.0,1556.24083329596,3218400.0,0.0,1273.0833333333333,Mismatch
3222000.0,0.0,1555.83366248482,3222000.0,0.0,2630.25,Mismatch
3225600.0,8790.619651739988,1473.20728627412,3225600.0,5164.583333333334,7703.166666666666,Mismatch
3229200.0,9244.412443039986,1463.83242900763,3229200.0,10747.75,4063.5,Mismatch
3232800.0,9244.412443039984,1509.43112850063,3232800.0,10789.25,4047.416666666667,Mismatch
3236400.0,9244.412443039986,1561.68086854292,3236400.0,10654.500000000002,5649.083333333333,Mismatch
3240000.0,9244.412443039986,4878.8492734104,3240000.0,10751.166666666666,6143.333333333334,Mismatch
3243600.0,9244.412443039986,7984.0809791626,3243600.0,10874.250000000002,6861.666666666667,Mismatch
3247200.0,9244.412443039986,7658.5461719443,3247200.0,10851.25,6925.000000000001,Mismatch
3250800.0,9244.412443039984,6571.72457378898,3250800.0,10868.08333333333,7659.833333333333,Mismatch
3254400.0,9244.412443039984,5334.42379912797,3254400.0,9922.750000000002,6079.333333333334,Mismatch
3258000.0,9244.412443039986,4239.53453630491,3258000.0,10128.916666666668,7652.666666666666,Mismatch
3261600.0,9244.412443039986,2373.30874567008,3261600.0,10069.083333333334,6721.416666666667,Mismatch
3265200.0,9244.412443039984,1723.53829755275,3265200.0,10072.916666666666,7263.916666666666,Mismatch
3268800.0,7953.097716429996,1638.86519708813,3268800.0,7920.583333333333,5133.583333333333,Mismatch
3272400.0,4174.75310936999,1639.19691784387,3272400.0,2263.333333333333,3599.833333333333,Mismatch
3276000.0,0.0,1602.164443437,3276000.0,0.0,2082.583333333333,Mismatch
3279600.0,0.0,1590.19292048499,3279600.0,0.0,2039.666666666667,Mismatch
3283200.0,0.0,1578.32909494445,3283200.0,0.0,2669.1666666666665,Mismatch
3286800.0,0.0,1568.24764030924,3286800.0,0.0,2695.9166666666665,Mismatch
3290400.0,0.0,1562.84240516787,3290400.0,0.0,2647.333333333333,Mismatch
3294000.0,0.0,1559.27037557317,3294000.0,0.0,1951.0833333333333,Mismatch
3297600.0,0.0,1554.28501353338,3297600.0,0.0,1259.1666666666663,Mismatch
3301200.0,0.0,1553.02881159313,3301200.0,0.0,1293.75,Mismatch
3304800.0,0.0,1552.39522904403,3304800.0,0.0,1321.8333333333337,Mismatch
3308400.0,0.0,1552.19848475952,3308400.0,0.0,1372.5833333333333,Mismatch
3312000.0,8790.619651739988,1476.82285950738,3312000.0,5082.666666666666,7109.083333333333,Mismatch
3315600.0,9244.412443039986,1483.83950581098,3315600.0,9755.083333333332,3312.75,Mismatch
3319200.0,9244.412443039984,1533.19225802409,3319200.0,10708.833333333332,4126.25,Mismatch
3322800.0,9244.412443039986,1563.63322348366,3322800.0,6233.000000000001,4022.9861111111113,Mismatch
3326400.0,9244.412443039986,1605.77668542439,3326400.0,6451.444444444445,3919.722222222222,Mismatch
3330000.0,9244.412443039986,1758.52394191014,3330000.0,6669.88888888889,3816.458333333333,Mismatch
3333600.0,9244.412443039986,2053.14184688417,3333600.0,6888.333333333334,3713.194444444444,Mismatch
3337200.0,9244.412443039984,2355.22130497288,3337200.0,7106.777777777779,3609.930555555556,Mismatch
3340800.0,9244.412443039984,3271.26675287693,3340800.0,7325.222222222223,3506.6666666666665,Mismatch
3344400.0,9244.412443039986,4683.45175442306,3344400.0,7543.666666666668,4586.083333333334,Mismatch
3348000.0,9244.412443039986,2866.86137698929,3348000.0,9213.416666666666,5207.750000000001,Mismatch
3351600.0,9244.412443039984,1802.10082161741,3351600.0,10052.333333333334,4465.583333333333,Mismatch
3355200.0,7953.097716429996,1620.60954437945,3355200.0,7847.833333333335,5072.583333333334,Mismatch
3358800.0,4174.75310936999,1631.76305778036,3358800.0,2916.583333333333,3606.250000000001,Mismatch
3362400.0,0.0,1589.89545857169,3362400.0,1320.3333333333337,2283.916666666667,Mismatch
3366000.0,0.0,1581.36308688835,3366000.0,0.0,1475.25,Mismatch
3369600.0,0.0,1579.48477981738,3369600.0,0.0,763.3333333333334,Mismatch
3373200.0,0.0,1582.19289969509,3373200.0,0.0,3591.583333333333,Mismatch
3376800.0,0.0,1585.02970463738,3376800.0,0.0,753.3333333333334,Mismatch
3380400.0,0.0,1584.71847458699,3380400.0,0.0,1454.0833333333337,Mismatch
3384000.0,0.0,1582.23873018919,3384000.0,0.0,2053.583333333333,Mismatch
3387600.0,0.0,1579.26103704052,3387600.0,0.0,2053.0,Mismatch
3391200.0,0.0,1577.00137398088,3391200.0,0.0,112.91666666666666,Mismatch
3394800.0,0.0,1576.47509520401,3394800.0,0.0,1386.8333333333337,Mismatch
3398400.0,8790.619651739988,1514.94705066324,3398400.0,5055.916666666668,7629.916666666667,Mismatch
3402000.0,9244.412443039986,1534.20359775005,3402000.0,10199.916666666666,4226.25,Mismatch
3405600.0,9244.412443039984,1710.00966071002,3405600.0,10118.25,5148.250000000001,Mismatch
3409200.0,9244.412443039986,5954.87865286029,3409200.0,10006.000000000002,6261.5,Mismatch
3412800.0,9244.412443039986,11818.7477315075,3412800.0,9196.166666666668,4867.916666666666,Mismatch
3416400.0,9244.412443039986,12942.4160073813,3416400.0,10061.416666666668,6493.416666666666,Mismatch
3420000.0,9244.412443039986,11538.2747724337,3420000.0,10020.916666666666,6390.333333333334,Mismatch
3423600.0,9244.412443039984,12534.7216191651,3423600.0,10039.0,6492.333333333332,Mismatch
3427200.0,9244.412443039984,17294.0730056822,3427200.0,9954.5,7372.0,Mismatch
3430800.0,9244.412443039986,18587.3905018818,3430800.0,9948.166666666666,6696.333333333333,Mismatch
3434400.0,9244.412443039986,15503.1586639583,3434400.0,9966.666666666668,7364.916666666667,Mismatch
3438000.0,9244.412443039986,10994.3606774949,3438000.0,10004.083333333334,6367.499999999999,Mismatch
3441600.0,7953.097716429996,6173.95128595401,3441600.0,7835.916666666667,6970.749999999999,Mismatch
3445200.0,4174.75310936999,2500.77809699347,3445200.0,2255.583333333333,3827.6666666666665,Mismatch
3448800.0,0.0,1585.18778189812,3448800.0,0.0,2238.0,Mismatch
3452400.0,0.0,1584.26082086486,3452400.0,0.0,2198.833333333333,Mismatch
3456000.0,0.0,1586.77832797029,3456000.0,0.0,1412.1666666666667,Mismatch
3459600.0,0.0,1591.41295677479,3459600.0,0.0,2152.4166666666665,Mismatch
3463200.0,0.0,1594.95000316382,3463200.0,0.0,2255.9166666666665,Mismatch
3466800.0,0.0,1594.07327868903,3466800.0,0.0,2186.5,Mismatch
3470400.0,0.0,1592.64068235134,3470400.0,0.0,1952.416666666667,Mismatch
3474000.0,0.0,1589.42325544477,3474000.0,0.0,1400.75,Mismatch
3477600.0,0.0,1584.6308503393,3477600.0,0.0,2119.583333333333,Mismatch
3481200.0,0.0,1581.3418373885,3481200.0,0.0,3054.7500000000005,Mismatch
3484800.0,8790.619651739988,1512.00927762218,3484800.0,5058.5,8090.25,Mismatch
3488400.0,9244.412443039986,1533.99901682633,3488400.0,10234.58333333333,4788.666666666667,Mismatch
3492000.0,9244.412443039984,1603.55105730883,3492000.0,10186.666666666668,5609.166666666666,Mismatch
3495600.0,9244.412443039986,2026.76581886484,3495600.0,10129.166666666664,5248.5,Mismatch
3499200.0,9244.412443039986,6799.57871985622,3499200.0,10028.750000000002,6266.25,Mismatch
3502800.0,9244.412443039986,8970.17937096592,3502800.0,10046.583333333332,7811.083333333332,Mismatch
3506400.0,9244.412443039986,7854.85344583464,3506400.0,10052.666666666664,7050.25,Mismatch
3510000.0,9244.412443039984,6066.52603081303,3510000.0,9179.666666666668,7569.75,Mismatch
3513600.0,9244.412443039984,4951.50305023386,3513600.0,10029.583333333332,7681.416666666668,Mismatch
3517200.0,9244.412443039986,4091.79906475576,3517200.0,10066.25,6131.416666666666,Mismatch
3520800.0,9244.412443039986,2800.63063033783,3520800.0,9216.666666666666,5299.083333333334,Mismatch
3524400.0,9244.412443039984,1923.122373557,3524400.0,10052.416666666668,5832.666666666666,Mismatch
3528000.0,7953.097716429996,1633.67413419443,3528000.0,7803.416666666667,5874.416666666667,Mismatch
3531600.0,4174.75310936999,1641.38048825003,3531600.0,2739.5,4410.833333333333,Mismatch
3535200.0,0.0,1597.66371293674,3535200.0,1310.0,2038.083333333333,Mismatch
3538800.0,0.0,1594.16647178518,3538800.0,0.0,2860.4166666666665,Mismatch
3542400.0,0.0,1590.98690229883,3542400.0,0.0,2089.833333333333,Mismatch
3546000.0,0.0,1585.38311705195,3546000.0,0.0,778.5,Mismatch
3549600.0,0.0,1583.99291678694,3549600.0,0.0,2835.583333333333,Mismatch
3553200.0,0.0,1589.58666395897,3553200.0,0.0,1265.6666666666667,Mismatch
3556800.0,0.0,1597.90998197956,3556800.0,0.0,2864.416666666667,Mismatch
3560400.0,0.0,1598.82153749969,3560400.0,0.0,2747.833333333333,Mismatch
3564000.0,0.0,1592.4615240437,3564000.0,0.0,2682.75,Mismatch
3567600.0,0.0,1582.80429378467,3567600.0,0.0,495.5,Mismatch
3571200.0,4395.3098258699965,1546.55256970099,3571200.0,5096.916666666668,7012.166666666667,Mismatch
3574800.0,9244.412443039988,1515.48994170921,3574800.0,10203.666666666666,5354.416666666666,Mismatch
3578400.0,9244.412443039986,1587.90114179878,3578400.0,10185.500000000002,4735.0,Mismatch
3582000.0,9244.412443039986,2742.53215335421,3582000.0,10047.5,5228.083333333334,Mismatch
3585600.0,9244.412443039986,6046.73668142379,3585600.0,10051.416666666668,5336.833333333333,Mismatch
3589200.0,9244.412443039986,6842.7884323191,3589200.0,10045.0,5846.583333333333,Mismatch
3592800.0,9244.412443039986,6906.21272982828,3592800.0,10054.500000000002,6971.499999999998,Mismatch
3596400.0,9244.412443039986,7971.75247115363,3596400.0,10062.750000000002,4667.583333333333,Mismatch
3600000.0,5177.938264739986,5634.23266231028,3600000.0,8903.583333333334,5419.583333333333,Mismatch
3603600.0,2141.516020219999,2471.75193089118,3603600.0,3071.7500000000005,3851.0833333333335,Mismatch
3607200.0,2141.51602022,2146.66240249037,3607200.0,1945.5833333333333,5096.0,Mismatch
3610800.0,2141.51602022,1689.58824431863,3610800.0,1935.6666666666667,3765.6666666666665,Mismatch
3614400.0,2141.51602022,1597.63192826465,3614400.0,1787.4999999999998,2932.583333333333,Mismatch
3618000.0,0.0,1594.81110004064,3618000.0,324.91666666666663,2898.6666666666665,Mismatch
3621600.0,0.0,1591.00237643216,3621600.0,0.0,2781.9166666666665,Mismatch
3625200.0,0.0,1586.7873714591,3625200.0,0.0,1939.8333333333333,Mismatch
3628800.0,0.0,1582.91748361335,3628800.0,0.0,1365.0833333333337,Mismatch
3632400.0,0.0,1578.735330116,3632400.0,0.0,1389.5,Mismatch
3636000.0,0.0,1577.62055840018,3636000.0,0.0,2042.75,Mismatch
3639600.0,0.0,1576.60346418438,3639600.0,0.0,1335.3333333333333,Mismatch
3643200.0,0.0,1571.87167019869,3643200.0,0.0,2061.333333333333,Mismatch
3646800.0,0.0,1566.21512647864,3646800.0,0.0,835.1666666666666,Mismatch
3650400.0,0.0,1562.10600063103,3650400.0,0.0,1296.1666666666667,Mismatch
3654000.0,0.0,1561.98572899978,3654000.0,0.0,1289.5,Mismatch
3657600.0,0.0,1612.49077940191,3657600.0,5628.5,2821.4166666666665,Mismatch
3661200.0,2582.62945321999,1566.8685875019,3661200.0,6741.0,3239.9166666666665,Mismatch
3664800.0,2582.62945321999,1555.02999340639,3664800.0,6173.833333333333,2800.416666666667,Mismatch
3668400.0,2582.62945321999,1817.38022597222,3668400.0,6711.75,3024.1666666666665,Mismatch
3672000.0,2582.62945321999,4061.46231322125,3672000.0,6719.0,4716.583333333334,Mismatch
3675600.0,2582.62945321999,5813.48466910899,3675600.0,6166.166666666666,3241.5,Mismatch
3679200.0,2582.62945321999,6397.8268705392,3679200.0,1120.5833333333333,2412.833333333333,Mismatch
3682800.0,1291.314726609999,4023.26948827617,3682800.0,0.0,3184.75,Mismatch
3686400.0,0.0,1639.57585009977,3686400.0,0.0,3184.1666666666665,Mismatch
3690000.0,0.0,1642.22114441375,3690000.0,0.0,3669.750000000001,Mismatch
3693600.0,0.0,1634.67504598795,3693600.0,0.0,1539.9166666666663,Mismatch
3697200.0,0.0,1625.67383408325,3697200.0,0.0,2456.0,Mismatch
3700800.0,0.0,1617.24417625199,3700800.0,0.0,2215.25,Mismatch
3704400.0,0.0,1610.62770014545,3704400.0,0.0,1489.0,Mismatch
3708000.0,0.0,1602.03672137522,3708000.0,0.0,2581.75,Mismatch
3711600.0,0.0,1590.57069937935,3711600.0,0.0,0.0,Mismatch
3715200.0,0.0,1580.68446143496,3715200.0,0.0,1565.4166666666667,Mismatch
3718800.0,0.0,1572.81915685135,3718800.0,0.0,2726.9166666666665,Mismatch
3722400.0,0.0,1565.86937727976,3722400.0,0.0,1187.9166666666663,Mismatch
3726000.0,0.0,1560.65344963979,3726000.0,0.0,1295.4166666666663,Mismatch
3729600.0,0.0,1557.52020303142,3729600.0,0.0,1148.4166666666663,Mismatch
3733200.0,0.0,1554.75057845432,3733200.0,0.0,2006.5,Mismatch
3736800.0,0.0,1552.0351072885,3736800.0,0.0,1347.1666666666667,Mismatch
3740400.0,0.0,1552.7794531831,3740400.0,0.0,625.6666666666666,Mismatch
3744000.0,0.0,1567.0003507958,3744000.0,5741.833333333333,2544.0,Mismatch
3747600.0,2582.62945321999,1484.83465474879,3747600.0,6310.416666666667,1121.1666666666663,Mismatch
3751200.0,2582.62945321999,1473.16459378928,3751200.0,6807.0,1994.75,Mismatch
3754800.0,2582.62945321999,1498.20993242312,3754800.0,6812.833333333332,3418.5,Mismatch
3758400.0,2582.62945321999,3784.39451613841,3758400.0,6728.916666666667,3118.5,Mismatch
3762000.0,2582.62945321999,5916.58031382069,3762000.0,6726.75,3137.25,Mismatch
3765600.0,2582.62945321999,5472.81643574137,3765600.0,1126.8333333333337,2252.0,Mismatch
3769200.0,1291.314726609999,3434.80723214904,3769200.0,0.0,2964.0,Mismatch
3772800.0,0.0,1662.98108302666,3772800.0,0.0,2370.0,Mismatch
3776400.0,0.0,1673.18100457971,3776400.0,0.0,2322.583333333333,Mismatch
3780000.0,0.0,1649.39393826092,3780000.0,0.0,1569.0,Mismatch
3783600.0,0.0,1635.15968359392,3783600.0,0.0,2941.9166666666665,Mismatch
3787200.0,0.0,1629.15522216188,3787200.0,0.0,1456.75,Mismatch
3790800.0,0.0,1625.33846139689,3790800.0,0.0,742.1666666666667,Mismatch
3794400.0,0.0,1623.47956319201,3794400.0,0.0,3591.9999999999995,Mismatch
3798000.0,0.0,1619.76264544247,3798000.0,0.0,2817.1666666666665,Mismatch
3801600.0,0.0,1612.22503635965,3801600.0,0.0,2073.583333333333,Mismatch
3805200.0,0.0,1604.69140436712,3805200.0,0.0,1373.9166666666663,Mismatch
3808800.0,0.0,1599.46206284367,3808800.0,0.0,2044.25,Mismatch
3812400.0,0.0,1595.60632221724,3812400.0,0.0,2052.6666666666665,Mismatch
3816000.0,0.0,1593.29819062462,3816000.0,0.0,2554.6666666666665,Mismatch
3819600.0,0.0,1588.00429561448,3819600.0,0.0,1396.5,Mismatch
3823200.0,0.0,1582.79248667361,3823200.0,0.0,0.0,Mismatch
3826800.0,0.0,1579.72491659624,3826800.0,0.0,1108.0,Mismatch
3830400.0,8790.619651739988,1507.68555081366,3830400.0,5084.166666666667,8742.416666666668,Mismatch
3834000.0,9244.412443039986,1505.16155092176,3834000.0,10212.166666666666,2630.4166666666665,Mismatch
3837600.0,9244.412443039984,1554.53704830914,3837600.0,10170.499999999998,4855.416666666666,Mismatch
3841200.0,9244.412443039986,1842.84829794783,3841200.0,10088.583333333334,4498.333333333333,Mismatch
3844800.0,9244.412443039986,6781.05443753226,3844800.0,10032.749999999998,6250.083333333333,Mismatch
3848400.0,9244.412443039986,13019.6221196847,3848400.0,9982.000000000002,5629.5,Mismatch
3852000.0,9244.412443039986,14406.7661925912,3852000.0,10002.416666666668,5738.750000000001,Mismatch
3855600.0,9244.412443039984,15415.6781673437,3855600.0,9977.833333333334,7395.083333333334,Mismatch
3859200.0,9244.412443039984,15781.3823549198,3859200.0,9973.333333333332,7391.666666666667,Mismatch
3862800.0,9244.412443039986,20403.1826308048,3862800.0,9933.166666666668,9349.916666666666,Mismatch
3866400.0,9244.412443039986,19268.1860873552,3866400.0,9939.083333333334,8268.75,Mismatch
3870000.0,9244.412443039986,13237.3282882557,3870000.0,10027.583333333336,6447.916666666667,Mismatch
3873600.0,7953.097716429996,7497.78976445434,3873600.0,7842.25,4697.666666666666,Mismatch
3877200.0,4174.75310936999,3435.60124407012,3877200.0,2220.083333333333,5437.499999999999,Mismatch
3880800.0,0.0,1604.99930691474,3880800.0,0.0,1505.0833333333337,Mismatch
3884400.0,0.0,1585.87100815382,3884400.0,0.0,1494.9166666666667,Mismatch
3888000.0,0.0,1585.79307919169,3888000.0,0.0,3679.0833333333335,Mismatch
3891600.0,0.0,1585.7909959076,3891600.0,0.0,1472.1666666666663,Mismatch
3895200.0,0.0,1583.69715666018,3895200.0,0.0,2854.833333333333,Mismatch
3898800.0,0.0,1580.22562831198,3898800.0,0.0,1413.9166666666667,Mismatch
3902400.0,0.0,1577.10337776875,3902400.0,0.0,418.8333333333333,Mismatch
3906000.0,0.0,1575.62736531416,3906000.0,0.0,1372.5,Mismatch
3909600.0,0.0,1574.46985875023,3909600.0,0.0,2112.0,Mismatch
3913200.0,0.0,1571.56962496979,3913200.0,0.0,12.666666666666666,Mismatch
3916800.0,8790.619651739988,1496.63051755472,3916800.0,5103.666666666667,6968.25,Mismatch
3920400.0,9244.412443039986,1502.41779065058,3920400.0,10249.249999999998,2673.5,Mismatch
3924000.0,9244.412443039984,1547.82708867866,3924000.0,10201.333333333334,5529.666666666666,Mismatch
3927600.0,9244.412443039986,1608.2745475102,3927600.0,10257.75,4341.666666666666,Mismatch
3931200.0,9244.412443039986,5048.77505902681,3931200.0,10169.249999999998,5374.083333333333,Mismatch
3934800.0,9244.412443039986,11436.9062569067,3934800.0,10107.833333333334,6338.083333333334,Mismatch
3938400.0,9244.412443039986,13705.8328656112,3938400.0,10076.083333333332,6416.000000000001,Mismatch
3942000.0,9244.412443039984,14824.1198750725,3942000.0,10020.749999999998,7349.333333333334,Mismatch
3945600.0,9244.412443039984,15383.2215710466,3945600.0,9950.75,5712.75,Mismatch
3949200.0,9244.412443039986,17266.0071038284,3949200.0,9912.083333333334,7473.25,Mismatch
3952800.0,9244.412443039986,15472.5683920294,3952800.0,9971.0,5729.166666666666,Mismatch
3956400.0,9244.412443039986,11811.5418798411,3956400.0,9956.083333333334,6384.333333333334,Mismatch
3960000.0,7953.097716429996,7337.41674752235,3960000.0,7741.833333333332,5500.25,Mismatch
3963600.0,4174.75310936999,3497.29041282975,3963600.0,2867.833333333333,3911.8333333333335,Mismatch
3967200.0,0.0,1627.06582125813,3967200.0,1300.0,2285.75,Mismatch
3970800.0,0.0,1609.49013691215,3970800.0,0.0,2986.5,Mismatch
3974400.0,0.0,1608.09020652974,3974400.0,0.0,2952.75,Mismatch
3978000.0,0.0,1604.58514485476,3978000.0,0.0,2219.583333333333,Mismatch
3981600.0,0.0,1605.31620045607,3981600.0,0.0,1566.6666666666663,Mismatch
3985200.0,0.0,1606.3434804545,3985200.0,0.0,2227.25,Mismatch
3988800.0,0.0,1602.73228189184,3988800.0,0.0,1446.6666666666663,Mismatch
3992400.0,0.0,1598.12420987938,3992400.0,0.0,2801.5,Mismatch
3996000.0,0.0,1595.50769995452,3996000.0,0.0,2105.1666666666665,Mismatch
3999600.0,0.0,1596.58552022009,3999600.0,0.0,2750.0,Mismatch
4003200.0,8790.619651739988,1542.61516783925,4003200.0,5037.333333333333,9164.333333333334,Mismatch
4006800.0,9244.412443039986,1582.16529760175,4006800.0,10128.499999999998,4935.916666666666,Mismatch
4010400.0,9244.412443039984,1651.47664005352,4010400.0,10096.166666666666,4286.166666666666,Mismatch
4014000.0,9244.412443039986,1731.84570210941,4014000.0,10114.416666666666,5789.666666666666,Mismatch
4017600.0,9244.412443039986,2491.90883477962,4017600.0,4170.083333333333,3045.833333333333,Mismatch
4021200.0,9244.412443039986,5786.14051747457,4021200.0,2482.583333333333,1540.25,Mismatch
4024800.0,9244.412443039986,7615.60496679719,4024800.0,5823.375,4322.875,Mismatch
4028400.0,9244.412443039984,8528.53306913082,4028400.0,9164.166666666668,7105.5,Mismatch
4032000.0,9244.412443039984,8618.87517108004,4032000.0,5811.333333333333,3908.25,Mismatch
4035600.0,9244.412443039986,8333.55449891333,4035600.0,9974.500000000002,7067.416666666667,Mismatch
4039200.0,9244.412443039986,7612.55102303393,4039200.0,8264.75,4712.583333333334,Mismatch
4042800.0,9244.412443039986,5606.35691628867,4042800.0,3340.333333333333,767.4166666666666,Mismatch
4046400.0,7953.097716429996,4218.17479471309,4046400.0,7799.916666666667,6167.916666666666,Mismatch
4050000.0,4174.75310936999,3011.89646247013,4050000.0,2247.083333333333,3867.0,Mismatch
4053600.0,0.0,1621.38331558354,4053600.0,0.0,2336.5,Mismatch
4057200.0,0.0,1603.80106209057,4057200.0,0.0,2285.083333333333,Mismatch
4060800.0,0.0,1603.35585984077,4060800.0,0.0,2264.583333333333,Mismatch
4064400.0,0.0,1604.00592557402,4064400.0,0.0,2215.4166666666665,Mismatch
4068000.0,0.0,1604.97314288545,4068000.0,0.0,2212.333333333333,Mismatch
4071600.0,0.0,1604.17605525977,4071600.0,0.0,2167.0,Mismatch
4075200.0,0.0,1600.68880795689,4075200.0,0.0,2121.666666666667,Mismatch
4078800.0,0.0,1596.85436602017,4078800.0,0.0,1555.3333333333337,Mismatch
4082400.0,0.0,1595.13877065425,4082400.0,0.0,1411.0,Mismatch
4086000.0,0.0,1594.80672170609,4086000.0,0.0,1376.75,Mismatch
4089600.0,8790.619651739988,1529.67647615888,4089600.0,5041.666666666668,8901.333333333334,Mismatch
4093200.0,9244.412443039986,1560.51629153548,4093200.0,10223.833333333332,4163.0,Mismatch
4096800.0,9244.412443039984,1893.68172551178,4096800.0,10148.666666666668,5885.749999999999,Mismatch
4100400.0,9244.412443039986,8754.789789794,4100400.0,9987.66666666667,6311.416666666667,Mismatch
4104000.0,9244.412443039986,15772.7533393192,4104000.0,9922.91666666667,8155.5,Mismatch
4107600.0,9244.412443039986,21647.0179175889,4107600.0,7502.250000000001,12565.750000000002,Mismatch
4111200.0,9244.412443039986,21064.0844621552,4111200.0,9069.583333333334,9105.749999999998,Mismatch
4114800.0,9244.412443039984,20334.8798747547,4114800.0,9943.166666666664,7574.416666666667,Mismatch
4118400.0,9244.412443039984,19081.1253843026,4118400.0,9876.25,7538.5,Mismatch
4122000.0,9244.412443039986,17472.867679195,4122000.0,9123.666666666666,7495.083333333334,Mismatch
4125600.0,9244.412443039986,14978.2617438584,4125600.0,9948.999999999998,6609.166666666667,Mismatch
4129200.0,9244.412443039986,10602.3880446452,4129200.0,9929.250000000002,7076.416666666667,Mismatch
4132800.0,7953.097716429996,5982.6287725779,4132800.0,7746.416666666666,6257.25,Mismatch
4136400.0,4174.75310936999,2593.3715397611,4136400.0,2861.75,4567.166666666667,Mismatch
4140000.0,0.0,1588.93351350858,4140000.0,1297.5833333333333,1480.6666666666663,Mismatch
4143600.0,0.0,1584.3859176757,4143600.0,0.0,2880.0,Mismatch
4147200.0,0.0,1581.45297484378,4147200.0,0.0,2137.166666666667,Mismatch
4150800.0,0.0,1580.87727105835,4150800.0,0.0,1497.6666666666663,Mismatch
4154400.0,0.0,1583.03026270549,4154400.0,0.0,2110.083333333333,Mismatch
4158000.0,0.0,1583.22024011954,4158000.0,0.0,2087.75,Mismatch
4161600.0,0.0,1591.67757116961,4161600.0,0.0,2145.6666666666665,Mismatch
4165200.0,0.0,1601.94328082972,4165200.0,0.0,802.75,Mismatch
4168800.0,0.0,1604.77333905594,4168800.0,0.0,2857.333333333333,Mismatch
4172400.0,0.0,1599.30931732717,4172400.0,0.0,2109.333333333333,Mismatch
4176000.0,4395.3098258699965,1565.08123072658,4176000.0,5048.25,8995.249999999998,Mismatch
4179600.0,9244.412443039988,1534.63492768992,4179600.0,10159.166666666666,5468.916666666666,Mismatch
4183200.0,9244.412443039986,1567.02165053473,4183200.0,9330.916666666666,1355.0,Mismatch
4186800.0,9244.412443039986,1562.36981202275,4186800.0,10163.749999999998,3211.5,Mismatch
4190400.0,9244.412443039986,1565.82153959282,4190400.0,10185.666666666666,2085.0,Mismatch
4194000.0,9244.412443039986,1585.76660623963,4194000.0,10150.75,2131.833333333333,Mismatch
4197600.0,9244.412443039986,1641.03886599258,4197600.0,10119.583333333332,2118.4166666666665,Mismatch
4201200.0,9244.412443039986,1612.42001342228,4201200.0,10121.333333333332,2764.4166666666665,Mismatch
4204800.0,5177.938264739988,1495.00881245669,4204800.0,8930.0,2040.75,Mismatch
4208400.0,2141.516020219999,1541.18592569002,4208400.0,3060.666666666666,1468.9166666666667,Mismatch
4212000.0,2141.516020219999,1556.74904538935,4212000.0,1955.4166666666667,725.3333333333334,Mismatch
4215600.0,2141.51602022,1555.4358254317,4215600.0,1802.5,2030.5833333333333,Mismatch
4219200.0,2141.51602022,1555.26987448173,4219200.0,1959.4166666666667,2004.25,Mismatch
4222800.0,0.0,1555.24775721773,4222800.0,328.08333333333337,2029.5,Mismatch
4226400.0,0.0,1555.62088789522,4226400.0,0.0,1342.4166666666663,Mismatch
4230000.0,0.0,1554.82340368172,4230000.0,0.0,1322.0,Mismatch
4233600.0,0.0,1552.72712029216,4233600.0,0.0,1300.9166666666663,Mismatch
4237200.0,0.0,1551.29774761026,4237200.0,0.0,2497.9166666666665,Mismatch
4240800.0,0.0,1551.22959800693,4240800.0,0.0,1946.75,Mismatch
4244400.0,0.0,1550.37089918487,4244400.0,0.0,637.25,Mismatch
4248000.0,0.0,1548.66417554971,4248000.0,0.0,626.9166666666666,Mismatch
4251600.0,0.0,1546.77928975275,4251600.0,0.0,1256.5833333333337,Mismatch
4255200.0,0.0,1545.76412585084,4255200.0,0.0,744.6666666666666,Mismatch
4258800.0,0.0,1545.38591149336,4258800.0,0.0,3163.833333333333,Mismatch
4262400.0,0.0,1587.41109051147,4262400.0,5682.916666666668,1250.0,Mismatch
4266000.0,2582.62945321999,1485.97425883567,4266000.0,6837.416666666667,1865.3333333333333,Mismatch
4269600.0,2582.62945321999,1460.54245121857,4269600.0,6799.833333333334,1264.3333333333337,Mismatch
4273200.0,2582.62945321999,1461.19504167953,4273200.0,6763.583333333335,1974.8333333333333,Mismatch
4276800.0,2582.62945321999,1468.2898956682,4276800.0,6771.666666666667,1359.5833333333337,Mismatch
4280400.0,2582.62945321999,1475.43916468408,4280400.0,6813.416666666668,2061.333333333333,Mismatch
4284000.0,2582.62945321999,1471.75039397489,4284000.0,1135.4166666666663,1488.6666666666667,Mismatch
4287600.0,1291.314726609999,1499.72727222266,4287600.0,0.0,1356.9166666666663,Mismatch
4291200.0,0.0,1566.89300309109,4291200.0,0.0,2152.666666666667,Mismatch
4294800.0,0.0,1573.35534811894,4294800.0,0.0,2133.9166666666665,Mismatch
4298400.0,0.0,1568.43703049417,4298400.0,0.0,1913.8333333333333,Mismatch
4302000.0,0.0,1564.85284894617,4302000.0,0.0,2832.666666666667,Mismatch
4305600.0,0.0,1563.44854257147,4305600.0,0.0,1397.8333333333337,Mismatch
4309200.0,0.0,1562.40373597315,4309200.0,0.0,1377.4166666666663,Mismatch
4312800.0,0.0,1559.68047827417,4312800.0,0.0,1888.333333333333,Mismatch
4316400.0,0.0,1557.4260959544,4316400.0,0.0,2017.4166666666663,Mismatch
4320000.0,0.0,1556.33418101802,4320000.0,0.0,1956.8333333333333,Mismatch
4323600.0,0.0,1554.2341679627,4323600.0,0.0,1168.9166666666667,Mismatch
4327200.0,0.0,1553.47210715313,4327200.0,0.0,1124.25,Mismatch
4330800.0,0.0,1552.40128357868,4330800.0,0.0,1965.916666666667,Mismatch
4334400.0,0.0,1551.06623763581,4334400.0,0.0,641.1666666666666,Mismatch
4338000.0,0.0,1550.44202031015,4338000.0,0.0,1351.25,Mismatch
4341600.0,0.0,1550.12052686906,4341600.0,0.0,703.5833333333333,Mismatch
4345200.0,0.0,1551.7629431738,4345200.0,0.0,2035.4166666666667,Mismatch
4348800.0,0.0,1563.66629057732,4348800.0,5738.25,1883.5833333333333,Mismatch
4352400.0,2582.62945321999,1482.4829455958,4352400.0,6875.416666666666,1365.6666666666663,Mismatch
4356000.0,2582.62945321999,1464.53173588801,4356000.0,6877.25,2175.4166666666665,Mismatch
4359600.0,2582.62945321999,1470.47320157771,4359600.0,6840.083333333333,2771.166666666667,Mismatch
4363200.0,2582.62945321999,1481.25266551317,4363200.0,6863.666666666667,2195.083333333333,Mismatch
4366800.0,2582.62945321999,1491.66588795396,4366800.0,6839.333333333334,2171.666666666667,Mismatch
4370400.0,2582.62945321999,1498.53789179056,4370400.0,1130.1666666666663,755.5833333333334,Mismatch
4374000.0,1291.314726609999,1531.2077910718,4374000.0,0.0,2266.9166666666665,Mismatch
4377600.0,0.0,1615.52330752103,4377600.0,0.0,1556.75,Mismatch
4381200.0,0.0,1632.8384428981,4381200.0,0.0,775.0,Mismatch
4384800.0,0.0,1607.0855599921,4384800.0,0.0,2179.25,Mismatch
4388400.0,0.0,1585.12446886805,4388400.0,0.0,2225.333333333333,Mismatch
4392000.0,0.0,1573.94732165319,4392000.0,0.0,1364.5833333333333,Mismatch
4395600.0,0.0,1567.96866939699,4395600.0,0.0,1720.0,Mismatch
4399200.0,0.0,1564.99939127978,4399200.0,0.0,2052.75,Mismatch
4402800.0,0.0,1563.79675335495,4402800.0,0.0,2568.5,Mismatch
4406400.0,0.0,1562.75910985224,4406400.0,0.0,1338.5833333333337,Mismatch
4410000.0,0.0,1561.9721796621,4410000.0,0.0,2783.5,Mismatch
4413600.0,0.0,1562.12502287305,4413600.0,0.0,2101.833333333333,Mismatch
4417200.0,0.0,1563.01086681393,4417200.0,0.0,2449.583333333333,Mismatch
4420800.0,0.0,1563.55751142359,4420800.0,0.0,1215.5,Mismatch
4424400.0,0.0,1563.30373230297,4424400.0,0.0,676.75,Mismatch
4428000.0,0.0,1562.01972858013,4428000.0,0.0,664.9166666666666,Mismatch
4431600.0,0.0,1559.43098836409,4431600.0,0.0,1394.0,Mismatch
4435200.0,8790.619651739988,1483.96627401673,4435200.0,5078.916666666667,2483.416666666667,Mismatch
4438800.0,9244.412443039986,1487.93514988752,4438800.0,10139.666666666668,2061.083333333333,Mismatch
4442400.0,9244.412443039984,1541.56878770832,4442400.0,10106.833333333334,1896.25,Mismatch
4446000.0,9244.412443039986,1572.85575274161,4446000.0,10220.083333333336,1513.25,Mismatch
4449600.0,9244.412443039986,2543.69842181706,4449600.0,10507.666666666666,3028.666666666667,Mismatch
4453200.0,9244.412443039986,6832.22933987031,4453200.0,10415.249999999998,1546.6666666666667,Mismatch
4456800.0,9244.412443039986,10038.9313466079,4456800.0,10074.166666666668,3801.75,Mismatch
4460400.0,9244.412443039984,10413.0934270121,4460400.0,10068.833333333334,1582.7499999999998,Mismatch
4464000.0,9244.412443039984,11362.9693090314,4464000.0,10028.416666666668,800.1666666666666,Mismatch
4467600.0,9244.412443039986,12394.2081427388,4467600.0,9942.999999999998,1550.0,Mismatch
4471200.0,9244.412443039986,12185.1157899465,4471200.0,9970.083333333334,4503.083333333333,Mismatch
4474800.0,9244.412443039986,7819.6760470868,4474800.0,10067.749999999998,2323.75,Mismatch
4478400.0,7953.097716429996,4374.61417888154,4478400.0,7598.583333333333,2170.666666666667,Mismatch
4482000.0,4174.75310936999,2650.08162283189,4482000.0,2250.9166666666665,1524.9166666666667,Mismatch
4485600.0,0.0,1599.3269423784,4485600.0,0.0,2528.75,Mismatch
4489200.0,0.0,1594.94841187572,4489200.0,0.0,1272.6666666666667,Mismatch
4492800.0,0.0,1588.28298917731,4492800.0,0.0,727.9166666666666,Mismatch
4496400.0,0.0,1578.75304016947,4496400.0,0.0,1322.3333333333333,Mismatch
4500000.0,0.0,1572.44308787982,4500000.0,0.0,753.5,Mismatch
4503600.0,0.0,1568.85550122513,4503600.0,0.0,706.25,Mismatch
4507200.0,0.0,1566.22851008836,4507200.0,0.0,1452.0833333333337,Mismatch
4510800.0,0.0,1564.78330830006,4510800.0,0.0,1817.0833333333333,Mismatch
4514400.0,0.0,1563.58579765436,4514400.0,0.0,0.0,Mismatch
4518000.0,0.0,1562.80023051154,4518000.0,0.0,1409.8333333333337,Mismatch
4521600.0,8790.619651739988,1489.96361804064,4521600.0,5046.25,1875.0833333333333,Mismatch
4525200.0,9244.412443039986,1488.09977650293,4525200.0,10160.916666666666,2046.9166666666663,Mismatch
4528800.0,9244.412443039984,1521.292596031,4528800.0,10175.916666666666,1510.5833333333337,Mismatch
4532400.0,9244.412443039986,1525.7988556011,4532400.0,10223.083333333334,2078.5,Mismatch
4536000.0,9244.412443039986,1547.61390588814,4536000.0,10161.833333333334,2581.916666666667,Mismatch
4539600.0,9244.412443039986,1593.72647439426,4539600.0,10158.333333333334,2928.666666666667,Mismatch
4543200.0,9244.412443039986,1641.21420067631,4543200.0,10152.583333333334,2907.5,Mismatch
4546800.0,9244.412443039986,1573.5148148382,4546800.0,10199.333333333334,2629.833333333333,Mismatch
4550400.0,9244.412443039984,1727.81742634327,4550400.0,10219.25,1482.25,Mismatch
4554000.0,9244.412443039986,1942.16652001253,4554000.0,10183.583333333336,2232.0,Mismatch
4557600.0,9244.412443039986,1858.6849749344,4557600.0,10166.083333333334,2219.5,Mismatch
4561200.0,9244.412443039988,1598.09301333382,4561200.0,9314.916666666668,2740.583333333333,Mismatch
4564800.0,7953.097716429996,1552.99988112875,4564800.0,7652.666666666666,1437.25,Mismatch
4568400.0,4174.75310936999,1585.97455350102,4568400.0,2313.4166666666665,2134.666666666667,Mismatch
4572000.0,0.0,1559.67208380284,4572000.0,994.5,1387.1666666666667,Mismatch
4575600.0,0.0,1554.78377509584,4575600.0,0.0,2755.666666666667,Mismatch
4579200.0,0.0,1551.47691627081,4579200.0,0.0,1321.0833333333337,Mismatch
4582800.0,0.0,1548.66206004032,4582800.0,0.0,671.5,Mismatch
4586400.0,0.0,1548.09899324824,4586400.0,0.0,2042.25,Mismatch
4590000.0,0.0,1547.93793869362,4590000.0,0.0,1310.5,Mismatch
4593600.0,0.0,1548.1860059343,4593600.0,0.0,2178.166666666667,Mismatch
4597200.0,0.0,1551.17059153739,4597200.0,0.0,1397.3333333333337,Mismatch
4600800.0,0.0,1559.67369204323,4600800.0,0.0,2186.333333333333,Mismatch
4604400.0,0.0,1568.74831412298,4604400.0,0.0,2211.9166666666665,Mismatch
4608000.0,8790.619651739988,1518.16185864469,4608000.0,5081.916666666667,2082.25,Mismatch
4611600.0,9244.412443039988,1545.5660122769,4611600.0,10204.333333333334,1144.1666666666667,Mismatch
4615200.0,9244.412443039984,2374.089823111,4615200.0,10193.749999999998,2235.5,Mismatch
4618800.0,9244.412443039986,6711.24139516873,4618800.0,9307.333333333332,3116.333333333333,Mismatch
4622400.0,9244.412443039986,9597.75065656359,4622400.0,10092.416666666666,3939.0833333333335,Mismatch
4626000.0,9244.412443039986,8650.44658897511,4626000.0,7490.416666666666,1464.4166666666663,Mismatch
4629600.0,9244.412443039986,10519.9736533922,4629600.0,9120.25,3206.833333333333,Mismatch
4633200.0,9244.412443039984,12486.3370837674,4633200.0,9970.083333333334,1669.0833333333333,Mismatch
4636800.0,9244.412443039984,12227.8995790181,4636800.0,10039.916666666666,4042.8333333333335,Mismatch
4640400.0,9244.412443039986,11759.7701898788,4640400.0,9996.75,4016.416666666667,Mismatch
4644000.0,9244.412443039986,10002.0297767239,4644000.0,10048.499999999998,3932.25,Mismatch
4647600.0,9244.412443039986,5957.98476269013,4647600.0,10061.333333333332,2319.9166666666665,Mismatch
4651200.0,7953.097716429996,2393.47058656251,4651200.0,7871.5,2292.833333333333,Mismatch
4654800.0,4174.75310936999,1749.80127172713,4654800.0,2259.5,2215.5,Mismatch
4658400.0,0.0,1578.90045286619,4658400.0,0.0,2203.75,Mismatch
4662000.0,0.0,1572.97083739148,4662000.0,0.0,726.3333333333334,Mismatch
4665600.0,0.0,1569.68262374289,4665600.0,0.0,1177.4166666666667,Mismatch
4669200.0,0.0,1567.76193973205,4669200.0,0.0,742.8333333333334,Mismatch
4672800.0,0.0,1566.31119186663,4672800.0,0.0,781.1666666666666,Mismatch
4676400.0,0.0,1564.66936335418,4676400.0,0.0,694.75,Mismatch
4680000.0,0.0,1564.64082360495,4680000.0,0.0,2780.083333333333,Mismatch
4683600.0,0.0,1565.25234985247,4683600.0,0.0,2032.5,Mismatch
4687200.0,0.0,1564.22672498386,4687200.0,0.0,700.5833333333333,Mismatch
4690800.0,0.0,1564.41394396298,4690800.0,0.0,1384.8333333333337,Mismatch
4694400.0,8790.619651739988,1504.16896505752,4694400.0,5113.833333333333,1391.3333333333333,Mismatch
4698000.0,9244.412443039986,1525.0826245687,4698000.0,10203.416666666668,2103.1666666666665,Mismatch
4701600.0,9244.412443039984,1576.8643587782,4701600.0,10213.583333333334,2140.0,Mismatch
4705200.0,9244.412443039986,1981.98978005397,4705200.0,10154.916666666666,2253.9166666666665,Mismatch
4708800.0,9244.412443039986,4557.58441039671,4708800.0,10128.666666666666,2267.25,Mismatch
4712400.0,9244.412443039986,5304.16935553426,4712400.0,10073.583333333334,1527.6666666666663,Mismatch
4716000.0,9244.412443039986,6700.06261477089,4716000.0,10059.666666666668,2333.833333333333,Mismatch
4719600.0,9244.412443039984,6366.5836402158,4719600.0,10084.583333333334,1538.4166666666663,Mismatch
4723200.0,9244.412443039984,4533.09380586268,4723200.0,10145.583333333332,3027.5,Mismatch
4726800.0,9244.412443039986,2235.06648794868,4726800.0,10143.166666666668,2932.9166666666665,Mismatch
4730400.0,9244.412443039986,1736.13842403915,4730400.0,10125.749999999998,1506.6666666666663,Mismatch
4734000.0,9244.412443039984,1619.58928698296,4734000.0,10161.5,694.1666666666666,Mismatch
4737600.0,7953.097716429996,1567.96745791393,4737600.0,7914.666666666667,1950.583333333333,Mismatch
4741200.0,4174.75310937,1599.88576242537,4741200.0,2902.4166666666665,3010.25,Mismatch
4744800.0,0.0,1579.64461463257,4744800.0,1310.8333333333333,2955.1666666666665,Mismatch
4748400.0,0.0,1581.18888657309,4748400.0,0.0,2625.583333333333,Mismatch
4752000.0,0.0,1581.72024844358,4752000.0,0.0,2203.0,Mismatch
4755600.0,0.0,1579.72283307486,4755600.0,0.0,2874.1666666666665,Mismatch
4759200.0,0.0,1577.82348951509,4759200.0,0.0,1434.25,Mismatch
4762800.0,0.0,1576.45593017838,4762800.0,0.0,1427.8333333333333,Mismatch
4766400.0,0.0,1575.60428764777,4766400.0,0.0,1515.9166666666663,Mismatch
4770000.0,0.0,1574.68397770423,4770000.0,0.0,1450.3333333333333,Mismatch
4773600.0,0.0,1574.34704356951,4773600.0,0.0,756.8333333333333,Mismatch
4777200.0,0.0,1574.81034159376,4777200.0,0.0,2176.5,Mismatch
4780800.0,4395.3098258699965,1551.92245667674,4780800.0,5097.166666666667,1934.6666666666663,Mismatch
4784400.0,9244.412443039988,1535.76071583839,4784400.0,9325.333333333334,1449.25,Mismatch
4788000.0,9244.412443039986,1616.39850308849,4788000.0,10117.833333333332,2214.0,Mismatch
4791600.0,9244.412443039986,1913.13224657672,4791600.0,10421.0,3715.500000000001,Mismatch
4795200.0,9244.412443039986,2192.57322828331,4795200.0,10600.166666666668,2273.333333333333,Mismatch
4798800.0,9244.412443039986,5282.37216301603,4798800.0,10521.666666666666,1587.1666666666663,Mismatch
4802400.0,9244.412443039986,10374.9257449452,4802400.0,10199.083333333332,833.25,Mismatch
4806000.0,9244.412443039986,13640.1181066141,4806000.0,10096.666666666666,2458.0,Mismatch
4809600.0,5177.938264739986,11811.9893046453,4809600.0,8895.166666666666,2445.083333333333,Mismatch
4813200.0,2141.516020219999,4494.21990428771,4813200.0,3053.333333333333,2467.416666666667,Mismatch
4816800.0,2141.51602022,3782.49715950861,4816800.0,1944.6666666666667,1638.1666666666667,Mismatch
4820400.0,2141.51602022,2536.80025891027,4820400.0,1954.666666666667,1534.6666666666663,Mismatch
4824000.0,2141.51602022,1628.47932942967,4824000.0,1796.6666666666667,1490.9166666666663,Mismatch
4827600.0,0.0,1572.01226178268,4827600.0,325.4166666666667,1488.8333333333333,Mismatch
4831200.0,0.0,1569.92776030982,4831200.0,0.0,2172.583333333333,Mismatch
4834800.0,0.0,1567.55762354707,4834800.0,0.0,2166.583333333333,Mismatch
4838400.0,0.0,1563.80826646971,4838400.0,0.0,2126.833333333333,Mismatch
4842000.0,0.0,1559.58845353403,4842000.0,0.0,1474.5000000000002,Mismatch
4845600.0,0.0,1555.12686688008,4845600.0,0.0,1308.5,Mismatch
4849200.0,0.0,1549.58221763679,4849200.0,0.0,1360.5833333333337,Mismatch
4852800.0,0.0,1546.64183445445,4852800.0,0.0,1342.25,Mismatch
4856400.0,0.0,1543.8719185449,4856400.0,0.0,1892.8333333333333,Mismatch
4860000.0,0.0,1540.0625295581,4860000.0,0.0,617.9166666666667,Mismatch
4863600.0,0.0,1537.01985553389,4863600.0,0.0,11.583333333333334,Mismatch
4867200.0,0.0,1579.90107484299,4867200.0,5832.75,12.083333333333334,Mismatch
4870800.0,2582.62945321999,1470.71471973673,4870800.0,7012.666666666666,1219.5,Mismatch
4874400.0,2582.62945321999,1447.73816632545,4874400.0,6947.416666666668,1253.1666666666663,Mismatch
4878000.0,2582.62945321999,1465.21834728413,4878000.0,6873.999999999999,2062.833333333333,Mismatch
4881600.0,2582.62945321999,1494.45320203998,4881600.0,6883.916666666667,1645.0833333333333,Mismatch
4885200.0,2582.62945321999,1508.55324178364,4885200.0,6861.166666666666,2293.333333333333,Mismatch
4888800.0,2582.62945321999,1497.23106030434,4888800.0,1142.25,1492.75,Mismatch
4892400.0,1291.314726609999,1517.93726767616,4892400.0,0.0,2962.916666666667,Mismatch
4896000.0,0.0,1580.78689843276,4896000.0,0.0,2209.833333333333,Mismatch
4899600.0,0.0,1583.7985992437,4899600.0,0.0,1433.5833333333333,Mismatch
4903200.0,0.0,1573.08567079133,4903200.0,0.0,1386.25,Mismatch
4906800.0,0.0,1565.26659577351,4906800.0,0.0,2072.666666666667,Mismatch
4910400.0,0.0,1564.04676244682,4910400.0,0.0,1378.25,Mismatch
4914000.0,0.0,1563.19562545763,4914000.0,0.0,1996.5,Mismatch
4917600.0,0.0,1557.98808573672,4917600.0,0.0,1954.6666666666663,Mismatch
4921200.0,0.0,1550.76331133495,4921200.0,0.0,1842.6666666666667,Mismatch
4924800.0,0.0,1544.47700527469,4924800.0,0.0,1837.0833333333333,Mismatch
4928400.0,0.0,1540.66567799214,4928400.0,0.0,1224.5,Mismatch
4932000.0,0.0,1538.39373769409,4932000.0,0.0,1270.1666666666663,Mismatch
4935600.0,0.0,1534.97809606435,4935600.0,0.0,626.5833333333334,Mismatch
4939200.0,0.0,1533.05278860546,4939200.0,0.0,1214.0,Mismatch
4942800.0,0.0,1531.12986043831,4942800.0,0.0,629.5833333333334,Mismatch
4946400.0,0.0,1528.83143294124,4946400.0,0.0,1144.75,Mismatch
4950000.0,0.0,1531.73737134477,4950000.0,0.0,588.8333333333334,Mismatch
4953600.0,0.0,1544.81376316345,4953600.0,5823.833333333333,1710.1666666666667,Mismatch
4957200.0,2582.62945321999,1443.40066808965,4957200.0,7000.833333333334,1141.3333333333333,Mismatch
4960800.0,2582.62945321999,1402.79966149781,4960800.0,7045.416666666665,1791.3333333333337,Mismatch
4964400.0,2582.62945321999,1412.17169174674,4964400.0,6954.166666666666,634.5833333333334,Mismatch
4968000.0,2582.62945321999,1456.42146706455,4968000.0,6925.666666666667,1349.5833333333337,Mismatch
4971600.0,2582.62945321999,1486.84612416281,4971600.0,6855.499999999999,2217.666666666667,Mismatch
4975200.0,2582.62945321999,1502.32686657128,4975200.0,1129.9166666666667,1433.7499999999998,Mismatch
4978800.0,1291.314726609999,1527.2834393346,4978800.0,0.0,2119.6666666666665,Mismatch
4982400.0,0.0,1606.49962717002,4982400.0,0.0,699.25,Mismatch
4986000.0,0.0,1621.23932519037,4986000.0,0.0,2102.1666666666665,Mismatch
4989600.0,0.0,1592.94904470307,4989600.0,0.0,672.4166666666666,Mismatch
4993200.0,0.0,1573.26734078426,4993200.0,0.0,677.25,Mismatch
4996800.0,0.0,1563.36779106572,4996800.0,0.0,1953.1666666666663,Mismatch
5000400.0,0.0,1555.84703793503,5000400.0,0.0,1233.5833333333337,Mismatch
5004000.0,0.0,1548.44403328206,5004000.0,0.0,1096.8333333333333,Mismatch
5007600.0,0.0,1542.44533621245,5007600.0,0.0,1960.5833333333333,Mismatch
5011200.0,0.0,1542.87795786563,5011200.0,0.0,1252.75,Mismatch
5014800.0,0.0,1544.22419890055,5014800.0,0.0,0.0,Mismatch
5018400.0,0.0,1545.18389788167,5018400.0,0.0,1337.5,Mismatch
5022000.0,0.0,1547.11201095228,5022000.0,0.0,620.6666666666666,Mismatch
5025600.0,0.0,1550.7536816729,5025600.0,0.0,2012.5,Mismatch
5029200.0,0.0,1555.58159652005,5029200.0,0.0,1314.5,Mismatch
5032800.0,0.0,1557.77801632131,5032800.0,0.0,1445.8333333333337,Mismatch
5036400.0,0.0,1557.99946682108,5036400.0,0.0,1368.5833333333337,Mismatch
5040000.0,8790.619651739988,1485.242912044,5040000.0,5178.0,731.5,Mismatch
5043600.0,9244.412443039986,1473.27807169283,5043600.0,10336.416666666666,1304.75,Mismatch
5047200.0,9244.412443039984,1509.15362983592,5047200.0,10319.25,1367.75,Mismatch
5050800.0,9244.412443039986,1521.92451585826,5050800.0,10258.250000000002,2047.25,Mismatch
5054400.0,9244.412443039986,1525.76034356804,5054400.0,10230.333333333334,699.75,Mismatch
5058000.0,9244.412443039986,1531.59450494822,5058000.0,10164.666666666668,36.75,Mismatch
5061600.0,9244.412443039986,1537.01807306446,5061600.0,10195.083333333334,2945.583333333333,Mismatch
5065200.0,9244.412443039984,1667.65099839248,5065200.0,10113.666666666666,1535.75,Mismatch
5068800.0,9244.412443039984,2051.93296111926,5068800.0,10160.583333333332,2250.916666666667,Mismatch
5072400.0,9244.412443039986,2125.93685053994,5072400.0,9313.083333333332,1551.5,Mismatch
5076000.0,9244.412443039986,1753.83134421753,5076000.0,10163.416666666666,2972.0,Mismatch
5079600.0,9244.412443039984,1530.91818594933,5079600.0,10257.166666666666,2106.833333333333,Mismatch
5083200.0,7953.097716429996,1508.56536996003,5083200.0,7945.75,2830.1666666666665,Mismatch
5086800.0,4174.75310937,1564.6207482205,5086800.0,2241.416666666667,1378.8333333333333,Mismatch
5090400.0,0.0,1551.73983089535,5090400.0,0.0,1335.6666666666663,Mismatch
5094000.0,0.0,1545.65343952284,5094000.0,0.0,1310.5833333333337,Mismatch
5097600.0,0.0,1543.82451299338,5097600.0,0.0,717.0833333333334,Mismatch
5101200.0,0.0,1543.04229310549,5101200.0,0.0,1362.9166666666667,Mismatch
5104800.0,0.0,1542.89821154036,5104800.0,0.0,699.6666666666667,Mismatch
5108400.0,0.0,1542.51768177158,5108400.0,0.0,1273.3333333333337,Mismatch
5112000.0,0.0,1540.36320985896,5112000.0,0.0,2515.5,Mismatch
5115600.0,0.0,1536.82840800042,5115600.0,0.0,25.166666666666668,Mismatch
5119200.0,0.0,1534.5248248652,5119200.0,0.0,1170.8333333333337,Mismatch
5122800.0,0.0,1533.041444719,5122800.0,0.0,1821.4166666666663,Mismatch
5126400.0,8790.619651739988,1425.43306226214,5126400.0,4324.833333333333,615.6666666666666,Mismatch
5130000.0,9244.412443039988,1398.75205210539,5130000.0,10453.25,1823.4166666666663,Mismatch
5133600.0,9244.412443039984,1400.32181909292,5133600.0,10425.416666666668,1217.6666666666663,Mismatch
5137200.0,9244.412443039986,1437.94392270558,5137200.0,10340.333333333334,1298.6666666666663,Mismatch
5140800.0,9244.412443039986,1502.38644264057,5140800.0,10300.166666666668,555.0,Mismatch
5144400.0,9244.412443039986,1639.38394908131,5144400.0,10153.083333333332,2927.1666666666665,Mismatch
5148000.0,9244.412443039986,1785.35341269616,5148000.0,10115.083333333334,722.1666666666666,Mismatch
5151600.0,9244.412443039986,1573.43013910122,5151600.0,10164.416666666666,2247.916666666667,Mismatch
5155200.0,9244.412443039984,1537.01092490457,5155200.0,10143.833333333334,2837.333333333333,Mismatch
5158800.0,9244.412443039986,1535.23455859087,5158800.0,10175.0,2704.25,Mismatch
5162400.0,9244.412443039986,1530.15234825747,5162400.0,10194.583333333332,1435.0,Mismatch
5166000.0,9244.412443039984,1497.38629895189,5166000.0,9364.000000000002,1362.1666666666663,Mismatch
5169600.0,7953.097716429996,1484.63655580195,5169600.0,8033.833333333332,1341.8333333333333,Mismatch
5173200.0,4174.75310937,1549.43492129485,5173200.0,2968.4166666666665,2438.25,Mismatch
5176800.0,0.0,1532.70781756444,5176800.0,1337.4166666666667,1253.0833333333337,Mismatch
5180400.0,0.0,1526.39681537583,5180400.0,0.0,626.25,Mismatch
5184000.0,0.0,1521.91967947475,5184000.0,0.0,598.75,Mismatch
5187600.0,0.0,1518.71010338442,5187600.0,0.0,1199.9166666666663,Mismatch
5191200.0,0.0,1517.39778408254,5191200.0,0.0,1434.9166666666667,Mismatch
5194800.0,0.0,1514.84519036253,5194800.0,0.0,546.9166666666666,Mismatch
5198400.0,0.0,1512.26036023271,5198400.0,0.0,599.9166666666666,Mismatch
5202000.0,0.0,1513.0073341414,5202000.0,0.0,1108.5833333333333,Mismatch
5205600.0,0.0,1513.95612732107,5205600.0,0.0,1093.0,Mismatch
5209200.0,0.0,1514.13945355936,5209200.0,0.0,610.0833333333334,Mismatch
5212800.0,8790.619651739988,1388.40808194407,5212800.0,5229.999999999999,1741.1666666666663,Mismatch
5216400.0,9244.412443039986,1373.88792998164,5216400.0,10526.5,1130.8333333333337,Mismatch
5220000.0,9244.412443039984,1384.5328012444,5220000.0,10457.416666666666,574.9166666666666,Mismatch
5223600.0,9244.412443039986,1397.03892163697,5223600.0,10402.499999999998,1201.5,Mismatch
5227200.0,9244.412443039984,1476.72575710401,5227200.0,10264.25,1920.8333333333333,Mismatch
5230800.0,9244.412443039986,1518.1289150546,5230800.0,9326.583333333332,1408.1666666666663,Mismatch
5234400.0,9244.412443039986,1529.07809241525,5234400.0,9280.666666666668,1396.9166666666663,Mismatch
5238000.0,9244.412443039986,1522.36744128394,5238000.0,10146.083333333334,690.25,Mismatch
5241600.0,9244.412443039984,1523.02468050974,5241600.0,9312.833333333334,1345.0,Mismatch
5245200.0,9244.412443039986,1528.00501549193,5245200.0,10183.0,1349.3333333333337,Mismatch
5248800.0,9244.412443039986,1531.37168052167,5248800.0,7639.916666666667,1451.6666666666663,Mismatch
5252400.0,9244.412443039984,1487.04198697204,5252400.0,10202.333333333332,1993.5833333333333,Mismatch
5256000.0,7953.097716429996,1482.60974774994,5256000.0,8041.333333333333,1911.25,Mismatch
5259600.0,4174.75310937,1544.75276875902,5259600.0,2295.0,1357.9166666666663,Mismatch
5263200.0,0.0,1528.99639343042,5263200.0,0.0,1382.0,Mismatch
5266800.0,0.0,1522.07323304083,5266800.0,0.0,1994.0833333333333,Mismatch
5270400.0,0.0,1520.45031438049,5270400.0,0.0,607.0833333333334,Mismatch
