delta,normalized_score,score,execution_time,process_time,trace_length
6.0,0.0,0.0,0.04537177085876465,0.04536521499903756,54
6.0,0.0,0.0,0.045441627502441406,0.045424700001603924,54
6.0,0.0,0.0,0.04492497444152832,0.04491814400171279,54
6.0,0.0,0.0,0.04504966735839844,0.04504331399948569,54
6.0,0.0,0.0,0.0464329719543457,0.04642604000036954,54
