delta,normalized_score,score,execution_time,process_time,trace_length
6.0,0.0,0.0,0.0009069442749023438,0.0009000520003610291,4
6.0,0.0,0.0,0.0008320808410644531,0.0008257670015154872,4
6.0,0.0,0.0,0.000812530517578125,0.0008066079972195439,4
6.0,0.0,0.0,0.0008723735809326172,0.0008661299980303738,4
6.0,0.0,0.0,0.000858306884765625,0.0008523500000592321,4
