delta,normalized_score,score,execution_time,process_time,trace_length
6.0,0.034,17.0,4.380650520324707,4.380440923999998,500
6.0,0.034,17.0,4.441187620162964,4.441014956000004,500
6.0,0.034,17.0,4.452186107635498,4.451986700000006,500
6.0,0.034,17.0,4.554386377334595,4.5541450569999995,500
6.0,0.034,17.0,4.429967403411865,4.429748236999998,500
