delta,normalized_score,score,execution_time,process_time,trace_length
6.0,0.0,0.0,0.001093149185180664,0.0010871559970837552,6
6.0,0.0,0.0,0.0012073516845703125,0.0012011059989163186,6
6.0,0.0,0.0,0.0011484622955322266,0.001142479002737673,6
6.0,0.0,0.0,0.001184701919555664,0.001178595000965288,6
6.0,0.0,0.0,0.0010874271392822266,0.0010814249981194735,6
