delta,normalized_score,score,execution_time,process_time,trace_length
6.0,0.02,4.0,0.7060098648071289,0.705926432,200
6.0,0.02,4.0,0.7048280239105225,0.7048096389999987,200
6.0,0.02,4.0,0.7001676559448242,0.7001004240000004,200
6.0,0.02,4.0,0.7072098255157471,0.7071642380000007,200
6.0,0.02,4.0,0.7051451206207275,0.7051101460000009,200
