delta,normalized_score,score,execution_time,process_time,trace_length
6.0,0.0,0.0,0.03608083724975586,0.03607428500254173,48
6.0,0.0,0.0,0.03616786003112793,0.03616128399880836,48
6.0,0.0,0.0,0.03520846366882324,0.035202032999222865,48
6.0,0.0,0.0,0.035555124282836914,0.03553382199970656,48
6.0,0.0,0.0,0.035813331604003906,0.03580712300026789,48
