delta,normalized_score,score,execution_time,process_time,trace_length
6.0,0.0,0.0,0.1400918960571289,0.14007802800188074,96
6.0,0.0,0.0,0.14105892181396484,0.14103769000212196,96
6.0,0.0,0.0,0.14214062690734863,0.14213288400060264,96
6.0,0.0,0.0,0.1396939754486084,0.13968656900033238,96
6.0,0.0,0.0,0.14107990264892578,0.14106021599945961,96
