delta,normalized_score,score,execution_time,process_time,trace_length
6.0,0.0,0.0,0.11362957954406738,0.11362205899786204,84
6.0,0.0,0.0,0.11603689193725586,0.11602844400113099,84
6.0,0.0,0.0,0.10897278785705566,0.10896441499789944,84
6.0,0.0,0.0,0.1079409122467041,0.10791788899950916,84
6.0,0.0,0.0,0.10828113555908203,0.10827437699845177,84
