dt-timestamp(s),dt-accel(m/s2),pt-timestamp(s),pt-accel(m/s2)
0.0,0.0,0.0,-0.014715
0.1,0.0,0.098,0.0
0.1,0.0,0.197,-0.004905
0.2,0.0,0.197,-0.004905
0.3,0.0,0.197,-0.004905
0.4,0.0,0.197,-0.004905
0.5,0.0,0.197,-0.004905
0.6,0.0,0.197,-0.004905
0.7,0.0,0.197,-0.004905
0.8,0.0,0.197,-0.004905
0.9,0.0,0.197,-0.004905
1.0,0.0,0.197,-0.004905
1.1,0.0,0.197,-0.004905
1.2,0.0,0.197,-0.004905
1.3,0.0,0.197,-0.004905
1.4,0.0,0.197,-0.004905
1.5,0.0,0.197,-0.004905
1.6,0.0,0.197,-0.004905
1.7,0.0,0.197,-0.004905
1.8,0.0,0.197,-0.004905
1.9,0.0,0.197,-0.004905
2.0,0.0,0.197,-0.004905
2.1,0.0,0.197,-0.004905
2.2,0.0,0.197,-0.004905
2.3,0.0,0.197,-0.004905
2.4,0.0,0.197,-0.004905
2.5,0.0,0.197,-0.004905
2.6,0.0,0.197,-0.004905
2.7,0.0,0.197,-0.004905
2.8,0.0,0.197,-0.004905
2.9,0.0,0.197,-0.004905
3.0,0.0,0.197,-0.004905
3.1,0.0,0.197,-0.004905
3.2,0.0,0.197,-0.004905
3.3,0.0,0.197,-0.004905
3.4,0.0,0.197,-0.004905
3.5,0.0,0.197,-0.004905
3.6,0.0,0.197,-0.004905
3.7,0.0,0.197,-0.004905
3.8,0.0,0.197,-0.004905
3.9,0.0,0.197,-0.004905
4.0,0.0,0.197,-0.004905
4.1,0.0,0.197,-0.004905
4.2,0.0,0.197,-0.004905
4.3,0.0,0.197,-0.004905
4.4,0.0,0.197,-0.004905
4.5,0.0,0.197,-0.004905
4.6,0.0,0.197,-0.004905
4.7,0.0,0.197,-0.004905
4.8,0.0,0.197,-0.004905
4.9,0.0,0.197,-0.004905
5.0,0.0,0.197,-0.004905
5.1,0.0,0.197,-0.004905
5.2,0.0,0.197,-0.004905
5.3,0.0,0.197,-0.004905
5.4,0.0,0.197,-0.004905
5.5,0.0,0.197,-0.004905
5.6,0.0,0.197,-0.004905
5.7,0.0,0.197,-0.004905
5.8,0.0,0.197,-0.004905
5.9,0.0,0.197,-0.004905
6.0,0.0,0.197,-0.004905
6.1,0.0,0.197,-0.004905
6.2,0.0,0.197,-0.004905
6.3,0.0,0.197,-0.004905
6.4,0.0,0.197,-0.004905
6.5,0.0,0.197,-0.004905
6.6,0.0,0.197,-0.004905
6.7,0.0,0.197,-0.004905
6.8,0.0,0.197,-0.004905
6.9,0.0,0.197,-0.004905
7.0,0.0,0.197,-0.004905
7.1,0.0,0.197,-0.004905
7.2,0.0,0.197,-0.004905
7.3,0.0,0.197,-0.004905
7.4,0.0,0.197,-0.004905
7.5,0.0,0.197,-0.004905
7.6,0.0,0.197,-0.004905
7.7,0.0,0.197,-0.004905
7.8,0.0,0.197,-0.004905
7.9,0.0,0.197,-0.004905
8.0,0.0,0.197,-0.004905
8.1,0.0,0.197,-0.004905
8.2,0.0,0.197,-0.004905
8.3,0.0,0.197,-0.004905
8.4,0.0,0.197,-0.004905
8.5,0.0,0.197,-0.004905
8.6,0.0,0.197,-0.004905
8.7,0.0,0.197,-0.004905
8.8,0.0,0.197,-0.004905
8.9,0.0,0.197,-0.004905
9.0,0.0,0.197,-0.004905
9.1,0.0,0.197,-0.004905
9.2,0.0,0.197,-0.004905
9.3,0.0,0.197,-0.004905
9.4,0.0,0.197,-0.004905
9.5,0.0,0.197,-0.004905
9.6,0.0,0.197,-0.004905
9.7,0.0,0.197,-0.004905
9.8,0.0,0.197,-0.004905
9.9,0.0,0.197,-0.004905
10.0,0.0,0.197,-0.004905
10.1,0.0,0.197,-0.004905
10.2,0.0,0.197,-0.004905
10.3,0.0,0.197,-0.004905
10.4,0.0,0.197,-0.004905
10.5,0.0,0.197,-0.004905
10.6,0.0,0.197,-0.004905
10.7,0.0,0.197,-0.004905
10.8,0.0,0.197,-0.004905
10.9,0.0,0.197,-0.004905
11.0,0.0,0.197,-0.004905
11.1,0.0,0.197,-0.004905
11.2,0.0,0.197,-0.004905
11.3,0.0,0.197,-0.004905
11.4,0.0,0.197,-0.004905
11.5,0.0,0.197,-0.004905
11.6,0.0,0.197,-0.004905
11.7,0.0,0.197,-0.004905
11.8,0.0,0.197,-0.004905
11.9,0.0,0.197,-0.004905
12.0,0.0,0.197,-0.004905
12.1,0.0,0.197,-0.004905
12.2,0.0,0.197,-0.004905
12.3,0.0,0.197,-0.004905
12.4,0.0,0.197,-0.004905
12.5,0.0,0.197,-0.004905
12.6,0.0,0.197,-0.004905
12.7,0.0,0.197,-0.004905
12.8,0.0,0.197,-0.004905
12.9,0.0,0.197,-0.004905
13.0,0.0,0.197,-0.004905
13.1,0.0,0.197,-0.004905
13.2,0.0,0.197,-0.004905
13.3,0.0,0.197,-0.004905
13.4,0.0,0.197,-0.004905
13.5,0.0,0.197,-0.004905
13.6,0.0,0.197,-0.004905
13.7,0.0,0.197,-0.004905
13.8,0.0,0.197,-0.004905
13.9,0.0,0.197,-0.004905
14.0,0.0,0.197,-0.004905
14.1,0.0,0.197,-0.004905
14.2,0.0,0.197,-0.004905
14.3,0.0,0.197,-0.004905
14.4,0.0,0.197,-0.004905
14.5,0.0,0.197,-0.004905
14.6,0.0,0.197,-0.004905
14.7,0.0,0.197,-0.004905
14.8,0.0,0.197,-0.004905
14.9,0.0,0.197,-0.004905
15.0,0.0,0.197,-0.004905
15.1,0.0,0.197,-0.004905
15.2,0.0,0.197,-0.004905
15.3,0.0,0.197,-0.004905
15.4,0.0,0.197,-0.004905
15.5,0.0,0.197,-0.004905
15.6,0.0,0.197,-0.004905
15.7,0.0,0.197,-0.004905
15.8,0.0,0.197,-0.004905
15.9,0.0,0.197,-0.004905
16.0,0.0,0.197,-0.004905
16.1,0.0,0.197,-0.004905
16.2,0.0,0.197,-0.004905
16.3,0.0,0.197,-0.004905
16.4,0.0,0.197,-0.004905
16.5,0.0,0.197,-0.004905
16.6,0.0,0.197,-0.004905
16.7,0.0,0.197,-0.004905
16.8,0.0,0.197,-0.004905
16.9,0.0,0.197,-0.004905
17.0,0.0,0.197,-0.004905
17.1,0.0,0.197,-0.004905
17.2,0.0,0.197,-0.004905
17.3,0.0,0.197,-0.004905
17.4,0.0,0.197,-0.004905
17.5,0.0,0.197,-0.004905
17.6,0.0,0.197,-0.004905
17.7,0.0,0.197,-0.004905
17.8,0.0,0.197,-0.004905
17.9,0.0,0.197,-0.004905
18.0,0.0,0.197,-0.004905
18.1,0.0,0.197,-0.004905
18.2,0.0,0.197,-0.004905
18.3,0.0,0.197,-0.004905
18.4,0.0,0.197,-0.004905
18.5,0.0,0.197,-0.004905
18.6,0.0,0.197,-0.004905
18.7,0.0,0.197,-0.004905
18.8,0.0,0.197,-0.004905
18.9,0.0,0.197,-0.004905
19.0,0.0,0.197,-0.004905
19.1,0.0,0.197,-0.004905
19.2,0.0,0.197,-0.004905
19.3,0.0,0.197,-0.004905
19.4,0.0,0.197,-0.004905
19.5,0.0,0.197,-0.004905
19.6,0.0,0.197,-0.004905
19.7,0.0,0.197,-0.004905
19.8,0.0,0.197,-0.004905
19.9,0.0,0.197,-0.004905
20.0,0.0,0.197,-0.004905
20.1,0.0,0.197,-0.004905
20.2,0.0,0.197,-0.004905
20.3,0.0,0.197,-0.004905
20.4,0.0,0.197,-0.004905
20.5,0.0,0.197,-0.004905
20.6,-0.1,0.197,-0.004905
20.6,-0.1,0.324,-0.023544
20.6,-0.1,0.393,-0.004905
20.6,-0.1,0.493,-0.028449
20.6,-0.1,0.592,-0.00981
20.6,-0.1,0.704,-0.014715
20.6,-0.1,0.789,-0.00981
20.6,-0.1,0.926,-0.014715
20.6,-0.1,0.987,-0.00981
20.6,-0.1,1.086,-0.004905
20.6,-0.1,1.184,-0.004905
20.6,-0.1,1.298,-0.01962
20.6,-0.1,1.381,0.0
20.6,-0.1,1.481,-0.01962
20.6,-0.1,1.579,-0.00981
20.6,-0.1,1.678,-0.01962
20.6,-0.1,1.778,-0.014715
20.6,-0.1,1.915,-0.014715
20.6,-0.1,1.974,-0.014715
20.6,-0.1,2.073,-0.00981
20.6,-0.1,2.172,-0.004905
20.6,-0.1,2.271,-0.00981
20.6,-0.1,2.371,-0.00981
20.6,-0.1,2.468,-0.004905
20.6,-0.1,2.566,-0.004905
20.6,-0.1,2.667,-0.01962
20.6,-0.1,2.764,-0.014715
20.6,-0.1,2.863,-0.00981
20.6,-0.1,2.962,-0.014715
20.6,-0.1,3.06,-0.00981
20.6,-0.1,3.168,-0.00981
20.6,-0.1,3.259,-0.004905
20.6,-0.1,3.358,-0.01962
20.6,-0.1,3.456,-0.014715
20.6,-0.1,3.554,-0.00981
20.6,-0.1,3.653,-0.014715
20.6,-0.1,3.753,-0.004905
20.6,-0.1,3.851,-0.01962
20.6,-0.1,3.979,-0.014715
20.6,-0.1,4.049,-0.004905
20.6,-0.1,4.148,-0.004905
20.6,-0.1,4.246,-0.004905
20.6,-0.1,4.37,-0.00981
20.6,-0.1,4.443,-0.00981
20.6,-0.1,4.542,-0.00981
20.6,-0.1,4.64,-0.014715
20.6,-0.1,4.769,-0.004905
20.6,-0.1,4.839,-0.00981
20.6,-0.1,4.937,-0.014715
20.6,-0.1,5.036,-0.00981
20.6,-0.1,5.139,-0.00981
20.6,-0.1,5.233,-0.014715
20.6,-0.1,5.356,-0.00981
20.6,-0.1,5.431,-0.00981
20.6,-0.1,5.529,-0.014715
20.6,-0.1,5.628,-0.014715
20.6,-0.1,5.727,-0.004905
20.6,-0.1,5.826,-0.00981
20.6,-0.1,5.924,0.004905
20.6,-0.1,6.023,-0.014715
20.6,-0.1,6.121,-0.023544
20.6,-0.1,6.221,-0.033354
20.6,-0.1,6.319,-0.00981
20.6,-0.1,6.418,-0.023544
20.6,-0.1,6.517,0.004905
20.6,-0.1,6.622,-0.00981
20.6,-0.1,6.714,-0.01962
20.6,-0.1,6.813,0.0
20.6,-0.1,6.912,-0.014715
20.6,-0.1,7.011,0.0
20.6,-0.1,7.109,-0.014715
20.6,-0.1,7.228,0.0
20.6,-0.1,7.307,-0.023544
20.6,-0.1,7.406,-0.014715
20.6,-0.1,7.505,0.004905
20.6,-0.1,7.607,-0.01962
20.6,-0.1,7.703,-0.028449
20.6,-0.1,7.828,-0.01962
20.6,-0.1,7.9,-0.01962
20.6,-0.1,7.999,-0.00981
20.6,-0.1,8.097,0.0
20.6,-0.1,8.218,-0.004905
20.6,-0.1,8.298,-0.00981
20.6,-0.1,8.394,0.0
20.6,-0.1,8.492,-0.00981
20.6,-0.1,8.592,0.0
20.6,-0.1,8.69,-0.023544
20.6,-0.1,8.807,-0.014715
20.6,-0.1,8.888,-0.038259
20.6,-0.1,9.023,0.0
20.6,-0.1,9.085,0.004905
20.6,-0.1,9.184,-0.023544
20.6,-0.1,9.283,-0.048069
20.6,-0.1,9.41,-0.01962
20.6,-0.1,9.48,-0.00981
20.6,-0.1,9.579,-0.01962
20.6,-0.1,9.678,0.0
20.6,-0.1,9.776,-0.01962
20.6,-0.1,9.875,-0.023544
20.6,-0.1,9.973,-0.00981
20.6,-0.1,10.072,-0.004905
20.6,-0.1,10.172,0.0
20.6,-0.1,10.27,-0.00981
20.6,-0.1,10.368,-0.01962
20.6,-0.1,10.476,-0.00981
20.6,-0.1,10.566,-0.014715
20.6,-0.1,10.705,-0.00981
20.6,-0.1,10.764,-0.004905
20.6,-0.1,10.863,-0.023544
20.6,-0.1,10.96,-0.01962
20.6,-0.1,11.079,-0.00981
20.6,-0.1,11.159,-0.043164
20.6,-0.1,11.298,-0.00981
20.6,-0.1,11.356,-0.00981
20.6,-0.1,11.455,-0.023544
20.6,-0.1,11.553,-0.00981
20.6,-0.1,11.653,-0.014715
20.6,-0.1,11.751,-0.00981
20.6,-0.1,11.888,0.00981
20.6,-0.1,11.949,-0.033354
20.6,-0.1,12.047,0.0
20.6,-0.1,12.147,-0.004905
20.6,-0.1,12.274,0.004905
20.6,-0.1,12.344,-0.004905
20.6,-0.1,12.442,-0.01962
20.6,-0.1,12.541,-0.004905
20.6,-0.1,12.64,-0.00981
20.6,-0.1,12.739,-0.00981
20.6,-0.1,12.838,-0.004905
20.6,-0.1,12.936,-0.004905
20.6,-0.1,13.035,-0.004905
20.6,-0.1,13.134,-0.014715
20.6,-0.1,13.232,-0.00981
20.6,-0.1,13.331,-0.014715
20.6,-0.1,13.43,-0.071613
20.7,-0.2,13.529,-0.162846
20.8,-0.3,13.628,-0.297243
20.9,-0.4,13.727,-0.363951
21.0,-0.5,13.825,-0.512082
21.1,-0.6,13.934,-0.671004
21.2,-0.7,14.023,-0.656289
21.3,-0.7,14.154,-0.756351
21.4,-0.7,14.22,-0.704358
21.5,-0.7,14.319,-0.684738
21.6,-0.7,14.319,-0.684738
21.7,-0.7,14.418,-0.747522
21.8,-0.7,14.53,-0.718092
21.9,-0.7,14.616,-0.742617
22.0,-0.628571,14.746,-0.661194
22.1,-0.528571,14.813,-0.727902
22.1,-0.528571,14.912,-0.536607
22.2,-0.428571,15.01,-0.473823
22.3,-0.328571,15.14,-0.363951
22.4,-0.228571,15.208,-0.325692
22.5,-0.128571,15.307,-0.101043
22.6,-0.028571,15.406,-0.091233
22.6,-0.028571,15.541,-0.033354
22.7,0.0,15.604,0.0
22.8,0.0,15.702,-0.00981
22.9,0.0,15.702,-0.00981
23.0,0.0,15.702,-0.00981
23.1,0.0,15.702,-0.00981
23.2,0.0,15.702,-0.00981
23.3,0.0,15.702,-0.00981
23.4,0.0,15.702,-0.00981
23.5,0.0,15.702,-0.00981
23.6,0.0,15.702,-0.00981
23.7,0.0,15.702,-0.00981
23.8,0.0,15.702,-0.00981
23.9,0.0,15.702,-0.00981
24.0,0.0,15.702,-0.00981
24.1,0.0,15.702,-0.00981
24.2,0.0,15.702,-0.00981
24.3,0.0,15.702,-0.00981
24.4,0.0,15.702,-0.00981
24.5,0.0,15.702,-0.00981
24.6,0.02,15.702,-0.00981
24.6,0.02,15.801,-0.004905
24.6,0.02,15.899,-0.038259
24.6,0.02,15.999,0.023544
24.6,0.02,16.098,-0.038259
24.6,0.02,16.196,0.00981
24.6,0.02,16.295,-0.057879
24.6,0.02,16.394,-0.01962
24.6,0.02,16.492,-0.038259
24.6,0.02,16.592,-0.014715
24.6,0.02,16.691,-0.043164
24.6,0.02,16.789,-0.00981
24.6,0.02,16.888,-0.00981
24.6,0.02,16.987,0.004905
24.6,0.02,17.085,-0.028449
24.6,0.02,17.186,0.043164
24.7,0.12,17.283,0.061803
24.8,0.22,17.405,0.220725
24.9,0.32,17.48,0.287433
25.0,0.42,17.579,0.363951
25.1,0.52,17.678,0.555246
25.2,0.62,17.804,0.584676
25.3,0.7,17.875,0.732807
25.4,0.7,17.974,0.666099
25.5,0.7,18.073,0.752427
25.6,0.7,18.182,0.679833
25.7,0.7,18.27,0.732807
25.8,0.7,18.412,0.641574
25.9,0.7,18.468,0.709263
26.0,0.7,18.589,0.694548
26.1,0.608571,18.666,0.555246
26.2,0.508571,18.764,0.3924
26.3,0.408571,18.764,0.3924
26.4,0.308571,18.863,0.40221
26.5,0.208571,18.986,0.18639
26.6,0.108571,19.06,0.143226
26.7,0.008571,19.2,0.057879
26.8,0.0,19.258,-0.023544
26.9,0.0,19.356,0.0
26.9,0.0,19.455,-0.048069
27.0,0.0,19.455,-0.048069
27.1,0.0,19.455,-0.048069
27.2,0.0,19.455,-0.048069
27.3,0.0,19.455,-0.048069
27.4,0.0,19.455,-0.048069
27.5,0.0,19.455,-0.048069
27.6,0.0,19.455,-0.048069
27.7,0.0,19.455,-0.048069
27.8,0.0,19.455,-0.048069
27.9,0.0,19.455,-0.048069
28.0,0.0,19.455,-0.048069
28.1,0.0,19.455,-0.048069
28.2,0.0,19.455,-0.048069
28.3,0.0,19.455,-0.048069
28.4,0.0,19.455,-0.048069
28.5,0.0,19.455,-0.048069
28.6,0.0,19.455,-0.048069
28.7,0.0,19.455,-0.048069
28.8,0.0,19.455,-0.048069
28.9,0.0,19.455,-0.048069
29.0,0.0,19.455,-0.048069
29.1,0.0,19.455,-0.048069
29.2,0.0,19.455,-0.048069
29.3,0.0,19.455,-0.048069
29.4,0.0,19.455,-0.048069
29.5,0.0,19.455,-0.048069
29.6,0.0,19.455,-0.048069
29.7,0.0,19.455,-0.048069
29.8,0.0,19.455,-0.048069
29.9,0.0,19.455,-0.048069
30.0,0.0,19.455,-0.048069
30.1,0.0,19.455,-0.048069
30.2,0.0,19.455,-0.048069
30.3,0.0,19.455,-0.048069
30.4,0.0,19.455,-0.048069
30.5,0.0,19.455,-0.048069
30.6,0.0,19.455,-0.048069
30.7,0.0,19.455,-0.048069
30.8,0.0,19.455,-0.048069
30.9,0.0,19.455,-0.048069
31.0,0.0,19.455,-0.048069
31.1,0.0,19.455,-0.048069
31.2,0.0,19.455,-0.048069
31.3,0.0,19.455,-0.048069
31.4,0.0,19.455,-0.048069
31.5,0.0,19.455,-0.048069
31.6,0.0,19.455,-0.048069
31.7,0.0,19.455,-0.048069
31.8,0.0,19.455,-0.048069
31.9,0.0,19.455,-0.048069
32.0,0.0,19.455,-0.048069
32.1,0.0,19.455,-0.048069
32.2,0.0,19.455,-0.048069
32.3,0.0,19.455,-0.048069
32.4,0.0,19.455,-0.048069
32.5,0.0,19.455,-0.048069
32.6,0.0,19.455,-0.048069
32.7,0.0,19.455,-0.048069
32.8,0.0,19.455,-0.048069
32.9,0.0,19.455,-0.048069
33.0,0.0,19.455,-0.048069
33.1,0.0,19.455,-0.048069
33.2,0.0,19.455,-0.048069
33.3,0.0,19.455,-0.048069
33.4,0.0,19.455,-0.048069
33.5,0.0,19.455,-0.048069
33.6,0.0,19.455,-0.048069
33.7,0.0,19.455,-0.048069
33.8,0.0,19.455,-0.048069
33.9,0.0,19.455,-0.048069
34.0,0.0,19.455,-0.048069
34.1,0.0,19.455,-0.048069
34.2,0.0,19.455,-0.048069
34.3,0.0,19.455,-0.048069
34.4,0.0,19.455,-0.048069
34.5,0.0,19.455,-0.048069
34.6,0.0,19.455,-0.048069
34.7,0.0,19.455,-0.048069
34.8,0.0,19.455,-0.048069
34.9,0.0,19.455,-0.048069
35.0,0.0,19.455,-0.048069
35.1,0.0,19.455,-0.048069
35.2,0.0,19.455,-0.048069
35.3,0.0,19.455,-0.048069
35.4,0.0,19.455,-0.048069
35.5,0.0,19.455,-0.048069
35.6,0.0,19.455,-0.048069
35.7,0.0,19.455,-0.048069
35.8,0.0,19.455,-0.048069
35.9,0.0,19.455,-0.048069
36.0,0.0,19.455,-0.048069
36.1,0.0,19.455,-0.048069
36.2,0.0,19.455,-0.048069
36.3,0.0,19.455,-0.048069
36.4,0.0,19.455,-0.048069
36.5,0.0,19.455,-0.048069
36.6,0.0,19.455,-0.048069
36.7,0.0,19.455,-0.048069
36.8,0.0,19.455,-0.048069
36.9,0.0,19.455,-0.048069
37.0,0.0,19.455,-0.048069
37.1,0.0,19.455,-0.048069
37.2,0.0,19.455,-0.048069
37.3,0.0,19.455,-0.048069
37.4,0.0,19.455,-0.048069
37.5,0.0,19.455,-0.048069
37.6,0.0,19.455,-0.048069
37.7,0.0,19.455,-0.048069
37.8,0.0,19.455,-0.048069
37.9,0.0,19.455,-0.048069
38.0,0.0,19.455,-0.048069
38.1,0.0,19.455,-0.048069
38.2,0.0,19.455,-0.048069
38.3,0.0,19.455,-0.048069
38.4,0.0,19.455,-0.048069
38.5,0.0,19.455,-0.048069
38.6,0.0,19.455,-0.048069
38.7,0.0,19.455,-0.048069
38.8,0.0,19.455,-0.048069
38.9,0.0,19.455,-0.048069
39.0,0.0,19.455,-0.048069
39.1,0.0,19.455,-0.048069
39.2,0.0,19.455,-0.048069
39.3,0.0,19.455,-0.048069
39.4,0.0,19.455,-0.048069
39.5,0.0,19.455,-0.048069
39.6,0.0,19.455,-0.048069
39.7,0.0,19.455,-0.048069
39.8,0.0,19.455,-0.048069
39.9,0.0,19.455,-0.048069
40.0,0.0,19.455,-0.048069
40.1,0.0,19.455,-0.048069
40.2,0.0,19.455,-0.048069
40.3,0.0,19.455,-0.048069
40.4,0.0,19.455,-0.048069
40.5,0.0,19.455,-0.048069
40.6,0.0,19.455,-0.048069
40.7,0.0,19.455,-0.048069
40.8,0.0,19.455,-0.048069
40.9,0.0,19.455,-0.048069
41.0,0.0,19.455,-0.048069
41.1,0.0,19.455,-0.048069
41.2,0.0,19.455,-0.048069
41.3,0.0,19.455,-0.048069
41.4,0.0,19.455,-0.048069
41.5,0.0,19.455,-0.048069
41.6,0.0,19.455,-0.048069
41.7,0.0,19.455,-0.048069
41.8,0.0,19.455,-0.048069
41.9,0.0,19.455,-0.048069
42.0,0.0,19.455,-0.048069
42.1,0.0,19.455,-0.048069
42.2,0.0,19.455,-0.048069
42.3,0.0,19.455,-0.048069
42.4,0.0,19.455,-0.048069
42.5,0.0,19.455,-0.048069
42.6,0.0,19.455,-0.048069
42.7,0.0,19.455,-0.048069
42.8,0.0,19.455,-0.048069
42.9,0.0,19.455,-0.048069
43.0,0.0,19.455,-0.048069
43.1,0.0,19.455,-0.048069
43.2,0.0,19.455,-0.048069
43.3,0.0,19.455,-0.048069
43.4,0.0,19.455,-0.048069
43.5,0.0,19.455,-0.048069
43.6,0.0,19.455,-0.048069
43.7,0.0,19.455,-0.048069
43.8,0.0,19.455,-0.048069
43.9,0.0,19.455,-0.048069
44.0,0.0,19.455,-0.048069
44.1,0.0,19.455,-0.048069
44.2,0.0,19.455,-0.048069
44.3,0.0,19.455,-0.048069
44.4,0.0,19.455,-0.048069
44.5,0.0,19.455,-0.048069
44.6,0.0,19.455,-0.048069
44.7,0.0,19.455,-0.048069
44.8,0.0,19.455,-0.048069
44.9,0.0,19.455,-0.048069
45.0,-0.1,19.455,-0.048069
45.0,-0.1,19.554,0.0
45.0,-0.1,19.653,0.014715
45.0,-0.1,19.793,-0.033354
45.0,-0.1,19.851,-0.01962
45.0,-0.1,19.95,-0.00981
45.0,-0.1,20.049,0.014715
45.0,-0.1,20.147,-0.00981
45.0,-0.1,20.246,-0.052974
45.0,-0.1,20.345,0.014715
45.0,-0.1,20.443,-0.004905
45.0,-0.1,20.542,0.004905
45.0,-0.1,20.641,-0.061803
45.0,-0.1,20.74,0.00981
45.0,-0.1,20.839,0.0
45.0,-0.1,20.937,-0.023544
45.0,-0.1,21.036,-0.01962
45.0,-0.1,21.135,-0.028449
45.0,-0.1,21.273,0.014715
45.0,-0.1,21.333,0.00981
45.0,-0.1,21.438,-0.038259
45.0,-0.1,21.53,-0.00981
45.0,-0.1,21.657,-0.01962
45.0,-0.1,21.728,0.096138
45.0,-0.1,21.827,0.114777
45.0,-0.1,21.925,0.177561
45.0,-0.1,22.025,0.191295
45.0,-0.1,22.123,0.086328
45.0,-0.1,22.222,0.00981
45.0,-0.1,22.32,0.004905
45.0,-0.1,22.419,-0.00981
45.0,-0.1,22.534,0.014715
45.0,-0.1,22.616,0.0
45.0,-0.1,22.715,-0.004905
45.0,-0.1,22.814,-0.00981
45.0,-0.1,22.922,-0.061803
45.0,-0.1,23.012,0.004905
45.0,-0.1,23.111,-0.00981
45.0,-0.1,23.209,-0.014715
45.0,-0.1,23.307,-0.01962
45.0,-0.1,23.407,-0.00981
45.0,-0.1,23.505,-0.01962
45.0,-0.1,23.604,-0.014715
45.0,-0.1,23.704,-0.014715
45.0,-0.1,23.802,-0.00981
45.0,-0.1,23.914,-0.014715
45.0,-0.1,24.0,-0.004905
45.0,-0.1,24.131,-0.014715
45.0,-0.1,24.197,-0.014715
45.0,-0.1,24.296,-0.023544
45.0,-0.1,24.394,0.0
45.0,-0.1,24.504,-0.00981
45.0,-0.1,24.592,-0.023544
45.0,-0.1,24.726,-0.004905
45.0,-0.1,24.789,-0.004905
45.0,-0.1,24.888,-0.00981
45.0,-0.1,24.987,0.004905
45.0,-0.1,25.086,0.0
45.0,-0.1,25.185,-0.033354
45.0,-0.1,25.284,-0.028449
45.0,-0.1,25.382,-0.004905
45.0,-0.1,25.481,-0.00981
45.0,-0.1,25.58,-0.004905
45.0,-0.1,25.679,-0.014715
45.0,-0.1,25.779,0.0
45.0,-0.1,25.876,0.004905
45.0,-0.1,25.975,-0.00981
45.0,-0.1,26.074,-0.004905
45.0,-0.1,26.172,-0.004905
45.0,-0.1,26.271,0.004905
45.0,-0.1,26.37,-0.00981
45.0,-0.1,26.469,-0.00981
45.0,-0.1,26.568,-0.014715
45.0,-0.1,26.666,0.0
45.0,-0.1,26.765,-0.01962
45.0,-0.1,26.864,-0.014715
45.0,-0.1,26.975,-0.014715
45.0,-0.1,27.062,-0.014715
45.0,-0.1,27.161,-0.00981
45.0,-0.1,27.26,-0.01962
45.0,-0.1,27.372,-0.004905
45.0,-0.1,27.458,-0.014715
45.0,-0.1,27.557,-0.00981
45.0,-0.1,27.655,-0.028449
45.0,-0.1,27.754,0.0
45.0,-0.1,27.853,0.0
45.0,-0.1,27.977,-0.01962
45.0,-0.1,28.051,-0.004905
45.0,-0.1,28.15,-0.00981
45.0,-0.1,28.248,-0.01962
45.0,-0.1,28.369,-0.004905
45.0,-0.1,28.446,-0.014715
45.0,-0.1,28.545,-0.014715
45.0,-0.1,28.644,-0.00981
45.0,-0.1,28.752,-0.00981
45.0,-0.1,28.841,-0.00981
45.0,-0.1,28.97,-0.004905
45.0,-0.1,29.039,-0.014715
45.0,-0.1,29.138,-0.014715
45.0,-0.1,29.237,-0.004905
45.0,-0.1,29.336,-0.023544
45.0,-0.1,29.434,-0.01962
45.0,-0.1,29.533,-0.004905
45.0,-0.1,29.632,-0.00981
45.0,-0.1,29.731,-0.023544
45.0,-0.1,29.83,-0.014715
45.0,-0.1,29.928,-0.004905
45.0,-0.1,30.027,-0.004905
45.0,-0.1,30.126,-0.004905
45.0,-0.1,30.226,-0.01962
45.0,-0.1,30.324,0.014715
45.0,-0.1,30.449,0.00981
45.0,-0.1,30.521,0.004905
45.0,-0.1,30.62,0.00981
45.0,-0.1,30.719,-0.014715
45.0,-0.1,30.824,0.0
45.0,-0.1,30.916,0.004905
45.0,-0.1,31.049,-0.028449
45.0,-0.1,31.115,0.0
45.0,-0.1,31.213,0.014715
45.0,-0.1,31.312,0.0
45.0,-0.1,31.424,-0.052974
45.0,-0.1,31.51,-0.033354
45.0,-0.1,31.648,-0.023544
45.0,-0.1,31.707,-0.023544
45.0,-0.1,31.806,-0.028449
45.0,-0.1,31.905,-0.014715
45.0,-0.1,32.021,-0.004905
45.0,-0.1,32.103,-0.00981
45.0,-0.1,32.201,0.004905
45.0,-0.1,32.301,-0.004905
45.0,-0.1,32.399,-0.00981
45.0,-0.1,32.498,-0.00981
45.0,-0.1,32.624,-0.01962
45.0,-0.1,32.696,-0.038259
45.0,-0.1,32.794,-0.014715
45.0,-0.1,32.893,-0.028449
45.0,-0.1,32.991,-0.033354
45.0,-0.1,33.09,0.0
45.0,-0.1,33.189,-0.00981
45.0,-0.1,33.288,-0.004905
45.0,-0.1,33.386,-0.01962
45.0,-0.1,33.485,0.004905
45.0,-0.1,33.584,-0.014715
45.0,-0.1,33.685,-0.00981
45.0,-0.1,33.782,-0.004905
45.0,-0.1,33.909,-0.014715
45.0,-0.1,33.98,-0.00981
45.0,-0.1,34.078,0.0
45.0,-0.1,34.177,-0.00981
45.0,-0.1,34.306,-0.004905
45.0,-0.1,34.375,-0.00981
45.0,-0.1,34.476,-0.00981
45.0,-0.1,34.572,-0.004905
45.0,-0.1,34.682,-0.004905
45.0,-0.1,34.77,-0.00981
45.0,-0.1,34.897,-0.014715
45.0,-0.1,34.968,-0.014715
45.0,-0.1,35.066,-0.004905
45.0,-0.1,35.165,-0.01962
45.0,-0.1,35.268,-0.01962
45.0,-0.1,35.363,-0.033354
45.0,-0.1,35.49,-0.01962
45.0,-0.1,35.561,0.0
45.0,-0.1,35.659,-0.033354
45.0,-0.1,35.758,-0.01962
45.0,-0.1,35.881,-0.00981
45.0,-0.1,35.956,-0.014715
45.0,-0.1,36.055,-0.00981
45.0,-0.1,36.154,-0.004905
45.0,-0.1,36.252,-0.01962
45.0,-0.1,36.351,-0.023544
45.0,-0.1,36.45,-0.01962
45.0,-0.1,36.549,-0.01962
45.0,-0.1,36.648,-0.014715
45.0,-0.1,36.746,-0.00981
45.0,-0.1,36.846,-0.043164
45.0,-0.1,36.944,-0.014715
45.0,-0.1,37.043,-0.00981
45.0,-0.1,37.142,-0.014715
45.0,-0.1,37.241,-0.00981
45.0,-0.1,37.34,-0.014715
45.0,-0.1,37.438,-0.014715
45.0,-0.1,37.537,0.0
45.0,-0.1,37.636,-0.01962
45.0,-0.1,37.735,-0.00981
45.0,-0.1,37.834,-0.023544
45.0,-0.1,37.933,-0.023544
45.0,-0.1,38.031,-0.114777
45.1,-0.2,38.154,-0.224649
45.2,-0.3,38.229,-0.368856
45.3,-0.4,38.328,-0.483633
45.4,-0.5,38.328,-0.483633
45.5,-0.6,38.427,-0.589581
45.6,-0.7,38.543,-0.632745
45.6,-0.7,38.624,-0.790686
45.7,-0.7,38.722,-0.732807
45.8,-0.7,38.821,-0.756351
45.9,-0.7,38.921,-0.704358
46.0,-0.7,39.02,-0.732807
46.1,-0.7,39.118,-0.742617
46.2,-0.7,39.216,-0.674928
46.3,-0.7,39.355,-0.714168
46.4,-0.628571,39.414,-0.651384
46.5,-0.528571,39.513,-0.560151
46.6,-0.428571,39.612,-0.426735
46.7,-0.328571,39.748,-0.340407
46.8,-0.228571,39.809,-0.191295
46.9,-0.128571,39.908,-0.104967
47.0,-0.028571,40.007,-0.023544
47.1,0.0,40.106,-0.014715
47.2,0.0,40.205,-0.004905
47.3,0.0,40.303,0.014715
47.4,0.0,40.402,-0.01962
47.5,0.0,40.501,-0.052974
47.6,0.0,40.6,0.023544
47.7,0.0,40.699,-0.057879
47.8,0.0,40.798,-0.004905
47.9,0.0,40.897,-0.01962
48.0,0.0,41.022,-0.004905
48.1,0.0,41.094,-0.004905
48.2,0.0,41.192,-0.033354
48.3,0.0,41.192,-0.033354
48.4,0.0,41.192,-0.033354
48.5,0.0,41.192,-0.033354
48.6,0.0,41.292,-0.00981
48.7,0.0,41.405,-0.028449
48.8,0.0,41.49,0.014715
48.9,0.0,41.626,-0.076518
49.0,0.02,41.687,0.028449
49.1,0.12,41.793,0.043164
49.2,0.22,41.884,0.201105
49.3,0.32,42.006,0.220725
49.3,0.32,42.082,0.41202
49.4,0.42,42.181,0.455184
49.5,0.52,42.181,0.455184
49.6,0.62,42.28,0.62784
49.7,0.7,42.379,0.737712
49.8,0.7,42.477,0.679833
49.9,0.7,42.594,0.732807
50.0,0.7,42.675,0.646479
50.1,0.7,42.814,0.709263
50.2,0.7,42.872,0.666099
50.3,0.7,42.972,0.742617
50.4,0.7,43.07,0.671004
50.5,0.608571,43.169,0.593505
50.6,0.508571,43.268,0.397305
50.7,0.408571,43.268,0.397305
50.8,0.308571,43.367,0.354141
50.9,0.208571,43.465,0.20601
51.0,0.108571,43.565,0.167751
51.1,0.008571,43.673,0.014715
51.2,0.0,43.761,0.0
51.3,0.0,43.86,-0.071613
51.4,0.0,43.86,-0.071613
51.5,0.0,43.86,-0.071613
51.6,0.0,43.86,-0.071613
51.7,0.0,43.86,-0.071613
51.8,0.0,43.86,-0.071613
51.9,0.0,43.86,-0.071613
52.0,0.0,43.86,-0.071613
52.1,0.0,43.86,-0.071613
52.2,0.0,43.86,-0.071613
52.3,0.0,43.86,-0.071613
52.4,0.0,43.86,-0.071613
52.5,0.0,43.86,-0.071613
52.6,0.0,43.86,-0.071613
52.7,0.0,43.86,-0.071613
52.8,0.0,43.86,-0.071613
52.9,0.0,43.86,-0.071613
53.0,0.0,43.86,-0.071613
53.1,0.0,43.86,-0.071613
53.2,0.0,43.86,-0.071613
53.3,0.0,43.86,-0.071613
53.4,0.0,43.86,-0.071613
53.5,0.0,43.86,-0.071613
53.6,0.0,43.86,-0.071613
53.7,0.0,43.86,-0.071613
53.8,0.0,43.86,-0.071613
53.9,0.0,43.86,-0.071613
54.0,0.0,43.86,-0.071613
54.1,0.0,43.86,-0.071613
54.2,0.0,43.86,-0.071613
54.3,0.0,43.86,-0.071613
54.4,0.0,43.86,-0.071613
54.5,0.0,43.86,-0.071613
54.6,0.0,43.86,-0.071613
54.7,0.0,43.86,-0.071613
54.8,0.0,43.86,-0.071613
54.9,0.0,43.86,-0.071613
55.0,0.0,43.86,-0.071613
55.1,0.0,43.86,-0.071613
55.2,0.0,43.86,-0.071613
55.3,0.0,43.86,-0.071613
55.4,0.0,43.86,-0.071613
55.5,0.0,43.86,-0.071613
55.6,0.0,43.86,-0.071613
55.7,0.0,43.86,-0.071613
55.8,0.0,43.86,-0.071613
55.9,0.0,43.86,-0.071613
56.0,0.0,43.86,-0.071613
56.1,0.0,43.86,-0.071613
56.2,0.0,43.86,-0.071613
56.3,0.0,43.86,-0.071613
56.4,0.0,43.86,-0.071613
56.5,0.0,43.86,-0.071613
56.6,0.0,43.86,-0.071613
56.7,0.0,43.86,-0.071613
56.8,0.0,43.86,-0.071613
56.9,0.0,43.86,-0.071613
57.0,0.0,43.86,-0.071613
57.1,0.0,43.86,-0.071613
57.2,0.0,43.86,-0.071613
57.3,0.0,43.86,-0.071613
57.4,0.0,43.86,-0.071613
57.5,0.0,43.86,-0.071613
57.6,0.0,43.86,-0.071613
57.7,0.0,43.86,-0.071613
57.8,0.0,43.86,-0.071613
57.9,0.0,43.86,-0.071613
58.0,0.0,43.86,-0.071613
58.1,0.0,43.86,-0.071613
58.2,0.0,43.86,-0.071613
58.3,0.0,43.86,-0.071613
58.4,0.0,43.86,-0.071613
58.5,0.0,43.86,-0.071613
58.6,0.0,43.86,-0.071613
58.7,0.0,43.86,-0.071613
58.8,0.0,43.86,-0.071613
58.9,0.0,43.86,-0.071613
59.0,0.0,43.86,-0.071613
59.1,0.0,43.86,-0.071613
59.2,0.0,43.86,-0.071613
59.3,0.0,43.86,-0.071613
59.4,0.0,43.86,-0.071613
59.5,0.0,43.86,-0.071613
59.6,0.0,43.86,-0.071613
59.7,0.0,43.86,-0.071613
59.8,0.0,43.86,-0.071613
59.9,0.0,43.86,-0.071613
60.0,0.0,43.86,-0.071613
60.1,0.0,43.86,-0.071613
60.2,0.0,43.86,-0.071613
60.3,0.0,43.86,-0.071613
60.4,0.0,43.86,-0.071613
60.5,0.0,43.86,-0.071613
60.6,0.0,43.86,-0.071613
60.7,0.0,43.86,-0.071613
60.8,0.0,43.86,-0.071613
60.9,0.0,43.86,-0.071613
61.0,0.0,43.86,-0.071613
61.1,0.0,43.86,-0.071613
61.2,0.0,43.86,-0.071613
61.3,0.0,43.86,-0.071613
61.4,0.0,43.86,-0.071613
61.5,0.0,43.86,-0.071613
61.6,0.0,43.86,-0.071613
61.7,0.0,43.86,-0.071613
61.8,0.0,43.86,-0.071613
61.9,0.0,43.86,-0.071613
62.0,0.0,43.86,-0.071613
62.1,0.0,43.86,-0.071613
62.2,0.0,43.86,-0.071613
62.3,0.0,43.86,-0.071613
62.4,0.0,43.86,-0.071613
62.5,0.0,43.86,-0.071613
62.6,0.0,43.86,-0.071613
62.7,0.0,43.86,-0.071613
62.8,0.0,43.86,-0.071613
62.9,0.0,43.86,-0.071613
63.0,0.0,43.86,-0.071613
63.1,0.0,43.86,-0.071613
63.2,0.0,43.86,-0.071613
63.3,0.0,43.86,-0.071613
63.4,0.0,43.86,-0.071613
63.5,0.0,43.86,-0.071613
63.6,0.0,43.86,-0.071613
63.7,0.0,43.86,-0.071613
63.8,0.0,43.86,-0.071613
63.9,0.0,43.86,-0.071613
64.0,0.0,43.86,-0.071613
64.1,0.0,43.86,-0.071613
64.2,0.0,43.86,-0.071613
64.3,0.0,43.86,-0.071613
64.4,0.0,43.86,-0.071613
64.5,0.0,43.86,-0.071613
64.6,0.0,43.86,-0.071613
64.7,0.0,43.86,-0.071613
64.8,0.0,43.86,-0.071613
64.9,0.0,43.86,-0.071613
65.0,0.0,43.86,-0.071613
65.1,0.0,43.86,-0.071613
65.2,0.0,43.86,-0.071613
65.3,0.0,43.86,-0.071613
65.4,0.0,43.86,-0.071613
65.5,0.0,43.86,-0.071613
65.6,0.0,43.86,-0.071613
65.7,0.0,43.86,-0.071613
65.8,0.0,43.86,-0.071613
65.9,0.0,43.86,-0.071613
66.0,0.0,43.86,-0.071613
66.1,0.0,43.86,-0.071613
66.2,0.0,43.86,-0.071613
66.3,0.0,43.86,-0.071613
66.4,0.0,43.86,-0.071613
66.5,0.0,43.86,-0.071613
66.6,0.0,43.86,-0.071613
66.7,0.0,43.86,-0.071613
66.8,0.0,43.86,-0.071613
66.9,0.0,43.86,-0.071613
67.0,0.0,43.86,-0.071613
67.1,0.0,43.86,-0.071613
67.2,0.0,43.86,-0.071613
67.3,0.0,43.86,-0.071613
67.4,0.0,43.86,-0.071613
67.5,0.0,43.86,-0.071613
67.6,0.0,43.86,-0.071613
67.7,0.0,43.86,-0.071613
67.8,0.0,43.86,-0.071613
67.9,0.0,43.86,-0.071613
68.0,0.0,43.86,-0.071613
68.1,0.0,43.86,-0.071613
68.2,0.0,43.86,-0.071613
68.3,0.0,43.86,-0.071613
68.4,0.0,43.86,-0.071613
68.5,0.0,43.86,-0.071613
68.6,0.0,43.86,-0.071613
68.7,0.0,43.86,-0.071613
68.8,0.0,43.86,-0.071613
68.9,0.0,43.86,-0.071613
69.0,0.0,43.86,-0.071613
69.1,0.0,43.86,-0.071613
69.2,0.0,43.86,-0.071613
69.3,0.0,43.86,-0.071613
69.4,0.0,43.86,-0.071613
69.5,-0.1,43.86,-0.071613
69.5,-0.1,43.959,0.057879
69.5,-0.1,44.069,-0.033354
69.5,-0.1,44.157,-0.014715
69.5,-0.1,44.255,-0.033354
69.5,-0.1,44.355,0.01962
69.5,-0.1,44.453,0.004905
69.5,-0.1,44.552,-0.014715
69.5,-0.1,44.667,-0.048069
69.5,-0.1,44.749,0.01962
69.5,-0.1,44.885,-0.023544
69.5,-0.1,44.947,-0.004905
69.5,-0.1,45.047,-0.052974
69.5,-0.1,45.144,-0.004905
69.5,-0.1,45.273,0.004905
69.5,-0.1,45.341,-0.004905
69.5,-0.1,45.44,-0.028449
69.5,-0.1,45.538,-0.023544
69.5,-0.1,45.657,0.028449
69.5,-0.1,45.737,0.01962
69.5,-0.1,45.874,-0.043164
69.5,-0.1,45.934,0.0
69.5,-0.1,46.043,-0.00981
69.5,-0.1,46.132,0.014715
69.5,-0.1,46.259,0.01962
69.5,-0.1,46.329,0.119682
69.5,-0.1,46.428,0.20601
69.5,-0.1,46.526,0.153036
69.5,-0.1,46.645,0.101043
69.5,-0.1,46.724,0.014715
69.5,-0.1,46.864,-0.00981
69.5,-0.1,46.921,-0.004905
69.5,-0.1,47.02,-0.004905
69.5,-0.1,47.119,-0.00981
69.5,-0.1,47.217,-0.00981
69.5,-0.1,47.316,-0.014715
69.5,-0.1,47.46,-0.048069
69.5,-0.1,47.513,-0.01962
69.5,-0.1,47.612,-0.01962
69.5,-0.1,47.71,-0.00981
69.5,-0.1,47.81,-0.01962
69.5,-0.1,47.909,-0.014715
69.5,-0.1,48.007,-0.004905
69.5,-0.1,48.129,-0.004905
69.5,-0.1,48.205,-0.014715
69.5,-0.1,48.304,-0.00981
69.5,-0.1,48.402,-0.014715
69.5,-0.1,48.51,-0.01962
69.5,-0.1,48.6,-0.004905
69.5,-0.1,48.73,-0.00981
69.5,-0.1,48.797,-0.004905
69.5,-0.1,48.896,-0.014715
69.5,-0.1,48.995,0.004905
69.5,-0.1,49.099,0.0
69.5,-0.1,49.192,-0.023544
69.5,-0.1,49.315,-0.01962
69.5,-0.1,49.39,-0.004905
69.5,-0.1,49.488,-0.028449
69.5,-0.1,49.587,-0.023544
69.5,-0.1,49.686,0.028449
69.5,-0.1,49.784,-0.004905
69.5,-0.1,49.884,-0.00981
69.5,-0.1,49.982,-0.01962
69.5,-0.1,50.119,-0.004905
69.5,-0.1,50.18,-0.01962
69.5,-0.1,50.279,-0.00981
69.5,-0.1,50.377,-0.014715
69.5,-0.1,50.476,0.0
69.5,-0.1,50.579,-0.014715
69.5,-0.1,50.673,0.004905
69.5,-0.1,50.777,-0.004905
69.5,-0.1,50.871,-0.01962
69.5,-0.1,50.991,-0.01962
69.5,-0.1,51.068,-0.01962
69.5,-0.1,51.167,-0.014715
69.5,-0.1,51.266,-0.014715
69.5,-0.1,51.365,-0.004905
69.5,-0.1,51.464,-0.004905
69.5,-0.1,51.582,0.0
69.5,-0.1,51.661,0.0
69.5,-0.1,51.759,-0.014715
69.5,-0.1,51.859,-0.00981
69.5,-0.1,51.957,-0.004905
69.5,-0.1,52.056,-0.00981
69.5,-0.1,52.172,-0.01962
69.5,-0.1,52.254,-0.033354
69.5,-0.1,52.389,-0.023544
69.5,-0.1,52.452,-0.01962
69.5,-0.1,52.55,0.0
69.5,-0.1,52.649,-0.00981
69.5,-0.1,52.773,-0.01962
69.5,-0.1,52.846,-0.014715
69.5,-0.1,52.945,-0.014715
69.5,-0.1,53.044,-0.01962
69.5,-0.1,53.143,-0.00981
69.5,-0.1,53.241,-0.004905
69.5,-0.1,53.373,-0.004905
69.5,-0.1,53.439,-0.004905
69.5,-0.1,53.538,-0.014715
69.5,-0.1,53.636,-0.00981
69.5,-0.1,53.735,-0.014715
69.5,-0.1,53.833,-0.014715
69.5,-0.1,53.933,-0.014715
69.5,-0.1,54.031,-0.004905
69.5,-0.1,54.129,-0.004905
69.5,-0.1,54.249,-0.004905
69.5,-0.1,54.327,-0.01962
69.5,-0.1,54.425,-0.014715
69.5,-0.1,54.524,-0.014715
69.5,-0.1,54.635,0.0
69.5,-0.1,54.722,-0.00981
69.5,-0.1,54.821,0.0
69.5,-0.1,54.919,-0.023544
69.5,-0.1,55.021,-0.014715
69.5,-0.1,55.117,-0.00981
69.5,-0.1,55.24,0.00981
69.5,-0.1,55.315,-0.023544
69.5,-0.1,55.414,-0.004905
69.5,-0.1,55.512,-0.004905
69.5,-0.1,55.615,-0.014715
69.5,-0.1,55.71,-0.01962
69.5,-0.1,55.843,-0.014715
69.5,-0.1,55.908,-0.023544
69.5,-0.1,56.006,0.00981
69.5,-0.1,56.104,0.004905
69.5,-0.1,56.226,-0.01962
69.5,-0.1,56.302,-0.00981
69.5,-0.1,56.401,-0.01962
69.5,-0.1,56.501,-0.023544
69.5,-0.1,56.626,0.014715
69.5,-0.1,56.698,-0.00981
69.5,-0.1,56.797,-0.01962
69.5,-0.1,56.896,-0.028449
69.5,-0.1,56.994,-0.023544
69.5,-0.1,57.092,0.0
69.5,-0.1,57.192,0.0
69.5,-0.1,57.298,0.0
69.5,-0.1,57.389,-0.01962
69.5,-0.1,57.487,0.004905
69.5,-0.1,57.587,0.0
69.5,-0.1,57.686,-0.014715
69.5,-0.1,57.784,-0.014715
69.5,-0.1,57.883,-0.028449
69.5,-0.1,57.983,-0.014715
69.5,-0.1,58.081,-0.004905
69.5,-0.1,58.18,-0.01962
69.5,-0.1,58.278,-0.00981
69.5,-0.1,58.377,-0.00981
69.5,-0.1,58.476,-0.00981
69.5,-0.1,58.575,-0.01962
69.5,-0.1,58.691,-0.004905
69.5,-0.1,58.772,-0.00981
69.5,-0.1,58.902,-0.01962
69.5,-0.1,58.97,0.0
69.5,-0.1,59.068,-0.004905
69.5,-0.1,59.166,0.0
69.5,-0.1,59.291,0.0
69.5,-0.1,59.365,-0.004905
69.5,-0.1,59.464,-0.004905
69.5,-0.1,59.562,0.0
69.5,-0.1,59.678,-0.004905
69.5,-0.1,59.76,0.0
69.5,-0.1,59.9,-0.00981
69.5,-0.1,59.958,-0.004905
69.5,-0.1,60.056,-0.01962
69.5,-0.1,60.155,-0.014715
69.5,-0.1,60.298,0.0
69.5,-0.1,60.352,-0.014715
69.5,-0.1,60.451,-0.004905
69.5,-0.1,60.55,-0.014715
69.5,-0.1,60.676,-0.004905
69.5,-0.1,60.747,0.0
69.5,-0.1,60.846,0.0
69.5,-0.1,60.945,-0.014715
69.5,-0.1,61.043,-0.004905
69.5,-0.1,61.142,0.004905
69.5,-0.1,61.24,-0.00981
69.5,-0.1,61.34,0.0
69.5,-0.1,61.438,-0.01962
69.5,-0.1,61.542,0.00981
69.5,-0.1,61.636,0.0
69.5,-0.1,61.734,0.004905
69.5,-0.1,61.834,-0.004905
69.5,-0.1,61.932,-0.014715
69.5,-0.1,62.03,0.0
69.5,-0.1,62.13,-0.004905
69.5,-0.1,62.228,-0.004905
69.5,-0.1,62.353,-0.01962
69.5,-0.1,62.425,-0.01962
69.5,-0.1,62.524,-0.114777
69.6,-0.2,62.623,-0.254079
69.7,-0.3,62.722,-0.325692
69.8,-0.4,62.821,-0.546417
69.9,-0.5,62.821,-0.546417
70.0,-0.6,62.94,-0.565056
70.1,-0.7,63.018,-0.671004
70.2,-0.7,63.117,-0.709263
70.3,-0.7,63.216,-0.722997
70.4,-0.7,63.316,-0.666099
70.5,-0.7,63.413,-0.699453
70.6,-0.7,63.531,-0.694548
70.7,-0.7,63.611,-0.694548
70.8,-0.7,63.751,-0.694548
70.9,-0.628571,63.808,-0.699453
70.9,-0.628571,63.907,-0.62784
71.0,-0.528571,64.005,-0.464994
71.1,-0.428571,64.138,-0.455184
71.2,-0.328571,64.203,-0.302148
71.3,-0.228571,64.302,-0.1962
71.4,-0.128571,64.401,-0.104967
71.5,-0.028571,64.499,0.023544
71.6,0.0,64.598,-0.081423
71.6,0.0,64.697,0.004905
71.7,0.0,64.796,-0.01962
71.8,0.0,64.895,0.048069
71.9,0.0,64.993,-0.071613
72.0,0.0,65.092,0.033354
72.1,0.0,65.191,-0.086328
72.2,0.0,65.289,0.081423
72.3,0.0,65.4,-0.071613
72.4,0.0,65.487,0.00981
72.5,0.0,65.622,-0.071613
72.6,0.0,65.684,0.0
72.6,0.0,65.783,-0.023544
72.7,0.0,65.783,-0.023544
72.8,0.0,65.783,-0.023544
72.9,0.0,65.783,-0.023544
73.0,0.0,65.783,-0.023544
73.1,0.0,65.783,-0.023544
73.2,0.0,65.783,-0.023544
73.3,0.0,65.783,-0.023544
73.4,0.0,65.783,-0.023544
73.5,0.02,65.783,-0.023544
73.5,0.02,65.882,-0.01962
73.5,0.02,65.995,-0.028449
73.5,0.02,66.08,0.033354
73.6,0.12,66.178,-0.081423
73.6,0.12,66.277,0.043164
73.7,0.22,66.407,0.239364
73.8,0.32,66.474,0.258984
73.9,0.42,66.573,0.430659
74.0,0.52,66.672,0.473823
74.1,0.62,66.771,0.622935
74.2,0.7,66.869,0.714168
74.3,0.7,66.968,0.679833
74.4,0.7,67.066,0.684738
74.5,0.7,67.185,0.709263
74.6,0.7,67.264,0.704358
74.7,0.7,67.397,0.704358
74.8,0.7,67.462,0.674928
74.9,0.7,67.462,0.674928
75.0,0.608571,67.56,0.656289
75.1,0.508571,67.659,0.469899
75.2,0.408571,67.758,0.464994
75.3,0.308571,67.857,0.302148
75.4,0.208571,67.955,0.267813
75.5,0.108571,68.054,0.139302
75.6,0.008571,68.153,0.00981
75.7,0.0,68.252,-0.014715
75.8,0.0,68.351,0.0
75.8,0.0,68.449,0.004905
75.9,0.0,68.449,0.004905
76.0,0.0,68.449,0.004905
76.1,0.0,68.449,0.004905
76.2,0.0,68.449,0.004905
76.3,0.0,68.449,0.004905
76.4,0.0,68.449,0.004905
76.5,0.0,68.449,0.004905
76.6,0.0,68.449,0.004905
76.7,0.0,68.449,0.004905
76.8,0.0,68.449,0.004905
76.9,0.0,68.449,0.004905
77.0,0.0,68.449,0.004905
77.1,0.0,68.449,0.004905
77.2,0.0,68.449,0.004905
77.3,0.0,68.449,0.004905
77.4,0.0,68.449,0.004905
77.5,0.0,68.449,0.004905
77.6,0.0,68.449,0.004905
77.7,0.0,68.449,0.004905
77.8,0.0,68.449,0.004905
77.9,0.0,68.449,0.004905
78.0,0.0,68.449,0.004905
78.1,0.0,68.449,0.004905
78.2,0.0,68.449,0.004905
78.3,0.0,68.449,0.004905
78.4,0.0,68.449,0.004905
78.5,0.0,68.449,0.004905
78.6,0.0,68.449,0.004905
78.7,0.0,68.449,0.004905
78.8,0.0,68.449,0.004905
78.9,0.0,68.449,0.004905
79.0,0.0,68.449,0.004905
79.1,0.0,68.449,0.004905
79.2,0.0,68.449,0.004905
79.3,0.0,68.449,0.004905
79.4,0.0,68.449,0.004905
79.5,0.0,68.449,0.004905
79.6,0.0,68.449,0.004905
79.7,0.0,68.449,0.004905
79.8,0.0,68.449,0.004905
79.9,0.0,68.449,0.004905
80.0,0.0,68.449,0.004905
80.1,0.0,68.449,0.004905
80.2,0.0,68.449,0.004905
80.3,0.0,68.449,0.004905
80.4,0.0,68.449,0.004905
80.5,0.0,68.449,0.004905
80.6,0.0,68.449,0.004905
80.7,0.0,68.449,0.004905
80.8,0.0,68.449,0.004905
80.9,0.0,68.449,0.004905
81.0,0.0,68.449,0.004905
81.1,0.0,68.449,0.004905
81.2,0.0,68.449,0.004905
81.3,0.0,68.449,0.004905
81.4,0.0,68.449,0.004905
81.5,0.0,68.449,0.004905
81.6,0.0,68.449,0.004905
81.7,0.0,68.449,0.004905
81.8,0.0,68.449,0.004905
81.9,0.0,68.449,0.004905
82.0,0.0,68.449,0.004905
82.1,0.0,68.449,0.004905
82.2,0.0,68.449,0.004905
82.3,0.0,68.449,0.004905
82.4,0.0,68.449,0.004905
82.5,0.0,68.449,0.004905
82.6,0.0,68.449,0.004905
82.7,0.0,68.449,0.004905
82.8,0.0,68.449,0.004905
82.9,0.0,68.449,0.004905
83.0,0.0,68.449,0.004905
83.1,0.0,68.449,0.004905
83.2,0.0,68.449,0.004905
83.3,0.0,68.449,0.004905
83.4,0.0,68.449,0.004905
83.5,0.0,68.449,0.004905
83.6,0.0,68.449,0.004905
83.7,0.0,68.449,0.004905
83.8,0.0,68.449,0.004905
83.9,0.0,68.449,0.004905
84.0,0.0,68.449,0.004905
84.1,0.0,68.449,0.004905
84.2,0.0,68.449,0.004905
84.3,0.0,68.449,0.004905
84.4,0.0,68.449,0.004905
84.5,0.0,68.449,0.004905
84.6,0.0,68.449,0.004905
84.7,0.0,68.449,0.004905
84.8,0.0,68.449,0.004905
84.9,0.0,68.449,0.004905
85.0,0.0,68.449,0.004905
85.1,0.0,68.449,0.004905
85.2,0.0,68.449,0.004905
85.3,0.0,68.449,0.004905
85.4,0.0,68.449,0.004905
85.5,0.0,68.449,0.004905
85.6,0.0,68.449,0.004905
85.7,0.0,68.449,0.004905
85.8,0.0,68.449,0.004905
85.9,0.0,68.449,0.004905
86.0,0.0,68.449,0.004905
86.1,0.0,68.449,0.004905
86.2,0.0,68.449,0.004905
86.3,0.0,68.449,0.004905
86.4,0.0,68.449,0.004905
86.5,0.0,68.449,0.004905
86.6,0.0,68.449,0.004905
86.7,0.0,68.449,0.004905
86.8,0.0,68.449,0.004905
86.9,0.0,68.449,0.004905
87.0,0.0,68.449,0.004905
87.1,0.0,68.449,0.004905
87.2,0.0,68.449,0.004905
87.3,0.0,68.449,0.004905
87.4,0.0,68.449,0.004905
87.5,0.0,68.449,0.004905
87.6,0.0,68.449,0.004905
87.7,0.0,68.449,0.004905
87.8,0.0,68.449,0.004905
87.9,0.0,68.449,0.004905
88.0,0.0,68.449,0.004905
88.1,0.0,68.449,0.004905
88.2,0.0,68.449,0.004905
88.3,0.0,68.449,0.004905
88.4,0.0,68.449,0.004905
88.5,0.0,68.449,0.004905
88.6,0.0,68.449,0.004905
88.7,0.0,68.449,0.004905
88.8,0.0,68.449,0.004905
88.9,0.0,68.449,0.004905
89.0,0.0,68.449,0.004905
89.1,0.0,68.449,0.004905
89.2,0.0,68.449,0.004905
89.3,0.0,68.449,0.004905
89.4,0.0,68.449,0.004905
89.5,0.0,68.449,0.004905
89.6,0.0,68.449,0.004905
89.7,0.0,68.449,0.004905
89.8,0.0,68.449,0.004905
89.9,0.0,68.449,0.004905
90.0,0.0,68.449,0.004905
90.1,0.0,68.449,0.004905
90.2,0.0,68.449,0.004905
90.3,0.0,68.449,0.004905
90.4,0.0,68.449,0.004905
90.5,0.0,68.449,0.004905
90.6,0.0,68.449,0.004905
90.7,0.0,68.449,0.004905
90.8,0.0,68.449,0.004905
90.9,0.0,68.449,0.004905
91.0,0.0,68.449,0.004905
91.1,0.0,68.449,0.004905
91.2,0.0,68.449,0.004905
91.3,0.0,68.449,0.004905
91.4,0.0,68.449,0.004905
91.5,0.0,68.449,0.004905
91.6,0.0,68.449,0.004905
91.7,0.0,68.449,0.004905
91.8,0.0,68.449,0.004905
91.9,0.0,68.449,0.004905
92.0,0.0,68.449,0.004905
92.1,0.0,68.449,0.004905
92.2,0.0,68.449,0.004905
92.3,0.0,68.449,0.004905
92.4,0.0,68.449,0.004905
92.5,0.0,68.449,0.004905
92.6,0.0,68.449,0.004905
92.7,0.0,68.449,0.004905
92.8,0.0,68.449,0.004905
92.9,0.0,68.449,0.004905
93.0,0.0,68.449,0.004905
93.1,0.0,68.449,0.004905
93.2,0.0,68.449,0.004905
93.3,0.0,68.449,0.004905
93.4,0.0,68.449,0.004905
93.5,0.0,68.449,0.004905
93.6,-0.1,68.449,0.004905
93.6,-0.1,68.548,-0.052974
93.6,-0.1,68.646,0.0
93.6,-0.1,68.745,0.0
93.6,-0.1,68.843,0.00981
93.6,-0.1,68.943,-0.043164
93.6,-0.1,69.063,-0.01962
93.6,-0.1,69.14,0.00981
93.6,-0.1,69.239,0.0
93.6,-0.1,69.338,-0.023544
93.6,-0.1,69.449,-0.033354
93.6,-0.1,69.535,-0.004905
93.6,-0.1,69.666,0.023544
93.6,-0.1,69.732,-0.023544
93.6,-0.1,69.831,-0.028449
93.6,-0.1,69.93,-0.033354
93.6,-0.1,70.042,0.038259
93.6,-0.1,70.127,-0.028449
93.6,-0.1,70.262,-0.043164
93.6,-0.1,70.325,-0.014715
93.6,-0.1,70.423,0.014715
93.6,-0.1,70.523,0.0
93.6,-0.1,70.621,-0.033354
93.6,-0.1,70.719,0.104967
93.6,-0.1,70.858,0.201105
93.6,-0.1,70.917,0.244269
93.6,-0.1,71.016,0.143226
93.6,-0.1,71.115,0.038259
93.6,-0.1,71.213,0.004905
93.6,-0.1,71.311,-0.023544
93.6,-0.1,71.41,0.0
93.6,-0.1,71.509,0.0
93.6,-0.1,71.609,-0.014715
93.6,-0.1,71.707,-0.01962
93.6,-0.1,71.805,0.01962
93.6,-0.1,71.904,-0.023544
93.6,-0.1,72.003,-0.00981
93.6,-0.1,72.102,-0.01962
93.6,-0.1,72.201,-0.01962
93.6,-0.1,72.299,0.00981
93.6,-0.1,72.398,-0.01962
93.6,-0.1,72.498,-0.00981
93.6,-0.1,72.596,-0.01962
93.6,-0.1,72.717,-0.00981
93.6,-0.1,72.793,-0.00981
93.6,-0.1,72.892,-0.004905
93.6,-0.1,72.99,0.0
93.6,-0.1,73.093,-0.01962
93.6,-0.1,73.188,-0.004905
93.6,-0.1,73.311,-0.023544
93.6,-0.1,73.386,-0.01962
93.6,-0.1,73.485,-0.043164
93.6,-0.1,73.583,-0.004905
93.6,-0.1,73.7,0.014715
93.6,-0.1,73.78,-0.01962
93.6,-0.1,73.879,-0.014715
93.6,-0.1,73.978,-0.033354
93.6,-0.1,74.084,-0.01962
93.6,-0.1,74.175,-0.004905
93.6,-0.1,74.302,-0.028449
93.6,-0.1,74.373,0.0
93.6,-0.1,74.472,-0.043164
93.6,-0.1,74.571,-0.004905
93.6,-0.1,74.67,-0.01962
93.6,-0.1,74.768,-0.004905
93.6,-0.1,74.9,-0.014715
93.6,-0.1,74.966,0.0
93.6,-0.1,75.065,-0.004905
93.6,-0.1,75.164,-0.00981
93.6,-0.1,75.304,-0.004905
93.6,-0.1,75.361,-0.004905
93.6,-0.1,75.46,-0.00981
93.6,-0.1,75.558,-0.014715
93.6,-0.1,75.658,-0.023544
93.6,-0.1,75.763,-0.01962
93.6,-0.1,75.855,-0.014715
93.6,-0.1,75.983,-0.01962
93.6,-0.1,76.052,-0.004905
93.6,-0.1,76.152,-0.00981
93.6,-0.1,76.25,-0.00981
93.6,-0.1,76.367,-0.004905
93.6,-0.1,76.447,-0.014715
93.6,-0.1,76.582,-0.00981
93.6,-0.1,76.645,-0.014715
93.6,-0.1,76.744,-0.014715
93.6,-0.1,76.842,-0.00981
93.6,-0.1,76.956,0.004905
93.6,-0.1,77.04,-0.00981
93.6,-0.1,77.176,-0.004905
93.6,-0.1,77.238,-0.00981
93.6,-0.1,77.336,0.0
93.6,-0.1,77.436,-0.014715
93.6,-0.1,77.557,-0.014715
93.6,-0.1,77.633,0.0
93.6,-0.1,77.732,-0.00981
93.6,-0.1,77.831,-0.01962
93.6,-0.1,77.96,-0.00981
93.6,-0.1,78.028,-0.014715
93.6,-0.1,78.127,-0.014715
93.6,-0.1,78.226,-0.014715
93.6,-0.1,78.324,-0.01962
93.6,-0.1,78.423,-0.004905
93.6,-0.1,78.563,-0.00981
93.6,-0.1,78.621,-0.01962
93.6,-0.1,78.72,-0.01962
93.6,-0.1,78.818,-0.01962
93.6,-0.1,78.917,-0.014715
93.6,-0.1,79.016,-0.014715
93.6,-0.1,79.115,-0.00981
93.6,-0.1,79.213,-0.014715
93.6,-0.1,79.312,-0.01962
93.6,-0.1,79.411,-0.023544
93.6,-0.1,79.509,-0.004905
93.6,-0.1,79.614,-0.028449
93.6,-0.1,79.707,-0.01962
93.6,-0.1,79.805,0.004905
93.6,-0.1,79.905,-0.004905
93.6,-0.1,80.003,-0.00981
93.6,-0.1,80.102,-0.028449
93.6,-0.1,80.211,-0.023544
93.6,-0.1,80.3,0.01962
93.6,-0.1,80.433,-0.00981
93.6,-0.1,80.497,-0.00981
93.6,-0.1,80.597,0.0
93.6,-0.1,80.695,0.004905
93.6,-0.1,80.821,0.004905
93.6,-0.1,80.893,-0.038259
93.6,-0.1,80.991,-0.023544
93.6,-0.1,81.09,-0.014715
93.6,-0.1,81.188,-0.01962
93.6,-0.1,81.287,-0.01962
93.6,-0.1,81.412,0.0
93.6,-0.1,81.485,-0.004905
93.6,-0.1,81.583,-0.023544
93.6,-0.1,81.682,-0.004905
93.6,-0.1,81.781,-0.014715
93.6,-0.1,81.88,-0.014715
93.6,-0.1,82.002,0.004905
93.6,-0.1,82.077,-0.028449
93.6,-0.1,82.176,0.004905
93.6,-0.1,82.275,-0.004905
93.6,-0.1,82.373,0.0
93.6,-0.1,82.473,-0.00981
93.6,-0.1,82.571,0.004905
93.6,-0.1,82.67,-0.004905
93.6,-0.1,82.768,0.0
93.6,-0.1,82.891,-0.033354
93.6,-0.1,82.966,-0.004905
93.6,-0.1,83.064,-0.004905
93.6,-0.1,83.164,0.0
93.6,-0.1,83.271,-0.00981
93.6,-0.1,83.361,-0.014715
93.6,-0.1,83.501,-0.00981
93.6,-0.1,83.559,-0.014715
93.6,-0.1,83.669,-0.014715
93.6,-0.1,83.756,-0.01962
93.6,-0.1,83.887,-0.014715
93.6,-0.1,83.954,-0.004905
93.6,-0.1,84.052,-0.028449
93.6,-0.1,84.151,-0.004905
93.6,-0.1,84.25,0.0
93.6,-0.1,84.349,-0.01962
93.6,-0.1,84.48,-0.004905
93.6,-0.1,84.546,-0.00981
93.6,-0.1,84.645,-0.004905
93.6,-0.1,84.744,-0.00981
93.6,-0.1,84.843,0.0
93.6,-0.1,84.941,-0.00981
93.6,-0.1,85.062,-0.014715
93.6,-0.1,85.139,-0.023544
93.6,-0.1,85.237,-0.01962
93.6,-0.1,85.336,-0.014715
93.6,-0.1,85.435,-0.004905
93.6,-0.1,85.534,-0.004905
93.6,-0.1,85.632,-0.00981
93.6,-0.1,85.735,-0.00981
93.6,-0.1,85.831,-0.014715
93.6,-0.1,85.929,-0.014715
93.6,-0.1,86.028,-0.014715
93.6,-0.1,86.126,-0.01962
93.6,-0.1,86.225,0.0
93.6,-0.1,86.359,-0.00981
93.6,-0.1,86.423,-0.014715
93.6,-0.1,86.523,-0.043164
93.7,-0.2,86.621,-0.244269
93.8,-0.3,86.743,-0.306072
93.9,-0.4,86.819,-0.455184
94.0,-0.5,86.918,-0.565056
94.1,-0.6,87.016,-0.541512
94.2,-0.7,87.123,-0.775971
94.3,-0.7,87.214,-0.694548
94.4,-0.7,87.34,-0.737712
94.5,-0.7,87.411,-0.714168
94.6,-0.7,87.51,-0.699453
94.7,-0.7,87.609,-0.709263
94.8,-0.7,87.707,-0.694548
94.9,-0.7,87.807,-0.704358
95.0,-0.628571,87.905,-0.714168
95.1,-0.528571,88.004,-0.521892
95.2,-0.428571,88.103,-0.455184
95.3,-0.328571,88.201,-0.354141
95.4,-0.228571,88.3,-0.272718
95.5,-0.128571,88.4,-0.162846
95.6,-0.028571,88.498,-0.01962
95.7,0.0,88.597,0.004905
95.8,0.0,88.696,-0.00981
95.9,0.0,88.799,-0.066708
96.0,0.0,88.893,0.061803
96.1,0.0,88.992,-0.101043
96.2,0.0,89.091,0.048069
96.3,0.0,89.191,-0.066708
96.4,0.0,89.288,-0.01962
96.5,0.0,89.402,-0.004905
96.6,0.0,89.485,-0.071613
96.7,0.0,89.485,-0.071613
96.8,0.0,89.485,-0.071613
96.9,0.0,89.485,-0.071613
97.0,0.0,89.485,-0.071613
97.1,0.0,89.585,0.023544
97.2,0.0,89.684,-0.048069
97.3,0.0,89.782,0.033354
97.4,0.0,89.881,-0.043164
97.5,0.0,90.003,-0.033354
97.6,0.02,90.078,0.023544
97.7,0.12,90.177,0.01962
97.7,0.12,90.275,0.01962
97.7,0.12,90.388,0.148131
97.8,0.22,90.472,0.315882
97.9,0.32,90.472,0.315882
98.0,0.42,90.604,0.349236
98.0,0.42,90.669,0.469899
98.1,0.52,90.768,0.555246
98.2,0.62,90.867,0.709263
98.3,0.7,90.867,0.709263
98.4,0.7,90.996,0.661194
98.5,0.7,91.065,0.742617
98.6,0.7,91.163,0.661194
98.7,0.7,91.262,0.718092
98.8,0.7,91.391,0.666099
98.9,0.7,91.459,0.704358
99.0,0.7,91.557,0.679833
99.1,0.608571,91.657,0.560151
99.2,0.508571,91.755,0.464994
99.3,0.408571,91.853,0.335502
99.4,0.308571,91.853,0.335502
99.5,0.208571,91.953,0.292338
99.6,0.108571,92.051,0.119682
99.7,0.008571,92.15,0.057879
99.8,0.0,92.249,-0.043164
99.9,0.0,92.347,0.048069
100.0,0.0,92.462,-0.052974
100.1,0.0,92.544,-0.004905
100.2,0.0,92.643,-0.004905
100.3,0.0,92.742,0.028449
100.4,0.0,92.841,-0.028449
100.5,0.0,92.939,-0.038259
100.6,0.0,93.05,0.00981
100.7,0.0,93.137,0.014715
100.8,0.0,93.271,-0.01962
100.9,0.0,93.334,-0.023544
101.0,0.0,93.433,-0.033354
101.1,0.0,93.531,0.014715
101.2,0.0,93.637,-0.004905
101.3,0.0,93.729,-0.033354
101.4,0.0,93.857,-0.023544
101.5,0.0,93.927,0.004905
101.6,0.0,94.025,0.028449
101.7,0.0,94.123,-0.048069
101.8,0.0,94.227,-0.01962
101.9,0.0,94.321,-0.00981
102.0,0.0,94.446,0.023544
102.1,0.0,94.518,-0.038259
102.2,0.0,94.617,-0.048069
102.3,0.0,94.715,0.023544
102.4,0.0,94.839,0.153036
102.5,0.0,94.912,0.162846
102.6,0.0,95.012,0.224649
102.7,0.0,95.111,0.066708
102.8,0.0,95.209,0.066708
102.9,0.0,95.309,-0.023544
103.0,0.0,95.407,0.004905
103.1,0.0,95.505,-0.00981
103.2,0.0,95.604,0.0
103.2,0.0,95.703,-0.014715
103.3,0.0,95.703,-0.014715
103.4,0.0,95.703,-0.014715
103.5,0.0,95.703,-0.014715
103.6,0.0,95.703,-0.014715
103.7,0.0,95.703,-0.014715
103.8,0.0,95.703,-0.014715
103.9,0.0,95.703,-0.014715
104.0,0.0,95.703,-0.014715
104.1,0.0,95.703,-0.014715
104.2,0.0,95.703,-0.014715
104.3,0.0,95.703,-0.014715
104.4,0.0,95.703,-0.014715
104.5,0.0,95.703,-0.014715
104.6,0.0,95.703,-0.014715
104.7,0.0,95.703,-0.014715
104.8,0.0,95.703,-0.014715
104.9,0.0,95.703,-0.014715
105.0,0.0,95.703,-0.014715
105.1,0.0,95.703,-0.014715
105.2,0.0,95.703,-0.014715
105.3,0.0,95.703,-0.014715
105.4,0.0,95.703,-0.014715
105.5,0.0,95.703,-0.014715
105.6,0.0,95.703,-0.014715
105.7,0.0,95.703,-0.014715
105.8,0.0,95.703,-0.014715
105.9,0.0,95.703,-0.014715
106.0,0.0,95.703,-0.014715
106.1,0.0,95.703,-0.014715
106.2,0.0,95.703,-0.014715
106.3,0.0,95.703,-0.014715
106.4,0.0,95.703,-0.014715
106.5,0.0,95.703,-0.014715
106.6,0.0,95.703,-0.014715
106.7,0.0,95.703,-0.014715
106.8,0.0,95.703,-0.014715
106.9,0.0,95.703,-0.014715
107.0,0.0,95.703,-0.014715
107.1,0.0,95.703,-0.014715
107.2,0.0,95.703,-0.014715
107.3,0.0,95.703,-0.014715
107.4,0.0,95.703,-0.014715
107.5,0.0,95.703,-0.014715
107.6,0.0,95.703,-0.014715
107.7,0.0,95.703,-0.014715
107.8,0.0,95.703,-0.014715
107.9,0.0,95.703,-0.014715
108.0,0.0,95.703,-0.014715
108.1,0.0,95.703,-0.014715
108.2,0.0,95.703,-0.014715
108.3,0.0,95.703,-0.014715
108.4,0.0,95.703,-0.014715
108.5,0.0,95.703,-0.014715
108.6,0.0,95.703,-0.014715
108.7,0.0,95.703,-0.014715
108.8,0.0,95.703,-0.014715
108.9,0.0,95.703,-0.014715
109.0,0.0,95.703,-0.014715
109.1,0.0,95.703,-0.014715
109.2,0.0,95.703,-0.014715
109.3,0.0,95.703,-0.014715
109.4,0.0,95.703,-0.014715
109.5,0.0,95.703,-0.014715
109.6,0.0,95.703,-0.014715
109.7,0.0,95.703,-0.014715
109.8,0.0,95.703,-0.014715
109.9,0.0,95.703,-0.014715
110.0,0.0,95.703,-0.014715
110.1,0.0,95.703,-0.014715
110.2,0.0,95.703,-0.014715
110.3,0.0,95.703,-0.014715
110.4,0.0,95.703,-0.014715
110.5,0.0,95.703,-0.014715
110.6,0.0,95.703,-0.014715
110.7,0.0,95.703,-0.014715
110.8,0.0,95.703,-0.014715
110.9,0.0,95.703,-0.014715
111.0,0.0,95.703,-0.014715
111.1,0.0,95.703,-0.014715
111.2,0.0,95.703,-0.014715
111.3,0.0,95.703,-0.014715
111.4,0.0,95.703,-0.014715
111.5,0.0,95.703,-0.014715
111.6,0.0,95.703,-0.014715
111.7,0.0,95.703,-0.014715
111.8,0.0,95.703,-0.014715
111.9,0.0,95.703,-0.014715
112.0,0.0,95.703,-0.014715
112.1,0.0,95.703,-0.014715
112.2,0.0,95.703,-0.014715
112.3,0.0,95.703,-0.014715
112.4,0.0,95.703,-0.014715
112.5,0.0,95.703,-0.014715
112.6,0.0,95.703,-0.014715
112.7,0.0,95.703,-0.014715
112.8,0.0,95.703,-0.014715
112.9,0.0,95.703,-0.014715
113.0,0.0,95.703,-0.014715
113.1,0.0,95.703,-0.014715
113.2,0.0,95.703,-0.014715
113.3,0.0,95.703,-0.014715
113.4,0.0,95.703,-0.014715
113.5,0.0,95.703,-0.014715
113.6,0.0,95.703,-0.014715
113.7,0.0,95.703,-0.014715
113.8,0.0,95.703,-0.014715
113.9,0.0,95.703,-0.014715
114.0,0.0,95.703,-0.014715
114.1,0.0,95.703,-0.014715
114.2,0.0,95.703,-0.014715
114.3,0.0,95.703,-0.014715
114.4,0.0,95.703,-0.014715
114.5,0.0,95.703,-0.014715
114.6,0.0,95.703,-0.014715
114.7,0.0,95.703,-0.014715
114.8,0.0,95.703,-0.014715
114.9,0.0,95.703,-0.014715
115.0,0.0,95.703,-0.014715
115.1,0.0,95.703,-0.014715
115.2,0.0,95.703,-0.014715
115.3,0.0,95.703,-0.014715
115.4,0.0,95.703,-0.014715
115.5,0.0,95.703,-0.014715
115.6,0.0,95.703,-0.014715
115.7,0.0,95.703,-0.014715
115.8,0.0,95.703,-0.014715
115.9,0.0,95.703,-0.014715
116.0,0.0,95.703,-0.014715
116.1,0.0,95.703,-0.014715
116.2,0.0,95.703,-0.014715
116.3,0.0,95.703,-0.014715
116.4,0.0,95.703,-0.014715
116.5,0.0,95.703,-0.014715
116.6,0.0,95.703,-0.014715
116.7,0.0,95.703,-0.014715
116.8,0.0,95.703,-0.014715
116.9,0.0,95.703,-0.014715
117.0,0.0,95.703,-0.014715
117.1,0.0,95.703,-0.014715
117.2,0.0,95.703,-0.014715
117.3,0.0,95.703,-0.014715
117.4,0.0,95.703,-0.014715
117.5,0.0,95.703,-0.014715
117.6,0.0,95.703,-0.014715
117.7,0.0,95.703,-0.014715
117.8,0.0,95.703,-0.014715
117.9,0.0,95.703,-0.014715
118.0,0.1,95.703,-0.014715
118.0,0.1,95.801,-0.00981
118.0,0.1,95.901,-0.00981
118.0,0.1,95.999,-0.01962
118.0,0.1,96.105,-0.01962
118.0,0.1,96.197,-0.014715
118.0,0.1,96.321,-0.014715
118.0,0.1,96.394,-0.014715
118.0,0.1,96.493,-0.01962
118.0,0.1,96.592,0.0
118.0,0.1,96.692,-0.00981
118.0,0.1,96.789,-0.028449
118.0,0.1,96.914,0.0
118.0,0.1,96.987,-0.014715
118.0,0.1,97.086,-0.023544
118.0,0.1,97.185,-0.00981
118.0,0.1,97.29,-0.057879
118.0,0.1,97.382,-0.01962
118.0,0.1,97.527,-0.00981
118.0,0.1,97.58,-0.033354
118.0,0.1,97.69,-0.014715
118.0,0.1,97.778,-0.014715
118.0,0.1,97.906,-0.033354
118.0,0.1,97.975,-0.00981
118.0,0.1,98.073,0.00981
118.0,0.1,98.173,-0.014715
118.0,0.1,98.272,-0.033354
118.0,0.1,98.37,-0.028449
118.0,0.1,98.468,0.023544
118.0,0.1,98.567,-0.028449
118.0,0.1,98.666,-0.048069
118.0,0.1,98.765,-0.01962
118.0,0.1,98.864,-0.014715
118.0,0.1,98.963,0.004905
118.0,0.1,99.062,-0.028449
118.0,0.1,99.16,-0.028449
118.0,0.1,99.259,-0.014715
118.0,0.1,99.365,-0.023544
118.0,0.1,99.456,-0.004905
118.0,0.1,99.555,-0.00981
118.0,0.1,99.653,-0.01962
118.0,0.1,99.757,-0.014715
118.0,0.1,99.851,-0.01962
118.0,0.1,99.977,-0.014715
118.0,0.1,100.049,-0.01962
118.0,0.1,100.149,-0.014715
118.0,0.1,100.246,-0.00981
118.0,0.1,100.351,-0.00981
118.0,0.1,100.444,-0.014715
118.0,0.1,100.576,-0.014715
118.0,0.1,100.642,-0.004905
118.0,0.1,100.74,0.01962
118.0,0.1,100.84,-0.014715
118.0,0.1,100.964,-0.00981
118.0,0.1,101.037,-0.01962
118.0,0.1,101.136,-0.00981
118.0,0.1,101.235,-0.004905
118.0,0.1,101.346,-0.004905
118.0,0.1,101.432,-0.023544
118.0,0.1,101.565,0.0
118.0,0.1,101.63,0.0
118.0,0.1,101.729,-0.00981
118.0,0.1,101.828,-0.00981
118.0,0.1,101.927,-0.01962
118.0,0.1,102.025,-0.01962
118.0,0.1,102.124,-0.014715
118.0,0.1,102.223,0.004905
118.0,0.1,102.321,-0.00981
118.0,0.1,102.42,-0.00981
118.0,0.1,102.52,-0.014715
118.0,0.1,102.618,-0.014715
118.0,0.1,102.716,0.0
118.0,0.1,102.815,-0.00981
118.0,0.1,102.914,-0.00981
118.0,0.1,103.013,-0.014715
118.0,0.1,103.113,-0.014715
118.0,0.1,103.215,-0.014715
118.0,0.1,103.31,-0.023544
118.0,0.1,103.439,-0.00981
118.0,0.1,103.507,-0.043164
118.0,0.1,103.606,-0.023544
118.0,0.1,103.704,-0.028449
118.0,0.1,103.827,-0.048069
118.0,0.1,103.902,-0.028449
118.0,0.1,104.0,-0.028449
118.0,0.1,104.1,-0.00981
118.0,0.1,104.232,-0.00981
118.0,0.1,104.297,-0.01962
118.0,0.1,104.4,-0.028449
118.0,0.1,104.495,-0.00981
118.0,0.1,104.631,-0.004905
118.0,0.1,104.692,-0.023544
118.0,0.1,104.791,-0.038259
118.0,0.1,104.89,-0.028449
118.0,0.1,105.004,-0.01962
118.0,0.1,105.088,-0.004905
118.0,0.1,105.218,0.014715
118.0,0.1,105.285,-0.00981
118.0,0.1,105.384,-0.004905
118.0,0.1,105.482,-0.014715
118.0,0.1,105.582,-0.028449
118.0,0.1,105.68,-0.014715
118.0,0.1,105.779,0.0
118.0,0.1,105.878,-0.033354
118.0,0.1,105.977,0.004905
118.0,0.1,106.075,-0.028449
118.0,0.1,106.174,-0.00981
118.0,0.1,106.273,0.004905
118.0,0.1,106.372,-0.004905
118.0,0.1,106.471,-0.004905
118.0,0.1,106.569,-0.038259
118.0,0.1,106.691,-0.01962
118.0,0.1,106.766,-0.004905
118.0,0.1,106.865,0.0
118.0,0.1,106.964,-0.014715
118.0,0.1,107.063,-0.014715
118.0,0.1,107.162,-0.004905
118.0,0.1,107.284,0.0
118.0,0.1,107.359,-0.004905
118.0,0.1,107.458,-0.014715
118.0,0.1,107.556,-0.00981
118.0,0.1,107.673,0.0
118.0,0.1,107.755,-0.004905
118.0,0.1,107.853,-0.00981
118.0,0.1,107.951,-0.01962
118.0,0.1,108.05,-0.00981
118.0,0.1,108.15,-0.004905
118.0,0.1,108.276,-0.00981
118.0,0.1,108.347,-0.01962
118.0,0.1,108.445,-0.01962
118.0,0.1,108.544,-0.00981
118.0,0.1,108.643,-0.00981
118.0,0.1,108.742,-0.01962
118.0,0.1,108.87,-0.028449
118.0,0.1,108.939,-0.014715
118.0,0.1,109.039,-0.014715
118.0,0.1,109.136,-0.00981
118.0,0.1,109.236,-0.01962
118.0,0.1,109.335,-0.014715
118.0,0.1,109.433,0.014715
118.0,0.1,109.548,-0.00981
118.0,0.1,109.632,0.0
118.0,0.1,109.729,0.0
118.0,0.1,109.828,-0.014715
118.0,0.1,109.933,-0.00981
118.0,0.1,110.026,-0.01962
118.0,0.1,110.153,-0.014715
118.0,0.1,110.224,-0.023544
118.0,0.1,110.322,-0.01962
118.0,0.1,110.421,-0.00981
118.0,0.1,110.542,-0.00981
118.0,0.1,110.619,-0.00981
118.0,0.1,110.718,-0.014715
118.0,0.1,110.817,-0.004905
118.0,0.1,110.921,-0.00981
118.0,0.1,111.014,0.119682
118.1,0.2,111.144,0.244269
118.2,0.3,111.212,0.354141
118.3,0.4,111.31,0.503253
118.4,0.5,111.31,0.503253
118.5,0.6,111.41,0.536607
118.6,0.7,111.514,0.737712
118.7,0.7,111.607,0.714168
118.8,0.7,111.732,0.722997
118.9,0.7,111.805,0.709263
119.0,0.7,111.903,0.699453
119.1,0.7,112.002,0.699453
119.2,0.7,112.101,0.699453
119.3,0.7,112.199,0.694548
119.4,0.628571,112.323,0.737712
119.4,0.628571,112.397,0.61803
119.5,0.528571,112.496,0.455184
119.6,0.428571,112.594,0.407115
119.7,0.328571,112.694,0.244269
119.8,0.228571,112.694,0.244269
119.9,0.128571,112.791,0.172656
120.0,0.028571,112.891,0.134397
120.0,0.028571,112.991,-0.086328
120.1,0.0,113.088,0.00981
120.2,0.0,113.203,0.023544
120.3,0.0,113.286,-0.023544
120.4,0.0,113.385,0.0
120.4,0.0,113.483,-0.052974
120.5,0.0,113.483,-0.052974
120.6,0.0,113.483,-0.052974
120.7,0.0,113.483,-0.052974
120.8,0.0,113.483,-0.052974
120.9,0.0,113.483,-0.052974
121.0,0.0,113.483,-0.052974
121.1,0.0,113.483,-0.052974
121.2,0.0,113.483,-0.052974
121.3,0.0,113.483,-0.052974
121.4,0.0,113.483,-0.052974
121.5,0.0,113.483,-0.052974
121.6,0.0,113.483,-0.052974
121.7,0.0,113.483,-0.052974
121.8,0.0,113.483,-0.052974
121.9,0.0,113.483,-0.052974
122.0,-0.02,113.483,-0.052974
122.0,-0.02,113.591,-0.004905
122.0,-0.02,113.682,0.028449
122.0,-0.02,113.81,-0.038259
122.1,-0.12,113.878,-0.066708
122.1,-0.12,113.977,-0.023544
122.1,-0.12,114.076,-0.028449
122.1,-0.12,114.195,0.014715
122.1,-0.12,114.274,-0.033354
122.1,-0.12,114.372,0.00981
122.1,-0.12,114.471,-0.081423
122.1,-0.12,114.572,0.076518
122.1,-0.12,114.668,-0.104967
122.2,-0.22,114.804,-0.162846
122.3,-0.32,114.865,-0.349236
122.4,-0.42,114.966,-0.368856
122.5,-0.52,115.063,-0.503253
122.6,-0.62,115.197,-0.61803
122.7,-0.7,115.261,-0.666099
122.8,-0.7,115.36,-0.732807
122.9,-0.7,115.458,-0.646479
123.0,-0.7,115.588,-0.709263
123.1,-0.7,115.656,-0.714168
123.2,-0.7,115.754,-0.714168
123.3,-0.7,115.854,-0.704358
123.4,-0.7,115.952,-0.718092
123.5,-0.608571,116.05,-0.60822
123.6,-0.508571,116.15,-0.478728
123.7,-0.408571,116.249,-0.388476
123.8,-0.308571,116.347,-0.277623
123.9,-0.208571,116.445,-0.191295
124.0,-0.108571,116.544,-0.048069
124.1,-0.008571,116.643,-0.01962
124.2,0.0,116.742,0.004905
124.3,0.0,116.848,-0.076518
124.4,0.0,116.94,0.038259
124.5,0.0,117.038,-0.004905
124.6,0.0,117.137,0.0
124.6,0.0,117.235,-0.048069
124.7,0.0,117.235,-0.048069
124.8,0.0,117.235,-0.048069
124.9,0.0,117.235,-0.048069
125.0,0.0,117.235,-0.048069
125.1,0.0,117.235,-0.048069
125.2,0.0,117.235,-0.048069
125.3,0.0,117.235,-0.048069
125.4,0.0,117.235,-0.048069
125.5,0.0,117.235,-0.048069
125.6,0.0,117.235,-0.048069
125.7,0.0,117.235,-0.048069
125.8,0.0,117.235,-0.048069
125.9,0.0,117.235,-0.048069
126.0,0.0,117.235,-0.048069
126.1,0.0,117.235,-0.048069
126.2,0.0,117.235,-0.048069
126.3,0.0,117.235,-0.048069
126.4,0.0,117.235,-0.048069
126.5,0.0,117.235,-0.048069
126.6,0.0,117.235,-0.048069
126.7,0.0,117.235,-0.048069
126.8,0.0,117.235,-0.048069
126.9,0.0,117.235,-0.048069
127.0,0.0,117.235,-0.048069
127.1,0.0,117.235,-0.048069
127.2,0.0,117.235,-0.048069
127.3,0.0,117.235,-0.048069
127.4,0.0,117.235,-0.048069
127.5,0.0,117.235,-0.048069
127.6,0.0,117.235,-0.048069
127.7,0.0,117.235,-0.048069
127.8,0.0,117.235,-0.048069
127.9,0.0,117.235,-0.048069
128.0,0.0,117.235,-0.048069
128.1,0.0,117.235,-0.048069
128.2,0.0,117.235,-0.048069
128.3,0.0,117.235,-0.048069
128.4,0.0,117.235,-0.048069
128.5,0.0,117.235,-0.048069
128.6,0.0,117.235,-0.048069
128.7,0.0,117.235,-0.048069
128.8,0.0,117.235,-0.048069
128.9,0.0,117.235,-0.048069
129.0,0.0,117.235,-0.048069
129.1,0.0,117.235,-0.048069
129.2,0.0,117.235,-0.048069
129.3,0.0,117.235,-0.048069
129.4,0.0,117.235,-0.048069
129.5,0.0,117.235,-0.048069
129.6,0.0,117.235,-0.048069
129.7,0.0,117.235,-0.048069
129.8,0.0,117.235,-0.048069
129.9,0.0,117.235,-0.048069
130.0,0.0,117.235,-0.048069
130.1,0.0,117.235,-0.048069
130.2,0.0,117.235,-0.048069
130.3,0.0,117.235,-0.048069
130.4,0.0,117.235,-0.048069
130.5,0.0,117.235,-0.048069
130.6,0.0,117.235,-0.048069
130.7,0.0,117.235,-0.048069
130.8,0.0,117.235,-0.048069
130.9,0.0,117.235,-0.048069
131.0,0.0,117.235,-0.048069
131.1,0.0,117.235,-0.048069
131.2,0.0,117.235,-0.048069
131.3,0.0,117.235,-0.048069
131.4,0.0,117.235,-0.048069
131.5,0.0,117.235,-0.048069
131.6,0.0,117.235,-0.048069
131.7,0.0,117.235,-0.048069
131.8,0.0,117.235,-0.048069
131.9,0.0,117.235,-0.048069
132.0,0.0,117.235,-0.048069
132.1,0.0,117.235,-0.048069
132.2,0.0,117.235,-0.048069
132.3,0.0,117.235,-0.048069
132.4,0.0,117.235,-0.048069
132.5,0.0,117.235,-0.048069
132.6,0.0,117.235,-0.048069
132.7,0.0,117.235,-0.048069
132.8,0.0,117.235,-0.048069
132.9,0.0,117.235,-0.048069
133.0,0.0,117.235,-0.048069
133.1,0.0,117.235,-0.048069
133.2,0.0,117.235,-0.048069
133.3,0.0,117.235,-0.048069
133.4,0.0,117.235,-0.048069
133.5,0.0,117.235,-0.048069
133.6,0.0,117.235,-0.048069
133.7,0.0,117.235,-0.048069
133.8,0.0,117.235,-0.048069
133.9,0.0,117.235,-0.048069
134.0,0.0,117.235,-0.048069
134.1,0.0,117.235,-0.048069
134.2,0.0,117.235,-0.048069
134.3,0.0,117.235,-0.048069
134.4,0.0,117.235,-0.048069
134.5,0.0,117.235,-0.048069
134.6,0.0,117.235,-0.048069
134.7,0.0,117.235,-0.048069
134.8,0.0,117.235,-0.048069
134.9,0.0,117.235,-0.048069
135.0,0.0,117.235,-0.048069
135.1,0.0,117.235,-0.048069
135.2,0.0,117.235,-0.048069
135.3,0.0,117.235,-0.048069
135.4,0.0,117.235,-0.048069
135.5,0.0,117.235,-0.048069
135.6,0.0,117.235,-0.048069
135.7,0.0,117.235,-0.048069
135.8,0.0,117.235,-0.048069
135.9,0.0,117.235,-0.048069
136.0,0.0,117.235,-0.048069
136.1,0.0,117.235,-0.048069
136.2,0.0,117.235,-0.048069
136.3,0.0,117.235,-0.048069
136.4,0.0,117.235,-0.048069
136.5,0.0,117.235,-0.048069
136.6,0.0,117.235,-0.048069
136.7,0.0,117.235,-0.048069
136.8,0.0,117.235,-0.048069
136.9,0.0,117.235,-0.048069
137.0,0.0,117.235,-0.048069
137.1,0.0,117.235,-0.048069
137.2,0.0,117.235,-0.048069
137.3,0.0,117.235,-0.048069
137.4,0.0,117.235,-0.048069
137.5,0.0,117.235,-0.048069
137.6,0.0,117.235,-0.048069
137.7,0.0,117.235,-0.048069
137.8,0.0,117.235,-0.048069
137.9,0.0,117.235,-0.048069
138.0,0.0,117.235,-0.048069
138.1,0.0,117.235,-0.048069
138.2,0.0,117.235,-0.048069
138.3,0.0,117.235,-0.048069
138.4,0.0,117.235,-0.048069
138.5,0.0,117.235,-0.048069
138.6,0.0,117.235,-0.048069
138.7,0.0,117.235,-0.048069
138.8,0.0,117.235,-0.048069
138.9,0.0,117.235,-0.048069
139.0,0.0,117.235,-0.048069
139.1,0.0,117.235,-0.048069
139.2,0.0,117.235,-0.048069
139.3,0.0,117.235,-0.048069
139.4,0.0,117.235,-0.048069
139.5,0.0,117.235,-0.048069
139.6,0.0,117.235,-0.048069
139.7,0.0,117.235,-0.048069
139.8,0.0,117.235,-0.048069
139.9,0.0,117.235,-0.048069
140.0,0.0,117.235,-0.048069
140.1,0.0,117.235,-0.048069
140.2,0.0,117.235,-0.048069
140.3,0.0,117.235,-0.048069
140.4,0.0,117.235,-0.048069
140.5,0.0,117.235,-0.048069
140.6,0.0,117.235,-0.048069
140.7,0.0,117.235,-0.048069
140.8,0.0,117.235,-0.048069
140.9,0.0,117.235,-0.048069
141.0,0.0,117.235,-0.048069
141.1,0.0,117.235,-0.048069
141.2,0.0,117.235,-0.048069
141.3,0.0,117.235,-0.048069
141.4,0.0,117.235,-0.048069
141.5,0.0,117.235,-0.048069
141.6,0.0,117.235,-0.048069
141.7,0.0,117.235,-0.048069
141.8,0.0,117.235,-0.048069
141.9,0.0,117.235,-0.048069
142.0,0.0,117.235,-0.048069
142.1,0.0,117.235,-0.048069
142.2,0.0,117.235,-0.048069
142.3,0.1,117.235,-0.048069
142.3,0.1,117.334,-0.00981
142.3,0.1,117.439,0.00981
142.3,0.1,117.532,0.0
142.3,0.1,117.63,-0.043164
142.3,0.1,117.73,-0.004905
142.3,0.1,117.828,-0.004905
142.3,0.1,117.927,0.023544
142.3,0.1,118.036,-0.038259
142.3,0.1,118.124,-0.014715
142.3,0.1,118.258,0.004905
142.3,0.1,118.322,-0.014715
142.3,0.1,118.421,-0.028449
142.3,0.1,118.52,-0.043164
142.3,0.1,118.64,0.00981
142.3,0.1,118.717,0.004905
142.3,0.1,118.816,0.00981
142.3,0.1,118.915,-0.052974
142.3,0.1,119.013,-0.014715
142.3,0.1,119.112,0.01962
142.3,0.1,119.211,-0.023544
142.3,0.1,119.309,-0.043164
142.3,0.1,119.408,-0.119682
142.3,0.1,119.507,-0.177561
142.3,0.1,119.605,-0.258984
142.3,0.1,119.704,-0.157941
142.3,0.1,119.803,-0.096138
142.3,0.1,119.902,-0.01962
142.3,0.1,120.001,-0.014715
142.3,0.1,120.099,-0.028449
142.3,0.1,120.198,-0.01962
142.3,0.1,120.297,-0.01962
142.3,0.1,120.396,-0.014715
142.3,0.1,120.509,-0.00981
142.3,0.1,120.593,-0.004905
142.3,0.1,120.692,-0.023544
142.3,0.1,120.79,-0.01962
142.3,0.1,120.889,-0.00981
142.3,0.1,120.988,-0.014715
142.3,0.1,121.093,-0.00981
142.3,0.1,121.186,-0.023544
142.3,0.1,121.316,-0.023544
142.3,0.1,121.382,-0.014715
142.3,0.1,121.486,-0.023544
142.3,0.1,121.581,-0.01962
142.3,0.1,121.718,-0.00981
142.3,0.1,121.778,-0.01962
142.3,0.1,121.877,0.0
142.3,0.1,121.976,-0.01962
142.3,0.1,122.081,-0.038259
142.3,0.1,122.173,-0.00981
142.3,0.1,122.296,-0.014715
142.3,0.1,122.37,-0.023544
142.3,0.1,122.47,-0.023544
142.3,0.1,122.568,0.004905
142.3,0.1,122.667,0.0
142.3,0.1,122.766,0.00981
142.3,0.1,122.864,-0.014715
142.3,0.1,122.963,-0.00981
142.3,0.1,123.062,0.014715
142.3,0.1,123.166,-0.014715
142.3,0.1,123.259,-0.014715
142.3,0.1,123.358,-0.023544
142.3,0.1,123.457,-0.023544
142.3,0.1,123.555,-0.01962
142.3,0.1,123.654,-0.00981
142.3,0.1,123.759,0.00981
142.3,0.1,123.851,0.0
142.3,0.1,123.991,-0.014715
142.3,0.1,124.049,-0.00981
142.3,0.1,124.149,-0.004905
142.3,0.1,124.247,-0.004905
142.3,0.1,124.36,-0.014715
142.3,0.1,124.444,0.004905
142.3,0.1,124.542,-0.00981
142.3,0.1,124.64,-0.004905
142.3,0.1,124.75,-0.01962
142.3,0.1,124.839,0.0
142.3,0.1,124.973,-0.004905
142.3,0.1,125.038,-0.014715
142.3,0.1,125.141,-0.01962
142.3,0.1,125.233,-0.014715
142.3,0.1,125.363,-0.023544
142.3,0.1,125.43,-0.014715
142.3,0.1,125.529,-0.00981
142.3,0.1,125.627,-0.014715
142.3,0.1,125.726,-0.00981
142.3,0.1,125.825,-0.00981
142.3,0.1,125.962,-0.014715
142.3,0.1,126.022,-0.014715
142.3,0.1,126.121,-0.014715
142.3,0.1,126.22,-0.014715
142.3,0.1,126.353,-0.004905
142.3,0.1,126.417,-0.00981
142.3,0.1,126.516,-0.014715
142.3,0.1,126.614,-0.00981
142.3,0.1,126.713,-0.00981
142.3,0.1,126.812,-0.00981
142.3,0.1,126.911,-0.014715
142.3,0.1,127.009,-0.00981
142.3,0.1,127.108,-0.014715
142.3,0.1,127.207,-0.014715
142.3,0.1,127.306,-0.014715
142.3,0.1,127.404,-0.014715
142.3,0.1,127.503,-0.01962
142.3,0.1,127.63,-0.014715
142.3,0.1,127.701,0.0
142.3,0.1,127.799,-0.014715
142.3,0.1,127.898,-0.00981
142.3,0.1,128.003,-0.01962
142.3,0.1,128.095,-0.048069
142.3,0.1,128.223,-0.01962
142.3,0.1,128.293,-0.023544
142.3,0.1,128.391,0.01962
142.3,0.1,128.49,0.00981
142.3,0.1,128.589,-0.023544
142.3,0.1,128.687,-0.014715
142.3,0.1,128.81,-0.004905
142.3,0.1,128.885,-0.00981
142.3,0.1,128.984,-0.00981
142.3,0.1,129.082,0.0
142.3,0.1,129.18,-0.004905
142.3,0.1,129.279,-0.028449
142.3,0.1,129.378,-0.004905
142.3,0.1,129.477,-0.004905
142.3,0.1,129.576,-0.01962
142.3,0.1,129.674,-0.00981
142.3,0.1,129.773,-0.00981
142.3,0.1,129.872,0.0
142.3,0.1,129.97,-0.004905
142.3,0.1,130.08,0.0
142.3,0.1,130.168,-0.033354
142.3,0.1,130.266,-0.023544
142.3,0.1,130.365,-0.01962
142.3,0.1,130.47,-0.00981
142.3,0.1,130.562,-0.01962
142.3,0.1,130.686,-0.004905
142.3,0.1,130.76,-0.014715
142.3,0.1,130.858,-0.004905
142.3,0.1,130.957,-0.01962
142.3,0.1,131.077,-0.00981
142.3,0.1,131.154,0.004905
142.3,0.1,131.253,-0.00981
142.3,0.1,131.351,0.0
142.3,0.1,131.45,-0.023544
142.3,0.1,131.549,-0.014715
142.3,0.1,131.671,-0.00981
142.3,0.1,131.746,-0.01962
142.3,0.1,131.844,-0.028449
142.3,0.1,131.943,-0.023544
142.3,0.1,132.066,-0.01962
142.3,0.1,132.141,-0.023544
142.3,0.1,132.239,-0.00981
142.3,0.1,132.338,-0.01962
142.3,0.1,132.436,-0.01962
142.3,0.1,132.535,-0.004905
142.3,0.1,132.635,0.0
142.3,0.1,132.733,-0.01962
142.3,0.1,132.831,-0.00981
142.3,0.1,132.934,0.004905
142.3,0.1,133.029,-0.004905
142.3,0.1,133.128,-0.014715
142.3,0.1,133.226,-0.004905
142.3,0.1,133.324,-0.01962
142.3,0.1,133.423,-0.014715
142.3,0.1,133.543,-0.004905
142.3,0.1,133.621,-0.014715
142.3,0.1,133.719,-0.00981
142.3,0.1,133.817,-0.00981
142.3,0.1,133.928,-0.00981
142.3,0.1,134.015,-0.014715
142.3,0.1,134.114,-0.01962
142.3,0.1,134.213,-0.014715
142.3,0.1,134.312,-0.023544
142.3,0.1,134.41,-0.00981
142.3,0.1,134.511,-0.01962
142.3,0.1,134.609,-0.004905
142.3,0.1,134.727,-0.004905
142.3,0.1,134.806,-0.038259
142.3,0.1,134.904,-0.038259
142.3,0.1,135.003,0.0
142.3,0.1,135.103,-0.01962
142.3,0.1,135.201,0.0
142.3,0.1,135.324,0.057879
142.4,0.2,135.399,0.220725
142.5,0.3,135.497,0.272718
142.6,0.4,135.596,0.435564
142.7,0.5,135.728,0.551322
142.8,0.6,135.793,0.61803
142.9,0.7,135.892,0.761256
143.0,0.7,135.991,0.671004
143.1,0.7,136.09,0.737712
143.2,0.7,136.188,0.679833
143.3,0.7,136.318,0.722997
143.4,0.7,136.387,0.689643
143.5,0.7,136.485,0.661194
143.6,0.7,136.584,0.709263
143.7,0.628571,136.682,0.641574
143.8,0.528571,136.781,0.498348
143.9,0.428571,136.88,0.42183
144.0,0.328571,136.979,0.320787
144.1,0.228571,137.077,0.201105
144.2,0.128571,137.184,0.109872
144.3,0.028571,137.275,0.014715
144.4,0.0,137.405,-0.023544
144.5,0.0,137.473,-0.01962
144.6,0.0,137.571,-0.01962
144.7,0.0,137.67,-0.004905
144.8,0.0,137.792,-0.033354
144.9,0.0,137.868,0.01962
145.0,0.0,138.005,-0.101043
145.1,0.0,138.065,0.043164
145.2,0.0,138.164,-0.048069
145.3,0.0,138.263,0.086328
145.4,0.0,138.379,-0.091233
145.5,0.0,138.461,0.004905
145.6,0.0,138.559,-0.043164
145.7,0.0,138.559,-0.043164
145.8,0.0,138.559,-0.043164
145.9,0.0,138.559,-0.043164
146.0,0.0,138.559,-0.043164
146.1,0.0,138.559,-0.043164
146.2,0.0,138.658,0.023544
146.3,-0.02,138.774,-0.028449
146.4,-0.12,138.856,-0.01962
146.4,-0.12,138.997,0.0
146.4,-0.12,139.053,-0.048069
146.5,-0.22,139.159,-0.234459
146.6,-0.32,139.251,-0.277623
146.7,-0.42,139.38,-0.40221
146.8,-0.52,139.449,-0.503253
146.9,-0.62,139.547,-0.569961
147.0,-0.7,139.646,-0.732807
147.1,-0.7,139.745,-0.679833
147.2,-0.7,139.844,-0.679833
147.3,-0.7,139.943,-0.694548
147.4,-0.7,140.041,-0.709263
147.5,-0.7,140.041,-0.709263
147.6,-0.7,140.14,-0.679833
147.7,-0.7,140.238,-0.684738
147.8,-0.608571,140.337,-0.666099
147.9,-0.508571,140.437,-0.551322
148.0,-0.408571,140.535,-0.460089
148.1,-0.308571,140.635,-0.363951
148.2,-0.208571,140.733,-0.267813
148.3,-0.108571,140.832,-0.096138
148.4,-0.008571,140.931,-0.086328
148.4,-0.008571,141.033,0.004905
148.5,0.0,141.128,-0.043164
148.5,0.0,141.227,0.052974
148.6,0.0,141.326,-0.043164
148.7,0.0,141.429,-0.01962
148.8,0.0,141.523,-0.014715
148.9,0.0,141.646,0.01962
149.0,0.0,141.721,0.0
149.0,0.0,141.82,-0.048069
149.1,0.0,141.82,-0.048069
149.2,0.0,141.82,-0.048069
149.3,0.0,141.82,-0.048069
149.4,0.0,141.82,-0.048069
149.5,0.0,141.82,-0.048069
149.6,0.0,141.82,-0.048069
149.7,0.0,141.82,-0.048069
149.8,0.0,141.82,-0.048069
149.9,0.0,141.82,-0.048069
150.0,0.0,141.82,-0.048069
150.1,0.0,141.82,-0.048069
150.2,0.0,141.82,-0.048069
150.3,0.0,141.82,-0.048069
150.4,0.0,141.82,-0.048069
150.5,0.0,141.82,-0.048069
150.6,0.0,141.82,-0.048069
150.7,0.0,141.82,-0.048069
150.8,0.0,141.82,-0.048069
150.9,0.0,141.82,-0.048069
151.0,0.0,141.82,-0.048069
151.1,0.0,141.82,-0.048069
151.2,0.0,141.82,-0.048069
151.3,0.0,141.82,-0.048069
151.4,0.0,141.82,-0.048069
151.5,0.0,141.82,-0.048069
151.6,0.0,141.82,-0.048069
151.7,0.0,141.82,-0.048069
151.8,0.0,141.82,-0.048069
151.9,0.0,141.82,-0.048069
152.0,0.0,141.82,-0.048069
152.1,0.0,141.82,-0.048069
152.2,0.0,141.82,-0.048069
152.3,0.0,141.82,-0.048069
152.4,0.0,141.82,-0.048069
152.5,0.0,141.82,-0.048069
152.6,0.0,141.82,-0.048069
152.7,0.0,141.82,-0.048069
152.8,0.0,141.82,-0.048069
152.9,0.0,141.82,-0.048069
153.0,0.0,141.82,-0.048069
153.1,0.0,141.82,-0.048069
153.2,0.0,141.82,-0.048069
153.3,0.0,141.82,-0.048069
153.4,0.0,141.82,-0.048069
153.5,0.0,141.82,-0.048069
153.6,0.0,141.82,-0.048069
153.7,0.0,141.82,-0.048069
153.8,0.0,141.82,-0.048069
153.9,0.0,141.82,-0.048069
154.0,0.0,141.82,-0.048069
154.1,0.0,141.82,-0.048069
154.2,0.0,141.82,-0.048069
154.3,0.0,141.82,-0.048069
154.4,0.0,141.82,-0.048069
154.5,0.0,141.82,-0.048069
154.6,0.0,141.82,-0.048069
154.7,0.0,141.82,-0.048069
154.8,0.0,141.82,-0.048069
154.9,0.0,141.82,-0.048069
155.0,0.0,141.82,-0.048069
155.1,0.0,141.82,-0.048069
155.2,0.0,141.82,-0.048069
155.3,0.0,141.82,-0.048069
155.4,0.0,141.82,-0.048069
155.5,0.0,141.82,-0.048069
155.6,0.0,141.82,-0.048069
155.7,0.0,141.82,-0.048069
155.8,0.0,141.82,-0.048069
155.9,0.0,141.82,-0.048069
156.0,0.0,141.82,-0.048069
156.1,0.0,141.82,-0.048069
156.2,0.0,141.82,-0.048069
156.3,0.0,141.82,-0.048069
156.4,0.0,141.82,-0.048069
156.5,0.0,141.82,-0.048069
156.6,0.0,141.82,-0.048069
156.7,0.0,141.82,-0.048069
156.8,0.0,141.82,-0.048069
156.9,0.0,141.82,-0.048069
157.0,0.0,141.82,-0.048069
157.1,0.0,141.82,-0.048069
157.2,0.0,141.82,-0.048069
157.3,0.0,141.82,-0.048069
157.4,0.0,141.82,-0.048069
157.5,0.0,141.82,-0.048069
157.6,0.0,141.82,-0.048069
157.7,0.0,141.82,-0.048069
157.8,0.0,141.82,-0.048069
157.9,0.0,141.82,-0.048069
158.0,0.0,141.82,-0.048069
158.1,0.0,141.82,-0.048069
158.2,0.0,141.82,-0.048069
158.3,0.0,141.82,-0.048069
158.4,0.0,141.82,-0.048069
158.5,0.0,141.82,-0.048069
158.6,0.0,141.82,-0.048069
158.7,0.0,141.82,-0.048069
158.8,0.0,141.82,-0.048069
158.9,0.0,141.82,-0.048069
159.0,0.0,141.82,-0.048069
159.1,0.0,141.82,-0.048069
159.2,0.0,141.82,-0.048069
159.3,0.0,141.82,-0.048069
159.4,0.0,141.82,-0.048069
159.5,0.0,141.82,-0.048069
159.6,0.0,141.82,-0.048069
159.7,0.0,141.82,-0.048069
159.8,0.0,141.82,-0.048069
159.9,0.0,141.82,-0.048069
160.0,0.0,141.82,-0.048069
160.1,0.0,141.82,-0.048069
160.2,0.0,141.82,-0.048069
160.3,0.0,141.82,-0.048069
160.4,0.0,141.82,-0.048069
160.5,0.0,141.82,-0.048069
160.6,0.0,141.82,-0.048069
160.7,0.0,141.82,-0.048069
160.8,0.0,141.82,-0.048069
160.9,0.0,141.82,-0.048069
161.0,0.0,141.82,-0.048069
161.1,0.0,141.82,-0.048069
161.2,0.0,141.82,-0.048069
161.3,0.0,141.82,-0.048069
161.4,0.0,141.82,-0.048069
161.5,0.0,141.82,-0.048069
161.6,0.0,141.82,-0.048069
161.7,0.0,141.82,-0.048069
161.8,0.0,141.82,-0.048069
161.9,0.0,141.82,-0.048069
162.0,0.0,141.82,-0.048069
162.1,0.0,141.82,-0.048069
162.2,0.0,141.82,-0.048069
162.3,0.0,141.82,-0.048069
162.4,0.0,141.82,-0.048069
162.5,0.0,141.82,-0.048069
162.6,0.0,141.82,-0.048069
162.7,0.0,141.82,-0.048069
162.8,0.0,141.82,-0.048069
162.9,0.0,141.82,-0.048069
163.0,0.0,141.82,-0.048069
163.1,0.0,141.82,-0.048069
163.2,0.0,141.82,-0.048069
163.3,0.0,141.82,-0.048069
163.4,0.0,141.82,-0.048069
163.5,0.0,141.82,-0.048069
163.6,0.0,141.82,-0.048069
163.7,0.0,141.82,-0.048069
163.8,0.0,141.82,-0.048069
163.9,0.0,141.82,-0.048069
164.0,0.0,141.82,-0.048069
164.1,0.0,141.82,-0.048069
164.2,0.0,141.82,-0.048069
164.3,0.0,141.82,-0.048069
164.4,0.0,141.82,-0.048069
164.5,0.0,141.82,-0.048069
164.6,0.0,141.82,-0.048069
164.7,0.0,141.82,-0.048069
164.8,0.0,141.82,-0.048069
164.9,0.0,141.82,-0.048069
165.0,0.0,141.82,-0.048069
165.1,0.0,141.82,-0.048069
165.2,0.0,141.82,-0.048069
165.3,0.0,141.82,-0.048069
165.4,0.0,141.82,-0.048069
165.5,0.0,141.82,-0.048069
165.6,0.0,141.82,-0.048069
165.7,0.0,141.82,-0.048069
165.8,0.0,141.82,-0.048069
165.9,0.0,141.82,-0.048069
166.0,0.0,141.82,-0.048069
166.1,0.0,141.82,-0.048069
166.2,0.0,141.82,-0.048069
166.3,0.0,141.82,-0.048069
166.4,0.0,141.82,-0.048069
166.5,0.0,141.82,-0.048069
166.6,0.0,141.82,-0.048069
166.7,0.0,141.82,-0.048069
166.8,0.0,141.82,-0.048069
166.9,0.1,141.82,-0.048069
166.9,0.1,141.919,-0.023544
166.9,0.1,142.02,0.023544
166.9,0.1,142.116,0.00981
166.9,0.1,142.24,-0.01962
166.9,0.1,142.314,-0.048069
166.9,0.1,142.413,0.023544
166.9,0.1,142.511,0.014715
166.9,0.1,142.61,-0.004905
166.9,0.1,142.709,-0.033354
166.9,0.1,142.844,0.00981
166.9,0.1,142.907,0.028449
166.9,0.1,143.006,-0.023544
166.9,0.1,143.104,-0.028449
166.9,0.1,143.203,-0.00981
166.9,0.1,143.302,0.038259
166.9,0.1,143.438,-0.01962
166.9,0.1,143.499,-0.052974
166.9,0.1,143.598,-0.086328
166.9,0.1,143.696,-0.148131
166.9,0.1,143.795,-0.20601
166.9,0.1,143.894,-0.162846
166.9,0.1,143.992,-0.104967
166.9,0.1,144.092,-0.043164
166.9,0.1,144.19,-0.004905
166.9,0.1,144.289,-0.01962
166.9,0.1,144.387,-0.00981
166.9,0.1,144.51,-0.004905
166.9,0.1,144.585,-0.014715
166.9,0.1,144.685,0.0
166.9,0.1,144.782,-0.004905
166.9,0.1,144.885,-0.00981
166.9,0.1,144.98,-0.00981
166.9,0.1,145.112,-0.004905
166.9,0.1,145.178,-0.014715
166.9,0.1,145.277,-0.004905
166.9,0.1,145.375,-0.004905
166.9,0.1,145.487,-0.033354
166.9,0.1,145.573,-0.00981
166.9,0.1,145.707,-0.00981
166.9,0.1,145.771,-0.023544
166.9,0.1,145.869,-0.004905
166.9,0.1,145.968,-0.014715
166.9,0.1,146.09,0.004905
166.9,0.1,146.166,-0.00981
166.9,0.1,146.264,-0.014715
166.9,0.1,146.363,0.0
166.9,0.1,146.462,-0.004905
166.9,0.1,146.561,0.004905
166.9,0.1,146.66,-0.004905
166.9,0.1,146.759,-0.023544
166.9,0.1,146.89,-0.023544
166.9,0.1,146.956,-0.01962
166.9,0.1,147.055,-0.014715
166.9,0.1,147.152,-0.033354
166.9,0.1,147.252,0.038259
166.9,0.1,147.351,0.004905
166.9,0.1,147.487,0.0
166.9,0.1,147.548,0.004905
166.9,0.1,147.647,0.004905
166.9,0.1,147.768,-0.004905
166.9,0.1,147.845,0.0
166.9,0.1,147.943,-0.014715
166.9,0.1,148.042,-0.028449
166.9,0.1,148.144,-0.014715
166.9,0.1,148.24,-0.014715
166.9,0.1,148.375,-0.004905
166.9,0.1,148.438,-0.014715
166.9,0.1,148.55,-0.00981
166.9,0.1,148.635,0.004905
166.9,0.1,148.733,-0.014715
166.9,0.1,148.832,-0.00981
166.9,0.1,148.933,-0.014715
166.9,0.1,149.03,-0.014715
166.9,0.1,149.16,-0.014715
166.9,0.1,149.228,-0.014715
166.9,0.1,149.326,-0.01962
166.9,0.1,149.425,-0.028449
166.9,0.1,149.55,-0.00981
166.9,0.1,149.623,0.0
166.9,0.1,149.722,-0.014715
166.9,0.1,149.82,-0.004905
166.9,0.1,149.918,-0.014715
166.9,0.1,150.018,-0.023544
166.9,0.1,150.117,-0.014715
166.9,0.1,150.215,-0.014715
166.9,0.1,150.314,-0.01962
166.9,0.1,150.412,-0.014715
166.9,0.1,150.552,-0.00981
166.9,0.1,150.61,-0.01962
166.9,0.1,150.708,-0.014715
166.9,0.1,150.808,-0.00981
166.9,0.1,150.906,-0.01962
166.9,0.1,151.005,-0.004905
166.9,0.1,151.104,-0.023544
166.9,0.1,151.22,-0.00981
166.9,0.1,151.301,-0.00981
166.9,0.1,151.399,-0.00981
166.9,0.1,151.498,-0.01962
166.9,0.1,151.614,-0.01962
166.9,0.1,151.697,-0.00981
166.9,0.1,151.795,-0.014715
166.9,0.1,151.894,-0.01962
166.9,0.1,151.993,-0.004905
166.9,0.1,152.091,-0.014715
166.9,0.1,152.214,-0.01962
166.9,0.1,152.289,-0.00981
166.9,0.1,152.386,0.014715
166.9,0.1,152.485,-0.014715
166.9,0.1,152.591,-0.014715
166.9,0.1,152.683,-0.01962
166.9,0.1,152.811,-0.014715
166.9,0.1,152.881,-0.023544
166.9,0.1,152.979,-0.004905
166.9,0.1,153.078,0.0
166.9,0.1,153.177,-0.023544
166.9,0.1,153.276,-0.038259
166.9,0.1,153.404,-0.023544
166.9,0.1,153.473,-0.01962
166.9,0.1,153.572,-0.00981
166.9,0.1,153.671,-0.00981
166.9,0.1,153.77,-0.01962
166.9,0.1,153.868,0.0
166.9,0.1,153.967,-0.004905
166.9,0.1,154.065,-0.014715
166.9,0.1,154.163,0.014715
166.9,0.1,154.264,-0.014715
166.9,0.1,154.362,-0.00981
166.9,0.1,154.484,-0.014715
166.9,0.1,154.559,-0.00981
166.9,0.1,154.658,-0.00981
166.9,0.1,154.757,-0.00981
166.9,0.1,154.882,-0.014715
166.9,0.1,154.954,0.0
166.9,0.1,155.053,-0.00981
166.9,0.1,155.151,-0.028449
166.9,0.1,155.255,-0.01962
166.9,0.1,155.35,-0.014715
166.9,0.1,155.47,-0.004905
166.9,0.1,155.547,0.00981
166.9,0.1,155.685,-0.033354
166.9,0.1,155.745,-0.00981
166.9,0.1,155.844,-0.00981
166.9,0.1,155.942,-0.004905
166.9,0.1,156.065,-0.00981
166.9,0.1,156.14,-0.00981
166.9,0.1,156.239,-0.004905
166.9,0.1,156.337,-0.004905
166.9,0.1,156.465,0.0
166.9,0.1,156.535,0.004905
166.9,0.1,156.634,-0.004905
166.9,0.1,156.733,-0.00981
166.9,0.1,156.832,-0.01962
166.9,0.1,156.93,-0.00981
166.9,0.1,157.05,-0.004905
166.9,0.1,157.128,-0.004905
166.9,0.1,157.227,-0.01962
166.9,0.1,157.325,-0.01962
166.9,0.1,157.424,-0.014715
166.9,0.1,157.522,-0.043164
166.9,0.1,157.622,-0.033354
166.9,0.1,157.721,-0.014715
166.9,0.1,157.819,-0.01962
166.9,0.1,157.922,-0.014715
166.9,0.1,158.017,-0.00981
166.9,0.1,158.116,-0.014715
166.9,0.1,158.214,-0.014715
166.9,0.1,158.313,-0.004905
166.9,0.1,158.412,-0.00981
166.9,0.1,158.524,-0.014715
166.9,0.1,158.609,-0.00981
166.9,0.1,158.708,-0.01962
166.9,0.1,158.807,-0.071613
166.9,0.1,158.907,-0.048069
166.9,0.1,159.004,-0.023544
166.9,0.1,159.127,-0.01962
166.9,0.1,159.202,-0.01962
166.9,0.1,159.3,-0.014715
166.9,0.1,159.399,-0.01962
166.9,0.1,159.513,-0.014715
166.9,0.1,159.597,-0.00981
166.9,0.1,159.739,-0.00981
166.9,0.1,159.794,-0.00981
166.9,0.1,159.893,0.004905
167.0,0.2,159.992,0.234459
167.1,0.3,160.09,0.272718
167.2,0.4,160.19,0.430659
167.3,0.5,160.288,0.526797
167.4,0.6,160.387,0.593505
167.5,0.7,160.486,0.752427
167.6,0.7,160.584,0.671004
167.7,0.7,160.683,0.704358
167.8,0.7,160.782,0.709263
167.9,0.7,160.881,0.661194
168.0,0.7,160.98,0.737712
168.1,0.7,161.079,0.709263
168.2,0.7,161.177,0.714168
168.3,0.628571,161.276,0.656289
168.4,0.528571,161.375,0.574866
168.5,0.428571,161.474,0.435564
168.6,0.328571,161.575,0.359046
168.7,0.228571,161.672,0.263889
168.8,0.128571,161.787,0.109872
168.9,0.028571,161.869,0.076518
169.0,0.0,162.006,-0.038259
169.1,0.0,162.066,-0.028449
169.2,0.0,162.165,0.052974
169.3,0.0,162.264,-0.014715
169.4,0.0,162.38,0.043164
169.5,0.0,162.38,0.043164
169.6,0.0,162.38,0.043164
169.7,0.0,162.38,0.043164
169.8,0.0,162.38,0.043164
169.9,0.0,162.38,0.043164
170.0,0.0,162.462,-0.048069
170.1,0.0,162.6,-0.033354
170.2,0.0,162.66,0.01962
170.3,0.0,162.768,-0.033354
170.4,0.0,162.857,0.048069
170.5,0.0,162.988,-0.076518
170.6,0.0,163.055,0.028449
170.7,0.0,163.154,-0.01962
170.8,0.0,163.252,0.033354
170.9,-0.02,163.351,-0.01962
171.0,-0.12,163.45,-0.028449
171.0,-0.12,163.549,-0.043164
171.0,-0.12,163.647,-0.014715
171.0,-0.12,163.747,-0.162846
171.1,-0.22,163.845,-0.277623
171.2,-0.32,163.845,-0.277623
171.3,-0.42,163.944,-0.407115
171.4,-0.52,164.043,-0.464994
171.5,-0.62,164.183,-0.569961
171.6,-0.7,164.24,-0.709263
171.7,-0.7,164.339,-0.732807
171.8,-0.7,164.437,-0.727902
171.9,-0.7,164.537,-0.766161
172.0,-0.7,164.635,-0.709263
172.1,-0.7,164.734,-0.694548
172.2,-0.7,164.832,-0.714168
172.3,-0.7,164.931,-0.699453
172.4,-0.608571,165.029,-0.569961
172.5,-0.508571,165.129,-0.464994
172.6,-0.408571,165.227,-0.430659
172.7,-0.308571,165.326,-0.244269
172.8,-0.208571,165.424,-0.210915
172.9,-0.108571,165.523,-0.057879
173.0,-0.008571,165.655,-0.033354
173.1,0.0,165.721,0.004905
173.2,0.0,165.822,0.038259
173.3,0.0,165.919,-0.081423
173.4,0.0,166.043,0.014715
173.5,0.0,166.115,-0.023544
173.6,0.0,166.215,0.033354
173.7,0.0,166.313,-0.061803
173.8,0.0,166.427,-0.014715
173.9,0.0,166.511,0.0
173.9,0.0,166.649,0.0
174.0,0.0,166.649,0.0
174.1,0.0,166.649,0.0
174.2,0.0,166.649,0.0
174.3,0.0,166.649,0.0
174.4,0.0,166.649,0.0
174.5,0.0,166.649,0.0
174.6,0.0,166.649,0.0
174.7,0.0,166.649,0.0
174.8,0.0,166.649,0.0
174.9,0.0,166.649,0.0
175.0,0.0,166.649,0.0
175.1,0.0,166.649,0.0
175.2,0.0,166.649,0.0
175.3,0.0,166.649,0.0
175.4,0.0,166.649,0.0
175.5,0.0,166.649,0.0
175.6,0.0,166.649,0.0
175.7,0.0,166.649,0.0
175.8,0.0,166.649,0.0
175.9,0.0,166.649,0.0
176.0,0.0,166.649,0.0
176.1,0.0,166.649,0.0
176.2,0.0,166.649,0.0
176.3,0.0,166.649,0.0
176.4,0.0,166.649,0.0
176.5,0.0,166.649,0.0
176.6,0.0,166.649,0.0
176.7,0.0,166.649,0.0
176.8,0.0,166.649,0.0
176.9,0.0,166.649,0.0
177.0,0.0,166.649,0.0
177.1,0.0,166.649,0.0
177.2,0.0,166.649,0.0
177.3,0.0,166.649,0.0
177.4,0.0,166.649,0.0
177.5,0.0,166.649,0.0
177.6,0.0,166.649,0.0
177.7,0.0,166.649,0.0
177.8,0.0,166.649,0.0
177.9,0.0,166.649,0.0
178.0,0.0,166.649,0.0
178.1,0.0,166.649,0.0
178.2,0.0,166.649,0.0
178.3,0.0,166.649,0.0
178.4,0.0,166.649,0.0
178.5,0.0,166.649,0.0
178.6,0.0,166.649,0.0
178.7,0.0,166.649,0.0
178.8,0.0,166.649,0.0
178.9,0.0,166.649,0.0
179.0,0.0,166.649,0.0
179.1,0.0,166.649,0.0
179.2,0.0,166.649,0.0
179.3,0.0,166.649,0.0
179.4,0.0,166.649,0.0
179.5,0.0,166.649,0.0
179.6,0.0,166.649,0.0
179.7,0.0,166.649,0.0
179.8,0.0,166.649,0.0
179.9,0.0,166.649,0.0
180.0,0.0,166.649,0.0
180.1,0.0,166.649,0.0
180.2,0.0,166.649,0.0
180.3,0.0,166.649,0.0
180.4,0.0,166.649,0.0
180.5,0.0,166.649,0.0
180.6,0.0,166.649,0.0
180.7,0.0,166.649,0.0
180.8,0.0,166.649,0.0
180.9,0.0,166.649,0.0
181.0,0.0,166.649,0.0
181.1,0.0,166.649,0.0
181.2,0.0,166.649,0.0
181.3,0.0,166.649,0.0
181.4,0.0,166.649,0.0
181.5,0.0,166.649,0.0
181.6,0.0,166.649,0.0
181.7,0.0,166.649,0.0
181.8,0.0,166.649,0.0
181.9,0.0,166.649,0.0
182.0,0.0,166.649,0.0
182.1,0.0,166.649,0.0
182.2,0.0,166.649,0.0
182.3,0.0,166.649,0.0
182.4,0.0,166.649,0.0
182.5,0.0,166.649,0.0
182.6,0.0,166.649,0.0
182.7,0.0,166.649,0.0
182.8,0.0,166.649,0.0
182.9,0.0,166.649,0.0
183.0,0.0,166.649,0.0
183.1,0.0,166.649,0.0
183.2,0.0,166.649,0.0
183.3,0.0,166.649,0.0
183.4,0.0,166.649,0.0
183.5,0.0,166.649,0.0
183.6,0.0,166.649,0.0
183.7,0.0,166.649,0.0
183.8,0.0,166.649,0.0
183.9,0.0,166.649,0.0
184.0,0.0,166.649,0.0
184.1,0.0,166.649,0.0
184.2,0.0,166.649,0.0
184.3,0.0,166.649,0.0
184.4,0.0,166.649,0.0
184.5,0.0,166.649,0.0
184.6,0.0,166.649,0.0
184.7,0.0,166.649,0.0
184.8,0.0,166.649,0.0
184.9,0.0,166.649,0.0
185.0,0.0,166.649,0.0
185.1,0.0,166.649,0.0
185.2,0.0,166.649,0.0
185.3,0.0,166.649,0.0
185.4,0.0,166.649,0.0
185.5,0.0,166.649,0.0
185.6,0.0,166.649,0.0
185.7,0.0,166.649,0.0
185.8,0.0,166.649,0.0
185.9,0.0,166.649,0.0
186.0,0.0,166.649,0.0
186.1,0.0,166.649,0.0
186.2,0.0,166.649,0.0
186.3,0.0,166.649,0.0
186.4,0.0,166.649,0.0
186.5,0.0,166.649,0.0
186.6,0.0,166.649,0.0
186.7,0.0,166.649,0.0
186.8,0.0,166.649,0.0
186.9,0.0,166.649,0.0
187.0,0.0,166.649,0.0
187.1,0.0,166.649,0.0
187.2,0.0,166.649,0.0
187.3,0.0,166.649,0.0
187.4,0.0,166.649,0.0
187.5,0.0,166.649,0.0
187.6,0.0,166.649,0.0
187.7,0.0,166.649,0.0
187.8,0.0,166.649,0.0
187.9,0.0,166.649,0.0
188.0,0.0,166.649,0.0
188.1,0.0,166.649,0.0
188.2,0.0,166.649,0.0
188.3,0.0,166.649,0.0
188.4,0.0,166.649,0.0
188.5,0.0,166.649,0.0
188.6,0.0,166.649,0.0
188.7,0.0,166.649,0.0
188.8,0.0,166.649,0.0
188.9,0.0,166.649,0.0
189.0,0.0,166.649,0.0
189.1,0.0,166.649,0.0
189.2,0.0,166.649,0.0
189.3,0.0,166.649,0.0
189.4,0.0,166.649,0.0
189.5,0.0,166.649,0.0
189.6,0.0,166.649,0.0
189.7,0.0,166.649,0.0
189.8,0.0,166.649,0.0
189.9,0.0,166.649,0.0
190.0,0.0,166.649,0.0
190.1,0.0,166.649,0.0
190.2,0.0,166.649,0.0
190.3,0.0,166.649,0.0
190.4,0.0,166.649,0.0
190.5,0.0,166.649,0.0
190.6,0.0,166.649,0.0
190.7,0.0,166.649,0.0
190.8,0.0,166.649,0.0
190.9,0.0,166.649,0.0
191.0,0.0,166.649,0.0
191.1,0.0,166.649,0.0
191.2,0.0,166.649,0.0
191.3,0.0,166.649,0.0
191.4,0.0,166.649,0.0
191.5,0.1,166.649,0.0
191.5,0.1,166.709,-0.028449
191.5,0.1,166.817,-0.043164
191.5,0.1,166.907,0.00981
191.5,0.1,167.033,0.0
191.5,0.1,167.104,-0.014715
191.5,0.1,167.202,-0.023544
191.5,0.1,167.301,-0.00981
191.5,0.1,167.4,0.028449
191.5,0.1,167.499,-0.01962
191.5,0.1,167.632,-0.028449
191.5,0.1,167.697,-0.00981
191.5,0.1,167.795,0.004905
191.5,0.1,167.894,0.004905
191.5,0.1,167.993,-0.052974
191.5,0.1,168.092,-0.004905
191.5,0.1,168.19,-0.086328
191.5,0.1,168.288,-0.1962
191.5,0.1,168.388,-0.282528
191.5,0.1,168.501,-0.182466
191.5,0.1,168.585,-0.091233
191.5,0.1,168.684,-0.023544
191.5,0.1,168.783,-0.01962
191.5,0.1,168.882,-0.023544
191.5,0.1,168.98,-0.00981
191.5,0.1,169.092,-0.00981
191.5,0.1,169.178,-0.00981
191.5,0.1,169.276,-0.014715
191.5,0.1,169.375,-0.014715
191.5,0.1,169.489,-0.004905
191.5,0.1,169.574,-0.00981
191.5,0.1,169.706,-0.014715
191.5,0.1,169.77,-0.004905
191.5,0.1,169.869,-0.00981
191.5,0.1,169.968,-0.00981
191.5,0.1,170.067,0.0
191.5,0.1,170.166,-0.014715
191.5,0.1,170.298,-0.004905
191.5,0.1,170.363,-0.01962
191.5,0.1,170.462,-0.00981
191.5,0.1,170.561,-0.004905
191.5,0.1,170.659,-0.004905
191.5,0.1,170.759,-0.014715
191.5,0.1,170.857,-0.01962
191.5,0.1,170.955,-0.028449
191.5,0.1,171.054,-0.01962
191.5,0.1,171.164,-0.004905
191.5,0.1,171.252,-0.00981
191.5,0.1,171.351,0.01962
191.5,0.1,171.45,-0.004905
191.5,0.1,171.549,-0.023544
191.5,0.1,171.648,0.0
191.5,0.1,171.754,0.004905
191.5,0.1,171.845,-0.014715
191.5,0.1,171.966,0.0
191.5,0.1,172.043,0.0
191.5,0.1,172.141,0.00981
191.5,0.1,172.24,0.004905
191.5,0.1,172.344,-0.00981
191.5,0.1,172.437,-0.014715
191.5,0.1,172.564,-0.023544
191.5,0.1,172.635,-0.00981
191.5,0.1,172.734,-0.01962
191.5,0.1,172.832,0.00981
191.5,0.1,172.931,-0.01962
191.5,0.1,173.029,-0.00981
191.5,0.1,173.154,0.004905
191.5,0.1,173.227,-0.004905
191.5,0.1,173.326,-0.00981
191.5,0.1,173.425,-0.01962
191.5,0.1,173.537,-0.014715
191.5,0.1,173.623,-0.00981
191.5,0.1,173.757,-0.00981
191.5,0.1,173.819,0.004905
191.5,0.1,173.919,-0.014715
191.5,0.1,174.017,-0.014715
191.5,0.1,174.116,-0.01962
191.5,0.1,174.215,-0.023544
191.5,0.1,174.346,-0.004905
191.5,0.1,174.412,0.0
191.5,0.1,174.511,-0.004905
191.5,0.1,174.61,-0.014715
191.5,0.1,174.709,-0.004905
191.5,0.1,174.807,-0.004905
191.5,0.1,174.906,-0.00981
191.5,0.1,175.006,-0.004905
191.5,0.1,175.103,-0.00981
191.5,0.1,175.216,-0.004905
191.5,0.1,175.301,-0.00981
191.5,0.1,175.436,-0.004905
191.5,0.1,175.498,0.0
191.5,0.1,175.597,-0.00981
191.5,0.1,175.695,0.0
191.5,0.1,175.82,-0.00981
191.5,0.1,175.893,0.0
191.5,0.1,175.992,-0.004905
191.5,0.1,176.091,-0.014715
191.5,0.1,176.193,-0.00981
191.5,0.1,176.288,-0.004905
191.5,0.1,176.416,-0.00981
191.5,0.1,176.485,-0.004905
191.5,0.1,176.584,-0.004905
191.5,0.1,176.683,-0.004905
191.5,0.1,176.781,-0.00981
191.5,0.1,176.881,-0.023544
191.5,0.1,177.006,-0.004905
191.5,0.1,177.079,-0.023544
191.5,0.1,177.177,-0.01962
191.5,0.1,177.275,-0.023544
191.5,0.1,177.374,-0.00981
191.5,0.1,177.473,0.004905
191.5,0.1,177.61,-0.004905
191.5,0.1,177.671,0.004905
191.5,0.1,177.769,-0.014715
191.5,0.1,177.867,0.004905
191.5,0.1,177.967,-0.004905
191.5,0.1,178.065,-0.033354
191.5,0.1,178.164,-0.004905
191.5,0.1,178.287,0.014715
191.5,0.1,178.361,-0.023544
191.5,0.1,178.461,-0.01962
191.5,0.1,178.559,-0.014715
191.5,0.1,178.691,0.01962
191.5,0.1,178.756,-0.00981
191.5,0.1,178.854,0.0
191.5,0.1,178.954,-0.004905
191.5,0.1,179.076,-0.014715
191.5,0.1,179.151,-0.023544
191.5,0.1,179.25,-0.00981
191.5,0.1,179.349,0.004905
191.5,0.1,179.447,-0.01962
191.5,0.1,179.547,-0.00981
191.5,0.1,179.66,-0.004905
191.5,0.1,179.744,0.0
191.5,0.1,179.883,-0.00981
191.5,0.1,179.941,-0.023544
191.5,0.1,180.04,-0.01962
191.5,0.1,180.139,-0.028449
191.5,0.1,180.256,-0.00981
191.5,0.1,180.336,0.004905
191.5,0.1,180.472,-0.01962
191.5,0.1,180.534,-0.01962
191.5,0.1,180.633,0.0
191.5,0.1,180.731,-0.01962
191.5,0.1,180.83,-0.014715
191.5,0.1,180.929,-0.00981
191.5,0.1,181.059,-0.014715
191.5,0.1,181.126,-0.00981
191.5,0.1,181.224,-0.01962
191.5,0.1,181.323,-0.014715
191.5,0.1,181.422,0.0
191.5,0.1,181.521,-0.014715
191.5,0.1,181.62,-0.014715
191.5,0.1,181.73,-0.01962
191.5,0.1,181.817,-0.014715
191.5,0.1,181.916,0.0
191.5,0.1,182.015,0.0
191.5,0.1,182.122,-0.038259
191.5,0.1,182.212,-0.014715
191.5,0.1,182.311,0.0
191.5,0.1,182.409,-0.00981
191.5,0.1,182.508,-0.014715
191.5,0.1,182.607,-0.00981
191.5,0.1,182.726,-0.014715
191.5,0.1,182.805,-0.043164
191.5,0.1,182.903,-0.023544
191.5,0.1,183.002,-0.004905
191.5,0.1,183.11,-0.004905
191.5,0.1,183.2,-0.028449
191.5,0.1,183.297,-0.014715
191.5,0.1,183.397,-0.014715
191.5,0.1,183.496,-0.004905
191.5,0.1,183.594,-0.014715
191.5,0.1,183.717,-0.01962
191.5,0.1,183.791,-0.00981
191.5,0.1,183.89,-0.023544
191.5,0.1,183.989,-0.00981
191.5,0.1,184.088,-0.00981
191.5,0.1,184.186,-0.00981
191.5,0.1,184.323,-0.00981
191.5,0.1,184.384,-0.014715
191.5,0.1,184.483,-0.004905
191.5,0.1,184.582,0.129492
191.6,0.2,184.68,0.229554
191.7,0.3,184.779,0.320787
191.8,0.4,184.878,0.488538
191.9,0.5,184.878,0.488538
192.0,0.6,184.977,0.555246
192.1,0.7,185.076,0.62784
192.1,0.7,185.175,0.694548
192.2,0.7,185.273,0.727902
192.3,0.7,185.372,0.646479
192.4,0.7,185.47,0.727902
192.5,0.7,185.575,0.661194
192.6,0.7,185.668,0.679833
192.7,0.7,185.795,0.684738
192.8,0.7,185.866,0.694548
192.9,0.628571,185.965,0.61803
193.0,0.528571,186.064,0.445374
193.1,0.428571,186.166,0.340407
193.2,0.328571,186.166,0.340407
193.3,0.228571,186.261,0.307053
193.4,0.128571,186.385,0.162846
193.5,0.028571,186.459,0.043164
193.6,0.0,186.558,0.00981
193.7,0.0,186.657,-0.023544
193.8,0.0,186.767,0.023544
193.9,0.0,186.855,-0.014715
194.0,0.0,186.99,-0.043164
194.1,0.0,187.052,0.023544
194.2,0.0,187.15,-0.014715
194.3,0.0,187.249,0.071613
194.4,0.0,187.381,-0.057879
194.5,0.0,187.448,0.00981
194.6,0.0,187.546,-0.023544
194.7,0.0,187.645,-0.01962
194.8,0.0,187.744,-0.00981
194.9,0.0,187.842,-0.028449
195.0,0.0,187.981,-0.00981
195.1,0.0,188.04,0.0
195.1,0.0,188.139,-0.01962
195.2,0.0,188.139,-0.01962
195.3,0.0,188.139,-0.01962
195.4,0.0,188.139,-0.01962
195.5,-0.02,188.139,-0.01962
195.5,-0.02,188.238,0.0
195.5,-0.02,188.363,-0.048069
195.6,-0.12,188.435,-0.114777
195.7,-0.22,188.534,-0.258984
195.8,-0.32,188.633,-0.363951
195.9,-0.42,188.731,-0.464994
196.0,-0.52,188.83,-0.555246
196.1,-0.62,188.929,-0.679833
196.2,-0.7,189.034,-0.709263
196.3,-0.7,189.127,-0.727902
196.4,-0.7,189.225,-0.699453
196.5,-0.7,189.325,-0.761256
196.6,-0.7,189.325,-0.761256
196.7,-0.7,189.424,-0.684738
196.8,-0.7,189.522,-0.709263
196.9,-0.7,189.643,-0.756351
197.0,-0.608571,189.719,-0.613125
197.1,-0.508571,189.818,-0.455184
197.2,-0.408571,189.917,-0.440469
197.3,-0.308571,190.026,-0.287433
197.4,-0.208571,190.115,-0.244269
197.5,-0.108571,190.243,-0.109872
197.6,-0.008571,190.312,-0.004905
197.7,0.0,190.411,0.004905
197.8,0.0,190.511,-0.028449
197.9,0.0,190.627,-0.023544
198.0,0.0,190.708,0.014715
198.1,0.0,190.846,-0.014715
198.2,0.0,190.906,-0.043164
198.2,0.0,191.004,-0.014715
198.29999,0.0,191.103,-0.00981
198.49999,0.0,191.241,0.01962
198.79999,0.0,191.301,-0.028449
199.19999,0.0,191.399,-0.066708
199.69999,0.0,191.497,0.023544
200.29999,0.0,191.625,0.0
200.29999,0.0,191.695,-0.01962
200.99999,0.0,191.695,-0.01962
201.79999,0.0,191.695,-0.01962
202.69999,0.0,191.695,-0.01962
203.69999,0.0,191.695,-0.01962
204.79999,0.0,191.695,-0.01962
205.99999,0.0,191.695,-0.01962
207.29999,0.0,191.695,-0.01962
208.69999,0.0,191.695,-0.01962
210.19999,0.0,191.695,-0.01962
211.79999,0.0,191.695,-0.01962
213.49999,0.0,191.695,-0.01962
215.29999,0.0,191.695,-0.01962
217.19999,0.0,191.695,-0.01962
219.19999,0.0,191.695,-0.01962
221.29999,0.0,191.695,-0.01962
223.49999,0.0,191.695,-0.01962
225.79999,0.0,191.695,-0.01962
228.19999,0.0,191.695,-0.01962
230.69999,0.0,191.695,-0.01962
233.29999,0.0,191.695,-0.01962
235.99999,0.0,191.695,-0.01962
238.79999,0.0,191.695,-0.01962
241.69999,0.0,191.695,-0.01962
244.69999,0.0,191.695,-0.01962
247.79999,0.0,191.695,-0.01962
250.99999,0.0,191.695,-0.01962
254.29999,0.0,191.695,-0.01962
257.69999,0.0,191.695,-0.01962
261.19999,0.0,191.695,-0.01962
264.79999,0.0,191.695,-0.01962
268.49998,0.0,191.695,-0.01962
272.29998,0.0,191.695,-0.01962
276.19998,0.0,191.695,-0.01962
280.19998,0.0,191.695,-0.01962
284.29998,0.0,191.695,-0.01962
288.49998,0.0,191.695,-0.01962
292.79998,0.0,191.695,-0.01962
297.19998,0.0,191.695,-0.01962
301.69998,0.0,191.695,-0.01962
306.29998,0.0,191.695,-0.01962
310.99998,0.0,191.695,-0.01962
315.79998,0.0,191.695,-0.01962
320.69998,0.0,191.695,-0.01962
325.69998,0.0,191.695,-0.01962
330.79998,0.0,191.695,-0.01962
335.99998,0.0,191.695,-0.01962
341.29998,0.0,191.695,-0.01962
346.69998,0.0,191.695,-0.01962
352.19998,0.0,191.695,-0.01962
357.79998,0.0,191.695,-0.01962
363.49998,0.0,191.695,-0.01962
369.29998,0.0,191.695,-0.01962
375.19998,0.0,191.695,-0.01962
381.19998,0.0,191.695,-0.01962
387.29998,0.0,191.695,-0.01962
393.49998,0.0,191.695,-0.01962
399.79998,0.0,191.695,-0.01962
406.19998,0.0,191.695,-0.01962
412.69998,0.0,191.695,-0.01962
419.29998,0.0,191.695,-0.01962
425.99998,0.0,191.695,-0.01962
432.79998,0.0,191.695,-0.01962
439.69998,0.0,191.695,-0.01962
446.69998,0.0,191.695,-0.01962
453.79998,0.0,191.695,-0.01962
460.99998,0.0,191.695,-0.01962
468.29998,0.0,191.695,-0.01962
475.69998,0.0,191.695,-0.01962
483.19998,0.0,191.695,-0.01962
490.79998,0.0,191.695,-0.01962
498.49998,0.0,191.695,-0.01962
506.29998,0.0,191.695,-0.01962
514.19998,0.0,191.695,-0.01962
522.19998,0.0,191.695,-0.01962
530.29998,0.0,191.695,-0.01962
538.49998,0.0,191.695,-0.01962
546.79998,0.0,191.695,-0.01962
555.19998,0.0,191.695,-0.01962
563.69998,0.0,191.695,-0.01962
572.29998,0.0,191.695,-0.01962
580.99998,0.0,191.695,-0.01962
589.79998,0.0,191.695,-0.01962
598.69998,0.0,191.695,-0.01962
607.69998,0.0,191.695,-0.01962
616.79998,0.0,191.695,-0.01962
625.99998,0.0,191.695,-0.01962
635.29998,0.0,191.695,-0.01962
644.69998,0.0,191.695,-0.01962
654.19998,0.0,191.695,-0.01962
663.79998,0.0,191.695,-0.01962
673.49998,0.0,191.695,-0.01962
683.29998,0.0,191.695,-0.01962
693.19998,0.0,191.695,-0.01962
703.19998,0.0,191.695,-0.01962
713.29998,0.0,191.695,-0.01962
723.49998,0.0,191.695,-0.01962
733.79998,0.0,191.695,-0.01962
744.19998,0.0,191.695,-0.01962
754.69998,0.0,191.695,-0.01962
765.29998,0.0,191.695,-0.01962
775.99998,0.0,191.695,-0.01962
786.79998,0.0,191.695,-0.01962
797.69998,0.0,191.695,-0.01962
808.69998,0.0,191.695,-0.01962
819.79998,0.0,191.695,-0.01962
830.99998,0.0,191.695,-0.01962
842.29998,0.0,191.695,-0.01962
853.69998,0.0,191.695,-0.01962
865.19998,0.0,191.695,-0.01962
876.79998,0.0,191.695,-0.01962
888.49998,0.0,191.695,-0.01962
900.29998,0.0,191.695,-0.01962
912.19998,0.0,191.695,-0.01962
924.19998,0.0,191.695,-0.01962
936.29998,0.0,191.695,-0.01962
948.49998,0.0,191.695,-0.01962
960.79998,0.0,191.695,-0.01962
973.19998,0.0,191.695,-0.01962
985.69998,0.0,191.695,-0.01962
998.29998,0.0,191.695,-0.01962
1010.9999,0.0,191.695,-0.01962
1023.7999,0.0,191.695,-0.01962
1036.6999,0.0,191.695,-0.01962
1049.6999,0.0,191.695,-0.01962
1062.7999,0.0,191.695,-0.01962
1075.9999,0.0,191.695,-0.01962
1089.2999,0.0,191.695,-0.01962
1102.6999,0.0,191.695,-0.01962
1116.1999,0.0,191.695,-0.01962
1129.7999,0.0,191.695,-0.01962
1143.4999,0.0,191.695,-0.01962
1157.2999,0.0,191.695,-0.01962
1171.1999,0.0,191.695,-0.01962
1185.1999,0.0,191.695,-0.01962
1199.2999,0.0,191.695,-0.01962
1213.4999,0.0,191.695,-0.01962
1227.7999,0.0,191.695,-0.01962
1242.1999,0.0,191.695,-0.01962
1256.6999,0.0,191.695,-0.01962
1271.2999,0.0,191.695,-0.01962
1285.9999,0.0,191.695,-0.01962
1300.7999,0.0,191.695,-0.01962
1315.6999,0.0,191.695,-0.01962
1330.6999,0.0,191.695,-0.01962
1345.7999,0.0,191.695,-0.01962
1360.9999,0.0,191.695,-0.01962
1376.2999,0.0,191.695,-0.01962
1391.6999,0.0,191.695,-0.01962
1407.1999,0.0,191.695,-0.01962
1422.7999,0.0,191.695,-0.01962
1438.4999,0.0,191.695,-0.01962
1454.2999,0.0,191.695,-0.01962
1470.1999,0.0,191.695,-0.01962
1486.1999,0.0,191.695,-0.01962
1502.2999,0.0,191.695,-0.01962
1518.4999,0.0,191.695,-0.01962
1534.7999,0.0,191.695,-0.01962
1551.1999,0.0,191.695,-0.01962
1567.6999,0.0,191.695,-0.01962
1584.2999,0.0,191.695,-0.01962
1600.9999,0.0,191.695,-0.01962
1617.7999,0.0,191.695,-0.01962
1634.6999,0.0,191.695,-0.01962
1651.6999,0.0,191.695,-0.01962
1668.7999,0.0,191.695,-0.01962
1685.9999,0.0,191.695,-0.01962
1703.2999,0.0,191.695,-0.01962
1720.6999,0.0,191.695,-0.01962
1738.1999,0.0,191.695,-0.01962
1755.7999,0.0,191.695,-0.01962
1773.4999,0.0,191.695,-0.01962
1791.2999,0.0,191.695,-0.01962
1809.1999,0.0,191.695,-0.01962
1827.1999,0.0,191.695,-0.01962
1845.2999,0.0,191.695,-0.01962
1863.4999,0.0,191.695,-0.01962
1881.7999,0.0,191.695,-0.01962
1900.1999,0.0,191.695,-0.01962
1918.6999,0.0,191.695,-0.01962
1937.2999,0.0,191.695,-0.01962
1955.9999,0.0,191.695,-0.01962
1974.7999,0.0,191.695,-0.01962
1993.6999,0.0,191.695,-0.01962
2012.6999,0.0,191.695,-0.01962
2031.7999,0.0,191.695,-0.01962
2050.9999,0.0,191.695,-0.01962
2070.2999,0.0,191.695,-0.01962
2089.6999,0.0,191.695,-0.01962
2109.1999,0.0,191.695,-0.01962
2128.7999,0.0,191.695,-0.01962
2148.4999,0.0,191.695,-0.01962
2168.2999,0.0,191.695,-0.01962
2188.1999,0.0,191.695,-0.01962
2208.1999,0.0,191.695,-0.01962
2228.2999,0.0,191.695,-0.01962
2248.4999,0.0,191.695,-0.01962
2268.7999,0.0,191.695,-0.01962
2289.1999,0.0,191.695,-0.01962
2309.6999,0.0,191.695,-0.01962
2330.2999,-0.1,191.695,-0.01962
2330.2999,-0.1,191.794,-0.038259
2330.2999,-0.1,191.893,0.00981
2330.2999,-0.1,191.992,0.004905
2330.2999,-0.1,192.091,-0.038259
2330.2999,-0.1,192.189,-0.014715
2330.2999,-0.1,192.288,-0.028449
2330.2999,-0.1,192.387,0.057879
2330.2999,-0.1,192.497,-0.033354
2330.2999,-0.1,192.584,-0.00981
2330.2999,-0.1,192.683,-0.028449
2330.2999,-0.1,192.782,0.00981
2330.2999,-0.1,192.881,-0.043164
2330.2999,-0.1,192.979,-0.167751
2330.2999,-0.1,193.083,-0.244269
2330.2999,-0.1,193.177,-0.157941
2330.2999,-0.1,193.275,-0.139302
2330.2999,-0.1,193.374,-0.01962
2330.2999,-0.1,193.473,-0.023544
2330.2999,-0.1,193.571,-0.004905
2330.2999,-0.1,193.696,-0.004905
2330.2999,-0.1,193.77,-0.00981
2330.2999,-0.1,193.869,-0.004905
2330.2999,-0.1,193.967,-0.014715
2330.2999,-0.1,194.081,-0.00981
2330.2999,-0.1,194.165,-0.00981
2330.2999,-0.1,194.301,-0.014715
2330.2999,-0.1,194.363,-0.00981
2330.2999,-0.1,194.462,-0.014715
2330.2999,-0.1,194.56,-0.014715
2330.2999,-0.1,194.659,-0.033354
2330.2999,-0.1,194.759,-0.004905
2330.2999,-0.1,194.882,-0.00981
2330.2999,-0.1,194.955,-0.00981
2330.2999,-0.1,195.054,0.0
2330.2999,-0.1,195.152,-0.00981
2330.2999,-0.1,195.252,-0.014715
2330.2999,-0.1,195.351,-0.014715
2330.2999,-0.1,195.448,-0.00981
2330.2999,-0.1,195.548,-0.01962
2330.2999,-0.1,195.646,-0.014715
2330.2999,-0.1,195.646,-0.014715
2330.2999,-0.1,195.744,0.0
2330.2999,-0.1,195.941,-0.004905
2330.2999,-0.1,196.265,-0.023544
2330.2999,-0.1,196.658,-0.004905
2330.2999,-0.1,197.151,-0.028449
2330.2999,-0.1,197.743,-0.00981
2330.2999,-0.1,198.44700000000003,-0.014715
2330.2999,-0.1,199.236,-0.00981
2330.2999,-0.1,200.162,-0.014715
2330.2999,-0.1,201.149,-0.00981
2330.2999,-0.1,202.235,-0.004905
2330.2999,-0.1,203.419,-0.004905
2330.2999,-0.1,204.717,-0.01962
2330.2999,-0.1,206.098,0.0
2330.2999,-0.1,207.579,-0.01962
2330.2999,-0.1,209.158,-0.00981
2330.2999,-0.1,210.836,-0.01962
2330.2999,-0.1,212.614,-0.014715
2330.2999,-0.1,214.529,-0.014715
2330.2999,-0.1,216.503,-0.014715
2330.2999,-0.1,218.576,-0.00981
2330.2999,-0.1,220.748,-0.004905
2330.2999,-0.1,223.019,-0.00981
2330.2999,-0.1,225.39,-0.00981
2330.2999,-0.1,227.858,-0.004905
2330.2999,-0.1,230.424,-0.004905
2330.2999,-0.1,233.091,-0.01962
2330.2999,-0.1,235.855,-0.014715
2330.2999,-0.1,238.718,-0.00981
2330.2999,-0.1,241.68,-0.014715
2330.2999,-0.1,244.74,-0.00981
2330.2999,-0.1,247.908,-0.00981
2330.2999,-0.1,251.167,-0.004905
2330.2999,-0.1,254.525,-0.01962
2330.2999,-0.1,257.981,-0.014715
2330.2999,-0.1,261.535,-0.00981
2330.2999,-0.1,265.188,-0.014715
2330.2999,-0.1,268.941,-0.004905
2330.2999,-0.1,272.792,-0.01962
2330.2999,-0.1,276.771,-0.014715
2330.2999,-0.1,280.81999999999994,-0.004905
2330.2999,-0.1,284.968,-0.004905
2330.2999,-0.1,289.21399999999994,-0.004905
2330.2999,-0.1,293.58399999999995,-0.00981
2330.2999,-0.1,298.027,-0.00981
2330.2999,-0.1,302.5689999999999,-0.00981
2330.2999,-0.1,307.2089999999999,-0.014715
2330.2999,-0.1,311.9779999999999,-0.004905
2330.2999,-0.1,316.8169999999999,-0.00981
2330.2999,-0.1,321.7539999999999,-0.014715
2330.2999,-0.1,326.7899999999999,-0.00981
2330.2999,-0.1,331.9289999999999,-0.00981
2330.2999,-0.1,337.1619999999999,-0.014715
2330.2999,-0.1,342.5179999999999,-0.00981
2330.2999,-0.1,347.9489999999999,-0.00981
2330.2999,-0.1,353.4779999999999,-0.014715
2330.2999,-0.1,359.1059999999999,-0.014715
2330.2999,-0.1,364.8329999999999,-0.004905
2330.2999,-0.1,370.6589999999999,-0.00981
2330.2999,-0.1,376.5829999999999,0.004905
2330.2999,-0.1,382.6059999999999,-0.014715
2330.2999,-0.1,388.7269999999999,-0.023544
2330.2999,-0.1,394.9479999999999,-0.033354
2330.2999,-0.1,401.2669999999999,-0.00981
2330.2999,-0.1,407.6849999999999,-0.023544
2330.2999,-0.1,414.2019999999999,0.004905
2330.2999,-0.1,420.8239999999999,-0.00981
2330.2999,-0.1,427.5379999999999,-0.01962
2330.2999,-0.1,434.3509999999999,0.0
2330.2999,-0.1,441.2629999999999,-0.014715
2330.2999,-0.1,448.2739999999999,0.0
2330.2999,-0.1,455.3829999999999,-0.014715
2330.2999,-0.1,462.6109999999999,0.0
2330.2999,-0.1,469.9179999999999,-0.023544
2330.2999,-0.1,477.3239999999999,-0.014715
2330.2999,-0.1,484.8289999999999,0.004905
2330.2999,-0.1,492.4359999999999,-0.01962
2330.2999,-0.1,500.1389999999999,-0.028449
2330.2999,-0.1,507.9669999999999,-0.01962
2330.2999,-0.1,515.8669999999998,-0.01962
2330.2999,-0.1,523.8659999999999,-0.00981
2330.2999,-0.1,531.9629999999999,0.0
2330.2999,-0.1,540.1809999999998,-0.004905
2330.2999,-0.1,548.4789999999998,-0.00981
2330.2999,-0.1,556.8729999999998,0.0
2330.2999,-0.1,565.3649999999998,-0.00981
2330.2999,-0.1,573.9569999999998,0.0
2330.2999,-0.1,582.6469999999998,-0.023544
2330.2999,-0.1,591.4539999999998,-0.014715
2330.2999,-0.1,600.3419999999999,-0.038259
2330.2999,-0.1,609.3649999999999,0.0
2330.2999,-0.1,618.4499999999999,0.004905
2330.2999,-0.1,627.6339999999999,-0.023544
2330.2999,-0.1,636.9169999999999,-0.048069
2330.2999,-0.1,646.3269999999999,-0.01962
2330.2999,-0.1,655.8069999999999,-0.00981
2330.2999,-0.1,665.3859999999999,-0.01962
2330.2999,-0.1,675.0639999999999,0.0
2330.2999,-0.1,684.8399999999998,-0.01962
2330.2999,-0.1,694.7149999999998,-0.023544
2330.2999,-0.1,704.6879999999998,-0.00981
2330.2999,-0.1,714.7599999999998,-0.004905
2330.2999,-0.1,724.9319999999998,0.0
2330.2999,-0.1,735.2019999999998,-0.00981
2330.2999,-0.1,745.5699999999998,-0.01962
2330.2999,-0.1,756.0459999999998,-0.00981
2330.2999,-0.1,766.6119999999999,-0.014715
2330.2999,-0.1,777.3169999999999,-0.00981
2330.2999,-0.1,788.0809999999999,-0.004905
2330.2999,-0.1,798.944,-0.023544
2330.2999,-0.1,809.904,-0.01962
2330.2999,-0.1,820.983,-0.00981
2330.2999,-0.1,832.1419999999999,-0.043164
2330.2999,-0.1,843.4399999999999,-0.00981
2330.2999,-0.1,854.7959999999999,-0.00981
2330.2999,-0.1,866.251,-0.023544
2330.2999,-0.1,877.804,-0.00981
2330.2999,-0.1,889.457,-0.014715
2330.2999,-0.1,901.208,-0.00981
2330.2999,-0.1,913.096,0.00981
2330.2999,-0.1,925.045,-0.033354
2330.2999,-0.1,937.092,0.0
2330.2999,-0.1,949.239,-0.004905
2330.2999,-0.1,961.513,0.004905
2330.2999,-0.1,973.857,-0.004905
2330.2999,-0.1,986.299,-0.01962
2330.2999,-0.1,998.84,-0.004905
2330.2999,-0.1,1011.48,-0.00981
2330.2999,-0.1,1024.219,-0.00981
2330.2999,-0.1,1037.057,-0.004905
2330.2999,-0.1,1049.993,-0.004905
2330.2999,-0.1,1063.028,-0.004905
2330.2999,-0.1,1076.162,-0.014715
2330.2999,-0.1,1089.394,-0.00981
2330.2999,-0.1,1102.725,-0.014715
2330.2999,-0.1,1116.155,-0.071613
2350.9999,-0.2,1129.684,-0.162846
2371.7999,-0.3,1143.312,-0.297243
2392.6999,-0.4,1157.039,-0.363951
2413.6999,-0.5,1170.864,-0.512082
2434.7999,-0.6,1184.798,-0.671004
2455.9999,-0.7,1198.821,-0.656289
2477.2999,-0.7,1212.975,-0.756351
2498.6999,-0.7,1227.195,-0.704358
2520.1999,-0.7,1241.514,-0.684738
2541.7999,-0.7,1241.514,-0.684738
2563.4999,-0.7,1255.9319999999998,-0.747522
2585.2999,-0.7,1270.4619999999998,-0.718092
2607.1999,-0.7,1285.0779999999995,-0.742617
2629.1999,-0.628571,1299.8239999999998,-0.661194
2651.2999,-0.528571,1314.637,-0.727902
2651.2999,-0.528571,1329.549,-0.536607
2673.4999,-0.428571,1344.559,-0.473823
2695.7999,-0.328571,1359.699,-0.363951
2718.1999,-0.228571,1374.9070000000002,-0.325692
2740.6999,-0.128571,1390.2140000000002,-0.101043
2763.2999,-0.028571,1405.62,-0.091233
2763.2999,-0.028571,1421.161,-0.033354
2785.9999,0.0,1436.765,0.0
2808.7999,0.0,1452.467,-0.00981
2831.6999,0.0,1452.467,-0.00981
2854.6999,0.0,1452.467,-0.00981
2877.7999,0.0,1452.467,-0.00981
2900.9999,0.0,1452.467,-0.00981
2924.2999,0.0,1452.467,-0.00981
2947.6999,0.0,1452.467,-0.00981
2971.1999,0.0,1452.467,-0.00981
2994.7999,0.0,1452.467,-0.00981
3018.4999,0.0,1452.467,-0.00981
3042.2999,0.0,1452.467,-0.00981
3066.1999,0.0,1452.467,-0.00981
3090.1999,0.0,1452.467,-0.00981
3114.2999,0.0,1452.467,-0.00981
3138.4999,0.0,1452.467,-0.00981
3162.7999,0.0,1452.467,-0.00981
3187.1999,0.0,1452.467,-0.00981
3211.6999,0.0,1452.467,-0.00981
3236.2999,0.02,1452.467,-0.00981
3236.2999,0.02,1468.268,-0.004905
3236.2999,0.02,1484.167,-0.038259
3236.2999,0.02,1500.166,0.023544
3236.2999,0.02,1516.264,-0.038259
3236.2999,0.02,1532.4599999999998,0.00981
3236.2999,0.02,1548.755,-0.057879
3236.2999,0.02,1565.149,-0.01962
3236.2999,0.02,1581.6409999999998,-0.038259
3236.2999,0.02,1598.233,-0.014715
3236.2999,0.02,1614.924,-0.043164
3236.2999,0.02,1631.713,-0.00981
3236.2999,0.02,1648.601,-0.00981
3236.2999,0.02,1665.588,0.004905
3236.2999,0.02,1682.673,-0.028449
3236.2999,0.02,1699.859,0.043164
3260.9999,0.12,1717.1419999999998,0.061803
3285.7999,0.22,1734.5469999999998,0.220725
3310.6999,0.32,1752.0269999999998,0.287433
3335.6999,0.42,1769.6059999999998,0.363951
3360.7999,0.52,1787.284,0.555246
3385.9999,0.62,1805.088,0.584676
3411.2999,0.7,1822.963,0.732807
3436.6999,0.7,1840.937,0.666099
3462.1999,0.7,1859.01,0.752427
3487.7999,0.7,1877.192,0.679833
3513.4999,0.7,1895.462,0.732807
3539.2999,0.7,1913.874,0.641574
3565.1999,0.7,1932.342,0.709263
3591.1999,0.7,1950.931,0.694548
3617.2999,0.608571,1969.597,0.555246
3643.4999,0.508571,1988.361,0.3924
3669.7999,0.408571,1988.361,0.3924
3696.1999,0.308571,2007.224,0.40221
3722.6999,0.208571,2026.21,0.18639
3749.2999,0.108571,2045.27,0.143226
3775.9999,0.008571,2064.47,0.057879
3802.7999,0.0,2083.728,-0.023544
3829.6999,0.0,2103.084,0.0
3829.6999,0.0,2122.539,-0.048069
3856.6999,0.0,2122.539,-0.048069
3883.7999,0.0,2122.539,-0.048069
3910.9999,0.0,2122.539,-0.048069
3938.2999,0.0,2122.539,-0.048069
3965.6999,0.0,2122.539,-0.048069
3993.1999,0.0,2122.539,-0.048069
4020.7999,0.0,2122.539,-0.048069
4048.4999,0.0,2122.539,-0.048069
4076.2999,0.0,2122.539,-0.048069
4104.1999,0.0,2122.539,-0.048069
4132.1999,0.0,2122.539,-0.048069
4160.2999,0.0,2122.539,-0.048069
4188.4999,0.0,2122.539,-0.048069
4216.7999,0.0,2122.539,-0.048069
4245.1999,0.0,2122.539,-0.048069
4273.6999,0.0,2122.539,-0.048069
4302.2999,0.0,2122.539,-0.048069
4330.9999,0.0,2122.539,-0.048069
4359.7999,0.0,2122.539,-0.048069
4388.6999,0.0,2122.539,-0.048069
4417.6999,0.0,2122.539,-0.048069
4446.7999,0.0,2122.539,-0.048069
4475.9999,0.0,2122.539,-0.048069
4505.2999,0.0,2122.539,-0.048069
4534.6999,0.0,2122.539,-0.048069
4564.1999,0.0,2122.539,-0.048069
4593.7999,0.0,2122.539,-0.048069
4623.4999,0.0,2122.539,-0.048069
4653.2999,0.0,2122.539,-0.048069
4683.1999,0.0,2122.539,-0.048069
4713.1999,0.0,2122.539,-0.048069
4743.2999,0.0,2122.539,-0.048069
4773.4999,0.0,2122.539,-0.048069
4803.7999,0.0,2122.539,-0.048069
4834.1999,0.0,2122.539,-0.048069
4864.6999,0.0,2122.539,-0.048069
4895.2999,0.0,2122.539,-0.048069
4925.9999,0.0,2122.539,-0.048069
4956.7999,0.0,2122.539,-0.048069
4987.6999,0.0,2122.539,-0.048069
5018.6999,0.0,2122.539,-0.048069
5049.7999,0.0,2122.539,-0.048069
5080.9999,0.0,2122.539,-0.048069
5112.2999,0.0,2122.539,-0.048069
5143.6999,0.0,2122.539,-0.048069
5175.1999,0.0,2122.539,-0.048069
5206.7999,0.0,2122.539,-0.048069
5238.4999,0.0,2122.539,-0.048069
5270.2999,0.0,2122.539,-0.048069
5302.1999,0.0,2122.539,-0.048069
5334.1999,0.0,2122.539,-0.048069
5366.2999,0.0,2122.539,-0.048069
5398.4999,0.0,2122.539,-0.048069
5430.7999,0.0,2122.539,-0.048069
5463.1999,0.0,2122.539,-0.048069
5495.6999,0.0,2122.539,-0.048069
5528.2999,0.0,2122.539,-0.048069
5560.9999,0.0,2122.539,-0.048069
5593.7999,0.0,2122.539,-0.048069
5626.6999,0.0,2122.539,-0.048069
5659.6999,0.0,2122.539,-0.048069
5692.7999,0.0,2122.539,-0.048069
5725.9999,0.0,2122.539,-0.048069
5759.2999,0.0,2122.539,-0.048069
5792.6999,0.0,2122.539,-0.048069
5826.1999,0.0,2122.539,-0.048069
5859.7999,0.0,2122.539,-0.048069
5893.4999,0.0,2122.539,-0.048069
5927.2999,0.0,2122.539,-0.048069
5961.1999,0.0,2122.539,-0.048069
5995.1999,0.0,2122.539,-0.048069
6029.2999,0.0,2122.539,-0.048069
6063.4999,0.0,2122.539,-0.048069
6097.7999,0.0,2122.539,-0.048069
6132.1999,0.0,2122.539,-0.048069
6166.6999,0.0,2122.539,-0.048069
6201.2999,0.0,2122.539,-0.048069
6235.9999,0.0,2122.539,-0.048069
6270.7999,0.0,2122.539,-0.048069
6305.6999,0.0,2122.539,-0.048069
6340.6999,0.0,2122.539,-0.048069
6375.7999,0.0,2122.539,-0.048069
6410.9999,0.0,2122.539,-0.048069
6446.2999,0.0,2122.539,-0.048069
6481.6999,0.0,2122.539,-0.048069
6517.1999,0.0,2122.539,-0.048069
6552.7999,0.0,2122.539,-0.048069
6588.4999,0.0,2122.539,-0.048069
6624.2999,0.0,2122.539,-0.048069
6660.1999,0.0,2122.539,-0.048069
6696.1999,0.0,2122.539,-0.048069
6732.2999,0.0,2122.539,-0.048069
6768.4999,0.0,2122.539,-0.048069
6804.7999,0.0,2122.539,-0.048069
6841.1999,0.0,2122.539,-0.048069
6877.6999,0.0,2122.539,-0.048069
6914.2999,0.0,2122.539,-0.048069
6950.9999,0.0,2122.539,-0.048069
6987.7999,0.0,2122.539,-0.048069
7024.6999,0.0,2122.539,-0.048069
7061.6999,0.0,2122.539,-0.048069
7098.7999,0.0,2122.539,-0.048069
7135.9999,0.0,2122.539,-0.048069
7173.2999,0.0,2122.539,-0.048069
7210.6999,0.0,2122.539,-0.048069
7248.1999,0.0,2122.539,-0.048069
7285.7999,0.0,2122.539,-0.048069
7323.4999,0.0,2122.539,-0.048069
7361.2999,0.0,2122.539,-0.048069
7399.1999,0.0,2122.539,-0.048069
7437.1999,0.0,2122.539,-0.048069
7475.2999,0.0,2122.539,-0.048069
7513.4999,0.0,2122.539,-0.048069
7551.7999,0.0,2122.539,-0.048069
7590.1999,0.0,2122.539,-0.048069
7628.6999,0.0,2122.539,-0.048069
7667.2999,0.0,2122.539,-0.048069
7705.9999,0.0,2122.539,-0.048069
7744.7999,0.0,2122.539,-0.048069
7783.6999,0.0,2122.539,-0.048069
7822.6999,0.0,2122.539,-0.048069
7861.7999,0.0,2122.539,-0.048069
7900.9999,0.0,2122.539,-0.048069
7940.2999,0.0,2122.539,-0.048069
7979.6999,0.0,2122.539,-0.048069
8019.1999,0.0,2122.539,-0.048069
8058.7999,0.0,2122.539,-0.048069
8098.4999,0.0,2122.539,-0.048069
8138.2999,0.0,2122.539,-0.048069
8178.1999,0.0,2122.539,-0.048069
8218.1999,0.0,2122.539,-0.048069
8258.2999,0.0,2122.539,-0.048069
8298.4999,0.0,2122.539,-0.048069
8338.7999,0.0,2122.539,-0.048069
8379.1999,0.0,2122.539,-0.048069
8419.6999,0.0,2122.539,-0.048069
8460.2999,0.0,2122.539,-0.048069
8500.9999,0.0,2122.539,-0.048069
8541.7999,0.0,2122.539,-0.048069
8582.6999,0.0,2122.539,-0.048069
8623.6999,0.0,2122.539,-0.048069
8664.7999,0.0,2122.539,-0.048069
8705.9999,0.0,2122.539,-0.048069
8747.2999,0.0,2122.539,-0.048069
8788.6999,0.0,2122.539,-0.048069
8830.1999,0.0,2122.539,-0.048069
8871.7999,0.0,2122.539,-0.048069
8913.4999,0.0,2122.539,-0.048069
8955.2999,0.0,2122.539,-0.048069
8997.1999,0.0,2122.539,-0.048069
9039.1999,0.0,2122.539,-0.048069
9081.2999,0.0,2122.539,-0.048069
9123.4999,0.0,2122.539,-0.048069
9165.7999,0.0,2122.539,-0.048069
9208.1999,0.0,2122.539,-0.048069
9250.6999,0.0,2122.539,-0.048069
9293.2999,0.0,2122.539,-0.048069
9335.9999,0.0,2122.539,-0.048069
9378.7999,0.0,2122.539,-0.048069
9421.6999,0.0,2122.539,-0.048069
9464.6999,0.0,2122.539,-0.048069
9507.7999,0.0,2122.539,-0.048069
9550.9999,0.0,2122.539,-0.048069
9594.2999,0.0,2122.539,-0.048069
9637.6999,0.0,2122.539,-0.048069
9681.1999,0.0,2122.539,-0.048069
9724.7999,0.0,2122.539,-0.048069
9768.4999,0.0,2122.539,-0.048069
9812.2999,0.0,2122.539,-0.048069
9856.1999,0.0,2122.539,-0.048069
9900.1999,0.0,2122.539,-0.048069
9944.2999,0.0,2122.539,-0.048069
9988.4999,0.0,2122.539,-0.048069
10032.799,0.0,2122.539,-0.048069
10077.199,0.0,2122.539,-0.048069
10121.699,0.0,2122.539,-0.048069
10166.299,0.0,2122.539,-0.048069
10210.999,0.0,2122.539,-0.048069
10255.798,0.0,2122.539,-0.048069
10300.698,0.0,2122.539,-0.048069
10345.698,-0.1,2122.539,-0.048069
10345.698,-0.1,2142.093,0.0
10345.698,-0.1,2161.746,0.014715
10345.698,-0.1,2181.539,-0.033354
10345.698,-0.1,2201.39,-0.01962
10345.698,-0.1,2221.34,-0.00981
10345.698,-0.1,2241.389,0.014715
10345.698,-0.1,2261.536,-0.00981
10345.698,-0.1,2281.782,-0.052974
10345.698,-0.1,2302.1269999999995,0.014715
10345.698,-0.1,2322.57,-0.004905
10345.698,-0.1,2343.112,0.004905
10345.698,-0.1,2363.753,-0.061803
10345.698,-0.1,2384.4929999999995,0.00981
10345.698,-0.1,2405.3319999999994,0.0
10345.698,-0.1,2426.269,-0.023544
10345.698,-0.1,2447.3049999999994,-0.01962
10345.698,-0.1,2468.44,-0.028449
10345.698,-0.1,2489.713,0.014715
10345.698,-0.1,2511.046,0.00981
10345.698,-0.1,2532.484,-0.038259
10345.698,-0.1,2554.014,-0.00981
10345.698,-0.1,2575.6710000000003,-0.01962
10345.698,-0.1,2597.3990000000003,0.096138
10345.698,-0.1,2619.226000000001,0.114777
10345.698,-0.1,2641.1510000000007,0.177561
10345.698,-0.1,2663.176000000001,0.191295
10345.698,-0.1,2685.299000000001,0.086328
10345.698,-0.1,2707.521000000001,0.00981
10345.698,-0.1,2729.8410000000013,0.004905
10345.698,-0.1,2752.260000000001,-0.00981
10345.698,-0.1,2774.794000000001,0.014715
10345.698,-0.1,2797.410000000001,0.0
10345.698,-0.1,2820.1250000000014,-0.004905
10345.698,-0.1,2842.939000000001,-0.00981
10345.698,-0.1,2865.861000000001,-0.061803
10345.698,-0.1,2888.8730000000014,0.004905
10345.698,-0.1,2911.9840000000013,-0.00981
10345.698,-0.1,2935.193000000001,-0.014715
10345.698,-0.1,2958.500000000001,-0.01962
10345.698,-0.1,2981.907000000001,-0.00981
10345.698,-0.1,3005.412000000001,-0.01962
10345.698,-0.1,3029.016000000001,-0.014715
10345.698,-0.1,3052.720000000001,-0.014715
10345.698,-0.1,3076.5220000000013,-0.00981
10345.698,-0.1,3100.436000000001,-0.014715
10345.698,-0.1,3124.436000000001,-0.004905
10345.698,-0.1,3148.5670000000014,-0.014715
10345.698,-0.1,3172.764000000001,-0.014715
10345.698,-0.1,3197.0600000000013,-0.023544
10345.698,-0.1,3221.454000000001,0.0
10345.698,-0.1,3245.958000000001,-0.00981
10345.698,-0.1,3270.550000000001,-0.023544
10345.698,-0.1,3295.276000000001,-0.004905
10345.698,-0.1,3320.0650000000014,-0.004905
10345.698,-0.1,3344.9530000000013,-0.00981
10345.698,-0.1,3369.9400000000014,0.004905
10345.698,-0.1,3395.026000000001,0.0
10345.698,-0.1,3420.211000000001,-0.033354
10345.698,-0.1,3445.4950000000013,-0.028449
10345.698,-0.1,3470.8770000000013,-0.004905
10345.698,-0.1,3496.358000000001,-0.00981
10345.698,-0.1,3521.938000000001,-0.004905
10345.698,-0.1,3547.6170000000016,-0.014715
10345.698,-0.1,3573.396000000001,0.0
10345.698,-0.1,3599.2720000000018,0.004905
10345.698,-0.1,3625.2470000000017,-0.00981
10345.698,-0.1,3651.3210000000017,-0.004905
10345.698,-0.1,3677.4930000000018,-0.004905
10345.698,-0.1,3703.764000000002,0.004905
10345.698,-0.1,3730.134000000002,-0.00981
10345.698,-0.1,3756.603000000002,-0.00981
10345.698,-0.1,3783.171000000002,-0.014715
10345.698,-0.1,3809.837000000002,0.0
10345.698,-0.1,3836.602000000002,-0.01962
10345.698,-0.1,3863.466000000002,-0.014715
10345.698,-0.1,3890.441000000002,-0.014715
10345.698,-0.1,3917.503000000002,-0.014715
10345.698,-0.1,3944.664000000002,-0.00981
10345.698,-0.1,3971.924000000002,-0.01962
10345.698,-0.1,3999.296000000002,-0.004905
10345.698,-0.1,4026.754000000002,-0.014715
10345.698,-0.1,4054.311000000002,-0.00981
10345.698,-0.1,4081.966000000002,-0.028449
10345.698,-0.1,4109.720000000002,0.0
10345.698,-0.1,4137.573000000002,0.0
10345.698,-0.1,4165.550000000002,-0.01962
10345.698,-0.1,4193.601000000002,-0.004905
10345.698,-0.1,4221.751000000002,-0.00981
10345.698,-0.1,4249.999000000002,-0.01962
10345.698,-0.1,4278.368000000001,-0.004905
10345.698,-0.1,4306.814000000001,-0.014715
10345.698,-0.1,4335.359000000001,-0.014715
10345.698,-0.1,4364.0030000000015,-0.00981
10345.698,-0.1,4392.755000000002,-0.00981
10345.698,-0.1,4421.596000000002,-0.00981
10345.698,-0.1,4450.5660000000025,-0.004905
10345.698,-0.1,4479.605000000002,-0.014715
10345.698,-0.1,4508.743000000002,-0.014715
10345.698,-0.1,4537.980000000002,-0.004905
10345.698,-0.1,4567.3160000000025,-0.023544
10345.698,-0.1,4596.750000000003,-0.01962
10345.698,-0.1,4626.283000000003,-0.004905
10345.698,-0.1,4655.915000000003,-0.00981
10345.698,-0.1,4685.6460000000025,-0.023544
10345.698,-0.1,4715.476000000002,-0.014715
10345.698,-0.1,4745.404000000002,-0.004905
10345.698,-0.1,4775.431000000002,-0.004905
10345.698,-0.1,4805.5570000000025,-0.004905
10345.698,-0.1,4835.783000000002,-0.01962
10345.698,-0.1,4866.107000000002,0.014715
10345.698,-0.1,4896.556000000001,0.00981
10345.698,-0.1,4927.077000000001,0.004905
10345.698,-0.1,4957.697000000001,0.00981
10345.698,-0.1,4988.416000000001,-0.014715
10345.698,-0.1,5019.240000000001,0.0
10345.698,-0.1,5050.156000000001,0.004905
10345.698,-0.1,5081.205000000001,-0.028449
10345.698,-0.1,5112.320000000001,0.0
10345.698,-0.1,5143.533,0.014715
10345.698,-0.1,5174.845,0.0
10345.698,-0.1,5206.269,-0.052974
10345.698,-0.1,5237.779,-0.033354
10345.698,-0.1,5269.427000000001,-0.023544
10345.698,-0.1,5301.134000000001,-0.023544
10345.698,-0.1,5332.9400000000005,-0.028449
10345.698,-0.1,5364.845,-0.014715
10345.698,-0.1,5396.866,-0.004905
10345.698,-0.1,5428.969,-0.00981
10345.698,-0.1,5461.17,0.004905
10345.698,-0.1,5493.4710000000005,-0.004905
10345.698,-0.1,5525.870000000001,-0.00981
10345.698,-0.1,5558.368,-0.00981
10345.698,-0.1,5590.992,-0.01962
10345.698,-0.1,5623.688,-0.038259
10345.698,-0.1,5656.482,-0.014715
10345.698,-0.1,5689.375,-0.028449
10345.698,-0.1,5722.366,-0.033354
10345.698,-0.1,5755.456,0.0
10345.698,-0.1,5788.645,-0.00981
10345.698,-0.1,5821.933,-0.004905
10345.698,-0.1,5855.319,-0.01962
10345.698,-0.1,5888.804,0.004905
10345.698,-0.1,5922.388,-0.014715
10345.698,-0.1,5956.073,-0.00981
10345.698,-0.1,5989.8550000000005,-0.004905
10345.698,-0.1,6023.764,-0.014715
10345.698,-0.1,6057.744,-0.00981
10345.698,-0.1,6091.822,0.0
10345.698,-0.1,6125.999,-0.00981
10345.698,-0.1,6160.304999999999,-0.004905
10345.698,-0.1,6194.679999999999,-0.00981
10345.698,-0.1,6229.155999999999,-0.00981
10345.698,-0.1,6263.727999999999,-0.004905
10345.698,-0.1,6298.409999999999,-0.004905
10345.698,-0.1,6333.179999999999,-0.00981
10345.698,-0.1,6368.076999999999,-0.014715
10345.698,-0.1,6403.044999999999,-0.014715
10345.698,-0.1,6438.110999999999,-0.004905
10345.698,-0.1,6473.275999999999,-0.01962
10345.698,-0.1,6508.543999999999,-0.01962
10345.698,-0.1,6543.906999999999,-0.033354
10345.698,-0.1,6579.396999999999,-0.01962
10345.698,-0.1,6614.957999999999,0.0
10345.698,-0.1,6650.616999999998,-0.033354
10345.698,-0.1,6686.374999999998,-0.01962
10345.698,-0.1,6722.255999999999,-0.00981
10345.698,-0.1,6758.211999999999,-0.014715
10345.698,-0.1,6794.266999999999,-0.00981
10345.698,-0.1,6830.420999999999,-0.004905
10345.698,-0.1,6866.673,-0.01962
10345.698,-0.1,6903.023999999999,-0.023544
10345.698,-0.1,6939.473999999999,-0.01962
10345.698,-0.1,6976.022999999999,-0.01962
10345.698,-0.1,7012.670999999999,-0.014715
10345.698,-0.1,7049.417,-0.00981
10345.698,-0.1,7086.262999999999,-0.043164
10345.698,-0.1,7123.206999999999,-0.014715
10345.698,-0.1,7160.249999999999,-0.00981
10345.698,-0.1,7197.391999999999,-0.014715
10345.698,-0.1,7234.632999999999,-0.00981
10345.698,-0.1,7271.972999999999,-0.014715
10345.698,-0.1,7309.410999999999,-0.014715
10345.698,-0.1,7346.947999999999,0.0
10345.698,-0.1,7384.584,-0.01962
10345.698,-0.1,7422.318999999999,-0.00981
10345.698,-0.1,7460.152999999999,-0.023544
10345.698,-0.1,7498.085999999999,-0.023544
10345.698,-0.1,7536.116999999999,-0.114777
10390.798,-0.2,7574.271,-0.224649
10435.998,-0.3,7612.5,-0.368856
10481.297,-0.4,7650.828,-0.483633
10526.697,-0.5,7650.828,-0.483633
10572.197,-0.6,7689.255,-0.589581
10617.797,-0.7,7727.798,-0.632745
10617.797,-0.7,7766.422,-0.790686
10663.497,-0.7,7805.143999999999,-0.732807
10709.296,-0.7,7843.964999999999,-0.756351
10755.196,-0.7,7882.885999999999,-0.704358
10801.196,-0.7,7921.906,-0.732807
10847.296,-0.7,7961.024,-0.742617
10893.496,-0.7,8000.240000000001,-0.674928
10939.795,-0.7,8039.595,-0.714168
10986.195,-0.628571,8079.009,-0.651384
11032.695,-0.528571,8118.522,-0.560151
11079.295,-0.428571,8158.134,-0.426735
11125.995,-0.328571,8197.882,-0.340407
11172.795,-0.228571,8237.690999999999,-0.191295
11219.695,-0.128571,8277.598999999998,-0.104967
11266.695,-0.028571,8317.605999999998,-0.023544
11313.795,0.0,8357.711999999998,-0.014715
11360.995,0.0,8397.916999999998,-0.004905
11408.295,0.0,8438.219999999998,0.014715
11455.695,0.0,8478.621999999998,-0.01962
11503.195,0.0,8519.122999999998,-0.052974
11550.795,0.0,8559.722999999998,0.023544
11598.495,0.0,8600.421999999999,-0.057879
11646.295,0.0,8641.22,-0.004905
11694.195,0.0,8682.117,-0.01962
11742.195,0.0,8723.139000000001,-0.004905
11790.295,0.0,8764.233,-0.004905
11838.495,0.0,8805.425,-0.033354
11886.795,0.0,8805.425,-0.033354
11935.195,0.0,8805.425,-0.033354
11983.695,0.0,8805.425,-0.033354
12032.295,0.0,8846.716999999999,-0.00981
12080.995,0.0,8888.122,-0.028449
12129.795,0.0,8929.612,0.014715
12178.695,0.0,8971.238,-0.076518
12227.695,0.02,9012.925,0.028449
12276.795,0.12,9054.718,0.043164
12325.995,0.22,9096.602,0.201105
12375.295,0.32,9138.607999999998,0.220725
12375.295,0.32,9180.69,0.41202
12424.695,0.42,9222.871,0.455184
12474.195,0.52,9222.871,0.455184
12523.795,0.62,9265.151,0.62784
12573.495,0.7,9307.53,0.737712
12623.295,0.7,9350.007,0.679833
12673.195,0.7,9392.601,0.732807
12723.195,0.7,9435.276,0.646479
12773.295,0.7,9478.09,0.709263
12823.495,0.7,9520.962,0.666099
12873.795,0.7,9563.934,0.742617
12924.195,0.7,9607.004,0.671004
12974.695,0.608571,9650.173,0.593505
13025.295,0.508571,9693.441,0.397305
13075.995,0.408571,9693.441,0.397305
13126.795,0.308571,9736.808,0.354141
13177.695,0.208571,9780.273,0.20601
13228.695,0.108571,9823.838,0.167751
13279.795,0.008571,9867.511,0.014715
13330.995,0.0,9911.272,0.0
13382.295,0.0,9955.132,-0.071613
13433.695,0.0,9955.132,-0.071613
13485.195,0.0,9955.132,-0.071613
13536.795,0.0,9955.132,-0.071613
13588.495,0.0,9955.132,-0.071613
13640.295,0.0,9955.132,-0.071613
13692.195,0.0,9955.132,-0.071613
13744.195,0.0,9955.132,-0.071613
13796.295,0.0,9955.132,-0.071613
13848.495,0.0,9955.132,-0.071613
13900.795,0.0,9955.132,-0.071613
13953.195,0.0,9955.132,-0.071613
14005.695,0.0,9955.132,-0.071613
14058.295,0.0,9955.132,-0.071613
14110.995,0.0,9955.132,-0.071613
14163.795,0.0,9955.132,-0.071613
14216.695,0.0,9955.132,-0.071613
14269.695,0.0,9955.132,-0.071613
14322.795,0.0,9955.132,-0.071613
14375.995,0.0,9955.132,-0.071613
14429.295,0.0,9955.132,-0.071613
14482.695,0.0,9955.132,-0.071613
14536.195,0.0,9955.132,-0.071613
14589.795,0.0,9955.132,-0.071613
14643.495,0.0,9955.132,-0.071613
14697.295,0.0,9955.132,-0.071613
14751.195,0.0,9955.132,-0.071613
14805.195,0.0,9955.132,-0.071613
14859.295,0.0,9955.132,-0.071613
14913.495,0.0,9955.132,-0.071613
14967.795,0.0,9955.132,-0.071613
15022.195,0.0,9955.132,-0.071613
15076.695,0.0,9955.132,-0.071613
15131.295,0.0,9955.132,-0.071613
15185.995,0.0,9955.132,-0.071613
15240.795,0.0,9955.132,-0.071613
15295.695,0.0,9955.132,-0.071613
15350.695,0.0,9955.132,-0.071613
15405.795,0.0,9955.132,-0.071613
15460.995,0.0,9955.132,-0.071613
15516.295,0.0,9955.132,-0.071613
15571.695,0.0,9955.132,-0.071613
15627.195,0.0,9955.132,-0.071613
15682.795,0.0,9955.132,-0.071613
15738.495,0.0,9955.132,-0.071613
15794.295,0.0,9955.132,-0.071613
15850.195,0.0,9955.132,-0.071613
15906.195,0.0,9955.132,-0.071613
15962.295,0.0,9955.132,-0.071613
16018.495,0.0,9955.132,-0.071613
16074.795,0.0,9955.132,-0.071613
16131.195,0.0,9955.132,-0.071613
16187.695,0.0,9955.132,-0.071613
16244.295,0.0,9955.132,-0.071613
16300.995,0.0,9955.132,-0.071613
16357.795,0.0,9955.132,-0.071613
16414.695,0.0,9955.132,-0.071613
16471.695,0.0,9955.132,-0.071613
16528.795,0.0,9955.132,-0.071613
16585.995,0.0,9955.132,-0.071613
16643.295,0.0,9955.132,-0.071613
16700.695,0.0,9955.132,-0.071613
16758.195,0.0,9955.132,-0.071613
16815.795,0.0,9955.132,-0.071613
16873.495,0.0,9955.132,-0.071613
16931.295,0.0,9955.132,-0.071613
16989.195,0.0,9955.132,-0.071613
17047.195,0.0,9955.132,-0.071613
17105.295,0.0,9955.132,-0.071613
17163.495,0.0,9955.132,-0.071613
17221.795,0.0,9955.132,-0.071613
17280.195,0.0,9955.132,-0.071613
17338.695,0.0,9955.132,-0.071613
17397.295,0.0,9955.132,-0.071613
17455.995,0.0,9955.132,-0.071613
17514.795,0.0,9955.132,-0.071613
17573.695,0.0,9955.132,-0.071613
17632.695,0.0,9955.132,-0.071613
17691.795,0.0,9955.132,-0.071613
17750.995,0.0,9955.132,-0.071613
17810.295,0.0,9955.132,-0.071613
17869.695,0.0,9955.132,-0.071613
17929.195,0.0,9955.132,-0.071613
17988.795,0.0,9955.132,-0.071613
18048.495,0.0,9955.132,-0.071613
18108.295,0.0,9955.132,-0.071613
18168.195,0.0,9955.132,-0.071613
18228.195,0.0,9955.132,-0.071613
18288.295,0.0,9955.132,-0.071613
18348.495,0.0,9955.132,-0.071613
18408.795,0.0,9955.132,-0.071613
18469.195,0.0,9955.132,-0.071613
18529.695,0.0,9955.132,-0.071613
18590.295,0.0,9955.132,-0.071613
18650.995,0.0,9955.132,-0.071613
18711.795,0.0,9955.132,-0.071613
18772.695,0.0,9955.132,-0.071613
18833.695,0.0,9955.132,-0.071613
18894.795,0.0,9955.132,-0.071613
18955.995,0.0,9955.132,-0.071613
19017.295,0.0,9955.132,-0.071613
19078.695,0.0,9955.132,-0.071613
19140.195,0.0,9955.132,-0.071613
19201.795,0.0,9955.132,-0.071613
19263.495,0.0,9955.132,-0.071613
19325.295,0.0,9955.132,-0.071613
19387.195,0.0,9955.132,-0.071613
19449.195,0.0,9955.132,-0.071613
19511.295,0.0,9955.132,-0.071613
19573.495,0.0,9955.132,-0.071613
19635.795,0.0,9955.132,-0.071613
19698.195,0.0,9955.132,-0.071613
19760.695,0.0,9955.132,-0.071613
19823.295,0.0,9955.132,-0.071613
19885.995,0.0,9955.132,-0.071613
19948.795,0.0,9955.132,-0.071613
20011.695,0.0,9955.132,-0.071613
20074.695,0.0,9955.132,-0.071613
20137.795,0.0,9955.132,-0.071613
20200.995,0.0,9955.132,-0.071613
20264.295,0.0,9955.132,-0.071613
20327.695,0.0,9955.132,-0.071613
20391.195,0.0,9955.132,-0.071613
20454.795,0.0,9955.132,-0.071613
20518.495,0.0,9955.132,-0.071613
20582.295,0.0,9955.132,-0.071613
20646.195,0.0,9955.132,-0.071613
20710.195,0.0,9955.132,-0.071613
20774.295,0.0,9955.132,-0.071613
20838.495,0.0,9955.132,-0.071613
20902.795,0.0,9955.132,-0.071613
20967.195,0.0,9955.132,-0.071613
21031.695,0.0,9955.132,-0.071613
21096.295,0.0,9955.132,-0.071613
21160.995,0.0,9955.132,-0.071613
21225.795,0.0,9955.132,-0.071613
21290.695,0.0,9955.132,-0.071613
21355.695,0.0,9955.132,-0.071613
21420.795,0.0,9955.132,-0.071613
21485.995,0.0,9955.132,-0.071613
21551.295,0.0,9955.132,-0.071613
21616.695,0.0,9955.132,-0.071613
21682.195,0.0,9955.132,-0.071613
21747.795,0.0,9955.132,-0.071613
21813.495,0.0,9955.132,-0.071613
21879.295,0.0,9955.132,-0.071613
21945.195,0.0,9955.132,-0.071613
22011.195,0.0,9955.132,-0.071613
22077.295,0.0,9955.132,-0.071613
22143.495,0.0,9955.132,-0.071613
22209.795,0.0,9955.132,-0.071613
22276.195,0.0,9955.132,-0.071613
22342.695,0.0,9955.132,-0.071613
22409.295,0.0,9955.132,-0.071613
22475.995,0.0,9955.132,-0.071613
22542.795,0.0,9955.132,-0.071613
22609.695,0.0,9955.132,-0.071613
22676.695,0.0,9955.132,-0.071613
22743.795,0.0,9955.132,-0.071613
22810.995,0.0,9955.132,-0.071613
22878.295,0.0,9955.132,-0.071613
22945.695,0.0,9955.132,-0.071613
23013.195,0.0,9955.132,-0.071613
23080.795,0.0,9955.132,-0.071613
23148.495,0.0,9955.132,-0.071613
23216.295,0.0,9955.132,-0.071613
23284.195,0.0,9955.132,-0.071613
23352.195,0.0,9955.132,-0.071613
23420.295,0.0,9955.132,-0.071613
23488.495,0.0,9955.132,-0.071613
23556.795,0.0,9955.132,-0.071613
23625.195,0.0,9955.132,-0.071613
23693.695,0.0,9955.132,-0.071613
23762.295,0.0,9955.132,-0.071613
23830.995,0.0,9955.132,-0.071613
23899.795,0.0,9955.132,-0.071613
23968.695,0.0,9955.132,-0.071613
24037.695,0.0,9955.132,-0.071613
24106.795,0.0,9955.132,-0.071613
24175.995,0.0,9955.132,-0.071613
24245.295,0.0,9955.132,-0.071613
24314.695,0.0,9955.132,-0.071613
24384.195,-0.1,9955.132,-0.071613
24384.195,-0.1,9999.091000000002,0.057879
24384.195,-0.1,10043.160000000002,-0.033354
24384.195,-0.1,10087.317,-0.014715
24384.195,-0.1,10131.572,-0.033354
24384.195,-0.1,10175.927,0.01962
24384.195,-0.1,10220.38,0.004905
24384.195,-0.1,10264.932,-0.014715
24384.195,-0.1,10309.598999999998,-0.048069
24384.195,-0.1,10354.347999999998,0.01962
24384.195,-0.1,10399.232999999998,-0.023544
24384.195,-0.1,10444.179999999998,-0.004905
24384.195,-0.1,10489.227,-0.052974
24384.195,-0.1,10534.371,-0.004905
24384.195,-0.1,10579.643999999998,0.004905
24384.195,-0.1,10624.985,-0.004905
24384.195,-0.1,10670.425,-0.028449
24384.195,-0.1,10715.963,-0.023544
24384.195,-0.1,10761.62,0.028449
24384.195,-0.1,10807.356999999998,0.01962
24384.195,-0.1,10853.230999999998,-0.043164
24384.195,-0.1,10899.164999999995,0.0
24384.195,-0.1,10945.207999999997,-0.00981
24384.195,-0.1,10991.339999999997,0.014715
24384.195,-0.1,11037.598999999997,0.01962
24384.195,-0.1,11083.927999999996,0.119682
24384.195,-0.1,11130.355999999996,0.20601
24384.195,-0.1,11176.881999999996,0.153036
24384.195,-0.1,11223.526999999996,0.101043
24384.195,-0.1,11270.250999999997,0.014715
24384.195,-0.1,11317.114999999996,-0.00981
24384.195,-0.1,11364.035999999996,-0.004905
24384.195,-0.1,11411.055999999997,-0.004905
24384.195,-0.1,11458.174999999996,-0.00981
24384.195,-0.1,11505.391999999998,-0.00981
24384.195,-0.1,11552.708,-0.014715
24384.195,-0.1,11600.167999999998,-0.048069
24384.195,-0.1,11647.681,-0.01962
24384.195,-0.1,11695.292999999998,-0.01962
24384.195,-0.1,11743.002999999995,-0.00981
24384.195,-0.1,11790.812999999996,-0.01962
24384.195,-0.1,11838.721999999996,-0.014715
24384.195,-0.1,11886.728999999996,-0.004905
24384.195,-0.1,11934.857999999997,-0.004905
24384.195,-0.1,11983.062999999996,-0.014715
24384.195,-0.1,12031.366999999997,-0.00981
24384.195,-0.1,12079.768999999997,-0.014715
24384.195,-0.1,12128.278999999997,-0.01962
24384.195,-0.1,12176.878999999995,-0.004905
24384.195,-0.1,12225.608999999997,-0.00981
24384.195,-0.1,12274.405999999995,-0.004905
24384.195,-0.1,12323.301999999998,-0.014715
24384.195,-0.1,12372.297,0.004905
24384.195,-0.1,12421.396,0.0
24384.195,-0.1,12470.587999999998,-0.023544
24384.195,-0.1,12519.902999999998,-0.01962
24384.195,-0.1,12569.292999999998,-0.004905
24384.195,-0.1,12618.780999999995,-0.028449
24384.195,-0.1,12668.367999999997,-0.023544
24384.195,-0.1,12718.053999999996,0.028449
24384.195,-0.1,12767.837999999996,-0.004905
24384.195,-0.1,12817.721999999996,-0.00981
24384.195,-0.1,12867.703999999996,-0.01962
24384.195,-0.1,12917.822999999997,-0.004905
24384.195,-0.1,12968.002999999995,-0.01962
24384.195,-0.1,13018.281999999996,-0.00981
24384.195,-0.1,13068.658999999998,-0.014715
24384.195,-0.1,13119.134999999998,0.0
24384.195,-0.1,13169.713999999998,-0.014715
24384.195,-0.1,13220.387,0.004905
24384.195,-0.1,13271.164,-0.004905
24384.195,-0.1,13322.034999999998,-0.01962
24384.195,-0.1,13373.025999999998,-0.01962
24384.195,-0.1,13424.093999999996,-0.01962
24384.195,-0.1,13475.260999999997,-0.014715
24384.195,-0.1,13526.526999999996,-0.014715
24384.195,-0.1,13577.891999999996,-0.004905
24384.195,-0.1,13629.355999999996,-0.004905
24384.195,-0.1,13680.937999999996,0.0
24384.195,-0.1,13732.598999999997,0.0
24384.195,-0.1,13784.357999999997,-0.014715
24384.195,-0.1,13836.216999999995,-0.00981
24384.195,-0.1,13888.173999999995,-0.004905
24384.195,-0.1,13940.229999999998,-0.00981
24384.195,-0.1,13992.401999999998,-0.01962
24384.195,-0.1,14044.656,-0.033354
24384.195,-0.1,14097.044999999998,-0.023544
24384.195,-0.1,14149.496999999998,-0.01962
24384.195,-0.1,14202.046999999997,0.0
24384.195,-0.1,14254.695999999996,-0.00981
24384.195,-0.1,14307.468999999996,-0.01962
24384.195,-0.1,14360.314999999997,-0.014715
24384.195,-0.1,14413.259999999997,-0.014715
24384.195,-0.1,14466.303999999996,-0.01962
24384.195,-0.1,14519.446999999996,-0.00981
24384.195,-0.1,14572.687999999996,-0.004905
24384.195,-0.1,14626.060999999994,-0.004905
24384.195,-0.1,14679.499999999996,-0.004905
24384.195,-0.1,14733.037999999997,-0.014715
24384.195,-0.1,14786.673999999995,-0.00981
24384.195,-0.1,14840.408999999996,-0.014715
24384.195,-0.1,14894.241999999997,-0.014715
24384.195,-0.1,14948.174999999996,-0.014715
24384.195,-0.1,15002.205999999998,-0.004905
24384.195,-0.1,15056.335,-0.004905
24384.195,-0.1,15110.584,-0.004905
24384.195,-0.1,15164.910999999998,-0.01962
24384.195,-0.1,15219.335999999998,-0.014715
24384.195,-0.1,15273.859999999995,-0.014715
24384.195,-0.1,15328.494999999995,0.0
24384.195,-0.1,15383.216999999995,-0.00981
24384.195,-0.1,15438.037999999997,0.0
24384.195,-0.1,15492.956999999997,-0.023544
24384.195,-0.1,15547.977999999996,-0.014715
24384.195,-0.1,15603.094999999998,-0.00981
24384.195,-0.1,15658.334999999995,0.00981
24384.195,-0.1,15713.649999999998,-0.023544
24384.195,-0.1,15769.063999999998,-0.004905
24384.195,-0.1,15824.576,-0.004905
24384.195,-0.1,15880.191,-0.014715
24384.195,-0.1,15935.900999999998,-0.01962
24384.195,-0.1,15991.744,-0.014715
24384.195,-0.1,16047.651999999998,-0.023544
24384.195,-0.1,16103.657999999998,0.00981
24384.195,-0.1,16159.761999999995,0.004905
24384.195,-0.1,16215.987999999998,-0.01962
24384.195,-0.1,16272.289999999995,-0.00981
24384.195,-0.1,16328.690999999995,-0.01962
24384.195,-0.1,16385.191999999995,-0.023544
24384.195,-0.1,16441.817999999996,0.014715
24384.195,-0.1,16498.515999999996,-0.00981
24384.195,-0.1,16555.312999999995,-0.01962
24384.195,-0.1,16612.208999999995,-0.028449
24384.195,-0.1,16669.202999999994,-0.023544
24384.195,-0.1,16726.294999999995,0.0
24384.195,-0.1,16783.486999999994,0.0
24384.195,-0.1,16840.784999999993,0.0
24384.195,-0.1,16898.17399999999,-0.01962
24384.195,-0.1,16955.660999999993,0.004905
24384.195,-0.1,17013.247999999992,0.0
24384.195,-0.1,17070.933999999994,-0.014715
24384.195,-0.1,17128.717999999993,-0.014715
24384.195,-0.1,17186.600999999995,-0.028449
24384.195,-0.1,17244.583999999995,-0.014715
24384.195,-0.1,17302.664999999994,-0.004905
24384.195,-0.1,17360.844999999994,-0.01962
24384.195,-0.1,17419.122999999992,-0.00981
24384.195,-0.1,17477.499999999993,-0.00981
24384.195,-0.1,17535.97599999999,-0.00981
24384.195,-0.1,17594.550999999992,-0.01962
24384.195,-0.1,17653.24199999999,-0.004905
24384.195,-0.1,17712.013999999992,-0.00981
24384.195,-0.1,17770.91599999999,-0.01962
24384.195,-0.1,17829.88599999999,0.0
24384.195,-0.1,17888.95399999999,-0.004905
24384.195,-0.1,17948.11999999999,0.0
24384.195,-0.1,18007.410999999993,0.0
24384.195,-0.1,18066.775999999994,-0.004905
24384.195,-0.1,18126.239999999994,-0.004905
24384.195,-0.1,18185.802,0.0
24384.195,-0.1,18245.48,-0.004905
24384.195,-0.1,18305.239999999994,0.0
24384.195,-0.1,18365.14,-0.00981
24384.195,-0.1,18425.097999999994,-0.004905
24384.195,-0.1,18485.153999999995,-0.01962
24384.195,-0.1,18545.308999999997,-0.014715
24384.195,-0.1,18605.606999999996,0.0
24384.195,-0.1,18665.95899999999,-0.014715
24384.195,-0.1,18726.409999999996,-0.004905
24384.195,-0.1,18786.959999999992,-0.014715
24384.195,-0.1,18847.63599999999,-0.004905
24384.195,-0.1,18908.38299999999,0.0
24384.195,-0.1,18969.228999999992,0.0
24384.195,-0.1,19030.17399999999,-0.014715
24384.195,-0.1,19091.216999999997,-0.004905
24384.195,-0.1,19152.358999999997,0.004905
24384.195,-0.1,19213.598999999995,-0.00981
24384.195,-0.1,19274.938999999995,0.0
24384.195,-0.1,19336.376999999997,-0.01962
24384.195,-0.1,19397.918999999994,0.00981
24384.195,-0.1,19459.554999999997,0.0
24384.195,-0.1,19521.288999999997,0.004905
24384.195,-0.1,19583.122999999992,-0.004905
24384.195,-0.1,19645.054999999997,-0.014715
24384.195,-0.1,19707.084999999992,0.0
24384.195,-0.1,19769.214999999997,-0.004905
24384.195,-0.1,19831.442999999992,-0.004905
24384.195,-0.1,19893.79599999999,-0.01962
24384.195,-0.1,19956.22099999999,-0.01962
24384.195,-0.1,20018.74499999999,-0.114777
24453.795,-0.2,20081.36799999999,-0.254079
24523.495,-0.3,20144.089999999997,-0.325692
24593.295,-0.4,20206.910999999996,-0.546417
24663.195,-0.5,20206.910999999996,-0.546417
24733.195,-0.6,20269.85099999999,-0.565056
24803.295,-0.7,20332.86899999999,-0.671004
24873.495,-0.7,20395.98599999999,-0.709263
24943.795,-0.7,20459.20199999999,-0.722997
25014.195,-0.7,20522.51799999999,-0.666099
25084.695,-0.7,20585.93099999999,-0.699453
25155.295,-0.7,20649.46199999999,-0.694548
25225.995,-0.7,20713.07299999999,-0.694548
25296.795,-0.7,20776.82399999999,-0.694548
25367.695,-0.628571,20840.63199999999,-0.699453
25367.695,-0.628571,20904.53899999999,-0.62784
25438.695,-0.528571,20968.54399999999,-0.464994
25509.795,-0.428571,21032.68199999999,-0.455184
25580.995,-0.328571,21096.88499999999,-0.302148
25652.295,-0.228571,21161.18699999999,-0.1962
25723.695,-0.128571,21225.587999999992,-0.104967
25795.195,-0.028571,21290.086999999992,0.023544
25866.795,0.0,21354.684999999998,-0.081423
25866.795,0.0,21419.381999999998,0.004905
25938.495,0.0,21484.177999999996,-0.01962
26010.295,0.0,21549.072999999997,0.048069
26082.195,0.0,21614.06599999999,-0.071613
26154.195,0.0,21679.157999999992,0.033354
26226.295,0.0,21744.34899999999,-0.086328
26298.495,0.0,21809.63799999999,0.081423
26370.795,0.0,21875.037999999997,-0.071613
26443.195,0.0,21940.524999999998,0.00981
26515.695,0.0,22006.146999999997,-0.071613
26588.295,0.0,22071.830999999995,0.0
26588.295,0.0,22137.613999999998,-0.023544
26660.995,0.0,22137.613999999998,-0.023544
26733.795,0.0,22137.613999999998,-0.023544
26806.695,0.0,22137.613999999998,-0.023544
26879.695,0.0,22137.613999999998,-0.023544
26952.795,0.0,22137.613999999998,-0.023544
27025.995,0.0,22137.613999999998,-0.023544
27099.295,0.0,22137.613999999998,-0.023544
27172.695,0.0,22137.613999999998,-0.023544
27246.195,0.02,22137.613999999998,-0.023544
27246.195,0.02,22203.496,-0.01962
27246.195,0.02,22269.490999999995,-0.028449
27246.195,0.02,22335.571,0.033354
27319.795,0.12,22401.749,-0.081423
27319.795,0.12,22468.025999999994,0.043164
27393.495,0.22,22534.432999999997,0.239364
27467.295,0.32,22600.906999999992,0.258984
27541.195,0.42,22667.479999999992,0.430659
27615.195,0.52,22734.15199999999,0.473823
27689.295,0.62,22800.92299999999,0.622935
27763.495,0.7,22867.79199999999,0.714168
27837.795,0.7,22934.75999999999,0.679833
27912.195,0.7,23001.82599999999,0.684738
27986.695,0.7,23069.01099999999,0.709263
28061.295,0.7,23136.27499999999,0.704358
28135.995,0.7,23203.67199999999,0.704358
28210.795,0.7,23271.13399999999,0.674928
28285.695,0.7,23271.13399999999,0.674928
28360.695,0.608571,23338.693999999992,0.656289
28435.795,0.508571,23406.352999999992,0.469899
28510.995,0.408571,23474.110999999997,0.464994
28586.295,0.308571,23541.967999999997,0.302148
28661.695,0.208571,23609.922999999995,0.267813
28737.195,0.108571,23677.976999999995,0.139302
28812.795,0.008571,23746.129999999997,0.00981
28888.495,0.0,23814.381999999998,-0.014715
28964.295,0.0,23882.732999999997,0.0
28964.295,0.0,23951.181999999997,0.004905
29040.195,0.0,23951.181999999997,0.004905
29116.195,0.0,23951.181999999997,0.004905
29192.295,0.0,23951.181999999997,0.004905
29268.495,0.0,23951.181999999997,0.004905
29344.795,0.0,23951.181999999997,0.004905
29421.195,0.0,23951.181999999997,0.004905
29497.695,0.0,23951.181999999997,0.004905
29574.295,0.0,23951.181999999997,0.004905
29650.995,0.0,23951.181999999997,0.004905
29727.795,0.0,23951.181999999997,0.004905
29804.695,0.0,23951.181999999997,0.004905
29881.695,0.0,23951.181999999997,0.004905
29958.795,0.0,23951.181999999997,0.004905
30035.995,0.0,23951.181999999997,0.004905
30113.295,0.0,23951.181999999997,0.004905
30190.695,0.0,23951.181999999997,0.004905
30268.195,0.0,23951.181999999997,0.004905
30345.795,0.0,23951.181999999997,0.004905
30423.495,0.0,23951.181999999997,0.004905
30501.295,0.0,23951.181999999997,0.004905
30579.195,0.0,23951.181999999997,0.004905
30657.195,0.0,23951.181999999997,0.004905
30735.295,0.0,23951.181999999997,0.004905
30813.495,0.0,23951.181999999997,0.004905
30891.795,0.0,23951.181999999997,0.004905
30970.195,0.0,23951.181999999997,0.004905
31048.695,0.0,23951.181999999997,0.004905
31127.295,0.0,23951.181999999997,0.004905
31205.995,0.0,23951.181999999997,0.004905
31284.795,0.0,23951.181999999997,0.004905
31363.695,0.0,23951.181999999997,0.004905
31442.695,0.0,23951.181999999997,0.004905
31521.795,0.0,23951.181999999997,0.004905
31600.995,0.0,23951.181999999997,0.004905
31680.295,0.0,23951.181999999997,0.004905
31759.695,0.0,23951.181999999997,0.004905
31839.195,0.0,23951.181999999997,0.004905
31918.795,0.0,23951.181999999997,0.004905
31998.495,0.0,23951.181999999997,0.004905
32078.295,0.0,23951.181999999997,0.004905
32158.195,0.0,23951.181999999997,0.004905
32238.195,0.0,23951.181999999997,0.004905
32318.295,0.0,23951.181999999997,0.004905
32398.495,0.0,23951.181999999997,0.004905
32478.795,0.0,23951.181999999997,0.004905
32559.195,0.0,23951.181999999997,0.004905
32639.695,0.0,23951.181999999997,0.004905
32720.295,0.0,23951.181999999997,0.004905
32800.994,0.0,23951.181999999997,0.004905
32881.794,0.0,23951.181999999997,0.004905
32962.694,0.0,23951.181999999997,0.004905
33043.694,0.0,23951.181999999997,0.004905
33124.794,0.0,23951.181999999997,0.004905
33205.994,0.0,23951.181999999997,0.004905
33287.294,0.0,23951.181999999997,0.004905
33368.694,0.0,23951.181999999997,0.004905
33450.194,0.0,23951.181999999997,0.004905
33531.794,0.0,23951.181999999997,0.004905
33613.494,0.0,23951.181999999997,0.004905
33695.294,0.0,23951.181999999997,0.004905
33777.194,0.0,23951.181999999997,0.004905
33859.194,0.0,23951.181999999997,0.004905
33941.294,0.0,23951.181999999997,0.004905
34023.494,0.0,23951.181999999997,0.004905
34105.794,0.0,23951.181999999997,0.004905
34188.194,0.0,23951.181999999997,0.004905
34270.694,0.0,23951.181999999997,0.004905
34353.294,0.0,23951.181999999997,0.004905
34435.994,0.0,23951.181999999997,0.004905
34518.794,0.0,23951.181999999997,0.004905
34601.694,0.0,23951.181999999997,0.004905
34684.694,0.0,23951.181999999997,0.004905
34767.794,0.0,23951.181999999997,0.004905
34850.994,0.0,23951.181999999997,0.004905
34934.294,0.0,23951.181999999997,0.004905
35017.694,0.0,23951.181999999997,0.004905
35101.194,0.0,23951.181999999997,0.004905
35184.794,0.0,23951.181999999997,0.004905
35268.494,0.0,23951.181999999997,0.004905
35352.294,0.0,23951.181999999997,0.004905
35436.194,0.0,23951.181999999997,0.004905
35520.194,0.0,23951.181999999997,0.004905
35604.294,0.0,23951.181999999997,0.004905
35688.494,0.0,23951.181999999997,0.004905
35772.794,0.0,23951.181999999997,0.004905
35857.194,0.0,23951.181999999997,0.004905
35941.694,0.0,23951.181999999997,0.004905
36026.294,0.0,23951.181999999997,0.004905
36110.994,0.0,23951.181999999997,0.004905
36195.794,0.0,23951.181999999997,0.004905
36280.694,0.0,23951.181999999997,0.004905
36365.694,0.0,23951.181999999997,0.004905
36450.794,0.0,23951.181999999997,0.004905
36535.994,0.0,23951.181999999997,0.004905
36621.294,0.0,23951.181999999997,0.004905
36706.694,0.0,23951.181999999997,0.004905
36792.194,0.0,23951.181999999997,0.004905
36877.794,0.0,23951.181999999997,0.004905
36963.494,0.0,23951.181999999997,0.004905
37049.294,0.0,23951.181999999997,0.004905
37135.194,0.0,23951.181999999997,0.004905
37221.194,0.0,23951.181999999997,0.004905
37307.294,0.0,23951.181999999997,0.004905
37393.494,0.0,23951.181999999997,0.004905
37479.794,0.0,23951.181999999997,0.004905
37566.194,0.0,23951.181999999997,0.004905
37652.694,0.0,23951.181999999997,0.004905
37739.294,0.0,23951.181999999997,0.004905
37825.994,0.0,23951.181999999997,0.004905
37912.794,0.0,23951.181999999997,0.004905
37999.694,0.0,23951.181999999997,0.004905
38086.694,0.0,23951.181999999997,0.004905
38173.794,0.0,23951.181999999997,0.004905
38260.994,0.0,23951.181999999997,0.004905
38348.294,0.0,23951.181999999997,0.004905
38435.694,0.0,23951.181999999997,0.004905
38523.194,0.0,23951.181999999997,0.004905
38610.794,0.0,23951.181999999997,0.004905
38698.494,0.0,23951.181999999997,0.004905
38786.294,0.0,23951.181999999997,0.004905
38874.194,0.0,23951.181999999997,0.004905
38962.194,0.0,23951.181999999997,0.004905
39050.294,0.0,23951.181999999997,0.004905
39138.494,0.0,23951.181999999997,0.004905
39226.794,0.0,23951.181999999997,0.004905
39315.194,0.0,23951.181999999997,0.004905
39403.694,0.0,23951.181999999997,0.004905
39492.294,0.0,23951.181999999997,0.004905
39580.994,0.0,23951.181999999997,0.004905
39669.794,0.0,23951.181999999997,0.004905
39758.694,0.0,23951.181999999997,0.004905
39847.694,0.0,23951.181999999997,0.004905
39936.794,0.0,23951.181999999997,0.004905
40025.994,0.0,23951.181999999997,0.004905
40115.294,0.0,23951.181999999997,0.004905
40204.694,0.0,23951.181999999997,0.004905
40294.194,0.0,23951.181999999997,0.004905
40383.794,0.0,23951.181999999997,0.004905
40473.494,0.0,23951.181999999997,0.004905
40563.294,0.0,23951.181999999997,0.004905
40653.194,0.0,23951.181999999997,0.004905
40743.194,0.0,23951.181999999997,0.004905
40833.294,0.0,23951.181999999997,0.004905
40923.494,0.0,23951.181999999997,0.004905
41013.794,0.0,23951.181999999997,0.004905
41104.194,0.0,23951.181999999997,0.004905
41194.694,0.0,23951.181999999997,0.004905
41285.294,0.0,23951.181999999997,0.004905
41375.994,0.0,23951.181999999997,0.004905
41466.794,0.0,23951.181999999997,0.004905
41557.694,0.0,23951.181999999997,0.004905
41648.694,0.0,23951.181999999997,0.004905
41739.794,0.0,23951.181999999997,0.004905
41830.994,0.0,23951.181999999997,0.004905
41922.294,0.0,23951.181999999997,0.004905
42013.694,0.0,23951.181999999997,0.004905
42105.194,0.0,23951.181999999997,0.004905
42196.794,0.0,23951.181999999997,0.004905
42288.494,0.0,23951.181999999997,0.004905
42380.294,0.0,23951.181999999997,0.004905
42472.194,0.0,23951.181999999997,0.004905
42564.194,0.0,23951.181999999997,0.004905
42656.294,0.0,23951.181999999997,0.004905
42748.494,0.0,23951.181999999997,0.004905
42840.794,0.0,23951.181999999997,0.004905
42933.194,0.0,23951.181999999997,0.004905
43025.694,0.0,23951.181999999997,0.004905
43118.294,0.0,23951.181999999997,0.004905
43210.994,0.0,23951.181999999997,0.004905
43303.794,0.0,23951.181999999997,0.004905
43396.694,0.0,23951.181999999997,0.004905
43489.694,0.0,23951.181999999997,0.004905
43582.794,0.0,23951.181999999997,0.004905
43675.994,0.0,23951.181999999997,0.004905
43769.294,0.0,23951.181999999997,0.004905
43862.694,0.0,23951.181999999997,0.004905
43956.194,0.0,23951.181999999997,0.004905
44049.794,-0.1,23951.181999999997,0.004905
44049.794,-0.1,24019.729999999992,-0.052974
44049.794,-0.1,24088.375999999997,0.0
44049.794,-0.1,24157.120999999992,0.0
44049.794,-0.1,24225.963999999996,0.00981
44049.794,-0.1,24294.906999999992,-0.043164
44049.794,-0.1,24363.96999999999,-0.01962
44049.794,-0.1,24433.10999999999,0.00981
44049.794,-0.1,24502.34899999999,0.0
44049.794,-0.1,24571.68699999999,-0.023544
44049.794,-0.1,24641.13599999999,-0.033354
44049.794,-0.1,24710.67099999999,-0.004905
44049.794,-0.1,24780.336999999992,0.023544
44049.794,-0.1,24850.068999999992,-0.023544
44049.794,-0.1,24919.89999999999,-0.028449
44049.794,-0.1,24989.82999999999,-0.033354
44049.794,-0.1,25059.871999999992,0.038259
44049.794,-0.1,25129.998999999996,-0.028449
44049.794,-0.1,25200.26099999999,-0.043164
44049.794,-0.1,25270.585999999992,-0.014715
44049.794,-0.1,25341.00899999999,0.014715
44049.794,-0.1,25411.531999999992,0.0
44049.794,-0.1,25482.15299999999,-0.033354
44049.794,-0.1,25552.871999999992,0.104967
44049.794,-0.1,25623.729999999992,0.201105
44049.794,-0.1,25694.646999999997,0.244269
44049.794,-0.1,25765.662999999997,0.143226
44049.794,-0.1,25836.777999999995,0.038259
44049.794,-0.1,25907.990999999995,0.004905
44049.794,-0.1,25979.302,-0.023544
44049.794,-0.1,26050.712,0.0
44049.794,-0.1,26122.220999999998,0.0
44049.794,-0.1,26193.829999999994,-0.014715
44049.794,-0.1,26265.536999999997,-0.01962
44049.794,-0.1,26337.341999999997,0.01962
44049.794,-0.1,26409.245999999992,-0.023544
44049.794,-0.1,26481.248999999996,-0.00981
44049.794,-0.1,26553.35099999999,-0.01962
44049.794,-0.1,26625.551999999992,-0.01962
44049.794,-0.1,26697.85099999999,0.00981
44049.794,-0.1,26770.248999999996,-0.01962
44049.794,-0.1,26842.746999999992,-0.00981
44049.794,-0.1,26915.342999999997,-0.01962
44049.794,-0.1,26988.059999999998,-0.00981
44049.794,-0.1,27060.853,-0.00981
44049.794,-0.1,27133.744999999995,-0.004905
44049.794,-0.1,27206.735,0.0
44049.794,-0.1,27279.828,-0.01962
44049.794,-0.1,27353.016,-0.004905
44049.794,-0.1,27426.327,-0.023544
44049.794,-0.1,27499.713,-0.01962
44049.794,-0.1,27573.198,-0.043164
44049.794,-0.1,27646.780999999995,-0.004905
44049.794,-0.1,27720.481,0.014715
44049.794,-0.1,27794.260999999995,-0.01962
44049.794,-0.1,27868.14,-0.014715
44049.794,-0.1,27942.117999999995,-0.033354
44049.794,-0.1,28016.201999999997,-0.01962
44049.794,-0.1,28090.376999999997,-0.004905
44049.794,-0.1,28164.678999999996,-0.028449
44049.794,-0.1,28239.051999999992,0.0
44049.794,-0.1,28313.523999999998,-0.043164
44049.794,-0.1,28388.094999999998,-0.004905
44049.794,-0.1,28462.764999999992,-0.01962
44049.794,-0.1,28537.532999999992,-0.004905
44049.794,-0.1,28612.432999999997,-0.014715
44049.794,-0.1,28687.398999999998,0.0
44049.794,-0.1,28762.463999999996,-0.004905
44049.794,-0.1,28837.627999999997,-0.00981
44049.794,-0.1,28912.931999999997,-0.004905
44049.794,-0.1,28988.292999999994,-0.004905
44049.794,-0.1,29063.752999999997,-0.00981
44049.794,-0.1,29139.310999999994,-0.014715
44049.794,-0.1,29214.968999999997,-0.023544
44049.794,-0.1,29290.731999999996,-0.01962
44049.794,-0.1,29366.586999999992,-0.014715
44049.794,-0.1,29442.569999999992,-0.01962
44049.794,-0.1,29518.621999999992,-0.004905
44049.794,-0.1,29594.77399999999,-0.00981
44049.794,-0.1,29671.02399999999,-0.00981
44049.794,-0.1,29747.39099999999,-0.004905
44049.794,-0.1,29823.83799999999,-0.014715
44049.794,-0.1,29900.419999999987,-0.00981
44049.794,-0.1,29977.064999999988,-0.014715
44049.794,-0.1,30053.808999999987,-0.014715
44049.794,-0.1,30130.650999999987,-0.00981
44049.794,-0.1,30207.606999999985,0.004905
44049.794,-0.1,30284.646999999983,-0.00981
44049.794,-0.1,30361.822999999986,-0.004905
44049.794,-0.1,30439.060999999987,-0.00981
44049.794,-0.1,30516.396999999983,0.0
44049.794,-0.1,30593.832999999988,-0.014715
44049.794,-0.1,30671.38999999999,-0.014715
44049.794,-0.1,30749.02299999999,0.0
44049.794,-0.1,30826.75499999999,-0.00981
44049.794,-0.1,30904.58599999999,-0.01962
44049.794,-0.1,30982.545999999988,-0.00981
44049.794,-0.1,31060.573999999982,-0.014715
44049.794,-0.1,31138.700999999983,-0.014715
44049.794,-0.1,31216.926999999985,-0.014715
44049.794,-0.1,31295.250999999986,-0.01962
44049.794,-0.1,31373.673999999985,-0.004905
44049.794,-0.1,31452.236999999983,-0.00981
44049.794,-0.1,31530.857999999986,-0.01962
44049.794,-0.1,31609.577999999983,-0.01962
44049.794,-0.1,31688.395999999982,-0.01962
44049.794,-0.1,31767.312999999984,-0.014715
44049.794,-0.1,31846.328999999983,-0.014715
44049.794,-0.1,31925.443999999985,-0.00981
44049.794,-0.1,32004.656999999985,-0.014715
44049.794,-0.1,32083.968999999983,-0.01962
44049.794,-0.1,32163.379999999983,-0.023544
44049.794,-0.1,32242.888999999985,-0.004905
44049.794,-0.1,32322.502999999982,-0.028449
44049.794,-0.1,32402.209999999985,-0.01962
44049.794,-0.1,32482.014999999985,0.004905
44049.794,-0.1,32561.919999999984,-0.004905
44049.794,-0.1,32641.922999999984,-0.00981
44049.794,-0.1,32722.024999999983,-0.028449
44049.794,-0.1,32802.23599999998,-0.023544
44049.794,-0.1,32882.535999999986,0.01962
44049.794,-0.1,32962.96899999998,-0.00981
44049.794,-0.1,33043.465999999986,-0.00981
44049.794,-0.1,33124.06299999999,0.0
44049.794,-0.1,33204.75799999999,0.004905
44049.794,-0.1,33285.57899999999,0.004905
44049.794,-0.1,33366.47199999999,-0.038259
44049.794,-0.1,33447.46299999999,-0.023544
44049.794,-0.1,33528.552999999985,-0.014715
44049.794,-0.1,33609.74099999999,-0.01962
44049.794,-0.1,33691.027999999984,-0.01962
44049.794,-0.1,33772.43999999998,0.0
44049.794,-0.1,33853.92499999998,-0.004905
44049.794,-0.1,33935.50799999998,-0.023544
44049.794,-0.1,34017.18999999998,-0.004905
44049.794,-0.1,34098.97099999998,-0.014715
44049.794,-0.1,34180.85099999998,-0.014715
44049.794,-0.1,34262.85299999998,0.004905
44049.794,-0.1,34344.92999999998,-0.028449
44049.794,-0.1,34427.10599999998,0.004905
44049.794,-0.1,34509.38099999998,-0.004905
44049.794,-0.1,34591.75399999998,0.0
44049.794,-0.1,34674.22699999998,-0.00981
44049.794,-0.1,34756.79799999998,0.004905
44049.794,-0.1,34839.46799999998,-0.004905
44049.794,-0.1,34922.235999999975,0.0
44049.794,-0.1,35005.12699999998,-0.033354
44049.794,-0.1,35088.09299999998,-0.004905
44049.794,-0.1,35171.15699999998,-0.004905
44049.794,-0.1,35254.320999999974,0.0
44049.794,-0.1,35337.591999999975,-0.00981
44049.794,-0.1,35420.95299999997,-0.014715
44049.794,-0.1,35504.45399999997,-0.00981
44049.794,-0.1,35588.01299999997,-0.014715
44049.794,-0.1,35671.68199999997,-0.014715
44049.794,-0.1,35755.43799999997,-0.01962
44049.794,-0.1,35839.324999999975,-0.014715
44049.794,-0.1,35923.27899999997,-0.004905
44049.794,-0.1,36007.33099999998,-0.028449
44049.794,-0.1,36091.481999999975,-0.004905
44049.794,-0.1,36175.731999999975,0.0
44049.794,-0.1,36260.08099999998,-0.01962
44049.794,-0.1,36344.56099999998,-0.004905
44049.794,-0.1,36429.10699999998,-0.00981
44049.794,-0.1,36513.75199999998,-0.004905
44049.794,-0.1,36598.49599999998,-0.00981
44049.794,-0.1,36683.33899999998,0.0
44049.794,-0.1,36768.27999999998,-0.00981
44049.794,-0.1,36853.341999999975,-0.014715
44049.794,-0.1,36938.48099999998,-0.023544
44049.794,-0.1,37023.71799999998,-0.01962
44049.794,-0.1,37109.05399999998,-0.014715
44049.794,-0.1,37194.48899999998,-0.004905
44049.794,-0.1,37280.02299999998,-0.004905
44049.794,-0.1,37365.65499999998,-0.00981
44049.794,-0.1,37451.38999999998,-0.00981
44049.794,-0.1,37537.220999999976,-0.014715
44049.794,-0.1,37623.14999999997,-0.014715
44049.794,-0.1,37709.17799999997,-0.014715
44049.794,-0.1,37795.30399999997,-0.01962
44049.794,-0.1,37881.528999999966,0.0
44049.794,-0.1,37967.88799999996,-0.00981
44049.794,-0.1,38054.310999999965,-0.014715
44049.794,-0.1,38140.833999999966,-0.043164
44143.494,-0.2,38227.454999999965,-0.244269
44237.294,-0.3,38314.19799999997,-0.306072
44331.194,-0.4,38401.01699999997,-0.455184
44425.194,-0.5,38487.93499999997,-0.565056
44519.294,-0.6,38574.95099999997,-0.541512
44613.494,-0.7,38662.07399999997,-0.775971
44707.794,-0.7,38749.28799999997,-0.694548
44802.194,-0.7,38836.62799999997,-0.737712
44896.694,-0.7,38924.03899999997,-0.714168
44991.294,-0.7,39011.54899999997,-0.699453
45085.994,-0.7,39099.15799999997,-0.709263
45180.794,-0.7,39186.86499999997,-0.694548
45275.694,-0.7,39274.67199999997,-0.704358
45370.694,-0.628571,39362.57699999997,-0.714168
45465.794,-0.528571,39450.58099999997,-0.521892
45560.994,-0.428571,39538.68399999997,-0.455184
45656.294,-0.328571,39626.88499999997,-0.354141
45751.694,-0.228571,39715.184999999976,-0.272718
45847.194,-0.128571,39803.58499999998,-0.162846
45942.794,-0.028571,39892.08299999998,-0.01962
46038.494,0.0,39980.67999999998,0.004905
46134.294,0.0,40069.37599999998,-0.00981
46230.194,0.0,40158.17499999998,-0.066708
46326.194,0.0,40247.06799999998,0.061803
46422.294,0.0,40336.059999999976,-0.101043
46518.494,0.0,40425.150999999976,0.048069
46614.794,0.0,40514.341999999975,-0.066708
46711.194,0.0,40603.629999999976,-0.01962
46807.694,0.0,40693.03199999998,-0.004905
46904.294,0.0,40782.51699999998,-0.071613
47000.994,0.0,40782.51699999998,-0.071613
47097.794,0.0,40782.51699999998,-0.071613
47194.694,0.0,40782.51699999998,-0.071613
47291.694,0.0,40782.51699999998,-0.071613
47388.794,0.0,40872.10199999998,0.023544
47485.994,0.0,40961.78599999998,-0.048069
47583.294,0.0,41051.56799999998,0.033354
47680.694,0.0,41141.44899999998,-0.043164
47778.194,0.0,41231.451999999976,-0.033354
47875.794,0.02,41321.52999999998,0.023544
47973.494,0.12,41411.70699999998,0.01962
47973.494,0.12,41501.98199999998,0.01962
47973.494,0.12,41592.36999999998,0.148131
48071.294,0.22,41682.84199999998,0.315882
48169.194,0.32,41682.84199999998,0.315882
48267.194,0.42,41773.44599999998,0.349236
48267.194,0.42,41864.11499999998,0.469899
48365.294,0.52,41954.88299999998,0.555246
48463.494,0.62,42045.74999999998,0.709263
48561.794,0.7,42045.74999999998,0.709263
48660.194,0.7,42136.74599999998,0.661194
48758.694,0.7,42227.81099999998,0.742617
48857.294,0.7,42318.97399999998,0.661194
48955.994,0.7,42410.23599999998,0.718092
49054.794,0.7,42501.62699999999,0.666099
49153.694,0.7,42593.08599999999,0.704358
49252.694,0.7,42684.64299999999,0.679833
49351.794,0.608571,42776.29999999999,0.560151
49450.994,0.508571,42868.05499999999,0.464994
49550.294,0.408571,42959.90799999999,0.335502
49649.694,0.308571,42959.90799999999,0.335502
49749.194,0.208571,43051.86099999999,0.292338
49848.794,0.108571,43143.91199999999,0.119682
49948.494,0.008571,43236.06199999999,0.057879
50048.294,0.0,43328.311,-0.043164
50148.194,0.0,43420.658,0.048069
50248.194,0.0,43513.12,-0.052974
50348.294,0.0,43605.664,-0.004905
50448.494,0.0,43698.30699999999,-0.004905
50548.794,0.0,43791.04899999999,0.028449
50649.194,0.0,43883.88999999999,-0.028449
50749.694,0.0,43976.82899999999,-0.038259
50850.294,0.0,44069.87899999999,0.00981
50950.994,0.0,44163.016,0.014715
51051.794,0.0,44256.287,-0.01962
51152.694,0.0,44349.621,-0.023544
51253.694,0.0,44443.054,-0.033354
51354.794,0.0,44536.585,0.014715
51455.994,0.0,44630.222,-0.004905
51557.294,0.0,44723.951,-0.033354
51658.694,0.0,44817.808000000005,-0.023544
51760.194,0.0,44911.73500000001,0.004905
51861.794,0.0,45005.76000000001,0.028449
51963.494,0.0,45099.88300000001,-0.048069
52065.294,0.0,45194.11000000001,-0.01962
52167.194,0.0,45288.43100000001,-0.00981
52269.194,0.0,45382.877000000015,0.023544
52371.294,0.0,45477.39500000001,-0.038259
52473.494,0.0,45572.01200000001,-0.048069
52575.794,0.0,45666.727000000006,0.023544
52678.194,0.0,45761.566000000006,0.153036
52780.694,0.0,45856.478,0.162846
52883.294,0.0,45951.490000000005,0.224649
52985.994,0.0,46046.601,0.066708
53088.794,0.0,46141.810000000005,0.066708
53191.694,0.0,46237.119000000006,-0.023544
53294.694,0.0,46332.526000000005,0.004905
53397.794,0.0,46428.031,-0.00981
53500.994,0.0,46523.635,0.0
53500.994,0.0,46619.338,-0.014715
53604.294,0.0,46619.338,-0.014715
53707.694,0.0,46619.338,-0.014715
53811.194,0.0,46619.338,-0.014715
53914.794,0.0,46619.338,-0.014715
54018.494,0.0,46619.338,-0.014715
54122.294,0.0,46619.338,-0.014715
54226.194,0.0,46619.338,-0.014715
54330.194,0.0,46619.338,-0.014715
54434.294,0.0,46619.338,-0.014715
54538.494,0.0,46619.338,-0.014715
54642.794,0.0,46619.338,-0.014715
54747.194,0.0,46619.338,-0.014715
54851.694,0.0,46619.338,-0.014715
54956.294,0.0,46619.338,-0.014715
55060.994,0.0,46619.338,-0.014715
55165.794,0.0,46619.338,-0.014715
55270.694,0.0,46619.338,-0.014715
55375.694,0.0,46619.338,-0.014715
55480.794,0.0,46619.338,-0.014715
55585.994,0.0,46619.338,-0.014715
55691.294,0.0,46619.338,-0.014715
55796.694,0.0,46619.338,-0.014715
55902.194,0.0,46619.338,-0.014715
56007.794,0.0,46619.338,-0.014715
56113.494,0.0,46619.338,-0.014715
56219.294,0.0,46619.338,-0.014715
56325.194,0.0,46619.338,-0.014715
56431.194,0.0,46619.338,-0.014715
56537.294,0.0,46619.338,-0.014715
56643.494,0.0,46619.338,-0.014715
56749.794,0.0,46619.338,-0.014715
56856.194,0.0,46619.338,-0.014715
56962.694,0.0,46619.338,-0.014715
57069.294,0.0,46619.338,-0.014715
57175.994,0.0,46619.338,-0.014715
57282.794,0.0,46619.338,-0.014715
57389.694,0.0,46619.338,-0.014715
57496.694,0.0,46619.338,-0.014715
57603.794,0.0,46619.338,-0.014715
57710.994,0.0,46619.338,-0.014715
57818.294,0.0,46619.338,-0.014715
57925.694,0.0,46619.338,-0.014715
58033.194,0.0,46619.338,-0.014715
58140.794,0.0,46619.338,-0.014715
58248.494,0.0,46619.338,-0.014715
58356.294,0.0,46619.338,-0.014715
58464.194,0.0,46619.338,-0.014715
58572.194,0.0,46619.338,-0.014715
58680.294,0.0,46619.338,-0.014715
58788.494,0.0,46619.338,-0.014715
58896.794,0.0,46619.338,-0.014715
59005.194,0.0,46619.338,-0.014715
59113.694,0.0,46619.338,-0.014715
59222.294,0.0,46619.338,-0.014715
59330.994,0.0,46619.338,-0.014715
59439.794,0.0,46619.338,-0.014715
59548.694,0.0,46619.338,-0.014715
59657.694,0.0,46619.338,-0.014715
59766.794,0.0,46619.338,-0.014715
59875.994,0.0,46619.338,-0.014715
59985.294,0.0,46619.338,-0.014715
60094.694,0.0,46619.338,-0.014715
60204.194,0.0,46619.338,-0.014715
60313.794,0.0,46619.338,-0.014715
60423.494,0.0,46619.338,-0.014715
60533.294,0.0,46619.338,-0.014715
60643.194,0.0,46619.338,-0.014715
60753.194,0.0,46619.338,-0.014715
60863.294,0.0,46619.338,-0.014715
60973.494,0.0,46619.338,-0.014715
61083.794,0.0,46619.338,-0.014715
61194.194,0.0,46619.338,-0.014715
61304.694,0.0,46619.338,-0.014715
61415.294,0.0,46619.338,-0.014715
61525.994,0.0,46619.338,-0.014715
61636.794,0.0,46619.338,-0.014715
61747.694,0.0,46619.338,-0.014715
61858.694,0.0,46619.338,-0.014715
61969.794,0.0,46619.338,-0.014715
62080.994,0.0,46619.338,-0.014715
62192.294,0.0,46619.338,-0.014715
62303.694,0.0,46619.338,-0.014715
62415.194,0.0,46619.338,-0.014715
62526.794,0.0,46619.338,-0.014715
62638.494,0.0,46619.338,-0.014715
62750.294,0.0,46619.338,-0.014715
62862.194,0.0,46619.338,-0.014715
62974.194,0.0,46619.338,-0.014715
63086.294,0.0,46619.338,-0.014715
63198.494,0.0,46619.338,-0.014715
63310.794,0.0,46619.338,-0.014715
63423.194,0.0,46619.338,-0.014715
63535.694,0.0,46619.338,-0.014715
63648.294,0.0,46619.338,-0.014715
63760.994,0.0,46619.338,-0.014715
63873.794,0.0,46619.338,-0.014715
63986.694,0.0,46619.338,-0.014715
64099.694,0.0,46619.338,-0.014715
64212.794,0.0,46619.338,-0.014715
64325.994,0.0,46619.338,-0.014715
64439.294,0.0,46619.338,-0.014715
64552.694,0.0,46619.338,-0.014715
64666.194,0.0,46619.338,-0.014715
64779.794,0.0,46619.338,-0.014715
64893.494,0.0,46619.338,-0.014715
65007.294,0.0,46619.338,-0.014715
65121.194,0.0,46619.338,-0.014715
65235.194,0.0,46619.338,-0.014715
65349.294,0.0,46619.338,-0.014715
65463.494,0.0,46619.338,-0.014715
65577.794,0.0,46619.338,-0.014715
65692.193,0.0,46619.338,-0.014715
65806.693,0.0,46619.338,-0.014715
65921.293,0.0,46619.338,-0.014715
66035.993,0.0,46619.338,-0.014715
66150.793,0.0,46619.338,-0.014715
66265.693,0.0,46619.338,-0.014715
66380.693,0.0,46619.338,-0.014715
66495.793,0.0,46619.338,-0.014715
66610.993,0.0,46619.338,-0.014715
66726.293,0.0,46619.338,-0.014715
66841.693,0.0,46619.338,-0.014715
66957.193,0.0,46619.338,-0.014715
67072.793,0.0,46619.338,-0.014715
67188.493,0.0,46619.338,-0.014715
67304.293,0.0,46619.338,-0.014715
67420.193,0.0,46619.338,-0.014715
67536.193,0.0,46619.338,-0.014715
67652.293,0.0,46619.338,-0.014715
67768.493,0.0,46619.338,-0.014715
67884.793,0.0,46619.338,-0.014715
68001.193,0.0,46619.338,-0.014715
68117.693,0.0,46619.338,-0.014715
68234.293,0.0,46619.338,-0.014715
68350.993,0.0,46619.338,-0.014715
68467.793,0.0,46619.338,-0.014715
68584.693,0.0,46619.338,-0.014715
68701.693,0.0,46619.338,-0.014715
68818.793,0.0,46619.338,-0.014715
68935.993,0.0,46619.338,-0.014715
69053.293,0.0,46619.338,-0.014715
69170.693,0.0,46619.338,-0.014715
69288.193,0.0,46619.338,-0.014715
69405.793,0.0,46619.338,-0.014715
69523.493,0.0,46619.338,-0.014715
69641.293,0.0,46619.338,-0.014715
69759.193,0.0,46619.338,-0.014715
69877.193,0.1,46619.338,-0.014715
69877.193,0.1,46715.139,-0.00981
69877.193,0.1,46811.04,-0.00981
69877.193,0.1,46907.039,-0.01962
69877.193,0.1,47003.14400000001,-0.01962
69877.193,0.1,47099.34100000001,-0.014715
69877.193,0.1,47195.66200000001,-0.014715
69877.193,0.1,47292.05600000001,-0.014715
69877.193,0.1,47388.54900000001,-0.01962
69877.193,0.1,47485.14100000001,0.0
69877.193,0.1,47581.83300000001,-0.00981
69877.193,0.1,47678.62200000001,-0.028449
69877.193,0.1,47775.53600000001,0.0
69877.193,0.1,47872.52300000001,-0.014715
69877.193,0.1,47969.60900000001,-0.023544
69877.193,0.1,48066.79400000001,-0.00981
69877.193,0.1,48164.08400000001,-0.057879
69877.193,0.1,48261.46600000001,-0.01962
69877.193,0.1,48358.99300000001,-0.00981
69877.193,0.1,48456.57300000001,-0.033354
69877.193,0.1,48554.26300000001,-0.014715
69877.193,0.1,48652.04100000001,-0.014715
69877.193,0.1,48749.947000000015,-0.033354
69877.193,0.1,48847.92200000001,-0.00981
69877.193,0.1,48945.99500000001,0.00981
69877.193,0.1,49044.16800000001,-0.014715
69877.193,0.1,49142.44000000001,-0.033354
69877.193,0.1,49240.81000000001,-0.028449
69877.193,0.1,49339.27800000001,0.023544
69877.193,0.1,49437.845000000016,-0.028449
69877.193,0.1,49536.51100000001,-0.048069
69877.193,0.1,49635.27600000001,-0.01962
69877.193,0.1,49734.140000000014,-0.014715
69877.193,0.1,49833.10300000002,0.004905
69877.193,0.1,49932.165000000015,-0.028449
69877.193,0.1,50031.32500000002,-0.028449
69877.193,0.1,50130.58400000002,-0.014715
69877.193,0.1,50229.949000000015,-0.023544
69877.193,0.1,50329.40500000001,-0.004905
69877.193,0.1,50428.960000000014,-0.00981
69877.193,0.1,50528.61300000001,-0.01962
69877.193,0.1,50628.37000000001,-0.014715
69877.193,0.1,50728.22100000001,-0.01962
69877.193,0.1,50828.19800000001,-0.014715
69877.193,0.1,50928.24700000001,-0.01962
69877.193,0.1,51028.39600000001,-0.014715
69877.193,0.1,51128.64200000001,-0.00981
69877.193,0.1,51228.99300000001,-0.00981
69877.193,0.1,51329.43700000001,-0.014715
69877.193,0.1,51430.01300000001,-0.014715
69877.193,0.1,51530.65500000001,-0.004905
69877.193,0.1,51631.39500000001,0.01962
69877.193,0.1,51732.23500000001,-0.014715
69877.193,0.1,51833.19900000001,-0.00981
69877.193,0.1,51934.236,-0.01962
69877.193,0.1,52035.372,-0.00981
69877.193,0.1,52136.607,-0.004905
69877.193,0.1,52237.953,-0.004905
69877.193,0.1,52339.385,-0.023544
69877.193,0.1,52440.95,0.0
69877.193,0.1,52542.58,0.0
69877.193,0.1,52644.309,-0.00981
69877.193,0.1,52746.137,-0.00981
69877.193,0.1,52848.064000000006,-0.01962
69877.193,0.1,52950.08900000001,-0.01962
69877.193,0.1,53052.21300000001,-0.014715
69877.193,0.1,53154.43600000001,0.004905
69877.193,0.1,53256.75700000001,-0.00981
69877.193,0.1,53359.17700000001,-0.00981
69877.193,0.1,53461.69700000001,-0.014715
69877.193,0.1,53564.31500000001,-0.014715
69877.193,0.1,53667.03100000001,0.0
69877.193,0.1,53769.84600000001,-0.00981
69877.193,0.1,53872.76000000001,-0.00981
69877.193,0.1,53975.77300000001,-0.014715
69877.193,0.1,54078.886000000006,-0.014715
69877.193,0.1,54182.101,-0.014715
69877.193,0.1,54285.411,-0.023544
69877.193,0.1,54388.85,-0.00981
69877.193,0.1,54492.357,-0.043164
69877.193,0.1,54595.963,-0.023544
69877.193,0.1,54699.667,-0.028449
69877.193,0.1,54803.49399999999,-0.048069
69877.193,0.1,54907.39599999999,-0.028449
69877.193,0.1,55011.39599999999,-0.028449
69877.193,0.1,55115.49599999999,-0.00981
69877.193,0.1,55219.728,-0.00981
69877.193,0.1,55324.025,-0.01962
69877.193,0.1,55428.425,-0.028449
69877.193,0.1,55532.92,-0.00981
69877.193,0.1,55637.551,-0.004905
69877.193,0.1,55742.243,-0.023544
69877.193,0.1,55847.034,-0.038259
69877.193,0.1,55951.924,-0.028449
69877.193,0.1,56056.928,-0.01962
69877.193,0.1,56162.016,-0.004905
69877.193,0.1,56267.234,0.014715
69877.193,0.1,56372.51900000001,-0.00981
69877.193,0.1,56477.903000000006,-0.004905
69877.193,0.1,56583.38500000001,-0.014715
69877.193,0.1,56688.96700000001,-0.028449
69877.193,0.1,56794.64700000001,-0.014715
69877.193,0.1,56900.426000000014,0.0
69877.193,0.1,57006.30400000001,-0.033354
69877.193,0.1,57112.28100000001,0.004905
69877.193,0.1,57218.35600000001,-0.028449
69877.193,0.1,57324.530000000006,-0.00981
69877.193,0.1,57430.80300000001,0.004905
69877.193,0.1,57537.17500000001,-0.004905
69877.193,0.1,57643.64600000001,-0.004905
69877.193,0.1,57750.21500000001,-0.038259
69877.193,0.1,57856.90600000001,-0.01962
69877.193,0.1,57963.67200000001,-0.004905
69877.193,0.1,58070.53700000001,0.0
69877.193,0.1,58177.50100000001,-0.014715
69877.193,0.1,58284.56400000001,-0.014715
69877.193,0.1,58391.72600000001,-0.004905
69877.193,0.1,58499.01000000001,0.0
69877.193,0.1,58606.369000000006,-0.004905
69877.193,0.1,58713.827000000005,-0.014715
69877.193,0.1,58821.383,-0.00981
69877.193,0.1,58929.056,0.0
69877.193,0.1,59036.811,-0.004905
69877.193,0.1,59144.664,-0.00981
69877.193,0.1,59252.615000000005,-0.01962
69877.193,0.1,59360.66500000001,-0.00981
69877.193,0.1,59468.81500000001,-0.004905
69877.193,0.1,59577.09100000001,-0.00981
69877.193,0.1,59685.43800000001,-0.01962
69877.193,0.1,59793.88300000001,-0.01962
69877.193,0.1,59902.42700000001,-0.00981
69877.193,0.1,60011.07000000001,-0.00981
69877.193,0.1,60119.812000000005,-0.01962
69877.193,0.1,60228.68200000001,-0.028449
69877.193,0.1,60337.62100000001,-0.014715
69877.193,0.1,60446.66,-0.014715
69877.193,0.1,60555.796,-0.00981
69877.193,0.1,60665.032,-0.01962
69877.193,0.1,60774.367,-0.014715
69877.193,0.1,60883.8,0.014715
69877.193,0.1,60993.348,-0.00981
69877.193,0.1,61102.98,0.0
69877.193,0.1,61212.709,0.0
69877.193,0.1,61322.537,-0.014715
69877.193,0.1,61432.47,-0.00981
69877.193,0.1,61542.49599999999,-0.01962
69877.193,0.1,61652.64899999999,-0.014715
69877.193,0.1,61762.87299999999,-0.023544
69877.193,0.1,61873.19499999999,-0.01962
69877.193,0.1,61983.616,-0.00981
69877.193,0.1,62094.158,-0.00981
69877.193,0.1,62204.777,-0.00981
69877.193,0.1,62315.495,-0.014715
69877.193,0.1,62426.312,-0.004905
69877.193,0.1,62537.233,-0.00981
69877.193,0.1,62648.247,0.119682
69995.293,0.2,62759.391,0.244269
70113.493,0.3,62870.603,0.354141
70231.793,0.4,62981.913,0.503253
70350.193,0.5,62981.913,0.503253
70468.693,0.6,63093.323,0.536607
70587.293,0.7,63204.83700000001,0.737712
70705.993,0.7,63316.44400000001,0.714168
70824.793,0.7,63428.176000000014,0.722997
70943.693,0.7,63539.981000000014,0.709263
71062.693,0.7,63651.88400000001,0.699453
71181.793,0.7,63763.88600000001,0.699453
71300.993,0.7,63875.987000000016,0.699453
71420.293,0.7,63988.186000000016,0.694548
71539.693,0.628571,64100.50900000001,0.737712
71539.693,0.628571,64212.90600000001,0.61803
71659.193,0.528571,64325.40200000001,0.455184
71778.793,0.428571,64437.99600000001,0.407115
71898.493,0.328571,64550.69000000001,0.244269
72018.293,0.228571,64550.69000000001,0.244269
72138.193,0.128571,64663.48100000001,0.172656
72258.193,0.028571,64776.37200000001,0.134397
72258.193,0.028571,64889.36300000001,-0.086328
72378.293,0.0,65002.451000000015,0.00981
72498.493,0.0,65115.65400000002,0.023544
72618.793,0.0,65228.94000000002,-0.023544
72739.193,0.0,65342.32500000002,0.0
72739.193,0.0,65455.80800000002,-0.052974
72859.693,0.0,65455.80800000002,-0.052974
72980.293,0.0,65455.80800000002,-0.052974
73100.993,0.0,65455.80800000002,-0.052974
73221.793,0.0,65455.80800000002,-0.052974
73342.693,0.0,65455.80800000002,-0.052974
73463.693,0.0,65455.80800000002,-0.052974
73584.793,0.0,65455.80800000002,-0.052974
73705.993,0.0,65455.80800000002,-0.052974
73827.293,0.0,65455.80800000002,-0.052974
73948.693,0.0,65455.80800000002,-0.052974
74070.193,0.0,65455.80800000002,-0.052974
74191.793,0.0,65455.80800000002,-0.052974
74313.493,0.0,65455.80800000002,-0.052974
74435.293,0.0,65455.80800000002,-0.052974
74557.193,0.0,65455.80800000002,-0.052974
74679.193,-0.02,65455.80800000002,-0.052974
74679.193,-0.02,65569.39900000002,-0.004905
74679.193,-0.02,65683.08100000002,0.028449
74679.193,-0.02,65796.89100000002,-0.038259
74801.293,-0.12,65910.76900000001,-0.066708
74801.293,-0.12,66024.74600000001,-0.023544
74801.293,-0.12,66138.82200000001,-0.028449
74801.293,-0.12,66253.01700000002,0.014715
74801.293,-0.12,66367.29100000003,-0.033354
74801.293,-0.12,66481.66300000003,0.00981
74801.293,-0.12,66596.13400000003,-0.081423
74801.293,-0.12,66710.70600000003,0.076518
74801.293,-0.12,66825.37400000004,-0.104967
74923.493,-0.22,66940.17800000004,-0.162846
75045.793,-0.32,67055.04300000005,-0.349236
75168.193,-0.42,67170.00900000005,-0.368856
75290.693,-0.52,67285.07200000004,-0.503253
75413.293,-0.62,67400.26900000004,-0.61803
75535.993,-0.7,67515.53000000004,-0.666099
75658.793,-0.7,67630.89000000004,-0.732807
75781.693,-0.7,67746.34800000004,-0.646479
75904.693,-0.7,67861.93600000005,-0.709263
76027.793,-0.7,67977.59200000005,-0.714168
76150.993,-0.7,68093.34600000005,-0.714168
76274.293,-0.7,68209.20000000006,-0.704358
76397.693,-0.7,68325.15200000006,-0.718092
76521.193,-0.608571,68441.20200000006,-0.60822
76644.793,-0.508571,68557.35200000006,-0.478728
76768.493,-0.408571,68673.60100000005,-0.388476
76892.293,-0.308571,68789.94800000005,-0.277623
77016.193,-0.208571,68906.39300000005,-0.191295
77140.193,-0.108571,69022.93700000005,-0.048069
77264.293,-0.008571,69139.58000000005,-0.01962
77388.493,0.0,69256.32200000004,0.004905
77512.793,0.0,69373.17000000004,-0.076518
77637.193,0.0,69490.11000000004,0.038259
77761.693,0.0,69607.14800000004,-0.004905
77886.293,0.0,69724.28500000005,0.0
77886.293,0.0,69841.52000000005,-0.048069
78010.993,0.0,69841.52000000005,-0.048069
78135.793,0.0,69841.52000000005,-0.048069
78260.693,0.0,69841.52000000005,-0.048069
78385.693,0.0,69841.52000000005,-0.048069
78510.793,0.0,69841.52000000005,-0.048069
78635.993,0.0,69841.52000000005,-0.048069
78761.293,0.0,69841.52000000005,-0.048069
78886.693,0.0,69841.52000000005,-0.048069
79012.193,0.0,69841.52000000005,-0.048069
79137.793,0.0,69841.52000000005,-0.048069
79263.493,0.0,69841.52000000005,-0.048069
79389.293,0.0,69841.52000000005,-0.048069
79515.193,0.0,69841.52000000005,-0.048069
79641.193,0.0,69841.52000000005,-0.048069
79767.293,0.0,69841.52000000005,-0.048069
79893.493,0.0,69841.52000000005,-0.048069
80019.793,0.0,69841.52000000005,-0.048069
80146.193,0.0,69841.52000000005,-0.048069
80272.693,0.0,69841.52000000005,-0.048069
80399.293,0.0,69841.52000000005,-0.048069
80525.993,0.0,69841.52000000005,-0.048069
80652.793,0.0,69841.52000000005,-0.048069
80779.693,0.0,69841.52000000005,-0.048069
80906.693,0.0,69841.52000000005,-0.048069
81033.793,0.0,69841.52000000005,-0.048069
81160.993,0.0,69841.52000000005,-0.048069
81288.293,0.0,69841.52000000005,-0.048069
81415.693,0.0,69841.52000000005,-0.048069
81543.193,0.0,69841.52000000005,-0.048069
81670.793,0.0,69841.52000000005,-0.048069
81798.493,0.0,69841.52000000005,-0.048069
81926.293,0.0,69841.52000000005,-0.048069
82054.193,0.0,69841.52000000005,-0.048069
82182.193,0.0,69841.52000000005,-0.048069
82310.293,0.0,69841.52000000005,-0.048069
82438.493,0.0,69841.52000000005,-0.048069
82566.793,0.0,69841.52000000005,-0.048069
82695.193,0.0,69841.52000000005,-0.048069
82823.693,0.0,69841.52000000005,-0.048069
82952.293,0.0,69841.52000000005,-0.048069
83080.993,0.0,69841.52000000005,-0.048069
83209.793,0.0,69841.52000000005,-0.048069
83338.693,0.0,69841.52000000005,-0.048069
83467.693,0.0,69841.52000000005,-0.048069
83596.793,0.0,69841.52000000005,-0.048069
83725.993,0.0,69841.52000000005,-0.048069
83855.293,0.0,69841.52000000005,-0.048069
83984.693,0.0,69841.52000000005,-0.048069
84114.193,0.0,69841.52000000005,-0.048069
84243.793,0.0,69841.52000000005,-0.048069
84373.493,0.0,69841.52000000005,-0.048069
84503.293,0.0,69841.52000000005,-0.048069
84633.193,0.0,69841.52000000005,-0.048069
84763.193,0.0,69841.52000000005,-0.048069
84893.293,0.0,69841.52000000005,-0.048069
85023.493,0.0,69841.52000000005,-0.048069
85153.793,0.0,69841.52000000005,-0.048069
85284.193,0.0,69841.52000000005,-0.048069
85414.693,0.0,69841.52000000005,-0.048069
85545.293,0.0,69841.52000000005,-0.048069
85675.993,0.0,69841.52000000005,-0.048069
85806.793,0.0,69841.52000000005,-0.048069
85937.693,0.0,69841.52000000005,-0.048069
86068.693,0.0,69841.52000000005,-0.048069
86199.793,0.0,69841.52000000005,-0.048069
86330.993,0.0,69841.52000000005,-0.048069
86462.293,0.0,69841.52000000005,-0.048069
86593.693,0.0,69841.52000000005,-0.048069
86725.193,0.0,69841.52000000005,-0.048069
86856.793,0.0,69841.52000000005,-0.048069
86988.493,0.0,69841.52000000005,-0.048069
87120.293,0.0,69841.52000000005,-0.048069
87252.193,0.0,69841.52000000005,-0.048069
87384.193,0.0,69841.52000000005,-0.048069
87516.293,0.0,69841.52000000005,-0.048069
87648.493,0.0,69841.52000000005,-0.048069
87780.793,0.0,69841.52000000005,-0.048069
87913.193,0.0,69841.52000000005,-0.048069
88045.693,0.0,69841.52000000005,-0.048069
88178.293,0.0,69841.52000000005,-0.048069
88310.993,0.0,69841.52000000005,-0.048069
88443.793,0.0,69841.52000000005,-0.048069
88576.693,0.0,69841.52000000005,-0.048069
88709.693,0.0,69841.52000000005,-0.048069
88842.793,0.0,69841.52000000005,-0.048069
88975.993,0.0,69841.52000000005,-0.048069
89109.293,0.0,69841.52000000005,-0.048069
89242.693,0.0,69841.52000000005,-0.048069
89376.193,0.0,69841.52000000005,-0.048069
89509.793,0.0,69841.52000000005,-0.048069
89643.493,0.0,69841.52000000005,-0.048069
89777.293,0.0,69841.52000000005,-0.048069
89911.193,0.0,69841.52000000005,-0.048069
90045.193,0.0,69841.52000000005,-0.048069
90179.293,0.0,69841.52000000005,-0.048069
90313.493,0.0,69841.52000000005,-0.048069
90447.793,0.0,69841.52000000005,-0.048069
90582.193,0.0,69841.52000000005,-0.048069
90716.693,0.0,69841.52000000005,-0.048069
90851.293,0.0,69841.52000000005,-0.048069
90985.993,0.0,69841.52000000005,-0.048069
91120.793,0.0,69841.52000000005,-0.048069
91255.693,0.0,69841.52000000005,-0.048069
91390.693,0.0,69841.52000000005,-0.048069
91525.793,0.0,69841.52000000005,-0.048069
91660.993,0.0,69841.52000000005,-0.048069
91796.293,0.0,69841.52000000005,-0.048069
91931.693,0.0,69841.52000000005,-0.048069
92067.193,0.0,69841.52000000005,-0.048069
92202.793,0.0,69841.52000000005,-0.048069
92338.493,0.0,69841.52000000005,-0.048069
92474.293,0.0,69841.52000000005,-0.048069
92610.193,0.0,69841.52000000005,-0.048069
92746.193,0.0,69841.52000000005,-0.048069
92882.293,0.0,69841.52000000005,-0.048069
93018.493,0.0,69841.52000000005,-0.048069
93154.793,0.0,69841.52000000005,-0.048069
93291.193,0.0,69841.52000000005,-0.048069
93427.693,0.0,69841.52000000005,-0.048069
93564.293,0.0,69841.52000000005,-0.048069
93700.993,0.0,69841.52000000005,-0.048069
93837.793,0.0,69841.52000000005,-0.048069
93974.693,0.0,69841.52000000005,-0.048069
94111.693,0.0,69841.52000000005,-0.048069
94248.793,0.0,69841.52000000005,-0.048069
94385.993,0.0,69841.52000000005,-0.048069
94523.293,0.0,69841.52000000005,-0.048069
94660.693,0.0,69841.52000000005,-0.048069
94798.193,0.0,69841.52000000005,-0.048069
94935.793,0.0,69841.52000000005,-0.048069
95073.493,0.0,69841.52000000005,-0.048069
95211.293,0.0,69841.52000000005,-0.048069
95349.193,0.0,69841.52000000005,-0.048069
95487.193,0.0,69841.52000000005,-0.048069
95625.293,0.0,69841.52000000005,-0.048069
95763.493,0.0,69841.52000000005,-0.048069
95901.793,0.0,69841.52000000005,-0.048069
96040.193,0.0,69841.52000000005,-0.048069
96178.693,0.0,69841.52000000005,-0.048069
96317.293,0.0,69841.52000000005,-0.048069
96455.993,0.0,69841.52000000005,-0.048069
96594.793,0.0,69841.52000000005,-0.048069
96733.693,0.0,69841.52000000005,-0.048069
96872.693,0.0,69841.52000000005,-0.048069
97011.793,0.0,69841.52000000005,-0.048069
97150.993,0.0,69841.52000000005,-0.048069
97290.293,0.0,69841.52000000005,-0.048069
97429.693,0.0,69841.52000000005,-0.048069
97569.193,0.0,69841.52000000005,-0.048069
97708.793,0.0,69841.52000000005,-0.048069
97848.493,0.0,69841.52000000005,-0.048069
97988.293,0.0,69841.52000000005,-0.048069
98128.193,0.0,69841.52000000005,-0.048069
98268.193,0.0,69841.52000000005,-0.048069
98408.293,0.0,69841.52000000005,-0.048069
98548.493,0.0,69841.52000000005,-0.048069
98688.793,0.0,69841.52000000005,-0.048069
98829.193,0.0,69841.52000000005,-0.048069
98969.693,0.0,69841.52000000005,-0.048069
99110.293,0.0,69841.52000000005,-0.048069
99250.993,0.0,69841.52000000005,-0.048069
99391.793,0.0,69841.52000000005,-0.048069
99532.693,0.0,69841.52000000005,-0.048069
99673.693,0.0,69841.52000000005,-0.048069
99814.793,0.0,69841.52000000005,-0.048069
99955.993,0.0,69841.52000000005,-0.048069
100097.29,0.0,69841.52000000005,-0.048069
100238.68,0.0,69841.52000000005,-0.048069
100380.18,0.0,69841.52000000005,-0.048069
100521.78,0.0,69841.52000000005,-0.048069
100663.48,0.0,69841.52000000005,-0.048069
100805.28,0.0,69841.52000000005,-0.048069
100947.18,0.0,69841.52000000005,-0.048069
101089.18,0.0,69841.52000000005,-0.048069
101231.28,0.0,69841.52000000005,-0.048069
101373.48,0.0,69841.52000000005,-0.048069
101515.78,0.1,69841.52000000005,-0.048069
101515.78,0.1,69958.85400000005,-0.00981
101515.78,0.1,70076.29300000005,0.00981
101515.78,0.1,70193.82500000006,0.0
101515.78,0.1,70311.45500000006,-0.043164
101515.78,0.1,70429.18500000006,-0.004905
101515.78,0.1,70547.01300000005,-0.004905
101515.78,0.1,70664.94000000005,0.023544
101515.78,0.1,70782.97600000004,-0.038259
101515.78,0.1,70901.10000000003,-0.014715
101515.78,0.1,71019.35800000004,0.004905
101515.78,0.1,71137.68000000004,-0.014715
101515.78,0.1,71256.10100000004,-0.028449
101515.78,0.1,71374.62100000004,-0.043164
101515.78,0.1,71493.26100000004,0.00981
101515.78,0.1,71611.97800000005,0.004905
101515.78,0.1,71730.79400000005,0.00981
101515.78,0.1,71849.70900000005,-0.052974
101515.78,0.1,71968.72200000005,-0.014715
101515.78,0.1,72087.83400000005,0.01962
101515.78,0.1,72207.04500000004,-0.023544
101515.78,0.1,72326.35400000004,-0.043164
101515.78,0.1,72445.76200000003,-0.119682
101515.78,0.1,72565.26900000003,-0.177561
101515.78,0.1,72684.87400000003,-0.258984
101515.78,0.1,72804.57800000002,-0.157941
101515.78,0.1,72924.38100000002,-0.096138
101515.78,0.1,73044.28300000002,-0.01962
101515.78,0.1,73164.28400000003,-0.014715
101515.78,0.1,73284.38300000003,-0.028449
101515.78,0.1,73404.58100000003,-0.01962
101515.78,0.1,73524.87800000004,-0.01962
101515.78,0.1,73645.27400000003,-0.014715
101515.78,0.1,73765.78300000004,-0.00981
101515.78,0.1,73886.37600000003,-0.004905
101515.78,0.1,74007.06800000003,-0.023544
101515.78,0.1,74127.85800000002,-0.01962
101515.78,0.1,74248.74700000002,-0.00981
101515.78,0.1,74369.73500000002,-0.014715
101515.78,0.1,74490.82800000001,-0.00981
101515.78,0.1,74612.01400000001,-0.023544
101515.78,0.1,74733.33000000002,-0.023544
101515.78,0.1,74854.71200000001,-0.014715
101515.78,0.1,74976.19800000002,-0.023544
101515.78,0.1,75097.77900000002,-0.01962
101515.78,0.1,75219.49700000002,-0.00981
101515.78,0.1,75341.27500000002,-0.01962
101515.78,0.1,75463.15200000002,0.0
101515.78,0.1,75585.12800000001,-0.01962
101515.78,0.1,75707.20900000002,-0.038259
101515.78,0.1,75829.38200000001,-0.00981
101515.78,0.1,75951.67800000001,-0.014715
101515.78,0.1,76074.04800000001,-0.023544
101515.78,0.1,76196.51800000001,-0.023544
101515.78,0.1,76319.08600000001,0.004905
101515.78,0.1,76441.75300000001,0.0
101515.78,0.1,76564.51900000001,0.00981
101515.78,0.1,76687.38300000002,-0.014715
101515.78,0.1,76810.34600000002,-0.00981
101515.78,0.1,76933.40800000002,0.014715
101515.78,0.1,77056.57400000002,-0.014715
101515.78,0.1,77179.83300000003,-0.014715
101515.78,0.1,77303.19100000002,-0.023544
101515.78,0.1,77426.64800000002,-0.023544
101515.78,0.1,77550.20300000001,-0.01962
101515.78,0.1,77673.857,-0.00981
101515.78,0.1,77797.61600000001,0.00981
101515.78,0.1,77921.467,0.0
101515.78,0.1,78045.458,-0.014715
101515.78,0.1,78169.507,-0.00981
101515.78,0.1,78293.656,-0.004905
101515.78,0.1,78417.903,-0.004905
101515.78,0.1,78542.263,-0.014715
101515.78,0.1,78666.70700000001,0.004905
101515.78,0.1,78791.24900000001,-0.00981
101515.78,0.1,78915.88900000001,-0.004905
101515.78,0.1,79040.63900000001,-0.01962
101515.78,0.1,79165.47800000002,0.0
101515.78,0.1,79290.45100000002,-0.004905
101515.78,0.1,79415.48900000002,-0.014715
101515.78,0.1,79540.63000000002,-0.01962
101515.78,0.1,79665.86300000001,-0.014715
101515.78,0.1,79791.22600000001,-0.023544
101515.78,0.1,79916.656,-0.014715
101515.78,0.1,80042.185,-0.00981
101515.78,0.1,80167.81199999999,-0.014715
101515.78,0.1,80293.53799999999,-0.00981
101515.78,0.1,80419.36299999998,-0.00981
101515.78,0.1,80545.32499999998,-0.014715
101515.78,0.1,80671.34699999998,-0.014715
101515.78,0.1,80797.46799999998,-0.014715
101515.78,0.1,80923.68799999998,-0.014715
101515.78,0.1,81050.04099999998,-0.004905
101515.78,0.1,81176.45799999998,-0.00981
101515.78,0.1,81302.97399999999,-0.014715
101515.78,0.1,81429.58799999999,-0.00981
101515.78,0.1,81556.30099999999,-0.00981
101515.78,0.1,81683.113,-0.00981
101515.78,0.1,81810.02399999999,-0.014715
101515.78,0.1,81937.033,-0.00981
101515.78,0.1,82064.14099999999,-0.014715
101515.78,0.1,82191.34799999998,-0.014715
101515.78,0.1,82318.65399999998,-0.014715
101515.78,0.1,82446.05799999998,-0.014715
101515.78,0.1,82573.56099999997,-0.01962
101515.78,0.1,82701.19099999998,-0.014715
101515.78,0.1,82828.89199999998,0.0
101515.78,0.1,82956.69099999998,-0.014715
101515.78,0.1,83084.58899999998,-0.00981
101515.78,0.1,83212.59199999998,-0.01962
101515.78,0.1,83340.68699999998,-0.048069
101515.78,0.1,83468.90999999997,-0.01962
101515.78,0.1,83597.20299999998,-0.023544
101515.78,0.1,83725.59399999998,0.01962
101515.78,0.1,83854.08399999999,0.00981
101515.78,0.1,83982.673,-0.023544
101515.78,0.1,84111.36,-0.014715
101515.78,0.1,84240.17,-0.004905
101515.78,0.1,84369.055,-0.00981
101515.78,0.1,84498.03899999999,-0.00981
101515.78,0.1,84627.12099999998,0.0
101515.78,0.1,84756.30099999998,-0.004905
101515.78,0.1,84885.57999999997,-0.028449
101515.78,0.1,85014.95799999997,-0.004905
101515.78,0.1,85144.43499999997,-0.004905
101515.78,0.1,85274.01099999997,-0.01962
101515.78,0.1,85403.68499999997,-0.00981
101515.78,0.1,85533.45799999997,-0.00981
101515.78,0.1,85663.32999999997,0.0
101515.78,0.1,85793.29999999997,-0.004905
101515.78,0.1,85923.37999999998,0.0
101515.78,0.1,86053.54799999998,-0.033354
101515.78,0.1,86183.81399999998,-0.023544
101515.78,0.1,86314.17899999999,-0.01962
101515.78,0.1,86444.64899999999,-0.00981
101515.78,0.1,86575.211,-0.01962
101515.78,0.1,86705.897,-0.004905
101515.78,0.1,86836.65699999999,-0.014715
101515.78,0.1,86967.51499999998,-0.004905
101515.78,0.1,87098.47199999998,-0.01962
101515.78,0.1,87229.54899999998,-0.00981
101515.78,0.1,87360.70299999998,0.004905
101515.78,0.1,87491.95599999998,-0.00981
101515.78,0.1,87623.30699999997,0.0
101515.78,0.1,87754.75699999997,-0.023544
101515.78,0.1,87886.30599999997,-0.014715
101515.78,0.1,88017.97699999997,-0.00981
101515.78,0.1,88149.72299999997,-0.01962
101515.78,0.1,88281.56699999997,-0.028449
101515.78,0.1,88413.50999999997,-0.023544
101515.78,0.1,88545.57599999997,-0.01962
101515.78,0.1,88677.71699999998,-0.023544
101515.78,0.1,88809.95599999998,-0.00981
101515.78,0.1,88942.29399999998,-0.01962
101515.78,0.1,89074.72999999998,-0.01962
101515.78,0.1,89207.26499999998,-0.004905
101515.78,0.1,89339.89999999998,0.0
101515.78,0.1,89472.63299999997,-0.01962
101515.78,0.1,89605.46399999998,-0.00981
101515.78,0.1,89738.39799999997,0.004905
101515.78,0.1,89871.42699999997,-0.004905
101515.78,0.1,90004.55499999996,-0.014715
101515.78,0.1,90137.78099999996,-0.004905
101515.78,0.1,90271.10499999997,-0.01962
101515.78,0.1,90404.52799999996,-0.014715
101515.78,0.1,90538.07099999997,-0.004905
101515.78,0.1,90671.69199999997,-0.014715
101515.78,0.1,90805.41099999996,-0.00981
101515.78,0.1,90939.22799999994,-0.00981
101515.78,0.1,91073.15599999994,-0.00981
101515.78,0.1,91207.17099999994,-0.014715
101515.78,0.1,91341.28499999996,-0.01962
101515.78,0.1,91475.49799999996,-0.014715
101515.78,0.1,91609.80999999995,-0.023544
101515.78,0.1,91744.21999999996,-0.00981
101515.78,0.1,91878.73099999996,-0.01962
101515.78,0.1,92013.33999999995,-0.004905
101515.78,0.1,92148.06699999997,-0.004905
101515.78,0.1,92282.87299999996,-0.038259
101515.78,0.1,92417.77699999994,-0.038259
101515.78,0.1,92552.77999999994,0.0
101515.78,0.1,92687.88299999994,-0.01962
101515.78,0.1,92823.08399999994,0.0
101515.78,0.1,92958.40799999994,0.057879
101658.18,0.2,93093.80699999994,0.220725
101800.68,0.3,93229.30399999996,0.272718
101943.28,0.4,93364.89999999997,0.435564
102085.98,0.5,93500.62799999995,0.551322
102228.78,0.6,93636.42099999996,0.61803
102371.68,0.7,93772.31299999997,0.761256
102514.68,0.7,93908.30399999996,0.671004
102657.78,0.7,94044.39399999996,0.737712
102800.98,0.7,94180.58199999997,0.679833
102944.28,0.7,94316.89999999997,0.722997
103087.68,0.7,94453.28699999995,0.689643
103231.18,0.7,94589.77199999995,0.661194
103374.78,0.7,94726.35599999996,0.709263
103518.48,0.628571,94863.03799999996,0.641574
103662.28,0.528571,94999.81899999996,0.498348
103806.18,0.428571,95136.69899999996,0.42183
103950.18,0.328571,95273.67799999996,0.320787
104094.28,0.228571,95410.75499999998,0.201105
104238.48,0.128571,95547.93899999995,0.109872
104382.78,0.028571,95685.21399999996,0.014715
104527.18,0.0,95822.61899999996,-0.023544
104671.68,0.0,95960.09199999996,-0.01962
104816.28,0.0,96097.66299999996,-0.01962
104960.98,0.0,96235.33299999996,-0.004905
105105.78,0.0,96373.12499999996,-0.033354
105250.68,0.0,96510.99299999996,0.01962
105395.68,0.0,96648.99799999996,-0.101043
105540.78,0.0,96787.06299999997,0.043164
105685.98,0.0,96925.22699999996,-0.048069
105831.28,0.0,97063.48999999998,0.086328
105976.68,0.0,97201.86899999998,-0.091233
106122.18,0.0,97340.32999999996,0.004905
106267.78,0.0,97478.88899999997,-0.043164
106413.48,0.0,97478.88899999997,-0.043164
106559.28,0.0,97478.88899999997,-0.043164
106705.18,0.0,97478.88899999997,-0.043164
106851.18,0.0,97478.88899999997,-0.043164
106997.28,0.0,97478.88899999997,-0.043164
107143.48,0.0,97617.54699999996,0.023544
107289.78,-0.02,97756.32099999997,-0.028449
107436.18,-0.12,97895.17699999997,-0.01962
107436.18,-0.12,98034.17399999996,0.0
107436.18,-0.12,98173.22699999996,-0.048069
107582.68,-0.22,98312.38599999995,-0.234459
107729.28,-0.32,98451.63699999996,-0.277623
107875.98,-0.42,98591.01699999998,-0.40221
108022.78,-0.52,98730.46599999996,-0.503253
108169.68,-0.62,98870.01299999998,-0.569961
108316.68,-0.7,99009.65899999996,-0.732807
108463.78,-0.7,99149.40399999997,-0.679833
108610.98,-0.7,99289.24799999996,-0.679833
108758.28,-0.7,99429.19099999996,-0.694548
108905.68,-0.7,99569.23199999996,-0.709263
109053.18,-0.7,99569.23199999996,-0.709263
109200.78,-0.7,99709.37199999996,-0.679833
109348.48,-0.7,99849.60999999996,-0.684738
109496.28,-0.608571,99989.94699999996,-0.666099
109644.18,-0.508571,100130.38399999996,-0.551322
109792.18,-0.408571,100270.91899999997,-0.460089
109940.28,-0.308571,100411.55399999996,-0.363951
110088.48,-0.208571,100552.28699999995,-0.267813
110236.78,-0.108571,100693.11899999996,-0.096138
110385.18,-0.008571,100834.04999999994,-0.086328
110385.18,-0.008571,100975.08299999994,0.004905
110533.68,0.0,101116.21099999994,-0.043164
110533.68,0.0,101257.43799999994,0.052974
110682.28,0.0,101398.76399999994,-0.043164
110830.98,0.0,101540.19299999994,-0.01962
110979.78,0.0,101681.71599999994,-0.014715
111128.68,0.0,101823.36199999994,0.01962
111277.68,0.0,101965.08299999994,0.0
111277.68,0.0,102106.90299999996,-0.048069
111426.78,0.0,102106.90299999996,-0.048069
111575.98,0.0,102106.90299999996,-0.048069
111725.28,0.0,102106.90299999996,-0.048069
111874.68,0.0,102106.90299999996,-0.048069
112024.18,0.0,102106.90299999996,-0.048069
112173.78,0.0,102106.90299999996,-0.048069
112323.48,0.0,102106.90299999996,-0.048069
112473.28,0.0,102106.90299999996,-0.048069
112623.18,0.0,102106.90299999996,-0.048069
112773.18,0.0,102106.90299999996,-0.048069
112923.28,0.0,102106.90299999996,-0.048069
113073.48,0.0,102106.90299999996,-0.048069
113223.78,0.0,102106.90299999996,-0.048069
113374.18,0.0,102106.90299999996,-0.048069
113524.68,0.0,102106.90299999996,-0.048069
113675.28,0.0,102106.90299999996,-0.048069
113825.98,0.0,102106.90299999996,-0.048069
113976.78,0.0,102106.90299999996,-0.048069
114127.68,0.0,102106.90299999996,-0.048069
114278.68,0.0,102106.90299999996,-0.048069
114429.78,0.0,102106.90299999996,-0.048069
114580.98,0.0,102106.90299999996,-0.048069
114732.28,0.0,102106.90299999996,-0.048069
114883.68,0.0,102106.90299999996,-0.048069
115035.18,0.0,102106.90299999996,-0.048069
115186.78,0.0,102106.90299999996,-0.048069
115186.78,0.0,102248.82199999994,-0.023544
115186.78,0.0,102390.84199999996,0.023544
115186.78,0.0,102532.95799999994,0.00981
115186.78,0.0,102675.19799999996,-0.01962
115186.78,0.0,102817.51199999994,-0.048069
115186.78,0.0,102959.92499999994,0.023544
115186.78,0.0,103102.43599999994,0.014715
115186.78,0.0,103245.04599999994,-0.004905
115186.78,0.0,103387.75499999996,-0.033354
115186.78,0.0,103530.59899999994,0.00981
115186.78,0.0,103673.50599999996,0.028449
115186.78,0.0,103816.51199999994,-0.023544
115186.78,0.0,103959.61599999997,-0.028449
115186.78,0.0,104102.81899999994,-0.00981
115186.78,0.0,104246.12099999994,0.038259
115186.78,0.0,104389.55899999994,-0.01962
115186.78,0.0,104533.05799999992,-0.052974
115186.78,0.0,104676.65599999992,-0.086328
115186.78,0.0,104820.35199999993,-0.148131
115186.78,0.0,104964.14699999992,-0.20601
115186.78,0.0,105108.04099999992,-0.162846
115186.78,0.0,105252.03299999992,-0.104967
115186.78,0.0,105396.12499999993,-0.043164
115186.78,0.0,105540.31499999992,-0.004905
115186.78,0.0,105684.60399999992,-0.01962
115186.78,0.0,105828.99099999994,-0.00981
115186.78,0.0,105973.50099999992,-0.004905
115186.78,0.0,106118.08599999994,-0.014715
115186.78,0.0,106262.77099999994,0.0
115186.78,0.0,106407.55299999994,-0.004905
115186.78,0.0,106552.43799999994,-0.00981
115186.78,0.0,106697.41799999992,-0.00981
115186.78,0.0,106842.52999999993,-0.004905
115186.78,0.0,106987.70799999993,-0.014715
115186.78,0.0,107132.98499999991,-0.004905
115186.78,0.0,107278.35999999991,-0.004905
115186.78,0.0,107423.84699999992,-0.033354
115186.78,0.0,107569.41999999993,-0.00981
115186.78,0.0,107715.12699999992,-0.00981
115186.78,0.0,107860.89799999991,-0.023544
115186.78,0.0,108006.76699999992,-0.004905
115186.78,0.0,108152.73499999991,-0.014715
115186.78,0.0,108298.82499999992,0.004905
115186.78,0.0,108444.9909999999,-0.00981
115186.78,0.0,108591.2549999999,-0.014715
115186.78,0.0,108737.6179999999,0.0
115186.78,0.0,108884.0799999999,-0.004905
115186.78,0.0,109030.6409999999,0.004905
115186.78,0.0,109177.3009999999,-0.004905
115186.78,0.0,109324.05999999992,-0.023544
115186.78,0.0,109470.94999999992,-0.023544
115186.78,0.0,109617.90599999992,-0.01962
115186.78,0.0,109764.96099999992,-0.014715
115186.78,0.0,109912.11299999992,-0.033354
115186.78,0.0,110059.3649999999,0.038259
115186.78,0.0,110206.7159999999,0.004905
115186.78,0.0,110354.20299999988,0.0
115186.78,0.0,110501.75099999987,0.004905
115186.78,0.0,110649.39799999988,0.004905
115186.78,0.0,110797.16599999988,-0.004905
115186.78,0.0,110945.01099999988,0.0
115186.78,0.0,111092.95399999988,-0.014715
115186.78,0.0,111240.99599999988,-0.028449
115186.78,0.0,111389.13999999988,-0.014715
115186.78,0.0,111537.37999999987,-0.014715
115186.78,0.0,111685.75499999987,-0.004905
115186.78,0.0,111834.19299999988,-0.014715
115186.78,0.0,111982.74299999989,-0.00981
115186.78,0.0,112131.37799999988,0.004905
115186.78,0.0,112280.11099999987,-0.014715
115186.78,0.0,112428.94299999988,-0.00981
115186.78,0.0,112577.87599999987,-0.014715
115186.78,0.0,112726.90599999989,-0.014715
115186.78,0.0,112876.06599999988,-0.014715
115186.78,0.0,113025.29399999988,-0.014715
115186.78,0.0,113174.61999999988,-0.01962
115186.78,0.0,113324.04499999988,-0.028449
115186.78,0.0,113473.59499999988,-0.00981
115186.78,0.0,113623.21799999988,0.0
115186.78,0.0,113772.93999999989,-0.014715
