dt-timestamp(s),dt-accel(m/s2),pt-timestamp(s),pt-accel(m/s2)
0.0,0.0,0.0,-0.014715
0.1,0.0,0.098,0.0
0.1,0.0,0.197,-0.004905
0.2,0.0,0.197,-0.004905
0.3,0.0,0.197,-0.004905
0.4,0.0,0.197,-0.004905
0.5,0.0,0.197,-0.004905
0.6,0.0,0.197,-0.004905
0.7,0.0,0.197,-0.004905
0.8,0.0,0.197,-0.004905
0.9,0.0,0.197,-0.004905
1.0,0.0,0.197,-0.004905
1.1,0.0,0.197,-0.004905
1.2,0.0,0.197,-0.004905
1.3,0.0,0.197,-0.004905
1.4,0.0,0.197,-0.004905
1.5,0.0,0.197,-0.004905
1.6,0.0,0.197,-0.004905
1.7,0.0,0.197,-0.004905
1.8,0.0,0.197,-0.004905
1.9,0.0,0.197,-0.004905
2.0,0.0,0.197,-0.004905
2.1,0.0,0.197,-0.004905
2.2,0.0,0.197,-0.004905
2.3,0.0,0.197,-0.004905
2.4,0.0,0.197,-0.004905
2.5,0.0,0.197,-0.004905
2.6,0.0,0.197,-0.004905
2.7,0.0,0.197,-0.004905
2.8,0.0,0.197,-0.004905
2.9,0.0,0.197,-0.004905
3.0,0.0,0.197,-0.004905
3.1,0.0,0.197,-0.004905
3.2,0.0,0.197,-0.004905
3.3,0.0,0.197,-0.004905
3.4,0.0,0.197,-0.004905
3.5,0.0,0.197,-0.004905
3.6,0.0,0.197,-0.004905
3.7,0.0,0.197,-0.004905
3.8,0.0,0.197,-0.004905
3.9,0.0,0.197,-0.004905
4.0,0.0,0.197,-0.004905
4.1,0.0,0.197,-0.004905
4.2,0.0,0.197,-0.004905
4.3,0.0,0.197,-0.004905
4.4,0.0,0.197,-0.004905
4.5,0.0,0.197,-0.004905
4.6,0.0,0.197,-0.004905
4.7,0.0,0.197,-0.004905
4.8,0.0,0.197,-0.004905
4.9,0.0,0.197,-0.004905
5.0,0.0,0.197,-0.004905
5.1,0.0,0.197,-0.004905
5.2,0.0,0.197,-0.004905
5.3,0.0,0.197,-0.004905
5.4,0.0,0.197,-0.004905
5.5,0.0,0.197,-0.004905
5.6,0.0,0.197,-0.004905
5.7,0.0,0.197,-0.004905
5.8,0.0,0.197,-0.004905
5.9,0.0,0.197,-0.004905
6.0,0.0,0.197,-0.004905
6.1,0.0,0.197,-0.004905
6.2,0.0,0.197,-0.004905
6.3,0.0,0.197,-0.004905
6.4,0.0,0.197,-0.004905
6.5,0.0,0.197,-0.004905
6.6,0.0,0.197,-0.004905
6.7,0.0,0.197,-0.004905
6.8,0.0,0.197,-0.004905
6.9,0.0,0.197,-0.004905
7.0,0.0,0.197,-0.004905
7.1,0.0,0.197,-0.004905
7.2,0.0,0.197,-0.004905
7.3,0.0,0.197,-0.004905
7.4,0.0,0.197,-0.004905
7.5,0.0,0.197,-0.004905
7.6,0.0,0.197,-0.004905
7.7,0.0,0.197,-0.004905
7.8,0.0,0.197,-0.004905
7.9,0.0,0.197,-0.004905
8.0,0.0,0.197,-0.004905
8.1,0.0,0.197,-0.004905
8.2,0.0,0.197,-0.004905
8.3,0.0,0.197,-0.004905
8.4,0.0,0.197,-0.004905
8.5,0.0,0.197,-0.004905
8.6,0.0,0.197,-0.004905
8.7,0.0,0.197,-0.004905
8.8,0.0,0.197,-0.004905
8.9,0.0,0.197,-0.004905
9.0,0.0,0.197,-0.004905
9.1,0.0,0.197,-0.004905
9.2,0.0,0.197,-0.004905
9.3,0.0,0.197,-0.004905
9.4,0.0,0.197,-0.004905
9.5,0.0,0.197,-0.004905
9.6,0.0,0.197,-0.004905
9.7,0.0,0.197,-0.004905
9.8,0.0,0.197,-0.004905
9.9,0.0,0.197,-0.004905
10.0,0.0,0.197,-0.004905
10.1,0.0,0.197,-0.004905
10.2,0.0,0.197,-0.004905
10.3,0.0,0.197,-0.004905
10.4,0.0,0.197,-0.004905
10.5,0.0,0.197,-0.004905
10.6,0.0,0.197,-0.004905
10.7,0.0,0.197,-0.004905
10.8,0.0,0.197,-0.004905
10.9,0.0,0.197,-0.004905
11.0,0.0,0.197,-0.004905
11.1,0.0,0.197,-0.004905
11.2,0.0,0.197,-0.004905
11.3,0.0,0.197,-0.004905
11.4,0.0,0.197,-0.004905
11.5,0.0,0.197,-0.004905
11.6,0.0,0.197,-0.004905
11.7,0.0,0.197,-0.004905
11.8,0.0,0.197,-0.004905
11.9,0.0,0.197,-0.004905
12.0,0.0,0.197,-0.004905
12.1,0.0,0.197,-0.004905
12.2,0.0,0.197,-0.004905
12.3,0.0,0.197,-0.004905
12.4,0.0,0.197,-0.004905
12.5,0.0,0.197,-0.004905
12.6,0.0,0.197,-0.004905
12.7,0.0,0.197,-0.004905
12.8,0.0,0.197,-0.004905
12.9,0.0,0.197,-0.004905
13.0,0.0,0.197,-0.004905
13.1,0.0,0.197,-0.004905
13.2,0.0,0.197,-0.004905
13.3,0.0,0.197,-0.004905
13.4,0.0,0.197,-0.004905
13.5,0.0,0.197,-0.004905
13.6,0.0,0.197,-0.004905
13.7,0.0,0.197,-0.004905
13.8,0.0,0.197,-0.004905
13.9,0.0,0.197,-0.004905
14.0,0.0,0.197,-0.004905
14.1,0.0,0.197,-0.004905
14.2,0.0,0.197,-0.004905
14.3,0.0,0.197,-0.004905
14.4,0.0,0.197,-0.004905
14.5,0.0,0.197,-0.004905
14.6,0.0,0.197,-0.004905
14.7,0.0,0.197,-0.004905
14.8,0.0,0.197,-0.004905
14.9,0.0,0.197,-0.004905
15.0,0.0,0.197,-0.004905
15.1,0.0,0.197,-0.004905
15.2,0.0,0.197,-0.004905
15.3,0.0,0.197,-0.004905
15.4,0.0,0.197,-0.004905
15.5,0.0,0.197,-0.004905
15.6,0.0,0.197,-0.004905
15.7,0.0,0.197,-0.004905
15.8,0.0,0.197,-0.004905
15.9,0.0,0.197,-0.004905
16.0,0.0,0.197,-0.004905
16.1,0.0,0.197,-0.004905
16.2,0.0,0.197,-0.004905
16.3,0.0,0.197,-0.004905
16.4,0.0,0.197,-0.004905
16.5,0.0,0.197,-0.004905
16.6,0.0,0.197,-0.004905
16.7,0.0,0.197,-0.004905
16.8,0.0,0.197,-0.004905
16.9,0.0,0.197,-0.004905
17.0,0.0,0.197,-0.004905
17.1,0.0,0.197,-0.004905
17.2,0.0,0.197,-0.004905
17.3,0.0,0.197,-0.004905
17.4,0.0,0.197,-0.004905
17.5,0.0,0.197,-0.004905
17.6,0.0,0.197,-0.004905
17.7,0.0,0.197,-0.004905
17.8,0.0,0.197,-0.004905
17.9,0.0,0.197,-0.004905
18.0,0.0,0.197,-0.004905
18.1,0.0,0.197,-0.004905
18.2,0.0,0.197,-0.004905
18.3,0.0,0.197,-0.004905
18.4,0.0,0.197,-0.004905
18.5,0.0,0.197,-0.004905
18.6,0.0,0.197,-0.004905
18.7,0.0,0.197,-0.004905
18.8,0.0,0.197,-0.004905
18.9,0.0,0.197,-0.004905
19.0,0.0,0.197,-0.004905
19.1,0.0,0.197,-0.004905
19.2,0.0,0.197,-0.004905
19.3,0.0,0.197,-0.004905
19.4,0.0,0.197,-0.004905
19.5,0.0,0.197,-0.004905
19.6,0.0,0.197,-0.004905
19.7,0.0,0.197,-0.004905
19.8,0.0,0.197,-0.004905
19.9,0.0,0.197,-0.004905
20.0,0.0,0.197,-0.004905
20.1,0.0,0.197,-0.004905
20.2,0.0,0.197,-0.004905
20.3,0.0,0.197,-0.004905
20.4,0.0,0.197,-0.004905
20.5,0.0,0.197,-0.004905
20.6,-0.1,0.197,-0.004905
20.6,-0.1,0.324,-0.023544
20.6,-0.1,0.393,-0.004905
20.6,-0.1,0.493,-0.028449
20.6,-0.1,0.592,-0.00981
20.6,-0.1,0.704,-0.014715
20.6,-0.1,0.789,-0.00981
20.6,-0.1,0.926,-0.014715
20.6,-0.1,0.987,-0.00981
20.6,-0.1,1.086,-0.004905
20.6,-0.1,1.184,-0.004905
20.6,-0.1,1.298,-0.01962
20.6,-0.1,1.381,0.0
20.6,-0.1,1.481,-0.01962
20.6,-0.1,1.579,-0.00981
20.6,-0.1,1.678,-0.01962
20.6,-0.1,1.778,-0.014715
20.6,-0.1,1.915,-0.014715
20.6,-0.1,1.974,-0.014715
20.6,-0.1,2.073,-0.00981
20.6,-0.1,2.172,-0.004905
20.6,-0.1,2.271,-0.00981
20.6,-0.1,2.371,-0.00981
20.6,-0.1,2.468,-0.004905
20.6,-0.1,2.566,-0.004905
20.6,-0.1,2.667,-0.01962
20.6,-0.1,2.764,-0.014715
20.6,-0.1,2.863,-0.00981
20.6,-0.1,2.962,-0.014715
20.6,-0.1,3.06,-0.00981
20.6,-0.1,3.168,-0.00981
20.6,-0.1,3.259,-0.004905
20.6,-0.1,3.358,-0.01962
20.6,-0.1,3.456,-0.014715
20.6,-0.1,3.554,-0.00981
20.6,-0.1,3.653,-0.014715
20.6,-0.1,3.753,-0.004905
20.6,-0.1,3.851,-0.01962
20.6,-0.1,3.979,-0.014715
20.6,-0.1,4.049,-0.004905
20.6,-0.1,4.148,-0.004905
20.6,-0.1,4.246,-0.004905
20.6,-0.1,4.37,-0.00981
20.6,-0.1,4.443,-0.00981
20.6,-0.1,4.542,-0.00981
20.6,-0.1,4.64,-0.014715
20.6,-0.1,4.769,-0.004905
20.6,-0.1,4.839,-0.00981
20.6,-0.1,4.937,-0.014715
20.6,-0.1,5.036,-0.00981
20.6,-0.1,5.139,-0.00981
20.6,-0.1,5.233,-0.014715
20.6,-0.1,5.356,-0.00981
20.6,-0.1,5.431,-0.00981
20.6,-0.1,5.529,-0.014715
20.6,-0.1,5.628,-0.014715
20.6,-0.1,5.727,-0.004905
20.6,-0.1,5.826,-0.00981
20.6,-0.1,5.924,0.004905
20.6,-0.1,6.023,-0.014715
20.6,-0.1,6.121,-0.023544
20.6,-0.1,6.221,-0.033354
20.6,-0.1,6.319,-0.00981
20.6,-0.1,6.418,-0.023544
20.6,-0.1,6.517,0.004905
20.6,-0.1,6.622,-0.00981
20.6,-0.1,6.714,-0.01962
20.6,-0.1,6.813,0.0
20.6,-0.1,6.912,-0.014715
20.6,-0.1,7.011,0.0
20.6,-0.1,7.109,-0.014715
20.6,-0.1,7.228,0.0
20.6,-0.1,7.307,-0.023544
20.6,-0.1,7.406,-0.014715
20.6,-0.1,7.505,0.004905
20.6,-0.1,7.607,-0.01962
20.6,-0.1,7.703,-0.028449
20.6,-0.1,7.828,-0.01962
20.6,-0.1,7.9,-0.01962
20.6,-0.1,7.999,-0.00981
20.6,-0.1,8.097,0.0
20.6,-0.1,8.218,-0.004905
20.6,-0.1,8.298,-0.00981
20.6,-0.1,8.394,0.0
20.6,-0.1,8.492,-0.00981
20.6,-0.1,8.592,0.0
20.6,-0.1,8.69,-0.023544
20.6,-0.1,8.807,-0.014715
20.6,-0.1,8.888,-0.038259
20.6,-0.1,9.023,0.0
20.6,-0.1,9.085,0.004905
20.6,-0.1,9.184,-0.023544
20.6,-0.1,9.283,-0.048069
20.6,-0.1,9.41,-0.01962
20.6,-0.1,9.48,-0.00981
20.6,-0.1,9.579,-0.01962
20.6,-0.1,9.678,0.0
20.6,-0.1,9.776,-0.01962
20.6,-0.1,9.875,-0.023544
20.6,-0.1,9.973,-0.00981
20.6,-0.1,10.072,-0.004905
20.6,-0.1,10.172,0.0
20.6,-0.1,10.27,-0.00981
20.6,-0.1,10.368,-0.01962
20.6,-0.1,10.476,-0.00981
20.6,-0.1,10.566,-0.014715
20.6,-0.1,10.705,-0.00981
20.6,-0.1,10.764,-0.004905
20.6,-0.1,10.863,-0.023544
20.6,-0.1,10.96,-0.01962
20.6,-0.1,11.079,-0.00981
20.6,-0.1,11.159,-0.043164
20.6,-0.1,11.298,-0.00981
20.6,-0.1,11.356,-0.00981
20.6,-0.1,11.455,-0.023544
20.6,-0.1,11.553,-0.00981
20.6,-0.1,11.653,-0.014715
20.6,-0.1,11.751,-0.00981
20.6,-0.1,11.888,0.00981
20.6,-0.1,11.949,-0.033354
20.6,-0.1,12.047,0.0
20.6,-0.1,12.147,-0.004905
20.6,-0.1,12.274,0.004905
20.6,-0.1,12.344,-0.004905
20.6,-0.1,12.442,-0.01962
20.6,-0.1,12.541,-0.004905
20.6,-0.1,12.64,-0.00981
20.6,-0.1,12.739,-0.00981
20.6,-0.1,12.838,-0.004905
20.6,-0.1,12.936,-0.004905
20.6,-0.1,13.035,-0.004905
20.6,-0.1,13.134,-0.014715
20.6,-0.1,13.232,-0.00981
20.6,-0.1,13.331,-0.014715
20.6,-0.1,13.43,-0.071613
20.7,-0.2,13.529,-0.162846
20.8,-0.3,13.628,-0.297243
20.9,-0.4,13.727,-0.363951
21.0,-0.5,13.825,-0.512082
21.1,-0.6,13.934,-0.671004
21.2,-0.7,14.023,-0.656289
21.3,-0.7,14.154,-0.756351
21.4,-0.7,14.22,-0.704358
21.5,-0.7,14.319,-0.684738
21.6,-0.7,14.319,-0.684738
21.7,-0.7,14.418,-0.747522
21.8,-0.7,14.53,-0.718092
21.9,-0.7,14.616,-0.742617
22.0,-0.628571,14.746,-0.661194
22.1,-0.528571,14.813,-0.727902
22.1,-0.528571,14.912,-0.536607
22.2,-0.428571,15.01,-0.473823
22.3,-0.328571,15.14,-0.363951
22.4,-0.228571,15.208,-0.325692
22.5,-0.128571,15.307,-0.101043
22.6,-0.028571,15.406,-0.091233
22.6,-0.028571,15.541,-0.033354
22.7,0.0,15.604,0.0
22.8,0.0,15.702,-0.00981
22.9,0.0,15.702,-0.00981
23.0,0.0,15.702,-0.00981
23.1,0.0,15.702,-0.00981
23.2,0.0,15.702,-0.00981
23.3,0.0,15.702,-0.00981
23.4,0.0,15.702,-0.00981
23.5,0.0,15.702,-0.00981
23.6,0.0,15.702,-0.00981
23.7,0.0,15.702,-0.00981
23.8,0.0,15.702,-0.00981
23.9,0.0,15.702,-0.00981
24.0,0.0,15.702,-0.00981
24.1,0.0,15.702,-0.00981
24.2,0.0,15.702,-0.00981
24.3,0.0,15.702,-0.00981
24.4,0.0,15.702,-0.00981
24.5,0.0,15.702,-0.00981
24.6,0.02,15.702,-0.00981
24.6,0.02,15.801,-0.004905
24.6,0.02,15.899,-0.038259
24.6,0.02,15.999,0.023544
24.6,0.02,16.098,-0.038259
24.6,0.02,16.196,0.00981
24.6,0.02,16.295,-0.057879
24.6,0.02,16.394,-0.01962
24.6,0.02,16.492,-0.038259
24.6,0.02,16.592,-0.014715
24.6,0.02,16.691,-0.043164
24.6,0.02,16.789,-0.00981
24.6,0.02,16.888,-0.00981
24.6,0.02,16.987,0.004905
24.6,0.02,17.085,-0.028449
24.6,0.02,17.186,0.043164
24.7,0.12,17.283,0.061803
24.8,0.22,17.405,0.220725
24.9,0.32,17.48,0.287433
25.0,0.42,17.579,0.363951
25.1,0.52,17.678,0.555246
25.2,0.62,17.804,0.584676
25.3,0.7,17.875,0.732807
25.4,0.7,17.974,0.666099
25.5,0.7,18.073,0.752427
25.6,0.7,18.182,0.679833
25.7,0.7,18.27,0.732807
25.8,0.7,18.412,0.641574
25.9,0.7,18.468,0.709263
26.0,0.7,18.589,0.694548
26.1,0.608571,18.666,0.555246
26.2,0.508571,18.764,0.3924
26.3,0.408571,18.764,0.3924
26.4,0.308571,18.863,0.40221
26.5,0.208571,18.986,0.18639
26.6,0.108571,19.06,0.143226
26.7,0.008571,19.2,0.057879
26.8,0.0,19.258,-0.023544
26.9,0.0,19.356,0.0
26.9,0.0,19.455,-0.048069
27.0,0.0,19.455,-0.048069
27.1,0.0,19.455,-0.048069
27.2,0.0,19.455,-0.048069
27.3,0.0,19.455,-0.048069
27.4,0.0,19.455,-0.048069
27.5,0.0,19.455,-0.048069
27.6,0.0,19.455,-0.048069
27.7,0.0,19.455,-0.048069
27.8,0.0,19.455,-0.048069
27.9,0.0,19.455,-0.048069
28.0,0.0,19.455,-0.048069
28.1,0.0,19.455,-0.048069
28.2,0.0,19.455,-0.048069
28.3,0.0,19.455,-0.048069
28.4,0.0,19.455,-0.048069
28.5,0.0,19.455,-0.048069
28.6,0.0,19.455,-0.048069
28.7,0.0,19.455,-0.048069
28.8,0.0,19.455,-0.048069
28.9,0.0,19.455,-0.048069
29.0,0.0,19.455,-0.048069
29.1,0.0,19.455,-0.048069
29.2,0.0,19.455,-0.048069
29.3,0.0,19.455,-0.048069
29.4,0.0,19.455,-0.048069
29.5,0.0,19.455,-0.048069
29.6,0.0,19.455,-0.048069
29.7,0.0,19.455,-0.048069
29.8,0.0,19.455,-0.048069
29.9,0.0,19.455,-0.048069
30.0,0.0,19.455,-0.048069
30.1,0.0,19.455,-0.048069
30.2,0.0,19.455,-0.048069
30.3,0.0,19.455,-0.048069
30.4,0.0,19.455,-0.048069
30.5,0.0,19.455,-0.048069
30.6,0.0,19.455,-0.048069
30.7,0.0,19.455,-0.048069
30.8,0.0,19.455,-0.048069
30.9,0.0,19.455,-0.048069
31.0,0.0,19.455,-0.048069
31.1,0.0,19.455,-0.048069
31.2,0.0,19.455,-0.048069
31.3,0.0,19.455,-0.048069
31.4,0.0,19.455,-0.048069
31.5,0.0,19.455,-0.048069
31.6,0.0,19.455,-0.048069
31.7,0.0,19.455,-0.048069
31.8,0.0,19.455,-0.048069
31.9,0.0,19.455,-0.048069
32.0,0.0,19.455,-0.048069
32.1,0.0,19.455,-0.048069
32.2,0.0,19.455,-0.048069
32.3,0.0,19.455,-0.048069
32.4,0.0,19.455,-0.048069
32.5,0.0,19.455,-0.048069
32.6,0.0,19.455,-0.048069
32.7,0.0,19.455,-0.048069
32.8,0.0,19.455,-0.048069
32.9,0.0,19.455,-0.048069
33.0,0.0,19.455,-0.048069
33.1,0.0,19.455,-0.048069
33.2,0.0,19.455,-0.048069
33.3,0.0,19.455,-0.048069
33.4,0.0,19.455,-0.048069
33.5,0.0,19.455,-0.048069
33.6,0.0,19.455,-0.048069
33.7,0.0,19.455,-0.048069
33.8,0.0,19.455,-0.048069
33.9,0.0,19.455,-0.048069
34.0,0.0,19.455,-0.048069
34.1,0.0,19.455,-0.048069
34.2,0.0,19.455,-0.048069
34.3,0.0,19.455,-0.048069
34.4,0.0,19.455,-0.048069
34.5,0.0,19.455,-0.048069
34.6,0.0,19.455,-0.048069
34.7,0.0,19.455,-0.048069
34.8,0.0,19.455,-0.048069
34.9,0.0,19.455,-0.048069
35.0,0.0,19.455,-0.048069
35.1,0.0,19.455,-0.048069
35.2,0.0,19.455,-0.048069
35.3,0.0,19.455,-0.048069
35.4,0.0,19.455,-0.048069
35.5,0.0,19.455,-0.048069
35.6,0.0,19.455,-0.048069
35.7,0.0,19.455,-0.048069
35.8,0.0,19.455,-0.048069
35.9,0.0,19.455,-0.048069
36.0,0.0,19.455,-0.048069
36.1,0.0,19.455,-0.048069
36.2,0.0,19.455,-0.048069
36.3,0.0,19.455,-0.048069
36.4,0.0,19.455,-0.048069
36.5,0.0,19.455,-0.048069
36.6,0.0,19.455,-0.048069
36.7,0.0,19.455,-0.048069
36.8,0.0,19.455,-0.048069
36.9,0.0,19.455,-0.048069
37.0,0.0,19.455,-0.048069
37.1,0.0,19.455,-0.048069
37.2,0.0,19.455,-0.048069
37.3,0.0,19.455,-0.048069
37.4,0.0,19.455,-0.048069
37.5,0.0,19.455,-0.048069
37.6,0.0,19.455,-0.048069
37.7,0.0,19.455,-0.048069
37.8,0.0,19.455,-0.048069
37.9,0.0,19.455,-0.048069
38.0,0.0,19.455,-0.048069
38.1,0.0,19.455,-0.048069
38.2,0.0,19.455,-0.048069
38.3,0.0,19.455,-0.048069
38.4,0.0,19.455,-0.048069
38.5,0.0,19.455,-0.048069
38.6,0.0,19.455,-0.048069
38.7,0.0,19.455,-0.048069
38.8,0.0,19.455,-0.048069
38.9,0.0,19.455,-0.048069
39.0,0.0,19.455,-0.048069
39.1,0.0,19.455,-0.048069
39.2,0.0,19.455,-0.048069
39.3,0.0,19.455,-0.048069
39.4,0.0,19.455,-0.048069
39.5,0.0,19.455,-0.048069
39.6,0.0,19.455,-0.048069
39.7,0.0,19.455,-0.048069
39.8,0.0,19.455,-0.048069
39.9,0.0,19.455,-0.048069
40.0,0.0,19.455,-0.048069
40.1,0.0,19.455,-0.048069
40.2,0.0,19.455,-0.048069
40.3,0.0,19.455,-0.048069
40.4,0.0,19.455,-0.048069
40.5,0.0,19.455,-0.048069
40.6,0.0,19.455,-0.048069
40.7,0.0,19.455,-0.048069
40.8,0.0,19.455,-0.048069
40.9,0.0,19.455,-0.048069
41.0,0.0,19.455,-0.048069
41.1,0.0,19.455,-0.048069
41.2,0.0,19.455,-0.048069
41.3,0.0,19.455,-0.048069
41.4,0.0,19.455,-0.048069
41.5,0.0,19.455,-0.048069
41.6,0.0,19.455,-0.048069
41.7,0.0,19.455,-0.048069
41.8,0.0,19.455,-0.048069
41.9,0.0,19.455,-0.048069
42.0,0.0,19.455,-0.048069
42.1,0.0,19.455,-0.048069
42.2,0.0,19.455,-0.048069
42.3,0.0,19.455,-0.048069
42.4,0.0,19.455,-0.048069
42.5,0.0,19.455,-0.048069
42.6,0.0,19.455,-0.048069
42.7,0.0,19.455,-0.048069
42.8,0.0,19.455,-0.048069
42.9,0.0,19.455,-0.048069
43.0,0.0,19.455,-0.048069
43.1,0.0,19.455,-0.048069
43.2,0.0,19.455,-0.048069
43.3,0.0,19.455,-0.048069
43.4,0.0,19.455,-0.048069
43.5,0.0,19.455,-0.048069
43.6,0.0,19.455,-0.048069
43.7,0.0,19.455,-0.048069
43.8,0.0,19.455,-0.048069
43.9,0.0,19.455,-0.048069
44.0,0.0,19.455,-0.048069
44.1,0.0,19.455,-0.048069
44.2,0.0,19.455,-0.048069
44.3,0.0,19.455,-0.048069
44.4,0.0,19.455,-0.048069
44.5,0.0,19.455,-0.048069
44.6,0.0,19.455,-0.048069
44.7,0.0,19.455,-0.048069
44.8,0.0,19.455,-0.048069
44.9,0.0,19.455,-0.048069
45.0,-0.1,19.455,-0.048069
45.0,-0.1,19.554,0.0
45.0,-0.1,19.653,0.014715
45.0,-0.1,19.793,-0.033354
45.0,-0.1,19.851,-0.01962
45.0,-0.1,19.95,-0.00981
45.0,-0.1,20.049,0.014715
45.0,-0.1,20.147,-0.00981
45.0,-0.1,20.246,-0.052974
45.0,-0.1,20.345,0.014715
45.0,-0.1,20.443,-0.004905
45.0,-0.1,20.542,0.004905
45.0,-0.1,20.641,-0.061803
45.0,-0.1,20.74,0.00981
45.0,-0.1,20.839,0.0
45.0,-0.1,20.937,-0.023544
45.0,-0.1,21.036,-0.01962
45.0,-0.1,21.135,-0.028449
45.0,-0.1,21.273,0.014715
45.0,-0.1,21.333,0.00981
45.0,-0.1,21.438,-0.038259
45.0,-0.1,21.53,-0.00981
45.0,-0.1,21.657,-0.01962
45.0,-0.1,21.728,0.096138
45.0,-0.1,21.827,0.114777
45.0,-0.1,21.925,0.177561
45.0,-0.1,22.025,0.191295
45.0,-0.1,22.123,0.086328
45.0,-0.1,22.222,0.00981
45.0,-0.1,22.32,0.004905
45.0,-0.1,22.419,-0.00981
45.0,-0.1,22.534,0.014715
45.0,-0.1,22.616,0.0
45.0,-0.1,22.715,-0.004905
45.0,-0.1,22.814,-0.00981
45.0,-0.1,22.922,-0.061803
45.0,-0.1,23.012,0.004905
45.0,-0.1,23.111,-0.00981
45.0,-0.1,23.209,-0.014715
45.0,-0.1,23.307,-0.01962
45.0,-0.1,23.407,-0.00981
45.0,-0.1,23.505,-0.01962
45.0,-0.1,23.604,-0.014715
45.0,-0.1,23.704,-0.014715
45.0,-0.1,23.802,-0.00981
45.0,-0.1,23.914,-0.014715
45.0,-0.1,24.0,-0.004905
45.0,-0.1,24.131,-0.014715
45.0,-0.1,24.197,-0.014715
45.0,-0.1,24.296,-0.023544
45.0,-0.1,24.394,0.0
45.0,-0.1,24.504,-0.00981
45.0,-0.1,24.592,-0.023544
45.0,-0.1,24.726,-0.004905
45.0,-0.1,24.789,-0.004905
45.0,-0.1,24.888,-0.00981
45.0,-0.1,24.987,0.004905
45.0,-0.1,25.086,0.0
45.0,-0.1,25.185,-0.033354
45.0,-0.1,25.284,-0.028449
45.0,-0.1,25.382,-0.004905
45.0,-0.1,25.481,-0.00981
45.0,-0.1,25.58,-0.004905
45.0,-0.1,25.679,-0.014715
45.0,-0.1,25.779,0.0
45.0,-0.1,25.876,0.004905
45.0,-0.1,25.975,-0.00981
45.0,-0.1,26.074,-0.004905
45.0,-0.1,26.172,-0.004905
45.0,-0.1,26.271,0.004905
45.0,-0.1,26.37,-0.00981
45.0,-0.1,26.469,-0.00981
45.0,-0.1,26.568,-0.014715
45.0,-0.1,26.666,0.0
45.0,-0.1,26.765,-0.01962
45.0,-0.1,26.864,-0.014715
45.0,-0.1,26.975,-0.014715
45.0,-0.1,27.062,-0.014715
45.0,-0.1,27.161,-0.00981
45.0,-0.1,27.26,-0.01962
45.0,-0.1,27.372,-0.004905
45.0,-0.1,27.458,-0.014715
45.0,-0.1,27.557,-0.00981
45.0,-0.1,27.655,-0.028449
45.0,-0.1,27.754,0.0
45.0,-0.1,27.853,0.0
45.0,-0.1,27.977,-0.01962
45.0,-0.1,28.051,-0.004905
45.0,-0.1,28.15,-0.00981
45.0,-0.1,28.248,-0.01962
45.0,-0.1,28.369,-0.004905
45.0,-0.1,28.446,-0.014715
45.0,-0.1,28.545,-0.014715
45.0,-0.1,28.644,-0.00981
45.0,-0.1,28.752,-0.00981
45.0,-0.1,28.841,-0.00981
45.0,-0.1,28.97,-0.004905
45.0,-0.1,29.039,-0.014715
45.0,-0.1,29.138,-0.014715
45.0,-0.1,29.237,-0.004905
45.0,-0.1,29.336,-0.023544
45.0,-0.1,29.434,-0.01962
45.0,-0.1,29.533,-0.004905
45.0,-0.1,29.632,-0.00981
45.0,-0.1,29.731,-0.023544
45.0,-0.1,29.83,-0.014715
45.0,-0.1,29.928,-0.004905
45.0,-0.1,30.027,-0.004905
45.0,-0.1,30.126,-0.004905
45.0,-0.1,30.226,-0.01962
45.0,-0.1,30.324,0.014715
45.0,-0.1,30.449,0.00981
45.0,-0.1,30.521,0.004905
45.0,-0.1,30.62,0.00981
45.0,-0.1,30.719,-0.014715
45.0,-0.1,30.824,0.0
45.0,-0.1,30.916,0.004905
45.0,-0.1,31.049,-0.028449
45.0,-0.1,31.115,0.0
45.0,-0.1,31.213,0.014715
45.0,-0.1,31.312,0.0
45.0,-0.1,31.424,-0.052974
45.0,-0.1,31.51,-0.033354
45.0,-0.1,31.648,-0.023544
45.0,-0.1,31.707,-0.023544
45.0,-0.1,31.806,-0.028449
45.0,-0.1,31.905,-0.014715
45.0,-0.1,32.021,-0.004905
45.0,-0.1,32.103,-0.00981
45.0,-0.1,32.201,0.004905
45.0,-0.1,32.301,-0.004905
45.0,-0.1,32.399,-0.00981
45.0,-0.1,32.498,-0.00981
45.0,-0.1,32.624,-0.01962
45.0,-0.1,32.696,-0.038259
45.0,-0.1,32.794,-0.014715
45.0,-0.1,32.893,-0.028449
45.0,-0.1,32.991,-0.033354
45.0,-0.1,33.09,0.0
45.0,-0.1,33.189,-0.00981
45.0,-0.1,33.288,-0.004905
45.0,-0.1,33.386,-0.01962
45.0,-0.1,33.485,0.004905
45.0,-0.1,33.584,-0.014715
45.0,-0.1,33.685,-0.00981
45.0,-0.1,33.782,-0.004905
45.0,-0.1,33.909,-0.014715
45.0,-0.1,33.98,-0.00981
45.0,-0.1,34.078,0.0
45.0,-0.1,34.177,-0.00981
45.0,-0.1,34.306,-0.004905
45.0,-0.1,34.375,-0.00981
45.0,-0.1,34.476,-0.00981
45.0,-0.1,34.572,-0.004905
45.0,-0.1,34.682,-0.004905
45.0,-0.1,34.77,-0.00981
45.0,-0.1,34.897,-0.014715
45.0,-0.1,34.968,-0.014715
45.0,-0.1,35.066,-0.004905
45.0,-0.1,35.165,-0.01962
45.0,-0.1,35.268,-0.01962
45.0,-0.1,35.363,-0.033354
45.0,-0.1,35.49,-0.01962
45.0,-0.1,35.561,0.0
45.0,-0.1,35.659,-0.033354
45.0,-0.1,35.758,-0.01962
45.0,-0.1,35.881,-0.00981
45.0,-0.1,35.956,-0.014715
45.0,-0.1,36.055,-0.00981
45.0,-0.1,36.154,-0.004905
45.0,-0.1,36.252,-0.01962
45.0,-0.1,36.351,-0.023544
45.0,-0.1,36.45,-0.01962
45.0,-0.1,36.549,-0.01962
45.0,-0.1,36.648,-0.014715
45.0,-0.1,36.746,-0.00981
45.0,-0.1,36.846,-0.043164
45.0,-0.1,36.944,-0.014715
45.0,-0.1,37.043,-0.00981
45.0,-0.1,37.142,-0.014715
45.0,-0.1,37.241,-0.00981
45.0,-0.1,37.34,-0.014715
45.0,-0.1,37.438,-0.014715
45.0,-0.1,37.537,0.0
45.0,-0.1,37.636,-0.01962
45.0,-0.1,37.735,-0.00981
45.0,-0.1,37.834,-0.023544
45.0,-0.1,37.933,-0.023544
45.0,-0.1,38.031,-0.114777
45.1,-0.2,38.154,-0.224649
45.2,-0.3,38.229,-0.368856
45.3,-0.4,38.328,-0.483633
45.4,-0.5,38.328,-0.483633
45.5,-0.6,38.427,-0.589581
45.6,-0.7,38.543,-0.632745
45.6,-0.7,38.624,-0.790686
45.7,-0.7,38.722,-0.732807
45.8,-0.7,38.821,-0.756351
45.9,-0.7,38.921,-0.704358
46.0,-0.7,39.02,-0.732807
46.1,-0.7,39.118,-0.742617
46.2,-0.7,39.216,-0.674928
46.3,-0.7,39.355,-0.714168
46.4,-0.628571,39.414,-0.651384
46.5,-0.528571,39.513,-0.560151
46.6,-0.428571,39.612,-0.426735
46.7,-0.328571,39.748,-0.340407
46.8,-0.228571,39.809,-0.191295
46.9,-0.128571,39.908,-0.104967
47.0,-0.028571,40.007,-0.023544
47.1,0.0,40.106,-0.014715
47.2,0.0,40.205,-0.004905
47.3,0.0,40.303,0.014715
47.4,0.0,40.402,-0.01962
47.5,0.0,40.501,-0.052974
47.6,0.0,40.6,0.023544
47.7,0.0,40.699,-0.057879
47.8,0.0,40.798,-0.004905
47.9,0.0,40.897,-0.01962
48.0,0.0,41.022,-0.004905
48.1,0.0,41.094,-0.004905
48.2,0.0,41.192,-0.033354
48.3,0.0,41.192,-0.033354
48.4,0.0,41.192,-0.033354
48.5,0.0,41.192,-0.033354
48.6,0.0,41.292,-0.00981
48.7,0.0,41.405,-0.028449
48.8,0.0,41.49,0.014715
48.9,0.0,41.626,-0.076518
49.0,0.02,41.687,0.028449
49.1,0.12,41.793,0.043164
49.2,0.22,41.884,0.201105
49.3,0.32,42.006,0.220725
49.3,0.32,42.082,0.41202
49.4,0.42,42.181,0.455184
49.5,0.52,42.181,0.455184
49.6,0.62,42.28,0.62784
49.7,0.7,42.379,0.737712
49.8,0.7,42.477,0.679833
49.9,0.7,42.594,0.732807
50.0,0.7,42.675,0.646479
50.1,0.7,42.814,0.709263
50.2,0.7,42.872,0.666099
50.3,0.7,42.972,0.742617
50.4,0.7,43.07,0.671004
50.5,0.608571,43.169,0.593505
50.6,0.508571,43.268,0.397305
50.7,0.408571,43.268,0.397305
50.8,0.308571,43.367,0.354141
50.9,0.208571,43.465,0.20601
51.0,0.108571,43.565,0.167751
51.1,0.008571,43.673,0.014715
51.2,0.0,43.761,0.0
51.3,0.0,43.86,-0.071613
51.4,0.0,43.86,-0.071613
51.5,0.0,43.86,-0.071613
51.6,0.0,43.86,-0.071613
51.7,0.0,43.86,-0.071613
51.8,0.0,43.86,-0.071613
51.9,0.0,43.86,-0.071613
52.0,0.0,43.86,-0.071613
52.1,0.0,43.86,-0.071613
52.2,0.0,43.86,-0.071613
52.3,0.0,43.86,-0.071613
52.4,0.0,43.86,-0.071613
52.5,0.0,43.86,-0.071613
52.6,0.0,43.86,-0.071613
52.7,0.0,43.86,-0.071613
52.8,0.0,43.86,-0.071613
52.9,0.0,43.86,-0.071613
53.0,0.0,43.86,-0.071613
53.1,0.0,43.86,-0.071613
53.2,0.0,43.86,-0.071613
53.3,0.0,43.86,-0.071613
53.4,0.0,43.86,-0.071613
53.5,0.0,43.86,-0.071613
53.6,0.0,43.86,-0.071613
53.7,0.0,43.86,-0.071613
53.8,0.0,43.86,-0.071613
53.9,0.0,43.86,-0.071613
54.0,0.0,43.86,-0.071613
54.1,0.0,43.86,-0.071613
54.2,0.0,43.86,-0.071613
54.3,0.0,43.86,-0.071613
54.4,0.0,43.86,-0.071613
54.5,0.0,43.86,-0.071613
54.6,0.0,43.86,-0.071613
54.7,0.0,43.86,-0.071613
54.8,0.0,43.86,-0.071613
54.9,0.0,43.86,-0.071613
55.0,0.0,43.86,-0.071613
55.1,0.0,43.86,-0.071613
55.2,0.0,43.86,-0.071613
55.3,0.0,43.86,-0.071613
55.4,0.0,43.86,-0.071613
55.5,0.0,43.86,-0.071613
55.6,0.0,43.86,-0.071613
55.7,0.0,43.86,-0.071613
55.8,0.0,43.86,-0.071613
55.9,0.0,43.86,-0.071613
56.0,0.0,43.86,-0.071613
56.1,0.0,43.86,-0.071613
56.2,0.0,43.86,-0.071613
56.3,0.0,43.86,-0.071613
56.4,0.0,43.86,-0.071613
56.5,0.0,43.86,-0.071613
56.6,0.0,43.86,-0.071613
56.7,0.0,43.86,-0.071613
56.8,0.0,43.86,-0.071613
56.9,0.0,43.86,-0.071613
57.0,0.0,43.86,-0.071613
57.1,0.0,43.86,-0.071613
57.2,0.0,43.86,-0.071613
57.3,0.0,43.86,-0.071613
57.4,0.0,43.86,-0.071613
57.5,0.0,43.86,-0.071613
57.6,0.0,43.86,-0.071613
57.7,0.0,43.86,-0.071613
57.8,0.0,43.86,-0.071613
57.9,0.0,43.86,-0.071613
58.0,0.0,43.86,-0.071613
58.1,0.0,43.86,-0.071613
58.2,0.0,43.86,-0.071613
58.3,0.0,43.86,-0.071613
58.4,0.0,43.86,-0.071613
58.5,0.0,43.86,-0.071613
58.6,0.0,43.86,-0.071613
58.7,0.0,43.86,-0.071613
58.8,0.0,43.86,-0.071613
58.9,0.0,43.86,-0.071613
59.0,0.0,43.86,-0.071613
59.1,0.0,43.86,-0.071613
59.2,0.0,43.86,-0.071613
59.3,0.0,43.86,-0.071613
59.4,0.0,43.86,-0.071613
59.5,0.0,43.86,-0.071613
59.6,0.0,43.86,-0.071613
59.7,0.0,43.86,-0.071613
59.8,0.0,43.86,-0.071613
59.9,0.0,43.86,-0.071613
60.0,0.0,43.86,-0.071613
60.1,0.0,43.86,-0.071613
60.2,0.0,43.86,-0.071613
60.3,0.0,43.86,-0.071613
60.4,0.0,43.86,-0.071613
60.5,0.0,43.86,-0.071613
60.6,0.0,43.86,-0.071613
60.7,0.0,43.86,-0.071613
60.8,0.0,43.86,-0.071613
60.9,0.0,43.86,-0.071613
61.0,0.0,43.86,-0.071613
61.1,0.0,43.86,-0.071613
61.2,0.0,43.86,-0.071613
61.3,0.0,43.86,-0.071613
61.4,0.0,43.86,-0.071613
61.5,0.0,43.86,-0.071613
61.6,0.0,43.86,-0.071613
61.7,0.0,43.86,-0.071613
61.8,0.0,43.86,-0.071613
61.9,0.0,43.86,-0.071613
62.0,0.0,43.86,-0.071613
62.1,0.0,43.86,-0.071613
62.2,0.0,43.86,-0.071613
62.3,0.0,43.86,-0.071613
62.4,0.0,43.86,-0.071613
62.5,0.0,43.86,-0.071613
62.6,0.0,43.86,-0.071613
62.7,0.0,43.86,-0.071613
62.8,0.0,43.86,-0.071613
62.9,0.0,43.86,-0.071613
63.0,0.0,43.86,-0.071613
63.1,0.0,43.86,-0.071613
63.2,0.0,43.86,-0.071613
63.3,0.0,43.86,-0.071613
63.4,0.0,43.86,-0.071613
63.5,0.0,43.86,-0.071613
63.6,0.0,43.86,-0.071613
63.7,0.0,43.86,-0.071613
63.8,0.0,43.86,-0.071613
63.9,0.0,43.86,-0.071613
64.0,0.0,43.86,-0.071613
64.1,0.0,43.86,-0.071613
64.2,0.0,43.86,-0.071613
64.3,0.0,43.86,-0.071613
64.4,0.0,43.86,-0.071613
64.5,0.0,43.86,-0.071613
64.6,0.0,43.86,-0.071613
64.7,0.0,43.86,-0.071613
64.8,0.0,43.86,-0.071613
64.9,0.0,43.86,-0.071613
65.0,0.0,43.86,-0.071613
65.1,0.0,43.86,-0.071613
65.2,0.0,43.86,-0.071613
65.3,0.0,43.86,-0.071613
65.4,0.0,43.86,-0.071613
65.5,0.0,43.86,-0.071613
65.6,0.0,43.86,-0.071613
65.7,0.0,43.86,-0.071613
65.8,0.0,43.86,-0.071613
65.9,0.0,43.86,-0.071613
66.0,0.0,43.86,-0.071613
66.1,0.0,43.86,-0.071613
66.2,0.0,43.86,-0.071613
66.3,0.0,43.86,-0.071613
66.4,0.0,43.86,-0.071613
66.5,0.0,43.86,-0.071613
66.6,0.0,43.86,-0.071613
66.7,0.0,43.86,-0.071613
66.8,0.0,43.86,-0.071613
66.9,0.0,43.86,-0.071613
67.0,0.0,43.86,-0.071613
67.1,0.0,43.86,-0.071613
67.2,0.0,43.86,-0.071613
67.3,0.0,43.86,-0.071613
67.4,0.0,43.86,-0.071613
67.5,0.0,43.86,-0.071613
67.6,0.0,43.86,-0.071613
67.7,0.0,43.86,-0.071613
67.8,0.0,43.86,-0.071613
67.9,0.0,43.86,-0.071613
68.0,0.0,43.86,-0.071613
68.1,0.0,43.86,-0.071613
68.2,0.0,43.86,-0.071613
68.3,0.0,43.86,-0.071613
68.4,0.0,43.86,-0.071613
68.5,0.0,43.86,-0.071613
68.6,0.0,43.86,-0.071613
68.7,0.0,43.86,-0.071613
68.8,0.0,43.86,-0.071613
68.9,0.0,43.86,-0.071613
69.0,0.0,43.86,-0.071613
69.1,0.0,43.86,-0.071613
69.2,0.0,43.86,-0.071613
69.3,0.0,43.86,-0.071613
69.4,0.0,43.86,-0.071613
69.5,-0.1,43.86,-0.071613
69.5,-0.1,43.959,0.057879
69.5,-0.1,44.069,-0.033354
69.5,-0.1,44.157,-0.014715
69.5,-0.1,44.255,-0.033354
69.5,-0.1,44.355,0.01962
69.5,-0.1,44.453,0.004905
69.5,-0.1,44.552,-0.014715
69.5,-0.1,44.667,-0.048069
69.5,-0.1,44.749,0.01962
69.5,-0.1,44.885,-0.023544
69.5,-0.1,44.947,-0.004905
69.5,-0.1,45.047,-0.052974
69.5,-0.1,45.144,-0.004905
69.5,-0.1,45.273,0.004905
69.5,-0.1,45.341,-0.004905
69.5,-0.1,45.44,-0.028449
69.5,-0.1,45.538,-0.023544
69.5,-0.1,45.657,0.028449
69.5,-0.1,45.737,0.01962
69.5,-0.1,45.874,-0.043164
69.5,-0.1,45.934,0.0
69.5,-0.1,46.043,-0.00981
69.5,-0.1,46.132,0.014715
69.5,-0.1,46.259,0.01962
69.5,-0.1,46.329,0.119682
69.5,-0.1,46.428,0.20601
69.5,-0.1,46.526,0.153036
69.5,-0.1,46.645,0.101043
69.5,-0.1,46.724,0.014715
69.5,-0.1,46.864,-0.00981
69.5,-0.1,46.921,-0.004905
69.5,-0.1,47.02,-0.004905
69.5,-0.1,47.119,-0.00981
69.5,-0.1,47.217,-0.00981
69.5,-0.1,47.316,-0.014715
69.5,-0.1,47.46,-0.048069
69.5,-0.1,47.513,-0.01962
69.5,-0.1,47.612,-0.01962
69.5,-0.1,47.71,-0.00981
69.5,-0.1,47.81,-0.01962
69.5,-0.1,47.909,-0.014715
69.5,-0.1,48.007,-0.004905
69.5,-0.1,48.129,-0.004905
69.5,-0.1,48.205,-0.014715
69.5,-0.1,48.304,-0.00981
69.5,-0.1,48.402,-0.014715
69.5,-0.1,48.51,-0.01962
69.5,-0.1,48.6,-0.004905
69.5,-0.1,48.73,-0.00981
69.5,-0.1,48.797,-0.004905
69.5,-0.1,48.896,-0.014715
69.5,-0.1,48.995,0.004905
69.5,-0.1,49.099,0.0
69.5,-0.1,49.192,-0.023544
69.5,-0.1,49.315,-0.01962
69.5,-0.1,49.39,-0.004905
69.5,-0.1,49.488,-0.028449
69.5,-0.1,49.587,-0.023544
69.5,-0.1,49.686,0.028449
69.5,-0.1,49.784,-0.004905
69.5,-0.1,49.884,-0.00981
69.5,-0.1,49.982,-0.01962
69.5,-0.1,50.119,-0.004905
69.5,-0.1,50.18,-0.01962
69.5,-0.1,50.279,-0.00981
69.5,-0.1,50.377,-0.014715
69.5,-0.1,50.476,0.0
69.5,-0.1,50.579,-0.014715
69.5,-0.1,50.673,0.004905
69.5,-0.1,50.777,-0.004905
69.5,-0.1,50.871,-0.01962
69.5,-0.1,50.991,-0.01962
69.5,-0.1,51.068,-0.01962
69.5,-0.1,51.167,-0.014715
69.5,-0.1,51.266,-0.014715
69.5,-0.1,51.365,-0.004905
69.5,-0.1,51.464,-0.004905
69.5,-0.1,51.582,0.0
69.5,-0.1,51.661,0.0
69.5,-0.1,51.759,-0.014715
69.5,-0.1,51.859,-0.00981
69.5,-0.1,51.957,-0.004905
69.5,-0.1,52.056,-0.00981
69.5,-0.1,52.172,-0.01962
69.5,-0.1,52.254,-0.033354
69.5,-0.1,52.389,-0.023544
69.5,-0.1,52.452,-0.01962
69.5,-0.1,52.55,0.0
69.5,-0.1,52.649,-0.00981
69.5,-0.1,52.773,-0.01962
69.5,-0.1,52.846,-0.014715
69.5,-0.1,52.945,-0.014715
69.5,-0.1,53.044,-0.01962
69.5,-0.1,53.143,-0.00981
69.5,-0.1,53.241,-0.004905
69.5,-0.1,53.373,-0.004905
69.5,-0.1,53.439,-0.004905
69.5,-0.1,53.538,-0.014715
69.5,-0.1,53.636,-0.00981
69.5,-0.1,53.735,-0.014715
69.5,-0.1,53.833,-0.014715
69.5,-0.1,53.933,-0.014715
69.5,-0.1,54.031,-0.004905
69.5,-0.1,54.129,-0.004905
69.5,-0.1,54.249,-0.004905
69.5,-0.1,54.327,-0.01962
69.5,-0.1,54.425,-0.014715
69.5,-0.1,54.524,-0.014715
69.5,-0.1,54.635,0.0
69.5,-0.1,54.722,-0.00981
69.5,-0.1,54.821,0.0
69.5,-0.1,54.919,-0.023544
69.5,-0.1,55.021,-0.014715
69.5,-0.1,55.117,-0.00981
69.5,-0.1,55.24,0.00981
69.5,-0.1,55.315,-0.023544
69.5,-0.1,55.414,-0.004905
69.5,-0.1,55.512,-0.004905
69.5,-0.1,55.615,-0.014715
69.5,-0.1,55.71,-0.01962
69.5,-0.1,55.843,-0.014715
69.5,-0.1,55.908,-0.023544
69.5,-0.1,56.006,0.00981
69.5,-0.1,56.104,0.004905
69.5,-0.1,56.226,-0.01962
69.5,-0.1,56.302,-0.00981
69.5,-0.1,56.401,-0.01962
69.5,-0.1,56.501,-0.023544
69.5,-0.1,56.626,0.014715
69.5,-0.1,56.698,-0.00981
69.5,-0.1,56.797,-0.01962
69.5,-0.1,56.896,-0.028449
69.5,-0.1,56.994,-0.023544
69.5,-0.1,57.092,0.0
69.5,-0.1,57.192,0.0
69.5,-0.1,57.298,0.0
69.5,-0.1,57.389,-0.01962
69.5,-0.1,57.487,0.004905
69.5,-0.1,57.587,0.0
69.5,-0.1,57.686,-0.014715
69.5,-0.1,57.784,-0.014715
69.5,-0.1,57.883,-0.028449
69.5,-0.1,57.983,-0.014715
69.5,-0.1,58.081,-0.004905
69.5,-0.1,58.18,-0.01962
69.5,-0.1,58.278,-0.00981
69.5,-0.1,58.377,-0.00981
69.5,-0.1,58.476,-0.00981
69.5,-0.1,58.575,-0.01962
69.5,-0.1,58.691,-0.004905
69.5,-0.1,58.772,-0.00981
69.5,-0.1,58.902,-0.01962
69.5,-0.1,58.97,0.0
69.5,-0.1,59.068,-0.004905
69.5,-0.1,59.166,0.0
69.5,-0.1,59.291,0.0
69.5,-0.1,59.365,-0.004905
69.5,-0.1,59.464,-0.004905
69.5,-0.1,59.562,0.0
69.5,-0.1,59.678,-0.004905
69.5,-0.1,59.76,0.0
69.5,-0.1,59.9,-0.00981
69.5,-0.1,59.958,-0.004905
69.5,-0.1,60.056,-0.01962
69.5,-0.1,60.155,-0.014715
69.5,-0.1,60.298,0.0
69.5,-0.1,60.352,-0.014715
69.5,-0.1,60.451,-0.004905
69.5,-0.1,60.55,-0.014715
69.5,-0.1,60.676,-0.004905
69.5,-0.1,60.747,0.0
69.5,-0.1,60.846,0.0
69.5,-0.1,60.945,-0.014715
69.5,-0.1,61.043,-0.004905
69.5,-0.1,61.142,0.004905
69.5,-0.1,61.24,-0.00981
69.5,-0.1,61.34,0.0
69.5,-0.1,61.438,-0.01962
69.5,-0.1,61.542,0.00981
69.5,-0.1,61.636,0.0
69.5,-0.1,61.734,0.004905
69.5,-0.1,61.834,-0.004905
69.5,-0.1,61.932,-0.014715
69.5,-0.1,62.03,0.0
69.5,-0.1,62.13,-0.004905
69.5,-0.1,62.228,-0.004905
69.5,-0.1,62.353,-0.01962
69.5,-0.1,62.425,-0.01962
69.5,-0.1,62.524,-0.114777
69.6,-0.2,62.623,-0.254079
69.7,-0.3,62.722,-0.325692
69.8,-0.4,62.821,-0.546417
69.9,-0.5,62.821,-0.546417
70.0,-0.6,62.94,-0.565056
70.1,-0.7,63.018,-0.671004
70.2,-0.7,63.117,-0.709263
70.3,-0.7,63.216,-0.722997
70.4,-0.7,63.316,-0.666099
70.5,-0.7,63.413,-0.699453
70.6,-0.7,63.531,-0.694548
70.7,-0.7,63.611,-0.694548
70.8,-0.7,63.751,-0.694548
70.9,-0.628571,63.808,-0.699453
70.9,-0.628571,63.907,-0.62784
71.0,-0.528571,64.005,-0.464994
71.1,-0.428571,64.138,-0.455184
71.2,-0.328571,64.203,-0.302148
71.3,-0.228571,64.302,-0.1962
71.4,-0.128571,64.401,-0.104967
71.5,-0.028571,64.499,0.023544
71.6,0.0,64.598,-0.081423
71.6,0.0,64.697,0.004905
71.7,0.0,64.796,-0.01962
71.8,0.0,64.895,0.048069
71.9,0.0,64.993,-0.071613
72.0,0.0,65.092,0.033354
72.1,0.0,65.191,-0.086328
72.2,0.0,65.289,0.081423
72.3,0.0,65.4,-0.071613
72.4,0.0,65.487,0.00981
72.5,0.0,65.622,-0.071613
72.6,0.0,65.684,0.0
72.6,0.0,65.783,-0.023544
72.7,0.0,65.783,-0.023544
72.8,0.0,65.783,-0.023544
72.9,0.0,65.783,-0.023544
73.0,0.0,65.783,-0.023544
73.1,0.0,65.783,-0.023544
73.2,0.0,65.783,-0.023544
73.3,0.0,65.783,-0.023544
73.4,0.0,65.783,-0.023544
73.5,0.02,65.783,-0.023544
73.5,0.02,65.882,-0.01962
73.5,0.02,65.995,-0.028449
73.5,0.02,66.08,0.033354
73.6,0.12,66.178,-0.081423
73.6,0.12,66.277,0.043164
73.7,0.22,66.407,0.239364
73.8,0.32,66.474,0.258984
73.9,0.42,66.573,0.430659
74.0,0.52,66.672,0.473823
74.1,0.62,66.771,0.622935
74.2,0.7,66.869,0.714168
74.3,0.7,66.968,0.679833
74.4,0.7,67.066,0.684738
74.5,0.7,67.185,0.709263
74.6,0.7,67.264,0.704358
74.7,0.7,67.397,0.704358
74.8,0.7,67.462,0.674928
74.9,0.7,67.462,0.674928
75.0,0.608571,67.56,0.656289
75.1,0.508571,67.659,0.469899
75.2,0.408571,67.758,0.464994
75.3,0.308571,67.857,0.302148
75.4,0.208571,67.955,0.267813
75.5,0.108571,68.054,0.139302
75.6,0.008571,68.153,0.00981
75.7,0.0,68.252,-0.014715
75.8,0.0,68.351,0.0
75.8,0.0,68.449,0.004905
75.9,0.0,68.449,0.004905
76.0,0.0,68.449,0.004905
76.1,0.0,68.449,0.004905
76.2,0.0,68.449,0.004905
76.3,0.0,68.449,0.004905
76.4,0.0,68.449,0.004905
76.5,0.0,68.449,0.004905
76.6,0.0,68.449,0.004905
76.7,0.0,68.449,0.004905
76.8,0.0,68.449,0.004905
76.9,0.0,68.449,0.004905
77.0,0.0,68.449,0.004905
77.1,0.0,68.449,0.004905
77.2,0.0,68.449,0.004905
77.3,0.0,68.449,0.004905
77.4,0.0,68.449,0.004905
77.5,0.0,68.449,0.004905
77.6,0.0,68.449,0.004905
77.7,0.0,68.449,0.004905
77.8,0.0,68.449,0.004905
77.9,0.0,68.449,0.004905
78.0,0.0,68.449,0.004905
78.1,0.0,68.449,0.004905
78.2,0.0,68.449,0.004905
78.3,0.0,68.449,0.004905
78.4,0.0,68.449,0.004905
78.5,0.0,68.449,0.004905
78.6,0.0,68.449,0.004905
78.7,0.0,68.449,0.004905
78.8,0.0,68.449,0.004905
78.9,0.0,68.449,0.004905
79.0,0.0,68.449,0.004905
79.1,0.0,68.449,0.004905
79.2,0.0,68.449,0.004905
79.3,0.0,68.449,0.004905
79.4,0.0,68.449,0.004905
79.5,0.0,68.449,0.004905
79.6,0.0,68.449,0.004905
79.7,0.0,68.449,0.004905
79.8,0.0,68.449,0.004905
79.9,0.0,68.449,0.004905
80.0,0.0,68.449,0.004905
80.1,0.0,68.449,0.004905
80.2,0.0,68.449,0.004905
80.3,0.0,68.449,0.004905
80.4,0.0,68.449,0.004905
80.5,0.0,68.449,0.004905
80.6,0.0,68.449,0.004905
80.7,0.0,68.449,0.004905
80.8,0.0,68.449,0.004905
80.9,0.0,68.449,0.004905
81.0,0.0,68.449,0.004905
81.1,0.0,68.449,0.004905
81.2,0.0,68.449,0.004905
81.3,0.0,68.449,0.004905
81.4,0.0,68.449,0.004905
81.5,0.0,68.449,0.004905
81.6,0.0,68.449,0.004905
81.7,0.0,68.449,0.004905
81.8,0.0,68.449,0.004905
81.9,0.0,68.449,0.004905
82.0,0.0,68.449,0.004905
82.1,0.0,68.449,0.004905
82.2,0.0,68.449,0.004905
82.3,0.0,68.449,0.004905
82.4,0.0,68.449,0.004905
82.5,0.0,68.449,0.004905
82.6,0.0,68.449,0.004905
82.7,0.0,68.449,0.004905
82.8,0.0,68.449,0.004905
82.9,0.0,68.449,0.004905
83.0,0.0,68.449,0.004905
83.1,0.0,68.449,0.004905
83.2,0.0,68.449,0.004905
83.3,0.0,68.449,0.004905
83.4,0.0,68.449,0.004905
83.5,0.0,68.449,0.004905
83.6,0.0,68.449,0.004905
83.7,0.0,68.449,0.004905
83.8,0.0,68.449,0.004905
83.9,0.0,68.449,0.004905
84.0,0.0,68.449,0.004905
84.1,0.0,68.449,0.004905
84.2,0.0,68.449,0.004905
84.3,0.0,68.449,0.004905
84.4,0.0,68.449,0.004905
84.5,0.0,68.449,0.004905
84.6,0.0,68.449,0.004905
84.7,0.0,68.449,0.004905
84.8,0.0,68.449,0.004905
84.9,0.0,68.449,0.004905
85.0,0.0,68.449,0.004905
85.1,0.0,68.449,0.004905
85.2,0.0,68.449,0.004905
85.3,0.0,68.449,0.004905
85.4,0.0,68.449,0.004905
85.5,0.0,68.449,0.004905
85.6,0.0,68.449,0.004905
85.7,0.0,68.449,0.004905
85.8,0.0,68.449,0.004905
85.9,0.0,68.449,0.004905
86.0,0.0,68.449,0.004905
86.1,0.0,68.449,0.004905
86.2,0.0,68.449,0.004905
86.3,0.0,68.449,0.004905
86.4,0.0,68.449,0.004905
86.5,0.0,68.449,0.004905
86.6,0.0,68.449,0.004905
86.7,0.0,68.449,0.004905
86.8,0.0,68.449,0.004905
86.9,0.0,68.449,0.004905
87.0,0.0,68.449,0.004905
87.1,0.0,68.449,0.004905
87.2,0.0,68.449,0.004905
87.3,0.0,68.449,0.004905
87.4,0.0,68.449,0.004905
87.5,0.0,68.449,0.004905
87.6,0.0,68.449,0.004905
87.7,0.0,68.449,0.004905
87.8,0.0,68.449,0.004905
87.9,0.0,68.449,0.004905
88.0,0.0,68.449,0.004905
88.1,0.0,68.449,0.004905
88.2,0.0,68.449,0.004905
88.3,0.0,68.449,0.004905
88.4,0.0,68.449,0.004905
88.5,0.0,68.449,0.004905
88.6,0.0,68.449,0.004905
88.7,0.0,68.449,0.004905
88.8,0.0,68.449,0.004905
88.9,0.0,68.449,0.004905
89.0,0.0,68.449,0.004905
89.1,0.0,68.449,0.004905
89.2,0.0,68.449,0.004905
89.3,0.0,68.449,0.004905
89.4,0.0,68.449,0.004905
89.5,0.0,68.449,0.004905
89.6,0.0,68.449,0.004905
89.7,0.0,68.449,0.004905
89.8,0.0,68.449,0.004905
89.9,0.0,68.449,0.004905
90.0,0.0,68.449,0.004905
90.1,0.0,68.449,0.004905
90.2,0.0,68.449,0.004905
90.3,0.0,68.449,0.004905
90.4,0.0,68.449,0.004905
90.5,0.0,68.449,0.004905
90.6,0.0,68.449,0.004905
90.7,0.0,68.449,0.004905
90.8,0.0,68.449,0.004905
90.9,0.0,68.449,0.004905
91.0,0.0,68.449,0.004905
91.1,0.0,68.449,0.004905
91.2,0.0,68.449,0.004905
91.3,0.0,68.449,0.004905
91.4,0.0,68.449,0.004905
91.5,0.0,68.449,0.004905
91.6,0.0,68.449,0.004905
91.7,0.0,68.449,0.004905
91.8,0.0,68.449,0.004905
91.9,0.0,68.449,0.004905
92.0,0.0,68.449,0.004905
92.1,0.0,68.449,0.004905
92.2,0.0,68.449,0.004905
92.3,0.0,68.449,0.004905
92.4,0.0,68.449,0.004905
92.5,0.0,68.449,0.004905
92.6,0.0,68.449,0.004905
92.7,0.0,68.449,0.004905
92.8,0.0,68.449,0.004905
92.9,0.0,68.449,0.004905
93.0,0.0,68.449,0.004905
93.1,0.0,68.449,0.004905
93.2,0.0,68.449,0.004905
93.3,0.0,68.449,0.004905
93.4,0.0,68.449,0.004905
93.5,0.0,68.449,0.004905
93.6,-0.1,68.449,0.004905
93.6,-0.1,68.548,-0.052974
93.6,-0.1,68.646,0.0
93.6,-0.1,68.745,0.0
93.6,-0.1,68.843,0.00981
93.6,-0.1,68.943,-0.043164
93.6,-0.1,69.063,-0.01962
93.6,-0.1,69.14,0.00981
93.6,-0.1,69.239,0.0
93.6,-0.1,69.338,-0.023544
93.6,-0.1,69.449,-0.033354
93.6,-0.1,69.535,-0.004905
93.6,-0.1,69.666,0.023544
93.6,-0.1,69.732,-0.023544
93.6,-0.1,69.831,-0.028449
93.6,-0.1,69.93,-0.033354
93.6,-0.1,70.042,0.038259
93.6,-0.1,70.127,-0.028449
93.6,-0.1,70.262,-0.043164
93.6,-0.1,70.325,-0.014715
93.6,-0.1,70.423,0.014715
93.6,-0.1,70.523,0.0
93.6,-0.1,70.621,-0.033354
93.6,-0.1,70.719,0.104967
93.6,-0.1,70.858,0.201105
93.6,-0.1,70.917,0.244269
93.6,-0.1,71.016,0.143226
93.6,-0.1,71.115,0.038259
93.6,-0.1,71.213,0.004905
93.6,-0.1,71.311,-0.023544
93.6,-0.1,71.41,0.0
93.6,-0.1,71.509,0.0
93.6,-0.1,71.609,-0.014715
93.6,-0.1,71.707,-0.01962
93.6,-0.1,71.805,0.01962
93.6,-0.1,71.904,-0.023544
93.6,-0.1,72.003,-0.00981
93.6,-0.1,72.102,-0.01962
93.6,-0.1,72.201,-0.01962
93.6,-0.1,72.299,0.00981
93.6,-0.1,72.398,-0.01962
93.6,-0.1,72.498,-0.00981
93.6,-0.1,72.596,-0.01962
93.6,-0.1,72.717,-0.00981
93.6,-0.1,72.793,-0.00981
93.6,-0.1,72.892,-0.004905
93.6,-0.1,72.99,0.0
93.6,-0.1,73.093,-0.01962
93.6,-0.1,73.188,-0.004905
93.6,-0.1,73.311,-0.023544
93.6,-0.1,73.386,-0.01962
93.6,-0.1,73.485,-0.043164
93.6,-0.1,73.583,-0.004905
93.6,-0.1,73.7,0.014715
93.6,-0.1,73.78,-0.01962
93.6,-0.1,73.879,-0.014715
93.6,-0.1,73.978,-0.033354
93.6,-0.1,74.084,-0.01962
93.6,-0.1,74.175,-0.004905
93.6,-0.1,74.302,-0.028449
93.6,-0.1,74.373,0.0
93.6,-0.1,74.472,-0.043164
93.6,-0.1,74.571,-0.004905
93.6,-0.1,74.67,-0.01962
93.6,-0.1,74.768,-0.004905
93.6,-0.1,74.9,-0.014715
93.6,-0.1,74.966,0.0
93.6,-0.1,75.065,-0.004905
93.6,-0.1,75.164,-0.00981
93.6,-0.1,75.304,-0.004905
93.6,-0.1,75.361,-0.004905
93.6,-0.1,75.46,-0.00981
93.6,-0.1,75.558,-0.014715
93.6,-0.1,75.658,-0.023544
93.6,-0.1,75.763,-0.01962
93.6,-0.1,75.855,-0.014715
93.6,-0.1,75.983,-0.01962
93.6,-0.1,76.052,-0.004905
93.6,-0.1,76.152,-0.00981
93.6,-0.1,76.25,-0.00981
93.6,-0.1,76.367,-0.004905
93.6,-0.1,76.447,-0.014715
93.6,-0.1,76.582,-0.00981
93.6,-0.1,76.645,-0.014715
93.6,-0.1,76.744,-0.014715
93.6,-0.1,76.842,-0.00981
93.6,-0.1,76.956,0.004905
93.6,-0.1,77.04,-0.00981
93.6,-0.1,77.176,-0.004905
93.6,-0.1,77.238,-0.00981
93.6,-0.1,77.336,0.0
93.6,-0.1,77.436,-0.014715
93.6,-0.1,77.557,-0.014715
93.6,-0.1,77.633,0.0
93.6,-0.1,77.732,-0.00981
93.6,-0.1,77.831,-0.01962
93.6,-0.1,77.96,-0.00981
93.6,-0.1,78.028,-0.014715
93.6,-0.1,78.127,-0.014715
93.6,-0.1,78.226,-0.014715
93.6,-0.1,78.324,-0.01962
93.6,-0.1,78.423,-0.004905
93.6,-0.1,78.563,-0.00981
93.6,-0.1,78.621,-0.01962
93.6,-0.1,78.72,-0.01962
93.6,-0.1,78.818,-0.01962
93.6,-0.1,78.917,-0.014715
93.6,-0.1,79.016,-0.014715
93.6,-0.1,79.115,-0.00981
93.6,-0.1,79.213,-0.014715
93.6,-0.1,79.312,-0.01962
93.6,-0.1,79.411,-0.023544
93.6,-0.1,79.509,-0.004905
93.6,-0.1,79.614,-0.028449
93.6,-0.1,79.707,-0.01962
93.6,-0.1,79.805,0.004905
93.6,-0.1,79.905,-0.004905
93.6,-0.1,80.003,-0.00981
93.6,-0.1,80.102,-0.028449
93.6,-0.1,80.211,-0.023544
93.6,-0.1,80.3,0.01962
93.6,-0.1,80.433,-0.00981
93.6,-0.1,80.497,-0.00981
93.6,-0.1,80.597,0.0
93.6,-0.1,80.695,0.004905
93.6,-0.1,80.821,0.004905
93.6,-0.1,80.893,-0.038259
93.6,-0.1,80.991,-0.023544
93.6,-0.1,81.09,-0.014715
93.6,-0.1,81.188,-0.01962
93.6,-0.1,81.287,-0.01962
93.6,-0.1,81.412,0.0
93.6,-0.1,81.485,-0.004905
93.6,-0.1,81.583,-0.023544
93.6,-0.1,81.682,-0.004905
93.6,-0.1,81.781,-0.014715
93.6,-0.1,81.88,-0.014715
93.6,-0.1,82.002,0.004905
93.6,-0.1,82.077,-0.028449
93.6,-0.1,82.176,0.004905
93.6,-0.1,82.275,-0.004905
93.6,-0.1,82.373,0.0
93.6,-0.1,82.473,-0.00981
93.6,-0.1,82.571,0.004905
93.6,-0.1,82.67,-0.004905
93.6,-0.1,82.768,0.0
93.6,-0.1,82.891,-0.033354
93.6,-0.1,82.966,-0.004905
93.6,-0.1,83.064,-0.004905
93.6,-0.1,83.164,0.0
93.6,-0.1,83.271,-0.00981
93.6,-0.1,83.361,-0.014715
93.6,-0.1,83.501,-0.00981
93.6,-0.1,83.559,-0.014715
93.6,-0.1,83.669,-0.014715
93.6,-0.1,83.756,-0.01962
93.6,-0.1,83.887,-0.014715
93.6,-0.1,83.954,-0.004905
93.6,-0.1,84.052,-0.028449
93.6,-0.1,84.151,-0.004905
93.6,-0.1,84.25,0.0
93.6,-0.1,84.349,-0.01962
93.6,-0.1,84.48,-0.004905
93.6,-0.1,84.546,-0.00981
93.6,-0.1,84.645,-0.004905
93.6,-0.1,84.744,-0.00981
93.6,-0.1,84.843,0.0
93.6,-0.1,84.941,-0.00981
93.6,-0.1,85.062,-0.014715
93.6,-0.1,85.139,-0.023544
93.6,-0.1,85.237,-0.01962
93.6,-0.1,85.336,-0.014715
93.6,-0.1,85.435,-0.004905
93.6,-0.1,85.534,-0.004905
93.6,-0.1,85.632,-0.00981
93.6,-0.1,85.735,-0.00981
93.6,-0.1,85.831,-0.014715
93.6,-0.1,85.929,-0.014715
93.6,-0.1,86.028,-0.014715
93.6,-0.1,86.126,-0.01962
93.6,-0.1,86.225,0.0
93.6,-0.1,86.359,-0.00981
93.6,-0.1,86.423,-0.014715
93.6,-0.1,86.523,-0.043164
93.7,-0.2,86.621,-0.244269
93.8,-0.3,86.743,-0.306072
93.9,-0.4,86.819,-0.455184
94.0,-0.5,86.918,-0.565056
94.1,-0.6,87.016,-0.541512
94.2,-0.7,87.123,-0.775971
94.3,-0.7,87.214,-0.694548
94.4,-0.7,87.34,-0.737712
94.5,-0.7,87.411,-0.714168
94.6,-0.7,87.51,-0.699453
94.7,-0.7,87.609,-0.709263
94.8,-0.7,87.707,-0.694548
94.9,-0.7,87.807,-0.704358
95.0,-0.628571,87.905,-0.714168
95.1,-0.528571,88.004,-0.521892
95.2,-0.428571,88.103,-0.455184
95.3,-0.328571,88.201,-0.354141
95.4,-0.228571,88.3,-0.272718
95.5,-0.128571,88.4,-0.162846
95.6,-0.028571,88.498,-0.01962
95.7,0.0,88.597,0.004905
95.8,0.0,88.696,-0.00981
95.9,0.0,88.799,-0.066708
96.0,0.0,88.893,0.061803
96.1,0.0,88.992,-0.101043
96.2,0.0,89.091,0.048069
96.3,0.0,89.191,-0.066708
96.4,0.0,89.288,-0.01962
96.5,0.0,89.402,-0.004905
96.6,0.0,89.485,-0.071613
96.7,0.0,89.485,-0.071613
96.8,0.0,89.485,-0.071613
96.9,0.0,89.485,-0.071613
97.0,0.0,89.485,-0.071613
97.1,0.0,89.585,0.023544
97.2,0.0,89.684,-0.048069
97.3,0.0,89.782,0.033354
97.4,0.0,89.881,-0.043164
97.5,0.0,90.003,-0.033354
97.6,0.02,90.078,0.023544
97.7,0.12,90.177,0.01962
97.7,0.12,90.275,0.01962
97.7,0.12,90.388,0.148131
97.8,0.22,90.472,0.315882
97.9,0.32,90.472,0.315882
98.0,0.42,90.604,0.349236
98.0,0.42,90.669,0.469899
98.1,0.52,90.768,0.555246
98.2,0.62,90.867,0.709263
98.3,0.7,90.867,0.709263
98.4,0.7,90.996,0.661194
98.5,0.7,91.065,0.742617
98.6,0.7,91.163,0.661194
98.7,0.7,91.262,0.718092
98.8,0.7,91.391,0.666099
98.9,0.7,91.459,0.704358
99.0,0.7,91.557,0.679833
99.1,0.608571,91.657,0.560151
99.2,0.508571,91.755,0.464994
99.3,0.408571,91.853,0.335502
99.4,0.308571,91.853,0.335502
99.5,0.208571,91.953,0.292338
99.6,0.108571,92.051,0.119682
99.7,0.008571,92.15,0.057879
99.8,0.0,92.249,-0.043164
99.9,0.0,92.347,0.048069
100.0,0.0,92.462,-0.052974
100.1,0.0,92.544,-0.004905
100.2,0.0,92.643,-0.004905
100.3,0.0,92.742,0.028449
100.4,0.0,92.841,-0.028449
100.5,0.0,92.939,-0.038259
100.6,0.0,93.05,0.00981
100.7,0.0,93.137,0.014715
100.8,0.0,93.271,-0.01962
100.9,0.0,93.334,-0.023544
101.0,0.0,93.433,-0.033354
101.1,0.0,93.531,0.014715
101.2,0.0,93.637,-0.004905
101.3,0.0,93.729,-0.033354
101.4,0.0,93.857,-0.023544
101.5,0.0,93.927,0.004905
101.6,0.0,94.025,0.028449
101.7,0.0,94.123,-0.048069
101.8,0.0,94.227,-0.01962
101.9,0.0,94.321,-0.00981
102.0,0.0,94.446,0.023544
102.1,0.0,94.518,-0.038259
102.2,0.0,94.617,-0.048069
102.3,0.0,94.715,0.023544
102.4,0.0,94.839,0.153036
102.5,0.0,94.912,0.162846
102.6,0.0,95.012,0.224649
102.7,0.0,95.111,0.066708
102.8,0.0,95.209,0.066708
102.9,0.0,95.309,-0.023544
103.0,0.0,95.407,0.004905
103.1,0.0,95.505,-0.00981
103.2,0.0,95.604,0.0
103.2,0.0,95.703,-0.014715
103.3,0.0,95.703,-0.014715
103.4,0.0,95.703,-0.014715
103.5,0.0,95.703,-0.014715
103.6,0.0,95.703,-0.014715
103.7,0.0,95.703,-0.014715
103.8,0.0,95.703,-0.014715
103.9,0.0,95.703,-0.014715
104.0,0.0,95.703,-0.014715
104.1,0.0,95.703,-0.014715
104.2,0.0,95.703,-0.014715
104.3,0.0,95.703,-0.014715
104.4,0.0,95.703,-0.014715
104.5,0.0,95.703,-0.014715
104.6,0.0,95.703,-0.014715
104.7,0.0,95.703,-0.014715
104.8,0.0,95.703,-0.014715
104.9,0.0,95.703,-0.014715
105.0,0.0,95.703,-0.014715
105.1,0.0,95.703,-0.014715
105.2,0.0,95.703,-0.014715
105.3,0.0,95.703,-0.014715
105.4,0.0,95.703,-0.014715
105.5,0.0,95.703,-0.014715
105.6,0.0,95.703,-0.014715
105.7,0.0,95.703,-0.014715
105.8,0.0,95.703,-0.014715
105.9,0.0,95.703,-0.014715
106.0,0.0,95.703,-0.014715
106.1,0.0,95.703,-0.014715
106.2,0.0,95.703,-0.014715
106.3,0.0,95.703,-0.014715
106.4,0.0,95.703,-0.014715
106.5,0.0,95.703,-0.014715
106.6,0.0,95.703,-0.014715
106.7,0.0,95.703,-0.014715
106.8,0.0,95.703,-0.014715
106.9,0.0,95.703,-0.014715
107.0,0.0,95.703,-0.014715
107.1,0.0,95.703,-0.014715
107.2,0.0,95.703,-0.014715
107.3,0.0,95.703,-0.014715
107.4,0.0,95.703,-0.014715
107.5,0.0,95.703,-0.014715
107.6,0.0,95.703,-0.014715
107.7,0.0,95.703,-0.014715
107.8,0.0,95.703,-0.014715
107.9,0.0,95.703,-0.014715
108.0,0.0,95.703,-0.014715
108.1,0.0,95.703,-0.014715
108.2,0.0,95.703,-0.014715
108.3,0.0,95.703,-0.014715
108.4,0.0,95.703,-0.014715
108.5,0.0,95.703,-0.014715
108.6,0.0,95.703,-0.014715
108.7,0.0,95.703,-0.014715
108.8,0.0,95.703,-0.014715
108.9,0.0,95.703,-0.014715
109.0,0.0,95.703,-0.014715
109.1,0.0,95.703,-0.014715
109.2,0.0,95.703,-0.014715
109.3,0.0,95.703,-0.014715
109.4,0.0,95.703,-0.014715
109.5,0.0,95.703,-0.014715
109.6,0.0,95.703,-0.014715
109.7,0.0,95.703,-0.014715
109.8,0.0,95.703,-0.014715
109.9,0.0,95.703,-0.014715
110.0,0.0,95.703,-0.014715
110.1,0.0,95.703,-0.014715
110.2,0.0,95.703,-0.014715
110.3,0.0,95.703,-0.014715
110.4,0.0,95.703,-0.014715
110.5,0.0,95.703,-0.014715
110.6,0.0,95.703,-0.014715
110.7,0.0,95.703,-0.014715
110.8,0.0,95.703,-0.014715
110.9,0.0,95.703,-0.014715
111.0,0.0,95.703,-0.014715
111.1,0.0,95.703,-0.014715
111.2,0.0,95.703,-0.014715
111.3,0.0,95.703,-0.014715
111.4,0.0,95.703,-0.014715
111.5,0.0,95.703,-0.014715
111.6,0.0,95.703,-0.014715
111.7,0.0,95.703,-0.014715
111.8,0.0,95.703,-0.014715
111.9,0.0,95.703,-0.014715
112.0,0.0,95.703,-0.014715
112.1,0.0,95.703,-0.014715
112.2,0.0,95.703,-0.014715
112.3,0.0,95.703,-0.014715
112.4,0.0,95.703,-0.014715
112.5,0.0,95.703,-0.014715
112.6,0.0,95.703,-0.014715
112.7,0.0,95.703,-0.014715
112.8,0.0,95.703,-0.014715
112.9,0.0,95.703,-0.014715
113.0,0.0,95.703,-0.014715
113.1,0.0,95.703,-0.014715
113.2,0.0,95.703,-0.014715
113.3,0.0,95.703,-0.014715
113.4,0.0,95.703,-0.014715
113.5,0.0,95.703,-0.014715
113.6,0.0,95.703,-0.014715
113.7,0.0,95.703,-0.014715
113.8,0.0,95.703,-0.014715
113.9,0.0,95.703,-0.014715
114.0,0.0,95.703,-0.014715
114.1,0.0,95.703,-0.014715
114.2,0.0,95.703,-0.014715
114.3,0.0,95.703,-0.014715
114.4,0.0,95.703,-0.014715
114.5,0.0,95.703,-0.014715
114.6,0.0,95.703,-0.014715
114.7,0.0,95.703,-0.014715
114.8,0.0,95.703,-0.014715
114.9,0.0,95.703,-0.014715
115.0,0.0,95.703,-0.014715
115.1,0.0,95.703,-0.014715
115.2,0.0,95.703,-0.014715
115.3,0.0,95.703,-0.014715
115.4,0.0,95.703,-0.014715
115.5,0.0,95.703,-0.014715
115.6,0.0,95.703,-0.014715
115.7,0.0,95.703,-0.014715
115.8,0.0,95.703,-0.014715
115.9,0.0,95.703,-0.014715
116.0,0.0,95.703,-0.014715
116.1,0.0,95.703,-0.014715
116.2,0.0,95.703,-0.014715
116.3,0.0,95.703,-0.014715
116.4,0.0,95.703,-0.014715
116.5,0.0,95.703,-0.014715
116.6,0.0,95.703,-0.014715
116.7,0.0,95.703,-0.014715
116.8,0.0,95.703,-0.014715
116.9,0.0,95.703,-0.014715
117.0,0.0,95.703,-0.014715
117.1,0.0,95.703,-0.014715
117.2,0.0,95.703,-0.014715
117.3,0.0,95.703,-0.014715
117.4,0.0,95.703,-0.014715
117.5,0.0,95.703,-0.014715
117.6,0.0,95.703,-0.014715
117.7,0.0,95.703,-0.014715
117.8,0.0,95.703,-0.014715
117.9,0.0,95.703,-0.014715
118.0,0.1,95.703,-0.014715
118.0,0.1,95.801,-0.00981
118.0,0.1,95.901,-0.00981
118.0,0.1,95.999,-0.01962
118.0,0.1,96.105,-0.01962
118.0,0.1,96.197,-0.014715
118.0,0.1,96.321,-0.014715
118.0,0.1,96.394,-0.014715
118.0,0.1,96.493,-0.01962
118.0,0.1,96.592,0.0
118.0,0.1,96.692,-0.00981
118.0,0.1,96.789,-0.028449
118.0,0.1,96.914,0.0
118.0,0.1,96.987,-0.014715
118.0,0.1,97.086,-0.023544
118.0,0.1,97.185,-0.00981
118.0,0.1,97.29,-0.057879
118.0,0.1,97.382,-0.01962
118.0,0.1,97.527,-0.00981
118.0,0.1,97.58,-0.033354
118.0,0.1,97.69,-0.014715
118.0,0.1,97.778,-0.014715
118.0,0.1,97.906,-0.033354
118.0,0.1,97.975,-0.00981
118.0,0.1,98.073,0.00981
118.0,0.1,98.173,-0.014715
118.0,0.1,98.272,-0.033354
118.0,0.1,98.37,-0.028449
118.0,0.1,98.468,0.023544
118.0,0.1,98.567,-0.028449
118.0,0.1,98.666,-0.048069
118.0,0.1,98.765,-0.01962
118.0,0.1,98.864,-0.014715
118.0,0.1,98.963,0.004905
118.0,0.1,99.062,-0.028449
118.0,0.1,99.16,-0.028449
118.0,0.1,99.259,-0.014715
118.0,0.1,99.365,-0.023544
118.0,0.1,99.456,-0.004905
118.0,0.1,99.555,-0.00981
118.0,0.1,99.653,-0.01962
118.0,0.1,99.757,-0.014715
118.0,0.1,99.851,-0.01962
118.0,0.1,99.977,-0.014715
118.0,0.1,100.049,-0.01962
118.0,0.1,100.149,-0.014715
118.0,0.1,100.246,-0.00981
118.0,0.1,100.351,-0.00981
118.0,0.1,100.444,-0.014715
118.0,0.1,100.576,-0.014715
118.0,0.1,100.642,-0.004905
118.0,0.1,100.74,0.01962
118.0,0.1,100.84,-0.014715
118.0,0.1,100.964,-0.00981
118.0,0.1,101.037,-0.01962
118.0,0.1,101.136,-0.00981
118.0,0.1,101.235,-0.004905
118.0,0.1,101.346,-0.004905
118.0,0.1,101.432,-0.023544
118.0,0.1,101.565,0.0
118.0,0.1,101.63,0.0
118.0,0.1,101.729,-0.00981
118.0,0.1,101.828,-0.00981
118.0,0.1,101.927,-0.01962
118.0,0.1,102.025,-0.01962
118.0,0.1,102.124,-0.014715
118.0,0.1,102.223,0.004905
118.0,0.1,102.321,-0.00981
118.0,0.1,102.42,-0.00981
118.0,0.1,102.52,-0.014715
118.0,0.1,102.618,-0.014715
118.0,0.1,102.716,0.0
118.0,0.1,102.815,-0.00981
118.0,0.1,102.914,-0.00981
118.0,0.1,103.013,-0.014715
118.0,0.1,103.113,-0.014715
118.0,0.1,103.215,-0.014715
118.0,0.1,103.31,-0.023544
118.0,0.1,103.439,-0.00981
118.0,0.1,103.507,-0.043164
118.0,0.1,103.606,-0.023544
118.0,0.1,103.704,-0.028449
118.0,0.1,103.827,-0.048069
118.0,0.1,103.902,-0.028449
118.0,0.1,104.0,-0.028449
118.0,0.1,104.1,-0.00981
118.0,0.1,104.232,-0.00981
118.0,0.1,104.297,-0.01962
118.0,0.1,104.4,-0.028449
118.0,0.1,104.495,-0.00981
118.0,0.1,104.631,-0.004905
118.0,0.1,104.692,-0.023544
118.0,0.1,104.791,-0.038259
118.0,0.1,104.89,-0.028449
118.0,0.1,105.004,-0.01962
118.0,0.1,105.088,-0.004905
118.0,0.1,105.218,0.014715
118.0,0.1,105.285,-0.00981
118.0,0.1,105.384,-0.004905
118.0,0.1,105.482,-0.014715
118.0,0.1,105.582,-0.028449
118.0,0.1,105.68,-0.014715
118.0,0.1,105.779,0.0
118.0,0.1,105.878,-0.033354
118.0,0.1,105.977,0.004905
118.0,0.1,106.075,-0.028449
118.0,0.1,106.174,-0.00981
118.0,0.1,106.273,0.004905
118.0,0.1,106.372,-0.004905
118.0,0.1,106.471,-0.004905
118.0,0.1,106.569,-0.038259
118.0,0.1,106.691,-0.01962
118.0,0.1,106.766,-0.004905
118.0,0.1,106.865,0.0
118.0,0.1,106.964,-0.014715
118.0,0.1,107.063,-0.014715
118.0,0.1,107.162,-0.004905
118.0,0.1,107.284,0.0
118.0,0.1,107.359,-0.004905
118.0,0.1,107.458,-0.014715
118.0,0.1,107.556,-0.00981
118.0,0.1,107.673,0.0
118.0,0.1,107.755,-0.004905
118.0,0.1,107.853,-0.00981
118.0,0.1,107.951,-0.01962
118.0,0.1,108.05,-0.00981
118.0,0.1,108.15,-0.004905
118.0,0.1,108.276,-0.00981
118.0,0.1,108.347,-0.01962
118.0,0.1,108.445,-0.01962
118.0,0.1,108.544,-0.00981
118.0,0.1,108.643,-0.00981
118.0,0.1,108.742,-0.01962
118.0,0.1,108.87,-0.028449
118.0,0.1,108.939,-0.014715
118.0,0.1,109.039,-0.014715
118.0,0.1,109.136,-0.00981
118.0,0.1,109.236,-0.01962
118.0,0.1,109.335,-0.014715
118.0,0.1,109.433,0.014715
118.0,0.1,109.548,-0.00981
118.0,0.1,109.632,0.0
118.0,0.1,109.729,0.0
118.0,0.1,109.828,-0.014715
118.0,0.1,109.933,-0.00981
118.0,0.1,110.026,-0.01962
118.0,0.1,110.153,-0.014715
118.0,0.1,110.224,-0.023544
118.0,0.1,110.322,-0.01962
118.0,0.1,110.421,-0.00981
118.0,0.1,110.542,-0.00981
118.0,0.1,110.619,-0.00981
118.0,0.1,110.718,-0.014715
118.0,0.1,110.817,-0.004905
118.0,0.1,110.921,-0.00981
118.0,0.1,111.014,0.119682
118.1,0.2,111.144,0.244269
118.2,0.3,111.212,0.354141
118.3,0.4,111.31,0.503253
118.4,0.5,111.31,0.503253
118.5,0.6,111.41,0.536607
118.6,0.7,111.514,0.737712
118.7,0.7,111.607,0.714168
118.8,0.7,111.732,0.722997
118.9,0.7,111.805,0.709263
119.0,0.7,111.903,0.699453
119.1,0.7,112.002,0.699453
119.2,0.7,112.101,0.699453
119.3,0.7,112.199,0.694548
119.4,0.628571,112.323,0.737712
119.4,0.628571,112.397,0.61803
119.5,0.528571,112.496,0.455184
119.6,0.428571,112.594,0.407115
119.7,0.328571,112.694,0.244269
119.8,0.228571,112.694,0.244269
119.9,0.128571,112.791,0.172656
120.0,0.028571,112.891,0.134397
120.0,0.028571,112.991,-0.086328
120.1,0.0,113.088,0.00981
120.2,0.0,113.203,0.023544
120.3,0.0,113.286,-0.023544
120.4,0.0,113.385,0.0
120.4,0.0,113.483,-0.052974
120.5,0.0,113.483,-0.052974
120.6,0.0,113.483,-0.052974
120.7,0.0,113.483,-0.052974
120.8,0.0,113.483,-0.052974
120.9,0.0,113.483,-0.052974
121.0,0.0,113.483,-0.052974
121.1,0.0,113.483,-0.052974
121.2,0.0,113.483,-0.052974
121.3,0.0,113.483,-0.052974
121.4,0.0,113.483,-0.052974
121.5,0.0,113.483,-0.052974
121.6,0.0,113.483,-0.052974
121.7,0.0,113.483,-0.052974
121.8,0.0,113.483,-0.052974
121.9,0.0,113.483,-0.052974
122.0,-0.02,113.483,-0.052974
122.0,-0.02,113.591,-0.004905
122.0,-0.02,113.682,0.028449
122.0,-0.02,113.81,-0.038259
122.1,-0.12,113.878,-0.066708
122.1,-0.12,113.977,-0.023544
122.1,-0.12,114.076,-0.028449
122.1,-0.12,114.195,0.014715
122.1,-0.12,114.274,-0.033354
122.1,-0.12,114.372,0.00981
122.1,-0.12,114.471,-0.081423
122.1,-0.12,114.572,0.076518
122.1,-0.12,114.668,-0.104967
122.2,-0.22,114.804,-0.162846
122.3,-0.32,114.865,-0.349236
122.4,-0.42,114.966,-0.368856
122.5,-0.52,115.063,-0.503253
122.6,-0.62,115.197,-0.61803
122.7,-0.7,115.261,-0.666099
122.8,-0.7,115.36,-0.732807
122.9,-0.7,115.458,-0.646479
123.0,-0.7,115.588,-0.709263
123.1,-0.7,115.656,-0.714168
123.2,-0.7,115.754,-0.714168
123.3,-0.7,115.854,-0.704358
123.4,-0.7,115.952,-0.718092
123.5,-0.608571,116.05,-0.60822
123.6,-0.508571,116.15,-0.478728
123.7,-0.408571,116.249,-0.388476
123.8,-0.308571,116.347,-0.277623
123.9,-0.208571,116.445,-0.191295
124.0,-0.108571,116.544,-0.048069
124.1,-0.008571,116.643,-0.01962
124.2,0.0,116.742,0.004905
124.3,0.0,116.848,-0.076518
124.4,0.0,116.94,0.038259
124.5,0.0,117.038,-0.004905
124.6,0.0,117.137,0.0
124.6,0.0,117.235,-0.048069
124.7,0.0,117.235,-0.048069
124.8,0.0,117.235,-0.048069
124.9,0.0,117.235,-0.048069
125.0,0.0,117.235,-0.048069
125.1,0.0,117.235,-0.048069
125.2,0.0,117.235,-0.048069
125.3,0.0,117.235,-0.048069
125.4,0.0,117.235,-0.048069
125.5,0.0,117.235,-0.048069
125.6,0.0,117.235,-0.048069
125.7,0.0,117.235,-0.048069
125.8,0.0,117.235,-0.048069
125.9,0.0,117.235,-0.048069
126.0,0.0,117.235,-0.048069
126.1,0.0,117.235,-0.048069
126.2,0.0,117.235,-0.048069
126.3,0.0,117.235,-0.048069
126.4,0.0,117.235,-0.048069
126.5,0.0,117.235,-0.048069
126.6,0.0,117.235,-0.048069
126.7,0.0,117.235,-0.048069
126.8,0.0,117.235,-0.048069
126.9,0.0,117.235,-0.048069
127.0,0.0,117.235,-0.048069
127.1,0.0,117.235,-0.048069
127.2,0.0,117.235,-0.048069
127.3,0.0,117.235,-0.048069
127.4,0.0,117.235,-0.048069
127.5,0.0,117.235,-0.048069
127.6,0.0,117.235,-0.048069
127.7,0.0,117.235,-0.048069
127.8,0.0,117.235,-0.048069
127.9,0.0,117.235,-0.048069
128.0,0.0,117.235,-0.048069
128.1,0.0,117.235,-0.048069
128.2,0.0,117.235,-0.048069
128.3,0.0,117.235,-0.048069
128.4,0.0,117.235,-0.048069
128.5,0.0,117.235,-0.048069
128.6,0.0,117.235,-0.048069
128.7,0.0,117.235,-0.048069
128.8,0.0,117.235,-0.048069
128.9,0.0,117.235,-0.048069
129.0,0.0,117.235,-0.048069
129.1,0.0,117.235,-0.048069
129.2,0.0,117.235,-0.048069
129.3,0.0,117.235,-0.048069
129.4,0.0,117.235,-0.048069
129.5,0.0,117.235,-0.048069
129.6,0.0,117.235,-0.048069
129.7,0.0,117.235,-0.048069
129.8,0.0,117.235,-0.048069
129.9,0.0,117.235,-0.048069
130.0,0.0,117.235,-0.048069
130.1,0.0,117.235,-0.048069
130.2,0.0,117.235,-0.048069
130.3,0.0,117.235,-0.048069
130.4,0.0,117.235,-0.048069
130.5,0.0,117.235,-0.048069
130.6,0.0,117.235,-0.048069
130.7,0.0,117.235,-0.048069
130.8,0.0,117.235,-0.048069
130.9,0.0,117.235,-0.048069
131.0,0.0,117.235,-0.048069
131.1,0.0,117.235,-0.048069
131.2,0.0,117.235,-0.048069
131.3,0.0,117.235,-0.048069
131.4,0.0,117.235,-0.048069
131.5,0.0,117.235,-0.048069
131.6,0.0,117.235,-0.048069
131.7,0.0,117.235,-0.048069
131.8,0.0,117.235,-0.048069
131.9,0.0,117.235,-0.048069
132.0,0.0,117.235,-0.048069
132.1,0.0,117.235,-0.048069
132.2,0.0,117.235,-0.048069
132.3,0.0,117.235,-0.048069
132.4,0.0,117.235,-0.048069
132.5,0.0,117.235,-0.048069
132.6,0.0,117.235,-0.048069
132.7,0.0,117.235,-0.048069
132.8,0.0,117.235,-0.048069
132.9,0.0,117.235,-0.048069
133.0,0.0,117.235,-0.048069
133.1,0.0,117.235,-0.048069
133.2,0.0,117.235,-0.048069
133.3,0.0,117.235,-0.048069
133.4,0.0,117.235,-0.048069
133.5,0.0,117.235,-0.048069
133.6,0.0,117.235,-0.048069
133.7,0.0,117.235,-0.048069
133.8,0.0,117.235,-0.048069
133.9,0.0,117.235,-0.048069
134.0,0.0,117.235,-0.048069
134.1,0.0,117.235,-0.048069
134.2,0.0,117.235,-0.048069
134.3,0.0,117.235,-0.048069
134.4,0.0,117.235,-0.048069
134.5,0.0,117.235,-0.048069
134.6,0.0,117.235,-0.048069
134.7,0.0,117.235,-0.048069
134.8,0.0,117.235,-0.048069
134.9,0.0,117.235,-0.048069
135.0,0.0,117.235,-0.048069
135.1,0.0,117.235,-0.048069
135.2,0.0,117.235,-0.048069
135.3,0.0,117.235,-0.048069
135.4,0.0,117.235,-0.048069
135.5,0.0,117.235,-0.048069
135.6,0.0,117.235,-0.048069
135.7,0.0,117.235,-0.048069
135.8,0.0,117.235,-0.048069
135.9,0.0,117.235,-0.048069
136.0,0.0,117.235,-0.048069
136.1,0.0,117.235,-0.048069
136.2,0.0,117.235,-0.048069
136.3,0.0,117.235,-0.048069
136.4,0.0,117.235,-0.048069
136.5,0.0,117.235,-0.048069
136.6,0.0,117.235,-0.048069
136.7,0.0,117.235,-0.048069
136.8,0.0,117.235,-0.048069
136.9,0.0,117.235,-0.048069
137.0,0.0,117.235,-0.048069
137.1,0.0,117.235,-0.048069
137.2,0.0,117.235,-0.048069
137.3,0.0,117.235,-0.048069
137.4,0.0,117.235,-0.048069
137.5,0.0,117.235,-0.048069
137.6,0.0,117.235,-0.048069
137.7,0.0,117.235,-0.048069
137.8,0.0,117.235,-0.048069
137.9,0.0,117.235,-0.048069
138.0,0.0,117.235,-0.048069
138.1,0.0,117.235,-0.048069
138.2,0.0,117.235,-0.048069
138.3,0.0,117.235,-0.048069
138.4,0.0,117.235,-0.048069
138.5,0.0,117.235,-0.048069
138.6,0.0,117.235,-0.048069
138.7,0.0,117.235,-0.048069
138.8,0.0,117.235,-0.048069
138.9,0.0,117.235,-0.048069
139.0,0.0,117.235,-0.048069
139.1,0.0,117.235,-0.048069
139.2,0.0,117.235,-0.048069
139.3,0.0,117.235,-0.048069
139.4,0.0,117.235,-0.048069
139.5,0.0,117.235,-0.048069
139.6,0.0,117.235,-0.048069
139.7,0.0,117.235,-0.048069
139.8,0.0,117.235,-0.048069
139.9,0.0,117.235,-0.048069
140.0,0.0,117.235,-0.048069
140.1,0.0,117.235,-0.048069
140.2,0.0,117.235,-0.048069
140.3,0.0,117.235,-0.048069
140.4,0.0,117.235,-0.048069
140.5,0.0,117.235,-0.048069
140.6,0.0,117.235,-0.048069
140.7,0.0,117.235,-0.048069
140.8,0.0,117.235,-0.048069
140.9,0.0,117.235,-0.048069
141.0,0.0,117.235,-0.048069
141.1,0.0,117.235,-0.048069
141.2,0.0,117.235,-0.048069
141.3,0.0,117.235,-0.048069
141.4,0.0,117.235,-0.048069
141.5,0.0,117.235,-0.048069
141.6,0.0,117.235,-0.048069
141.7,0.0,117.235,-0.048069
141.8,0.0,117.235,-0.048069
141.9,0.0,117.235,-0.048069
142.0,0.0,117.235,-0.048069
142.1,0.0,117.235,-0.048069
142.2,0.0,117.235,-0.048069
142.3,0.1,117.235,-0.048069
142.3,0.1,117.334,-0.00981
142.3,0.1,117.439,0.00981
142.3,0.1,117.532,0.0
142.3,0.1,117.63,-0.043164
142.3,0.1,117.73,-0.004905
142.3,0.1,117.828,-0.004905
142.3,0.1,117.927,0.023544
142.3,0.1,118.036,-0.038259
142.3,0.1,118.124,-0.014715
142.3,0.1,118.258,0.004905
142.3,0.1,118.322,-0.014715
142.3,0.1,118.421,-0.028449
142.3,0.1,118.52,-0.043164
142.3,0.1,118.64,0.00981
142.3,0.1,118.717,0.004905
142.3,0.1,118.816,0.00981
142.3,0.1,118.915,-0.052974
142.3,0.1,119.013,-0.014715
142.3,0.1,119.112,0.01962
142.3,0.1,119.211,-0.023544
142.3,0.1,119.309,-0.043164
142.3,0.1,119.408,-0.119682
142.3,0.1,119.507,-0.177561
142.3,0.1,119.605,-0.258984
142.3,0.1,119.704,-0.157941
142.3,0.1,119.803,-0.096138
142.3,0.1,119.902,-0.01962
142.3,0.1,120.001,-0.014715
142.3,0.1,120.099,-0.028449
142.3,0.1,120.198,-0.01962
142.3,0.1,120.297,-0.01962
142.3,0.1,120.396,-0.014715
142.3,0.1,120.509,-0.00981
142.3,0.1,120.593,-0.004905
142.3,0.1,120.692,-0.023544
142.3,0.1,120.79,-0.01962
142.3,0.1,120.889,-0.00981
142.3,0.1,120.988,-0.014715
142.3,0.1,121.093,-0.00981
142.3,0.1,121.186,-0.023544
142.3,0.1,121.316,-0.023544
142.3,0.1,121.382,-0.014715
142.3,0.1,121.486,-0.023544
142.3,0.1,121.581,-0.01962
142.3,0.1,121.718,-0.00981
142.3,0.1,121.778,-0.01962
142.3,0.1,121.877,0.0
142.3,0.1,121.976,-0.01962
142.3,0.1,122.081,-0.038259
142.3,0.1,122.173,-0.00981
142.3,0.1,122.296,-0.014715
142.3,0.1,122.37,-0.023544
142.3,0.1,122.47,-0.023544
142.3,0.1,122.568,0.004905
142.3,0.1,122.667,0.0
142.3,0.1,122.766,0.00981
142.3,0.1,122.864,-0.014715
142.3,0.1,122.963,-0.00981
142.3,0.1,123.062,0.014715
142.3,0.1,123.166,-0.014715
142.3,0.1,123.259,-0.014715
142.3,0.1,123.358,-0.023544
142.3,0.1,123.457,-0.023544
142.3,0.1,123.555,-0.01962
142.3,0.1,123.654,-0.00981
142.3,0.1,123.759,0.00981
142.3,0.1,123.851,0.0
142.3,0.1,123.991,-0.014715
142.3,0.1,124.049,-0.00981
142.3,0.1,124.149,-0.004905
142.3,0.1,124.247,-0.004905
142.3,0.1,124.36,-0.014715
142.3,0.1,124.444,0.004905
142.3,0.1,124.542,-0.00981
142.3,0.1,124.64,-0.004905
142.3,0.1,124.75,-0.01962
142.3,0.1,124.839,0.0
142.3,0.1,124.973,-0.004905
142.3,0.1,125.038,-0.014715
142.3,0.1,125.141,-0.01962
142.3,0.1,125.233,-0.014715
142.3,0.1,125.363,-0.023544
142.3,0.1,125.43,-0.014715
142.3,0.1,125.529,-0.00981
142.3,0.1,125.627,-0.014715
142.3,0.1,125.726,-0.00981
142.3,0.1,125.825,-0.00981
142.3,0.1,125.962,-0.014715
142.3,0.1,126.022,-0.014715
142.3,0.1,126.121,-0.014715
142.3,0.1,126.22,-0.014715
142.3,0.1,126.353,-0.004905
142.3,0.1,126.417,-0.00981
142.3,0.1,126.516,-0.014715
142.3,0.1,126.614,-0.00981
142.3,0.1,126.713,-0.00981
142.3,0.1,126.812,-0.00981
142.3,0.1,126.911,-0.014715
142.3,0.1,127.009,-0.00981
142.3,0.1,127.108,-0.014715
142.3,0.1,127.207,-0.014715
142.3,0.1,127.306,-0.014715
142.3,0.1,127.404,-0.014715
142.3,0.1,127.503,-0.01962
142.3,0.1,127.63,-0.014715
142.3,0.1,127.701,0.0
142.3,0.1,127.799,-0.014715
142.3,0.1,127.898,-0.00981
142.3,0.1,128.003,-0.01962
142.3,0.1,128.095,-0.048069
142.3,0.1,128.223,-0.01962
142.3,0.1,128.293,-0.023544
142.3,0.1,128.391,0.01962
142.3,0.1,128.49,0.00981
142.3,0.1,128.589,-0.023544
142.3,0.1,128.687,-0.014715
142.3,0.1,128.81,-0.004905
142.3,0.1,128.885,-0.00981
142.3,0.1,128.984,-0.00981
142.3,0.1,129.082,0.0
142.3,0.1,129.18,-0.004905
142.3,0.1,129.279,-0.028449
142.3,0.1,129.378,-0.004905
142.3,0.1,129.477,-0.004905
142.3,0.1,129.576,-0.01962
142.3,0.1,129.674,-0.00981
142.3,0.1,129.773,-0.00981
142.3,0.1,129.872,0.0
142.3,0.1,129.97,-0.004905
142.3,0.1,130.08,0.0
142.3,0.1,130.168,-0.033354
142.3,0.1,130.266,-0.023544
142.3,0.1,130.365,-0.01962
142.3,0.1,130.47,-0.00981
142.3,0.1,130.562,-0.01962
142.3,0.1,130.686,-0.004905
142.3,0.1,130.76,-0.014715
142.3,0.1,130.858,-0.004905
142.3,0.1,130.957,-0.01962
142.3,0.1,131.077,-0.00981
142.3,0.1,131.154,0.004905
142.3,0.1,131.253,-0.00981
142.3,0.1,131.351,0.0
142.3,0.1,131.45,-0.023544
142.3,0.1,131.549,-0.014715
142.3,0.1,131.671,-0.00981
142.3,0.1,131.746,-0.01962
142.3,0.1,131.844,-0.028449
142.3,0.1,131.943,-0.023544
142.3,0.1,132.066,-0.01962
142.3,0.1,132.141,-0.023544
142.3,0.1,132.239,-0.00981
142.3,0.1,132.338,-0.01962
142.3,0.1,132.436,-0.01962
142.3,0.1,132.535,-0.004905
142.3,0.1,132.635,0.0
142.3,0.1,132.733,-0.01962
142.3,0.1,132.831,-0.00981
142.3,0.1,132.934,0.004905
142.3,0.1,133.029,-0.004905
142.3,0.1,133.128,-0.014715
142.3,0.1,133.226,-0.004905
142.3,0.1,133.324,-0.01962
142.3,0.1,133.423,-0.014715
142.3,0.1,133.543,-0.004905
142.3,0.1,133.621,-0.014715
142.3,0.1,133.719,-0.00981
142.3,0.1,133.817,-0.00981
142.3,0.1,133.928,-0.00981
142.3,0.1,134.015,-0.014715
142.3,0.1,134.114,-0.01962
142.3,0.1,134.213,-0.014715
142.3,0.1,134.312,-0.023544
142.3,0.1,134.41,-0.00981
142.3,0.1,134.511,-0.01962
142.3,0.1,134.609,-0.004905
142.3,0.1,134.727,-0.004905
142.3,0.1,134.806,-0.038259
142.3,0.1,134.904,-0.038259
142.3,0.1,135.003,0.0
142.3,0.1,135.103,-0.01962
142.3,0.1,135.201,0.0
142.3,0.1,135.324,0.057879
142.4,0.2,135.399,0.220725
142.5,0.3,135.497,0.272718
142.6,0.4,135.596,0.435564
142.7,0.5,135.728,0.551322
142.8,0.6,135.793,0.61803
142.9,0.7,135.892,0.761256
143.0,0.7,135.991,0.671004
143.1,0.7,136.09,0.737712
143.2,0.7,136.188,0.679833
143.3,0.7,136.318,0.722997
143.4,0.7,136.387,0.689643
143.5,0.7,136.485,0.661194
143.6,0.7,136.584,0.709263
143.7,0.628571,136.682,0.641574
143.8,0.528571,136.781,0.498348
143.9,0.428571,136.88,0.42183
144.0,0.328571,136.979,0.320787
144.1,0.228571,137.077,0.201105
144.2,0.128571,137.184,0.109872
144.3,0.028571,137.275,0.014715
144.4,0.0,137.405,-0.023544
144.5,0.0,137.473,-0.01962
144.6,0.0,137.571,-0.01962
144.7,0.0,137.67,-0.004905
144.8,0.0,137.792,-0.033354
144.9,0.0,137.868,0.01962
145.0,0.0,138.005,-0.101043
145.1,0.0,138.065,0.043164
145.2,0.0,138.164,-0.048069
145.3,0.0,138.263,0.086328
145.4,0.0,138.379,-0.091233
145.5,0.0,138.461,0.004905
145.6,0.0,138.559,-0.043164
145.7,0.0,138.559,-0.043164
145.8,0.0,138.559,-0.043164
145.9,0.0,138.559,-0.043164
146.0,0.0,138.559,-0.043164
146.1,0.0,138.559,-0.043164
146.2,0.0,138.658,0.023544
146.3,-0.02,138.774,-0.028449
146.4,-0.12,138.856,-0.01962
146.4,-0.12,138.997,0.0
146.4,-0.12,139.053,-0.048069
146.5,-0.22,139.159,-0.234459
146.6,-0.32,139.251,-0.277623
146.7,-0.42,139.38,-0.40221
146.8,-0.52,139.449,-0.503253
146.9,-0.62,139.547,-0.569961
147.0,-0.7,139.646,-0.732807
147.1,-0.7,139.745,-0.679833
147.2,-0.7,139.844,-0.679833
147.3,-0.7,139.943,-0.694548
147.4,-0.7,140.041,-0.709263
147.5,-0.7,140.041,-0.709263
147.6,-0.7,140.14,-0.679833
147.7,-0.7,140.238,-0.684738
147.8,-0.608571,140.337,-0.666099
147.9,-0.508571,140.437,-0.551322
148.0,-0.408571,140.535,-0.460089
148.1,-0.308571,140.635,-0.363951
148.2,-0.208571,140.733,-0.267813
148.3,-0.108571,140.832,-0.096138
148.4,-0.008571,140.931,-0.086328
148.4,-0.008571,141.033,0.004905
148.5,0.0,141.128,-0.043164
148.5,0.0,141.227,0.052974
148.6,0.0,141.326,-0.043164
148.7,0.0,141.429,-0.01962
148.8,0.0,141.523,-0.014715
148.9,0.0,141.646,0.01962
149.0,0.0,141.721,0.0
149.0,0.0,141.82,-0.048069
149.1,0.0,141.82,-0.048069
149.2,0.0,141.82,-0.048069
149.3,0.0,141.82,-0.048069
149.4,0.0,141.82,-0.048069
149.5,0.0,141.82,-0.048069
149.6,0.0,141.82,-0.048069
149.7,0.0,141.82,-0.048069
149.8,0.0,141.82,-0.048069
149.9,0.0,141.82,-0.048069
150.0,0.0,141.82,-0.048069
150.1,0.0,141.82,-0.048069
150.2,0.0,141.82,-0.048069
150.3,0.0,141.82,-0.048069
150.4,0.0,141.82,-0.048069
150.5,0.0,141.82,-0.048069
150.6,0.0,141.82,-0.048069
150.7,0.0,141.82,-0.048069
150.8,0.0,141.82,-0.048069
150.9,0.0,141.82,-0.048069
151.0,0.0,141.82,-0.048069
151.1,0.0,141.82,-0.048069
151.2,0.0,141.82,-0.048069
151.3,0.0,141.82,-0.048069
151.4,0.0,141.82,-0.048069
151.5,0.0,141.82,-0.048069
151.6,0.0,141.82,-0.048069
151.7,0.0,141.82,-0.048069
151.8,0.0,141.82,-0.048069
151.9,0.0,141.82,-0.048069
152.0,0.0,141.82,-0.048069
152.1,0.0,141.82,-0.048069
152.2,0.0,141.82,-0.048069
152.3,0.0,141.82,-0.048069
152.4,0.0,141.82,-0.048069
152.5,0.0,141.82,-0.048069
152.6,0.0,141.82,-0.048069
152.7,0.0,141.82,-0.048069
152.8,0.0,141.82,-0.048069
152.9,0.0,141.82,-0.048069
153.0,0.0,141.82,-0.048069
153.1,0.0,141.82,-0.048069
153.2,0.0,141.82,-0.048069
153.3,0.0,141.82,-0.048069
153.4,0.0,141.82,-0.048069
153.5,0.0,141.82,-0.048069
153.6,0.0,141.82,-0.048069
153.7,0.0,141.82,-0.048069
153.8,0.0,141.82,-0.048069
153.9,0.0,141.82,-0.048069
154.0,0.0,141.82,-0.048069
154.1,0.0,141.82,-0.048069
154.2,0.0,141.82,-0.048069
154.3,0.0,141.82,-0.048069
154.4,0.0,141.82,-0.048069
154.5,0.0,141.82,-0.048069
154.6,0.0,141.82,-0.048069
154.7,0.0,141.82,-0.048069
154.8,0.0,141.82,-0.048069
154.9,0.0,141.82,-0.048069
155.0,0.0,141.82,-0.048069
155.1,0.0,141.82,-0.048069
155.2,0.0,141.82,-0.048069
155.3,0.0,141.82,-0.048069
155.4,0.0,141.82,-0.048069
155.5,0.0,141.82,-0.048069
155.6,0.0,141.82,-0.048069
155.7,0.0,141.82,-0.048069
155.8,0.0,141.82,-0.048069
155.9,0.0,141.82,-0.048069
156.0,0.0,141.82,-0.048069
156.1,0.0,141.82,-0.048069
156.2,0.0,141.82,-0.048069
156.3,0.0,141.82,-0.048069
156.4,0.0,141.82,-0.048069
156.5,0.0,141.82,-0.048069
156.6,0.0,141.82,-0.048069
156.7,0.0,141.82,-0.048069
156.8,0.0,141.82,-0.048069
156.9,0.0,141.82,-0.048069
157.0,0.0,141.82,-0.048069
157.1,0.0,141.82,-0.048069
157.2,0.0,141.82,-0.048069
157.3,0.0,141.82,-0.048069
157.4,0.0,141.82,-0.048069
157.5,0.0,141.82,-0.048069
157.6,0.0,141.82,-0.048069
157.7,0.0,141.82,-0.048069
157.8,0.0,141.82,-0.048069
157.9,0.0,141.82,-0.048069
158.0,0.0,141.82,-0.048069
158.1,0.0,141.82,-0.048069
158.2,0.0,141.82,-0.048069
158.3,0.0,141.82,-0.048069
158.4,0.0,141.82,-0.048069
158.5,0.0,141.82,-0.048069
158.6,0.0,141.82,-0.048069
158.7,0.0,141.82,-0.048069
158.8,0.0,141.82,-0.048069
158.9,0.0,141.82,-0.048069
159.0,0.0,141.82,-0.048069
159.1,0.0,141.82,-0.048069
159.2,0.0,141.82,-0.048069
159.3,0.0,141.82,-0.048069
159.4,0.0,141.82,-0.048069
159.5,0.0,141.82,-0.048069
159.6,0.0,141.82,-0.048069
159.7,0.0,141.82,-0.048069
159.8,0.0,141.82,-0.048069
159.9,0.0,141.82,-0.048069
160.0,0.0,141.82,-0.048069
160.1,0.0,141.82,-0.048069
160.2,0.0,141.82,-0.048069
160.3,0.0,141.82,-0.048069
160.4,0.0,141.82,-0.048069
160.5,0.0,141.82,-0.048069
160.6,0.0,141.82,-0.048069
160.7,0.0,141.82,-0.048069
160.8,0.0,141.82,-0.048069
160.9,0.0,141.82,-0.048069
161.0,0.0,141.82,-0.048069
161.1,0.0,141.82,-0.048069
161.2,0.0,141.82,-0.048069
161.3,0.0,141.82,-0.048069
161.4,0.0,141.82,-0.048069
161.5,0.0,141.82,-0.048069
161.6,0.0,141.82,-0.048069
161.7,0.0,141.82,-0.048069
161.8,0.0,141.82,-0.048069
161.9,0.0,141.82,-0.048069
162.0,0.0,141.82,-0.048069
162.1,0.0,141.82,-0.048069
162.2,0.0,141.82,-0.048069
162.3,0.0,141.82,-0.048069
162.4,0.0,141.82,-0.048069
162.5,0.0,141.82,-0.048069
162.6,0.0,141.82,-0.048069
162.7,0.0,141.82,-0.048069
162.8,0.0,141.82,-0.048069
162.9,0.0,141.82,-0.048069
163.0,0.0,141.82,-0.048069
163.1,0.0,141.82,-0.048069
163.2,0.0,141.82,-0.048069
163.3,0.0,141.82,-0.048069
163.4,0.0,141.82,-0.048069
163.5,0.0,141.82,-0.048069
163.6,0.0,141.82,-0.048069
163.7,0.0,141.82,-0.048069
163.8,0.0,141.82,-0.048069
163.9,0.0,141.82,-0.048069
164.0,0.0,141.82,-0.048069
164.1,0.0,141.82,-0.048069
164.2,0.0,141.82,-0.048069
164.3,0.0,141.82,-0.048069
164.4,0.0,141.82,-0.048069
164.5,0.0,141.82,-0.048069
164.6,0.0,141.82,-0.048069
164.7,0.0,141.82,-0.048069
164.8,0.0,141.82,-0.048069
164.9,0.0,141.82,-0.048069
165.0,0.0,141.82,-0.048069
165.1,0.0,141.82,-0.048069
165.2,0.0,141.82,-0.048069
165.3,0.0,141.82,-0.048069
165.4,0.0,141.82,-0.048069
165.5,0.0,141.82,-0.048069
165.6,0.0,141.82,-0.048069
165.7,0.0,141.82,-0.048069
165.8,0.0,141.82,-0.048069
165.9,0.0,141.82,-0.048069
166.0,0.0,141.82,-0.048069
166.1,0.0,141.82,-0.048069
166.2,0.0,141.82,-0.048069
166.3,0.0,141.82,-0.048069
166.4,0.0,141.82,-0.048069
166.5,0.0,141.82,-0.048069
166.6,0.0,141.82,-0.048069
166.7,0.0,141.82,-0.048069
166.8,0.0,141.82,-0.048069
166.9,0.1,141.82,-0.048069
166.9,0.1,141.919,-0.023544
166.9,0.1,142.02,0.023544
166.9,0.1,142.116,0.00981
166.9,0.1,142.24,-0.01962
166.9,0.1,142.314,-0.048069
166.9,0.1,142.413,0.023544
166.9,0.1,142.511,0.014715
166.9,0.1,142.61,-0.004905
166.9,0.1,142.709,-0.033354
166.9,0.1,142.844,0.00981
166.9,0.1,142.907,0.028449
166.9,0.1,143.006,-0.023544
166.9,0.1,143.104,-0.028449
166.9,0.1,143.203,-0.00981
166.9,0.1,143.302,0.038259
166.9,0.1,143.438,-0.01962
166.9,0.1,143.499,-0.052974
166.9,0.1,143.598,-0.086328
166.9,0.1,143.696,-0.148131
166.9,0.1,143.795,-0.20601
166.9,0.1,143.894,-0.162846
166.9,0.1,143.992,-0.104967
166.9,0.1,144.092,-0.043164
166.9,0.1,144.19,-0.004905
166.9,0.1,144.289,-0.01962
166.9,0.1,144.387,-0.00981
166.9,0.1,144.51,-0.004905
166.9,0.1,144.585,-0.014715
166.9,0.1,144.685,0.0
166.9,0.1,144.782,-0.004905
166.9,0.1,144.885,-0.00981
166.9,0.1,144.98,-0.00981
166.9,0.1,145.112,-0.004905
166.9,0.1,145.178,-0.014715
166.9,0.1,145.277,-0.004905
166.9,0.1,145.375,-0.004905
166.9,0.1,145.487,-0.033354
166.9,0.1,145.573,-0.00981
166.9,0.1,145.707,-0.00981
166.9,0.1,145.771,-0.023544
166.9,0.1,145.869,-0.004905
166.9,0.1,145.968,-0.014715
166.9,0.1,146.09,0.004905
166.9,0.1,146.166,-0.00981
166.9,0.1,146.264,-0.014715
166.9,0.1,146.363,0.0
166.9,0.1,146.462,-0.004905
166.9,0.1,146.561,0.004905
166.9,0.1,146.66,-0.004905
166.9,0.1,146.759,-0.023544
166.9,0.1,146.89,-0.023544
166.9,0.1,146.956,-0.01962
166.9,0.1,147.055,-0.014715
166.9,0.1,147.152,-0.033354
166.9,0.1,147.252,0.038259
166.9,0.1,147.351,0.004905
166.9,0.1,147.487,0.0
166.9,0.1,147.548,0.004905
166.9,0.1,147.647,0.004905
166.9,0.1,147.768,-0.004905
166.9,0.1,147.845,0.0
166.9,0.1,147.943,-0.014715
166.9,0.1,148.042,-0.028449
166.9,0.1,148.144,-0.014715
166.9,0.1,148.24,-0.014715
166.9,0.1,148.375,-0.004905
166.9,0.1,148.438,-0.014715
166.9,0.1,148.55,-0.00981
166.9,0.1,148.635,0.004905
166.9,0.1,148.733,-0.014715
166.9,0.1,148.832,-0.00981
166.9,0.1,148.933,-0.014715
166.9,0.1,149.03,-0.014715
166.9,0.1,149.16,-0.014715
166.9,0.1,149.228,-0.014715
166.9,0.1,149.326,-0.01962
166.9,0.1,149.425,-0.028449
166.9,0.1,149.55,-0.00981
166.9,0.1,149.623,0.0
166.9,0.1,149.722,-0.014715
166.9,0.1,149.82,-0.004905
166.9,0.1,149.918,-0.014715
166.9,0.1,150.018,-0.023544
166.9,0.1,150.117,-0.014715
166.9,0.1,150.215,-0.014715
166.9,0.1,150.314,-0.01962
166.9,0.1,150.412,-0.014715
166.9,0.1,150.552,-0.00981
166.9,0.1,150.61,-0.01962
166.9,0.1,150.708,-0.014715
166.9,0.1,150.808,-0.00981
166.9,0.1,150.906,-0.01962
166.9,0.1,151.005,-0.004905
166.9,0.1,151.104,-0.023544
166.9,0.1,151.22,-0.00981
166.9,0.1,151.301,-0.00981
166.9,0.1,151.399,-0.00981
166.9,0.1,151.498,-0.01962
166.9,0.1,151.614,-0.01962
166.9,0.1,151.697,-0.00981
166.9,0.1,151.795,-0.014715
166.9,0.1,151.894,-0.01962
166.9,0.1,151.993,-0.004905
166.9,0.1,152.091,-0.014715
166.9,0.1,152.214,-0.01962
166.9,0.1,152.289,-0.00981
166.9,0.1,152.386,0.014715
166.9,0.1,152.485,-0.014715
166.9,0.1,152.591,-0.014715
166.9,0.1,152.683,-0.01962
166.9,0.1,152.811,-0.014715
166.9,0.1,152.881,-0.023544
166.9,0.1,152.979,-0.004905
166.9,0.1,153.078,0.0
166.9,0.1,153.177,-0.023544
166.9,0.1,153.276,-0.038259
166.9,0.1,153.404,-0.023544
166.9,0.1,153.473,-0.01962
166.9,0.1,153.572,-0.00981
166.9,0.1,153.671,-0.00981
166.9,0.1,153.77,-0.01962
166.9,0.1,153.868,0.0
166.9,0.1,153.967,-0.004905
166.9,0.1,154.065,-0.014715
166.9,0.1,154.163,0.014715
166.9,0.1,154.264,-0.014715
166.9,0.1,154.362,-0.00981
166.9,0.1,154.484,-0.014715
166.9,0.1,154.559,-0.00981
166.9,0.1,154.658,-0.00981
166.9,0.1,154.757,-0.00981
166.9,0.1,154.882,-0.014715
166.9,0.1,154.954,0.0
166.9,0.1,155.053,-0.00981
166.9,0.1,155.151,-0.028449
166.9,0.1,155.255,-0.01962
166.9,0.1,155.35,-0.014715
166.9,0.1,155.47,-0.004905
166.9,0.1,155.547,0.00981
166.9,0.1,155.685,-0.033354
166.9,0.1,155.745,-0.00981
166.9,0.1,155.844,-0.00981
166.9,0.1,155.942,-0.004905
166.9,0.1,156.065,-0.00981
166.9,0.1,156.14,-0.00981
166.9,0.1,156.239,-0.004905
166.9,0.1,156.337,-0.004905
166.9,0.1,156.465,0.0
166.9,0.1,156.535,0.004905
166.9,0.1,156.634,-0.004905
166.9,0.1,156.733,-0.00981
166.9,0.1,156.832,-0.01962
166.9,0.1,156.93,-0.00981
166.9,0.1,157.05,-0.004905
166.9,0.1,157.128,-0.004905
166.9,0.1,157.227,-0.01962
166.9,0.1,157.325,-0.01962
166.9,0.1,157.424,-0.014715
166.9,0.1,157.522,-0.043164
166.9,0.1,157.622,-0.033354
166.9,0.1,157.721,-0.014715
166.9,0.1,157.819,-0.01962
166.9,0.1,157.922,-0.014715
166.9,0.1,158.017,-0.00981
166.9,0.1,158.116,-0.014715
166.9,0.1,158.214,-0.014715
166.9,0.1,158.313,-0.004905
166.9,0.1,158.412,-0.00981
166.9,0.1,158.524,-0.014715
166.9,0.1,158.609,-0.00981
166.9,0.1,158.708,-0.01962
166.9,0.1,158.807,-0.071613
166.9,0.1,158.907,-0.048069
166.9,0.1,159.004,-0.023544
166.9,0.1,159.127,-0.01962
166.9,0.1,159.202,-0.01962
166.9,0.1,159.3,-0.014715
166.9,0.1,159.399,-0.01962
166.9,0.1,159.513,-0.014715
166.9,0.1,159.597,-0.00981
166.9,0.1,159.739,-0.00981
166.9,0.1,159.794,-0.00981
166.9,0.1,159.893,0.004905
167.0,0.2,159.992,0.234459
167.1,0.3,160.09,0.272718
167.2,0.4,160.19,0.430659
167.3,0.5,160.288,0.526797
167.4,0.6,160.387,0.593505
167.5,0.7,160.486,0.752427
167.6,0.7,160.584,0.671004
167.7,0.7,160.683,0.704358
167.8,0.7,160.782,0.709263
167.9,0.7,160.881,0.661194
168.0,0.7,160.98,0.737712
168.1,0.7,161.079,0.709263
168.2,0.7,161.177,0.714168
168.3,0.628571,161.276,0.656289
168.4,0.528571,161.375,0.574866
168.5,0.428571,161.474,0.435564
168.6,0.328571,161.575,0.359046
168.7,0.228571,161.672,0.263889
168.8,0.128571,161.787,0.109872
168.9,0.028571,161.869,0.076518
169.0,0.0,162.006,-0.038259
169.1,0.0,162.066,-0.028449
169.2,0.0,162.165,0.052974
169.3,0.0,162.264,-0.014715
169.4,0.0,162.38,0.043164
169.5,0.0,162.38,0.043164
169.6,0.0,162.38,0.043164
169.7,0.0,162.38,0.043164
169.8,0.0,162.38,0.043164
169.9,0.0,162.38,0.043164
170.0,0.0,162.462,-0.048069
170.1,0.0,162.6,-0.033354
170.2,0.0,162.66,0.01962
170.3,0.0,162.768,-0.033354
170.4,0.0,162.857,0.048069
170.5,0.0,162.988,-0.076518
170.6,0.0,163.055,0.028449
170.7,0.0,163.154,-0.01962
170.8,0.0,163.252,0.033354
170.9,-0.02,163.351,-0.01962
171.0,-0.12,163.45,-0.028449
171.0,-0.12,163.549,-0.043164
171.0,-0.12,163.647,-0.014715
171.0,-0.12,163.747,-0.162846
171.1,-0.22,163.845,-0.277623
171.2,-0.32,163.845,-0.277623
171.3,-0.42,163.944,-0.407115
171.4,-0.52,164.043,-0.464994
171.5,-0.62,164.183,-0.569961
171.6,-0.7,164.24,-0.709263
171.7,-0.7,164.339,-0.732807
171.8,-0.7,164.437,-0.727902
171.9,-0.7,164.537,-0.766161
172.0,-0.7,164.635,-0.709263
172.1,-0.7,164.734,-0.694548
172.2,-0.7,164.832,-0.714168
172.3,-0.7,164.931,-0.699453
172.4,-0.608571,165.029,-0.569961
172.5,-0.508571,165.129,-0.464994
172.6,-0.408571,165.227,-0.430659
172.7,-0.308571,165.326,-0.244269
172.8,-0.208571,165.424,-0.210915
172.9,-0.108571,165.523,-0.057879
173.0,-0.008571,165.655,-0.033354
173.1,0.0,165.721,0.004905
173.2,0.0,165.822,0.038259
173.3,0.0,165.919,-0.081423
173.4,0.0,166.043,0.014715
173.5,0.0,166.115,-0.023544
173.6,0.0,166.215,0.033354
173.7,0.0,166.313,-0.061803
173.8,0.0,166.427,-0.014715
173.9,0.0,166.511,0.0
173.9,0.0,166.649,0.0
174.0,0.0,166.649,0.0
174.1,0.0,166.649,0.0
174.2,0.0,166.649,0.0
174.3,0.0,166.649,0.0
174.4,0.0,166.649,0.0
174.5,0.0,166.649,0.0
174.6,0.0,166.649,0.0
174.7,0.0,166.649,0.0
174.8,0.0,166.649,0.0
174.9,0.0,166.649,0.0
175.0,0.0,166.649,0.0
175.1,0.0,166.649,0.0
175.2,0.0,166.649,0.0
175.3,0.0,166.649,0.0
175.4,0.0,166.649,0.0
175.5,0.0,166.649,0.0
175.6,0.0,166.649,0.0
175.7,0.0,166.649,0.0
175.8,0.0,166.649,0.0
175.9,0.0,166.649,0.0
176.0,0.0,166.649,0.0
176.1,0.0,166.649,0.0
176.2,0.0,166.649,0.0
176.3,0.0,166.649,0.0
176.4,0.0,166.649,0.0
176.5,0.0,166.649,0.0
176.6,0.0,166.649,0.0
176.7,0.0,166.649,0.0
176.8,0.0,166.649,0.0
176.9,0.0,166.649,0.0
177.0,0.0,166.649,0.0
177.1,0.0,166.649,0.0
177.2,0.0,166.649,0.0
177.3,0.0,166.649,0.0
177.4,0.0,166.649,0.0
177.5,0.0,166.649,0.0
177.6,0.0,166.649,0.0
177.7,0.0,166.649,0.0
177.8,0.0,166.649,0.0
177.9,0.0,166.649,0.0
178.0,0.0,166.649,0.0
178.1,0.0,166.649,0.0
178.2,0.0,166.649,0.0
178.3,0.0,166.649,0.0
178.4,0.0,166.649,0.0
178.5,0.0,166.649,0.0
178.6,0.0,166.649,0.0
178.7,0.0,166.649,0.0
178.8,0.0,166.649,0.0
178.9,0.0,166.649,0.0
179.0,0.0,166.649,0.0
179.1,0.0,166.649,0.0
179.2,0.0,166.649,0.0
179.3,0.0,166.649,0.0
179.4,0.0,166.649,0.0
179.5,0.0,166.649,0.0
179.6,0.0,166.649,0.0
179.7,0.0,166.649,0.0
179.8,0.0,166.649,0.0
179.9,0.0,166.649,0.0
180.0,0.0,166.649,0.0
180.1,0.0,166.649,0.0
180.2,0.0,166.649,0.0
180.3,0.0,166.649,0.0
180.4,0.0,166.649,0.0
180.5,0.0,166.649,0.0
180.6,0.0,166.649,0.0
180.7,0.0,166.649,0.0
180.8,0.0,166.649,0.0
180.9,0.0,166.649,0.0
181.0,0.0,166.649,0.0
181.1,0.0,166.649,0.0
181.2,0.0,166.649,0.0
181.3,0.0,166.649,0.0
181.4,0.0,166.649,0.0
181.5,0.0,166.649,0.0
181.6,0.0,166.649,0.0
181.7,0.0,166.649,0.0
181.8,0.0,166.649,0.0
181.9,0.0,166.649,0.0
182.0,0.0,166.649,0.0
182.1,0.0,166.649,0.0
182.2,0.0,166.649,0.0
182.3,0.0,166.649,0.0
182.4,0.0,166.649,0.0
182.5,0.0,166.649,0.0
182.6,0.0,166.649,0.0
182.7,0.0,166.649,0.0
182.8,0.0,166.649,0.0
182.9,0.0,166.649,0.0
183.0,0.0,166.649,0.0
183.1,0.0,166.649,0.0
183.2,0.0,166.649,0.0
183.3,0.0,166.649,0.0
183.4,0.0,166.649,0.0
183.5,0.0,166.649,0.0
183.6,0.0,166.649,0.0
183.7,0.0,166.649,0.0
183.8,0.0,166.649,0.0
183.9,0.0,166.649,0.0
184.0,0.0,166.649,0.0
184.1,0.0,166.649,0.0
184.2,0.0,166.649,0.0
184.3,0.0,166.649,0.0
184.4,0.0,166.649,0.0
184.5,0.0,166.649,0.0
184.6,0.0,166.649,0.0
184.7,0.0,166.649,0.0
184.8,0.0,166.649,0.0
184.9,0.0,166.649,0.0
185.0,0.0,166.649,0.0
185.1,0.0,166.649,0.0
185.2,0.0,166.649,0.0
185.3,0.0,166.649,0.0
185.4,0.0,166.649,0.0
185.5,0.0,166.649,0.0
185.6,0.0,166.649,0.0
185.7,0.0,166.649,0.0
185.8,0.0,166.649,0.0
185.9,0.0,166.649,0.0
186.0,0.0,166.649,0.0
186.1,0.0,166.649,0.0
186.2,0.0,166.649,0.0
186.3,0.0,166.649,0.0
186.4,0.0,166.649,0.0
186.5,0.0,166.649,0.0
186.6,0.0,166.649,0.0
186.7,0.0,166.649,0.0
186.8,0.0,166.649,0.0
186.9,0.0,166.649,0.0
187.0,0.0,166.649,0.0
187.1,0.0,166.649,0.0
187.2,0.0,166.649,0.0
187.3,0.0,166.649,0.0
187.4,0.0,166.649,0.0
187.5,0.0,166.649,0.0
187.6,0.0,166.649,0.0
187.7,0.0,166.649,0.0
187.8,0.0,166.649,0.0
187.9,0.0,166.649,0.0
188.0,0.0,166.649,0.0
188.1,0.0,166.649,0.0
188.2,0.0,166.649,0.0
188.3,0.0,166.649,0.0
188.4,0.0,166.649,0.0
188.5,0.0,166.649,0.0
188.6,0.0,166.649,0.0
188.7,0.0,166.649,0.0
188.8,0.0,166.649,0.0
188.9,0.0,166.649,0.0
189.0,0.0,166.649,0.0
189.1,0.0,166.649,0.0
189.2,0.0,166.649,0.0
189.3,0.0,166.649,0.0
189.4,0.0,166.649,0.0
189.5,0.0,166.649,0.0
189.6,0.0,166.649,0.0
189.7,0.0,166.649,0.0
189.8,0.0,166.649,0.0
189.9,0.0,166.649,0.0
190.0,0.0,166.649,0.0
190.1,0.0,166.649,0.0
190.2,0.0,166.649,0.0
190.3,0.0,166.649,0.0
190.4,0.0,166.649,0.0
190.5,0.0,166.649,0.0
190.6,0.0,166.649,0.0
190.7,0.0,166.649,0.0
190.8,0.0,166.649,0.0
190.9,0.0,166.649,0.0
191.0,0.0,166.649,0.0
191.1,0.0,166.649,0.0
191.2,0.0,166.649,0.0
191.3,0.0,166.649,0.0
191.4,0.0,166.649,0.0
191.5,0.1,166.649,0.0
191.5,0.1,166.709,-0.028449
191.5,0.1,166.817,-0.043164
191.5,0.1,166.907,0.00981
191.5,0.1,167.033,0.0
191.5,0.1,167.104,-0.014715
191.5,0.1,167.202,-0.023544
191.5,0.1,167.301,-0.00981
191.5,0.1,167.4,0.028449
191.5,0.1,167.499,-0.01962
191.5,0.1,167.632,-0.028449
191.5,0.1,167.697,-0.00981
191.5,0.1,167.795,0.004905
191.5,0.1,167.894,0.004905
191.5,0.1,167.993,-0.052974
191.5,0.1,168.092,-0.004905
191.5,0.1,168.19,-0.086328
191.5,0.1,168.288,-0.1962
191.5,0.1,168.388,-0.282528
191.5,0.1,168.501,-0.182466
191.5,0.1,168.585,-0.091233
191.5,0.1,168.684,-0.023544
191.5,0.1,168.783,-0.01962
191.5,0.1,168.882,-0.023544
191.5,0.1,168.98,-0.00981
191.5,0.1,169.092,-0.00981
191.5,0.1,169.178,-0.00981
191.5,0.1,169.276,-0.014715
191.5,0.1,169.375,-0.014715
191.5,0.1,169.489,-0.004905
191.5,0.1,169.574,-0.00981
191.5,0.1,169.706,-0.014715
191.5,0.1,169.77,-0.004905
191.5,0.1,169.869,-0.00981
191.5,0.1,169.968,-0.00981
191.5,0.1,170.067,0.0
191.5,0.1,170.166,-0.014715
191.5,0.1,170.298,-0.004905
191.5,0.1,170.363,-0.01962
191.5,0.1,170.462,-0.00981
191.5,0.1,170.561,-0.004905
191.5,0.1,170.659,-0.004905
191.5,0.1,170.759,-0.014715
191.5,0.1,170.857,-0.01962
191.5,0.1,170.955,-0.028449
191.5,0.1,171.054,-0.01962
191.5,0.1,171.164,-0.004905
191.5,0.1,171.252,-0.00981
191.5,0.1,171.351,0.01962
191.5,0.1,171.45,-0.004905
191.5,0.1,171.549,-0.023544
191.5,0.1,171.648,0.0
191.5,0.1,171.754,0.004905
191.5,0.1,171.845,-0.014715
191.5,0.1,171.966,0.0
191.5,0.1,172.043,0.0
191.5,0.1,172.141,0.00981
191.5,0.1,172.24,0.004905
191.5,0.1,172.344,-0.00981
191.5,0.1,172.437,-0.014715
191.5,0.1,172.564,-0.023544
191.5,0.1,172.635,-0.00981
191.5,0.1,172.734,-0.01962
191.5,0.1,172.832,0.00981
191.5,0.1,172.931,-0.01962
191.5,0.1,173.029,-0.00981
191.5,0.1,173.154,0.004905
191.5,0.1,173.227,-0.004905
191.5,0.1,173.326,-0.00981
191.5,0.1,173.425,-0.01962
191.5,0.1,173.537,-0.014715
191.5,0.1,173.623,-0.00981
191.5,0.1,173.757,-0.00981
191.5,0.1,173.819,0.004905
191.5,0.1,173.919,-0.014715
191.5,0.1,174.017,-0.014715
191.5,0.1,174.116,-0.01962
191.5,0.1,174.215,-0.023544
191.5,0.1,174.346,-0.004905
191.5,0.1,174.412,0.0
191.5,0.1,174.511,-0.004905
191.5,0.1,174.61,-0.014715
191.5,0.1,174.709,-0.004905
191.5,0.1,174.807,-0.004905
191.5,0.1,174.906,-0.00981
191.5,0.1,175.006,-0.004905
191.5,0.1,175.103,-0.00981
191.5,0.1,175.216,-0.004905
191.5,0.1,175.301,-0.00981
191.5,0.1,175.436,-0.004905
191.5,0.1,175.498,0.0
191.5,0.1,175.597,-0.00981
191.5,0.1,175.695,0.0
191.5,0.1,175.82,-0.00981
191.5,0.1,175.893,0.0
191.5,0.1,175.992,-0.004905
191.5,0.1,176.091,-0.014715
191.5,0.1,176.193,-0.00981
191.5,0.1,176.288,-0.004905
191.5,0.1,176.416,-0.00981
191.5,0.1,176.485,-0.004905
191.5,0.1,176.584,-0.004905
191.5,0.1,176.683,-0.004905
191.5,0.1,176.781,-0.00981
191.5,0.1,176.881,-0.023544
191.5,0.1,177.006,-0.004905
191.5,0.1,177.079,-0.023544
191.5,0.1,177.177,-0.01962
191.5,0.1,177.275,-0.023544
191.5,0.1,177.374,-0.00981
191.5,0.1,177.473,0.004905
191.5,0.1,177.61,-0.004905
191.5,0.1,177.671,0.004905
191.5,0.1,177.769,-0.014715
191.5,0.1,177.867,0.004905
191.5,0.1,177.967,-0.004905
191.5,0.1,178.065,-0.033354
191.5,0.1,178.164,-0.004905
191.5,0.1,178.287,0.014715
191.5,0.1,178.361,-0.023544
191.5,0.1,178.461,-0.01962
191.5,0.1,178.559,-0.014715
191.5,0.1,178.691,0.01962
191.5,0.1,178.756,-0.00981
191.5,0.1,178.854,0.0
191.5,0.1,178.954,-0.004905
191.5,0.1,179.076,-0.014715
191.5,0.1,179.151,-0.023544
191.5,0.1,179.25,-0.00981
191.5,0.1,179.349,0.004905
191.5,0.1,179.447,-0.01962
191.5,0.1,179.547,-0.00981
191.5,0.1,179.66,-0.004905
191.5,0.1,179.744,0.0
191.5,0.1,179.883,-0.00981
191.5,0.1,179.941,-0.023544
191.5,0.1,180.04,-0.01962
191.5,0.1,180.139,-0.028449
191.5,0.1,180.256,-0.00981
191.5,0.1,180.336,0.004905
191.5,0.1,180.472,-0.01962
191.5,0.1,180.534,-0.01962
191.5,0.1,180.633,0.0
191.5,0.1,180.731,-0.01962
191.5,0.1,180.83,-0.014715
191.5,0.1,180.929,-0.00981
191.5,0.1,181.059,-0.014715
191.5,0.1,181.126,-0.00981
191.5,0.1,181.224,-0.01962
191.5,0.1,181.323,-0.014715
191.5,0.1,181.422,0.0
191.5,0.1,181.521,-0.014715
191.5,0.1,181.62,-0.014715
191.5,0.1,181.73,-0.01962
191.5,0.1,181.817,-0.014715
191.5,0.1,181.916,0.0
191.5,0.1,182.015,0.0
191.5,0.1,182.122,-0.038259
191.5,0.1,182.212,-0.014715
191.5,0.1,182.311,0.0
191.5,0.1,182.409,-0.00981
191.5,0.1,182.508,-0.014715
191.5,0.1,182.607,-0.00981
191.5,0.1,182.726,-0.014715
191.5,0.1,182.805,-0.043164
191.5,0.1,182.903,-0.023544
191.5,0.1,183.002,-0.004905
191.5,0.1,183.11,-0.004905
191.5,0.1,183.2,-0.028449
191.5,0.1,183.297,-0.014715
191.5,0.1,183.397,-0.014715
191.5,0.1,183.496,-0.004905
191.5,0.1,183.594,-0.014715
191.5,0.1,183.717,-0.01962
191.5,0.1,183.791,-0.00981
191.5,0.1,183.89,-0.023544
191.5,0.1,183.989,-0.00981
191.5,0.1,184.088,-0.00981
191.5,0.1,184.186,-0.00981
191.5,0.1,184.323,-0.00981
191.5,0.1,184.384,-0.014715
191.5,0.1,184.483,-0.004905
191.5,0.1,184.582,0.129492
191.6,0.2,184.68,0.229554
191.7,0.3,184.779,0.320787
191.8,0.4,184.878,0.488538
191.9,0.5,184.878,0.488538
192.0,0.6,184.977,0.555246
192.1,0.7,185.076,0.62784
192.1,0.7,185.175,0.694548
192.2,0.7,185.273,0.727902
192.3,0.7,185.372,0.646479
192.4,0.7,185.47,0.727902
192.5,0.7,185.575,0.661194
192.6,0.7,185.668,0.679833
192.7,0.7,185.795,0.684738
192.8,0.7,185.866,0.694548
192.9,0.628571,185.965,0.61803
193.0,0.528571,186.064,0.445374
193.1,0.428571,186.166,0.340407
193.2,0.328571,186.166,0.340407
193.3,0.228571,186.261,0.307053
193.4,0.128571,186.385,0.162846
193.5,0.028571,186.459,0.043164
193.6,0.0,186.558,0.00981
193.7,0.0,186.657,-0.023544
193.8,0.0,186.767,0.023544
193.9,0.0,186.855,-0.014715
194.0,0.0,186.99,-0.043164
194.1,0.0,187.052,0.023544
194.2,0.0,187.15,-0.014715
194.3,0.0,187.249,0.071613
194.4,0.0,187.381,-0.057879
194.5,0.0,187.448,0.00981
194.6,0.0,187.546,-0.023544
194.7,0.0,187.645,-0.01962
194.8,0.0,187.744,-0.00981
194.9,0.0,187.842,-0.028449
195.0,0.0,187.981,-0.00981
195.1,0.0,188.04,0.0
195.1,0.0,188.139,-0.01962
195.2,0.0,188.139,-0.01962
195.3,0.0,188.139,-0.01962
195.4,0.0,188.139,-0.01962
195.5,-0.02,188.139,-0.01962
195.5,-0.02,188.238,0.0
195.5,-0.02,188.363,-0.048069
195.6,-0.12,188.435,-0.114777
195.7,-0.22,188.534,-0.258984
195.8,-0.32,188.633,-0.363951
195.9,-0.42,188.731,-0.464994
196.0,-0.52,188.83,-0.555246
196.1,-0.62,188.929,-0.679833
196.2,-0.7,189.034,-0.709263
196.3,-0.7,189.127,-0.727902
196.4,-0.7,189.225,-0.699453
196.5,-0.7,189.325,-0.761256
196.6,-0.7,189.325,-0.761256
196.7,-0.7,189.424,-0.684738
196.8,-0.7,189.522,-0.709263
196.9,-0.7,189.643,-0.756351
197.0,-0.608571,189.719,-0.613125
197.1,-0.508571,189.818,-0.455184
197.2,-0.408571,189.917,-0.440469
197.3,-0.308571,190.026,-0.287433
197.4,-0.208571,190.115,-0.244269
197.5,-0.108571,190.243,-0.109872
197.6,-0.008571,190.312,-0.004905
197.7,0.0,190.411,0.004905
197.8,0.0,190.511,-0.028449
197.9,0.0,190.627,-0.023544
198.0,0.0,190.708,0.014715
198.1,0.0,190.846,-0.014715
198.2,0.0,190.906,-0.043164
198.2,0.0,191.004,-0.014715
198.29999,0.0,191.103,-0.00981
198.49999,0.0,191.241,0.01962
198.79999,0.0,191.301,-0.028449
199.19999,0.0,191.399,-0.066708
199.69999,0.0,191.497,0.023544
200.29999,0.0,191.625,0.0
200.29999,0.0,191.695,-0.01962
200.99999,0.0,191.695,-0.01962
201.79999,0.0,191.695,-0.01962
202.69999,0.0,191.695,-0.01962
203.69999,0.0,191.695,-0.01962
204.79999,0.0,191.695,-0.01962
205.99999,0.0,191.695,-0.01962
207.29999,0.0,191.695,-0.01962
208.69999,0.0,191.695,-0.01962
210.19999,0.0,191.695,-0.01962
211.79999,0.0,191.695,-0.01962
213.49999,0.0,191.695,-0.01962
215.29999,0.0,191.695,-0.01962
217.19999,0.0,191.695,-0.01962
219.19999,0.0,191.695,-0.01962
221.29999,0.0,191.695,-0.01962
223.49999,0.0,191.695,-0.01962
225.79999,0.0,191.695,-0.01962
228.19999,0.0,191.695,-0.01962
230.69999,0.0,191.695,-0.01962
233.29999,0.0,191.695,-0.01962
235.99999,0.0,191.695,-0.01962
238.79999,0.0,191.695,-0.01962
241.69999,0.0,191.695,-0.01962
244.69999,0.0,191.695,-0.01962
247.79999,0.0,191.695,-0.01962
250.99999,0.0,191.695,-0.01962
254.29999,0.0,191.695,-0.01962
257.69999,0.0,191.695,-0.01962
261.19999,0.0,191.695,-0.01962
264.79999,0.0,191.695,-0.01962
268.49998,0.0,191.695,-0.01962
272.29998,0.0,191.695,-0.01962
276.19998,0.0,191.695,-0.01962
280.19998,0.0,191.695,-0.01962
284.29998,0.0,191.695,-0.01962
288.49998,0.0,191.695,-0.01962
292.79998,0.0,191.695,-0.01962
297.19998,0.0,191.695,-0.01962
301.69998,0.0,191.695,-0.01962
306.29998,0.0,191.695,-0.01962
310.99998,0.0,191.695,-0.01962
315.79998,0.0,191.695,-0.01962
320.69998,0.0,191.695,-0.01962
325.69998,0.0,191.695,-0.01962
330.79998,0.0,191.695,-0.01962
335.99998,0.0,191.695,-0.01962
341.29998,0.0,191.695,-0.01962
346.69998,0.0,191.695,-0.01962
352.19998,0.0,191.695,-0.01962
357.79998,0.0,191.695,-0.01962
363.49998,0.0,191.695,-0.01962
369.29998,0.0,191.695,-0.01962
375.19998,0.0,191.695,-0.01962
381.19998,0.0,191.695,-0.01962
387.29998,0.0,191.695,-0.01962
393.49998,0.0,191.695,-0.01962
399.79998,0.0,191.695,-0.01962
406.19998,0.0,191.695,-0.01962
412.69998,0.0,191.695,-0.01962
419.29998,0.0,191.695,-0.01962
425.99998,0.0,191.695,-0.01962
432.79998,0.0,191.695,-0.01962
439.69998,0.0,191.695,-0.01962
446.69998,0.0,191.695,-0.01962
453.79998,0.0,191.695,-0.01962
460.99998,0.0,191.695,-0.01962
468.29998,0.0,191.695,-0.01962
475.69998,0.0,191.695,-0.01962
483.19998,0.0,191.695,-0.01962
490.79998,0.0,191.695,-0.01962
498.49998,0.0,191.695,-0.01962
506.29998,0.0,191.695,-0.01962
514.19998,0.0,191.695,-0.01962
522.19998,0.0,191.695,-0.01962
530.29998,0.0,191.695,-0.01962
538.49998,0.0,191.695,-0.01962
546.79998,0.0,191.695,-0.01962
555.19998,0.0,191.695,-0.01962
563.69998,0.0,191.695,-0.01962
572.29998,0.0,191.695,-0.01962
580.99998,0.0,191.695,-0.01962
589.79998,0.0,191.695,-0.01962
598.69998,0.0,191.695,-0.01962
607.69998,0.0,191.695,-0.01962
616.79998,0.0,191.695,-0.01962
625.99998,0.0,191.695,-0.01962
635.29998,0.0,191.695,-0.01962
644.69998,0.0,191.695,-0.01962
654.19998,0.0,191.695,-0.01962
663.79998,0.0,191.695,-0.01962
673.49998,0.0,191.695,-0.01962
683.29998,0.0,191.695,-0.01962
693.19998,0.0,191.695,-0.01962
703.19998,0.0,191.695,-0.01962
713.29998,0.0,191.695,-0.01962
723.49998,0.0,191.695,-0.01962
733.79998,0.0,191.695,-0.01962
744.19998,0.0,191.695,-0.01962
754.69998,0.0,191.695,-0.01962
765.29998,0.0,191.695,-0.01962
775.99998,0.0,191.695,-0.01962
786.79998,0.0,191.695,-0.01962
797.69998,0.0,191.695,-0.01962
808.69998,0.0,191.695,-0.01962
819.79998,0.0,191.695,-0.01962
830.99998,0.0,191.695,-0.01962
842.29998,0.0,191.695,-0.01962
853.69998,0.0,191.695,-0.01962
865.19998,0.0,191.695,-0.01962
876.79998,0.0,191.695,-0.01962
888.49998,0.0,191.695,-0.01962
900.29998,0.0,191.695,-0.01962
912.19998,0.0,191.695,-0.01962
924.19998,0.0,191.695,-0.01962
936.29998,0.0,191.695,-0.01962
948.49998,0.0,191.695,-0.01962
960.79998,0.0,191.695,-0.01962
973.19998,0.0,191.695,-0.01962
985.69998,0.0,191.695,-0.01962
998.29998,0.0,191.695,-0.01962
1010.9999,0.0,191.695,-0.01962
1023.7999,0.0,191.695,-0.01962
1036.6999,0.0,191.695,-0.01962
1049.6999,0.0,191.695,-0.01962
1062.7999,0.0,191.695,-0.01962
1075.9999,0.0,191.695,-0.01962
1089.2999,0.0,191.695,-0.01962
1102.6999,0.0,191.695,-0.01962
1116.1999,0.0,191.695,-0.01962
1129.7999,0.0,191.695,-0.01962
1143.4999,0.0,191.695,-0.01962
1157.2999,0.0,191.695,-0.01962
1171.1999,0.0,191.695,-0.01962
1185.1999,0.0,191.695,-0.01962
1199.2999,0.0,191.695,-0.01962
1213.4999,0.0,191.695,-0.01962
1227.7999,0.0,191.695,-0.01962
1242.1999,0.0,191.695,-0.01962
1256.6999,0.0,191.695,-0.01962
1271.2999,0.0,191.695,-0.01962
1285.9999,0.0,191.695,-0.01962
1300.7999,0.0,191.695,-0.01962
1315.6999,0.0,191.695,-0.01962
1330.6999,0.0,191.695,-0.01962
1345.7999,0.0,191.695,-0.01962
1360.9999,0.0,191.695,-0.01962
1376.2999,0.0,191.695,-0.01962
1391.6999,0.0,191.695,-0.01962
1407.1999,0.0,191.695,-0.01962
1422.7999,0.0,191.695,-0.01962
1438.4999,0.0,191.695,-0.01962
1454.2999,0.0,191.695,-0.01962
1470.1999,0.0,191.695,-0.01962
1486.1999,0.0,191.695,-0.01962
1502.2999,0.0,191.695,-0.01962
1518.4999,0.0,191.695,-0.01962
1534.7999,0.0,191.695,-0.01962
1551.1999,0.0,191.695,-0.01962
1567.6999,0.0,191.695,-0.01962
1584.2999,0.0,191.695,-0.01962
1600.9999,0.0,191.695,-0.01962
1617.7999,0.0,191.695,-0.01962
1634.6999,0.0,191.695,-0.01962
1651.6999,0.0,191.695,-0.01962
1668.7999,0.0,191.695,-0.01962
1685.9999,0.0,191.695,-0.01962
1703.2999,0.0,191.695,-0.01962
1720.6999,0.0,191.695,-0.01962
1738.1999,0.0,191.695,-0.01962
1755.7999,0.0,191.695,-0.01962
1773.4999,0.0,191.695,-0.01962
1791.2999,0.0,191.695,-0.01962
1809.1999,0.0,191.695,-0.01962
1827.1999,0.0,191.695,-0.01962
1845.2999,0.0,191.695,-0.01962
1863.4999,0.0,191.695,-0.01962
1881.7999,0.0,191.695,-0.01962
1900.1999,0.0,191.695,-0.01962
1918.6999,0.0,191.695,-0.01962
1937.2999,0.0,191.695,-0.01962
1955.9999,0.0,191.695,-0.01962
1974.7999,0.0,191.695,-0.01962
1993.6999,0.0,191.695,-0.01962
2012.6999,0.0,191.695,-0.01962
2031.7999,0.0,191.695,-0.01962
2050.9999,0.0,191.695,-0.01962
2070.2999,0.0,191.695,-0.01962
2089.6999,0.0,191.695,-0.01962
2109.1999,0.0,191.695,-0.01962
2128.7999,0.0,191.695,-0.01962
2148.4999,0.0,191.695,-0.01962
2168.2999,0.0,191.695,-0.01962
2188.1999,0.0,191.695,-0.01962
2208.1999,0.0,191.695,-0.01962
2228.2999,0.0,191.695,-0.01962
2248.4999,0.0,191.695,-0.01962
2268.7999,0.0,191.695,-0.01962
2289.1999,0.0,191.695,-0.01962
2309.6999,0.0,191.695,-0.01962
2330.2999,-0.1,191.695,-0.01962
2330.2999,-0.1,191.794,-0.038259
2330.2999,-0.1,191.893,0.00981
2330.2999,-0.1,191.992,0.004905
2330.2999,-0.1,192.091,-0.038259
2330.2999,-0.1,192.189,-0.014715
2330.2999,-0.1,192.288,-0.028449
2330.2999,-0.1,192.387,0.057879
2330.2999,-0.1,192.497,-0.033354
2330.2999,-0.1,192.584,-0.00981
2330.2999,-0.1,192.683,-0.028449
2330.2999,-0.1,192.782,0.00981
2330.2999,-0.1,192.881,-0.043164
2330.2999,-0.1,192.979,-0.167751
2330.2999,-0.1,193.083,-0.244269
2330.2999,-0.1,193.177,-0.157941
2330.2999,-0.1,193.275,-0.139302
2330.2999,-0.1,193.374,-0.01962
2330.2999,-0.1,193.473,-0.023544
2330.2999,-0.1,193.571,-0.004905
2330.2999,-0.1,193.696,-0.004905
2330.2999,-0.1,193.77,-0.00981
2330.2999,-0.1,193.869,-0.004905
2330.2999,-0.1,193.967,-0.014715
2330.2999,-0.1,194.081,-0.00981
2330.2999,-0.1,194.165,-0.00981
2330.2999,-0.1,194.301,-0.014715
2330.2999,-0.1,194.363,-0.00981
2330.2999,-0.1,194.462,-0.014715
2330.2999,-0.1,194.56,-0.014715
2330.2999,-0.1,194.659,-0.033354
2330.2999,-0.1,194.759,-0.004905
2330.2999,-0.1,194.882,-0.00981
2330.2999,-0.1,194.955,-0.00981
2330.2999,-0.1,195.054,0.0
2330.2999,-0.1,195.152,-0.00981
2330.2999,-0.1,195.252,-0.014715
2330.2999,-0.1,195.351,-0.014715
2330.2999,-0.1,195.448,-0.00981
2330.2999,-0.1,195.548,-0.01962
2330.2999,-0.1,195.646,-0.014715
2330.2999,-0.1,195.646,-0.014715
2330.2999,-0.1,195.744,0.0
2330.2999,-0.1,195.941,-0.004905
2330.2999,-0.1,196.265,-0.023544
2330.2999,-0.1,196.658,-0.004905
2330.2999,-0.1,197.151,-0.028449
2330.2999,-0.1,197.743,-0.00981
2330.2999,-0.1,198.44700000000003,-0.014715
2330.2999,-0.1,199.236,-0.00981
2330.2999,-0.1,200.162,-0.014715
2330.2999,-0.1,201.149,-0.00981
2330.2999,-0.1,202.235,-0.004905
2330.2999,-0.1,203.419,-0.004905
2330.2999,-0.1,204.717,-0.01962
2330.2999,-0.1,206.098,0.0
2330.2999,-0.1,207.579,-0.01962
2330.2999,-0.1,209.158,-0.00981
2330.2999,-0.1,210.836,-0.01962
2330.2999,-0.1,212.614,-0.014715
2330.2999,-0.1,214.529,-0.014715
2330.2999,-0.1,216.503,-0.014715
2330.2999,-0.1,218.576,-0.00981
2330.2999,-0.1,220.748,-0.004905
2330.2999,-0.1,223.019,-0.00981
2330.2999,-0.1,225.39,-0.00981
2330.2999,-0.1,227.858,-0.004905
2330.2999,-0.1,230.424,-0.004905
2330.2999,-0.1,233.091,-0.01962
2330.2999,-0.1,235.855,-0.014715
2330.2999,-0.1,238.718,-0.00981
2330.2999,-0.1,241.68,-0.014715
2330.2999,-0.1,244.74,-0.00981
2330.2999,-0.1,247.908,-0.00981
2330.2999,-0.1,251.167,-0.004905
2330.2999,-0.1,254.525,-0.01962
2330.2999,-0.1,257.981,-0.014715
2330.2999,-0.1,261.535,-0.00981
2330.2999,-0.1,265.188,-0.014715
2330.2999,-0.1,268.941,-0.004905
2330.2999,-0.1,272.792,-0.01962
2330.2999,-0.1,276.771,-0.014715
2330.2999,-0.1,280.81999999999994,-0.004905
2330.2999,-0.1,284.968,-0.004905
2330.2999,-0.1,289.21399999999994,-0.004905
2330.2999,-0.1,293.58399999999995,-0.00981
2330.2999,-0.1,298.027,-0.00981
2330.2999,-0.1,302.5689999999999,-0.00981
2330.2999,-0.1,307.2089999999999,-0.014715
2330.2999,-0.1,311.9779999999999,-0.004905
2330.2999,-0.1,316.8169999999999,-0.00981
2330.2999,-0.1,321.7539999999999,-0.014715
2330.2999,-0.1,326.7899999999999,-0.00981
2330.2999,-0.1,331.9289999999999,-0.00981
2330.2999,-0.1,337.1619999999999,-0.014715
2330.2999,-0.1,342.5179999999999,-0.00981
2330.2999,-0.1,347.9489999999999,-0.00981
2330.2999,-0.1,353.4779999999999,-0.014715
2330.2999,-0.1,359.1059999999999,-0.014715
2330.2999,-0.1,364.8329999999999,-0.004905
2330.2999,-0.1,370.6589999999999,-0.00981
2330.2999,-0.1,376.5829999999999,0.004905
2330.2999,-0.1,382.6059999999999,-0.014715
2330.2999,-0.1,388.7269999999999,-0.023544
2330.2999,-0.1,394.9479999999999,-0.033354
2330.2999,-0.1,401.2669999999999,-0.00981
2330.2999,-0.1,407.6849999999999,-0.023544
2330.2999,-0.1,414.2019999999999,0.004905
2330.2999,-0.1,420.8239999999999,-0.00981
2330.2999,-0.1,427.5379999999999,-0.01962
2330.2999,-0.1,434.3509999999999,0.0
2330.2999,-0.1,441.2629999999999,-0.014715
2330.2999,-0.1,448.2739999999999,0.0
2330.2999,-0.1,455.3829999999999,-0.014715
2330.2999,-0.1,462.6109999999999,0.0
2330.2999,-0.1,469.9179999999999,-0.023544
2330.2999,-0.1,477.3239999999999,-0.014715
2330.2999,-0.1,484.8289999999999,0.004905
2330.2999,-0.1,492.4359999999999,-0.01962
2330.2999,-0.1,500.1389999999999,-0.028449
2330.2999,-0.1,507.9669999999999,-0.01962
2330.2999,-0.1,515.8669999999998,-0.01962
2330.2999,-0.1,523.8659999999999,-0.00981
2330.2999,-0.1,531.9629999999999,0.0
2330.2999,-0.1,540.1809999999998,-0.004905
2330.2999,-0.1,548.4789999999998,-0.00981
2330.2999,-0.1,556.8729999999998,0.0
2330.2999,-0.1,565.3649999999998,-0.00981
2330.2999,-0.1,573.9569999999998,0.0
2330.2999,-0.1,582.6469999999998,-0.023544
2330.2999,-0.1,591.4539999999998,-0.014715
2330.2999,-0.1,600.3419999999999,-0.038259
2330.2999,-0.1,609.3649999999999,0.0
2330.2999,-0.1,618.4499999999999,0.004905
2330.2999,-0.1,627.6339999999999,-0.023544
2330.2999,-0.1,636.9169999999999,-0.048069
2330.2999,-0.1,646.3269999999999,-0.01962
2330.2999,-0.1,655.8069999999999,-0.00981
2330.2999,-0.1,665.3859999999999,-0.01962
2330.2999,-0.1,675.0639999999999,0.0
2330.2999,-0.1,684.8399999999998,-0.01962
2330.2999,-0.1,694.7149999999998,-0.023544
2330.2999,-0.1,704.6879999999998,-0.00981
2330.2999,-0.1,714.7599999999998,-0.004905
2330.2999,-0.1,724.9319999999998,0.0
2330.2999,-0.1,735.2019999999998,-0.00981
2330.2999,-0.1,745.5699999999998,-0.01962
2330.2999,-0.1,756.0459999999998,-0.00981
2330.2999,-0.1,766.6119999999999,-0.014715
2330.2999,-0.1,777.3169999999999,-0.00981
2330.2999,-0.1,788.0809999999999,-0.004905
2330.2999,-0.1,798.944,-0.023544
2330.2999,-0.1,809.904,-0.01962
2330.2999,-0.1,820.983,-0.00981
2330.2999,-0.1,832.1419999999999,-0.043164
2330.2999,-0.1,843.4399999999999,-0.00981
2330.2999,-0.1,854.7959999999999,-0.00981
2330.2999,-0.1,866.251,-0.023544
2330.2999,-0.1,877.804,-0.00981
2330.2999,-0.1,889.457,-0.014715
2330.2999,-0.1,901.208,-0.00981
2330.2999,-0.1,913.096,0.00981
2330.2999,-0.1,925.045,-0.033354
2330.2999,-0.1,937.092,0.0
2330.2999,-0.1,949.239,-0.004905
2330.2999,-0.1,961.513,0.004905
2330.2999,-0.1,973.857,-0.004905
2330.2999,-0.1,986.299,-0.01962
2330.2999,-0.1,998.84,-0.004905
2330.2999,-0.1,1011.48,-0.00981
2330.2999,-0.1,1024.219,-0.00981
2330.2999,-0.1,1037.057,-0.004905
2330.2999,-0.1,1049.993,-0.004905
2330.2999,-0.1,1063.028,-0.004905
2330.2999,-0.1,1076.162,-0.014715
2330.2999,-0.1,1089.394,-0.00981
2330.2999,-0.1,1102.725,-0.014715
2330.2999,-0.1,1116.155,-0.071613
2350.9999,-0.2,1129.684,-0.162846
2371.7999,-0.3,1143.312,-0.297243
2392.6999,-0.4,1157.039,-0.363951
2413.6999,-0.5,1170.864,-0.512082
2434.7999,-0.6,1184.798,-0.671004
2455.9999,-0.7,1198.821,-0.656289
2477.2999,-0.7,1212.975,-0.756351
2498.6999,-0.7,1227.195,-0.704358
2520.1999,-0.7,1241.514,-0.684738
2541.7999,-0.7,1241.514,-0.684738
2563.4999,-0.7,1255.9319999999998,-0.747522
2585.2999,-0.7,1270.4619999999998,-0.718092
2607.1999,-0.7,1285.0779999999995,-0.742617
2629.1999,-0.628571,1299.8239999999998,-0.661194
2651.2999,-0.528571,1314.637,-0.727902
2651.2999,-0.528571,1329.549,-0.536607
2673.4999,-0.428571,1344.559,-0.473823
2695.7999,-0.328571,1359.699,-0.363951
2718.1999,-0.228571,1374.9070000000002,-0.325692
2740.6999,-0.128571,1390.2140000000002,-0.101043
2763.2999,-0.028571,1405.62,-0.091233
2763.2999,-0.028571,1421.161,-0.033354
2785.9999,0.0,1436.765,0.0
2808.7999,0.0,1452.467,-0.00981
2831.6999,0.0,1452.467,-0.00981
2854.6999,0.0,1452.467,-0.00981
2877.7999,0.0,1452.467,-0.00981
2900.9999,0.0,1452.467,-0.00981
2924.2999,0.0,1452.467,-0.00981
2947.6999,0.0,1452.467,-0.00981
2971.1999,0.0,1452.467,-0.00981
2994.7999,0.0,1452.467,-0.00981
3018.4999,0.0,1452.467,-0.00981
3042.2999,0.0,1452.467,-0.00981
3066.1999,0.0,1452.467,-0.00981
3090.1999,0.0,1452.467,-0.00981
3114.2999,0.0,1452.467,-0.00981
3138.4999,0.0,1452.467,-0.00981
3162.7999,0.0,1452.467,-0.00981
3187.1999,0.0,1452.467,-0.00981
3211.6999,0.0,1452.467,-0.00981
3236.2999,0.02,1452.467,-0.00981
3236.2999,0.02,1468.268,-0.004905
3236.2999,0.02,1484.167,-0.038259
3236.2999,0.02,1500.166,0.023544
3236.2999,0.02,1516.264,-0.038259
3236.2999,0.02,1532.4599999999998,0.00981
3236.2999,0.02,1548.755,-0.057879
3236.2999,0.02,1565.149,-0.01962
3236.2999,0.02,1581.6409999999998,-0.038259
3236.2999,0.02,1598.233,-0.014715
3236.2999,0.02,1614.924,-0.043164
3236.2999,0.02,1631.713,-0.00981
3236.2999,0.02,1648.601,-0.00981
3236.2999,0.02,1665.588,0.004905
3236.2999,0.02,1682.673,-0.028449
3236.2999,0.02,1699.859,0.043164
3260.9999,0.12,1717.1419999999998,0.061803
3285.7999,0.22,1734.5469999999998,0.220725
3310.6999,0.32,1752.0269999999998,0.287433
3335.6999,0.42,1769.6059999999998,0.363951
3360.7999,0.52,1787.284,0.555246
3385.9999,0.62,1805.088,0.584676
3411.2999,0.7,1822.963,0.732807
3436.6999,0.7,1840.937,0.666099
3462.1999,0.7,1859.01,0.752427
3487.7999,0.7,1877.192,0.679833
3513.4999,0.7,1895.462,0.732807
3539.2999,0.7,1913.874,0.641574
3565.1999,0.7,1932.342,0.709263
3591.1999,0.7,1950.931,0.694548
3617.2999,0.608571,1969.597,0.555246
3643.4999,0.508571,1988.361,0.3924
3669.7999,0.408571,1988.361,0.3924
3696.1999,0.308571,2007.224,0.40221
3722.6999,0.208571,2026.21,0.18639
3749.2999,0.108571,2045.27,0.143226
3775.9999,0.008571,2064.47,0.057879
3802.7999,0.0,2083.728,-0.023544
3829.6999,0.0,2103.084,0.0
3829.6999,0.0,2122.539,-0.048069
3856.6999,0.0,2122.539,-0.048069
3883.7999,0.0,2122.539,-0.048069
3910.9999,0.0,2122.539,-0.048069
3938.2999,0.0,2122.539,-0.048069
3965.6999,0.0,2122.539,-0.048069
3993.1999,0.0,2122.539,-0.048069
4020.7999,0.0,2122.539,-0.048069
4048.4999,0.0,2122.539,-0.048069
4076.2999,0.0,2122.539,-0.048069
4104.1999,0.0,2122.539,-0.048069
4132.1999,0.0,2122.539,-0.048069
4160.2999,0.0,2122.539,-0.048069
4188.4999,0.0,2122.539,-0.048069
4216.7999,0.0,2122.539,-0.048069
4245.1999,0.0,2122.539,-0.048069
4273.6999,0.0,2122.539,-0.048069
4302.2999,0.0,2122.539,-0.048069
4330.9999,0.0,2122.539,-0.048069
4359.7999,0.0,2122.539,-0.048069
4388.6999,0.0,2122.539,-0.048069
4417.6999,0.0,2122.539,-0.048069
4446.7999,0.0,2122.539,-0.048069
4475.9999,0.0,2122.539,-0.048069
4505.2999,0.0,2122.539,-0.048069
4534.6999,0.0,2122.539,-0.048069
4564.1999,0.0,2122.539,-0.048069
4593.7999,0.0,2122.539,-0.048069
4623.4999,0.0,2122.539,-0.048069
4653.2999,0.0,2122.539,-0.048069
4683.1999,0.0,2122.539,-0.048069
4713.1999,0.0,2122.539,-0.048069
4743.2999,0.0,2122.539,-0.048069
4773.4999,0.0,2122.539,-0.048069
4803.7999,0.0,2122.539,-0.048069
4834.1999,0.0,2122.539,-0.048069
4864.6999,0.0,2122.539,-0.048069
4895.2999,0.0,2122.539,-0.048069
4925.9999,0.0,2122.539,-0.048069
4956.7999,0.0,2122.539,-0.048069
4987.6999,0.0,2122.539,-0.048069
5018.6999,0.0,2122.539,-0.048069
5049.7999,0.0,2122.539,-0.048069
5080.9999,0.0,2122.539,-0.048069
5112.2999,0.0,2122.539,-0.048069
5143.6999,0.0,2122.539,-0.048069
5175.1999,0.0,2122.539,-0.048069
5206.7999,0.0,2122.539,-0.048069
5238.4999,0.0,2122.539,-0.048069
5270.2999,0.0,2122.539,-0.048069
5302.1999,0.0,2122.539,-0.048069
5334.1999,0.0,2122.539,-0.048069
5366.2999,0.0,2122.539,-0.048069
5398.4999,0.0,2122.539,-0.048069
5430.7999,0.0,2122.539,-0.048069
5463.1999,0.0,2122.539,-0.048069
5495.6999,0.0,2122.539,-0.048069
5528.2999,0.0,2122.539,-0.048069
5560.9999,0.0,2122.539,-0.048069
5593.7999,0.0,2122.539,-0.048069
5626.6999,0.0,2122.539,-0.048069
5659.6999,0.0,2122.539,-0.048069
5692.7999,0.0,2122.539,-0.048069
5725.9999,0.0,2122.539,-0.048069
5759.2999,0.0,2122.539,-0.048069
5792.6999,0.0,2122.539,-0.048069
5826.1999,0.0,2122.539,-0.048069
5859.7999,0.0,2122.539,-0.048069
5893.4999,0.0,2122.539,-0.048069
5927.2999,0.0,2122.539,-0.048069
5961.1999,0.0,2122.539,-0.048069
5995.1999,0.0,2122.539,-0.048069
6029.2999,0.0,2122.539,-0.048069
6063.4999,0.0,2122.539,-0.048069
6097.7999,0.0,2122.539,-0.048069
6132.1999,0.0,2122.539,-0.048069
6166.6999,0.0,2122.539,-0.048069
6201.2999,0.0,2122.539,-0.048069
6235.9999,0.0,2122.539,-0.048069
6270.7999,0.0,2122.539,-0.048069
6305.6999,0.0,2122.539,-0.048069
6340.6999,0.0,2122.539,-0.048069
6375.7999,0.0,2122.539,-0.048069
6410.9999,0.0,2122.539,-0.048069
6446.2999,0.0,2122.539,-0.048069
6481.6999,0.0,2122.539,-0.048069
6517.1999,0.0,2122.539,-0.048069
6552.7999,0.0,2122.539,-0.048069
6588.4999,0.0,2122.539,-0.048069
6624.2999,0.0,2122.539,-0.048069
6660.1999,0.0,2122.539,-0.048069
6696.1999,0.0,2122.539,-0.048069
6732.2999,0.0,2122.539,-0.048069
6768.4999,0.0,2122.539,-0.048069
6804.7999,0.0,2122.539,-0.048069
6841.1999,0.0,2122.539,-0.048069
6877.6999,0.0,2122.539,-0.048069
6914.2999,0.0,2122.539,-0.048069
6950.9999,0.0,2122.539,-0.048069
6987.7999,0.0,2122.539,-0.048069
7024.6999,0.0,2122.539,-0.048069
7061.6999,0.0,2122.539,-0.048069
7098.7999,0.0,2122.539,-0.048069
7135.9999,0.0,2122.539,-0.048069
7173.2999,0.0,2122.539,-0.048069
7210.6999,0.0,2122.539,-0.048069
7248.1999,0.0,2122.539,-0.048069
7285.7999,0.0,2122.539,-0.048069
7323.4999,0.0,2122.539,-0.048069
7361.2999,0.0,2122.539,-0.048069
7399.1999,0.0,2122.539,-0.048069
7437.1999,0.0,2122.539,-0.048069
7475.2999,0.0,2122.539,-0.048069
7513.4999,0.0,2122.539,-0.048069
7551.7999,0.0,2122.539,-0.048069
7590.1999,0.0,2122.539,-0.048069
7628.6999,0.0,2122.539,-0.048069
7667.2999,0.0,2122.539,-0.048069
7705.9999,0.0,2122.539,-0.048069
7744.7999,0.0,2122.539,-0.048069
7783.6999,0.0,2122.539,-0.048069
7822.6999,0.0,2122.539,-0.048069
7861.7999,0.0,2122.539,-0.048069
7900.9999,0.0,2122.539,-0.048069
7940.2999,0.0,2122.539,-0.048069
7979.6999,0.0,2122.539,-0.048069
8019.1999,0.0,2122.539,-0.048069
8058.7999,0.0,2122.539,-0.048069
8098.4999,0.0,2122.539,-0.048069
8138.2999,0.0,2122.539,-0.048069
8178.1999,0.0,2122.539,-0.048069
8218.1999,0.0,2122.539,-0.048069
8258.2999,0.0,2122.539,-0.048069
8298.4999,0.0,2122.539,-0.048069
8338.7999,0.0,2122.539,-0.048069
8379.1999,0.0,2122.539,-0.048069
8419.6999,0.0,2122.539,-0.048069
8460.2999,0.0,2122.539,-0.048069
8500.9999,0.0,2122.539,-0.048069
8541.7999,0.0,2122.539,-0.048069
8582.6999,0.0,2122.539,-0.048069
8623.6999,0.0,2122.539,-0.048069
8664.7999,0.0,2122.539,-0.048069
8705.9999,0.0,2122.539,-0.048069
8747.2999,0.0,2122.539,-0.048069
8788.6999,0.0,2122.539,-0.048069
8830.1999,0.0,2122.539,-0.048069
8871.7999,0.0,2122.539,-0.048069
8913.4999,0.0,2122.539,-0.048069
8955.2999,0.0,2122.539,-0.048069
8997.1999,0.0,2122.539,-0.048069
9039.1999,0.0,2122.539,-0.048069
9081.2999,0.0,2122.539,-0.048069
9123.4999,0.0,2122.539,-0.048069
9165.7999,0.0,2122.539,-0.048069
9208.1999,0.0,2122.539,-0.048069
9250.6999,0.0,2122.539,-0.048069
9293.2999,0.0,2122.539,-0.048069
9335.9999,0.0,2122.539,-0.048069
9378.7999,0.0,2122.539,-0.048069
9421.6999,0.0,2122.539,-0.048069
9464.6999,0.0,2122.539,-0.048069
9507.7999,0.0,2122.539,-0.048069
9550.9999,0.0,2122.539,-0.048069
9594.2999,0.0,2122.539,-0.048069
9637.6999,0.0,2122.539,-0.048069
9681.1999,0.0,2122.539,-0.048069
9724.7999,0.0,2122.539,-0.048069
9768.4999,0.0,2122.539,-0.048069
9812.2999,0.0,2122.539,-0.048069
9856.1999,0.0,2122.539,-0.048069
9900.1999,0.0,2122.539,-0.048069
9944.2999,0.0,2122.539,-0.048069
9988.4999,0.0,2122.539,-0.048069
10032.799,0.0,2122.539,-0.048069
10077.199,0.0,2122.539,-0.048069
10121.699,0.0,2122.539,-0.048069
10166.299,0.0,2122.539,-0.048069
10210.999,0.0,2122.539,-0.048069
10255.798,0.0,2122.539,-0.048069
10300.698,0.0,2122.539,-0.048069
10345.698,-0.1,2122.539,-0.048069
10345.698,-0.1,2142.093,0.0
10345.698,-0.1,2161.746,0.014715
10345.698,-0.1,2181.539,-0.033354
10345.698,-0.1,2201.39,-0.01962
10345.698,-0.1,2221.34,-0.00981
10345.698,-0.1,2241.389,0.014715
10345.698,-0.1,2261.536,-0.00981
10345.698,-0.1,2281.782,-0.052974
10345.698,-0.1,2302.1269999999995,0.014715
10345.698,-0.1,2322.57,-0.004905
10345.698,-0.1,2343.112,0.004905
10345.698,-0.1,2363.753,-0.061803
10345.698,-0.1,2384.4929999999995,0.00981
10345.698,-0.1,2405.3319999999994,0.0
10345.698,-0.1,2426.269,-0.023544
10345.698,-0.1,2447.3049999999994,-0.01962
10345.698,-0.1,2468.44,-0.028449
10345.698,-0.1,2489.713,0.014715
10345.698,-0.1,2511.046,0.00981
10345.698,-0.1,2532.484,-0.038259
10345.698,-0.1,2554.014,-0.00981
10345.698,-0.1,2575.6710000000003,-0.01962
10345.698,-0.1,2597.3990000000003,0.096138
10345.698,-0.1,2619.226000000001,0.114777
10345.698,-0.1,2641.1510000000007,0.177561
10345.698,-0.1,2663.176000000001,0.191295
10345.698,-0.1,2685.299000000001,0.086328
10345.698,-0.1,2707.521000000001,0.00981
10345.698,-0.1,2729.8410000000013,0.004905
10345.698,-0.1,2752.260000000001,-0.00981
10345.698,-0.1,2774.794000000001,0.014715
10345.698,-0.1,2797.410000000001,0.0
10345.698,-0.1,2820.1250000000014,-0.004905
10345.698,-0.1,2842.939000000001,-0.00981
10345.698,-0.1,2865.861000000001,-0.061803
10345.698,-0.1,2888.8730000000014,0.004905
10345.698,-0.1,2911.9840000000013,-0.00981
10345.698,-0.1,2935.193000000001,-0.014715
10345.698,-0.1,2958.500000000001,-0.01962
10345.698,-0.1,2981.907000000001,-0.00981
10345.698,-0.1,3005.412000000001,-0.01962
10345.698,-0.1,3029.016000000001,-0.014715
10345.698,-0.1,3052.720000000001,-0.014715
10345.698,-0.1,3076.5220000000013,-0.00981
10345.698,-0.1,3100.436000000001,-0.014715
10345.698,-0.1,3124.436000000001,-0.004905
10345.698,-0.1,3148.5670000000014,-0.014715
10345.698,-0.1,3172.764000000001,-0.014715
10345.698,-0.1,3197.0600000000013,-0.023544
10345.698,-0.1,3221.454000000001,0.0
10345.698,-0.1,3245.958000000001,-0.00981
10345.698,-0.1,3270.550000000001,-0.023544
10345.698,-0.1,3295.276000000001,-0.004905
10345.698,-0.1,3320.0650000000014,-0.004905
10345.698,-0.1,3344.9530000000013,-0.00981
10345.698,-0.1,3369.9400000000014,0.004905
10345.698,-0.1,3395.026000000001,0.0
10345.698,-0.1,3420.211000000001,-0.033354
10345.698,-0.1,3445.4950000000013,-0.028449
10345.698,-0.1,3470.8770000000013,-0.004905
10345.698,-0.1,3496.358000000001,-0.00981
10345.698,-0.1,3521.938000000001,-0.004905
10345.698,-0.1,3547.6170000000016,-0.014715
10345.698,-0.1,3573.396000000001,0.0
10345.698,-0.1,3599.2720000000018,0.004905
10345.698,-0.1,3625.2470000000017,-0.00981
10345.698,-0.1,3651.3210000000017,-0.004905
10345.698,-0.1,3677.4930000000018,-0.004905
10345.698,-0.1,3703.764000000002,0.004905
10345.698,-0.1,3730.134000000002,-0.00981
10345.698,-0.1,3756.603000000002,-0.00981
10345.698,-0.1,3783.171000000002,-0.014715
10345.698,-0.1,3809.837000000002,0.0
10345.698,-0.1,3836.602000000002,-0.01962
10345.698,-0.1,3863.466000000002,-0.014715
10345.698,-0.1,3890.441000000002,-0.014715
10345.698,-0.1,3917.503000000002,-0.014715
10345.698,-0.1,3944.664000000002,-0.00981
10345.698,-0.1,3971.924000000002,-0.01962
10345.698,-0.1,3999.296000000002,-0.004905
10345.698,-0.1,4026.754000000002,-0.014715
10345.698,-0.1,4054.311000000002,-0.00981
10345.698,-0.1,4081.966000000002,-0.028449
10345.698,-0.1,4109.720000000002,0.0
10345.698,-0.1,4137.573000000002,0.0
10345.698,-0.1,4165.550000000002,-0.01962
10345.698,-0.1,4193.601000000002,-0.004905
10345.698,-0.1,4221.751000000002,-0.00981
10345.698,-0.1,4249.999000000002,-0.01962
10345.698,-0.1,4278.368000000001,-0.004905
10345.698,-0.1,4306.814000000001,-0.014715
10345.698,-0.1,4335.359000000001,-0.014715
10345.698,-0.1,4364.0030000000015,-0.00981
10345.698,-0.1,4392.755000000002,-0.00981
10345.698,-0.1,4421.596000000002,-0.00981
10345.698,-0.1,4450.5660000000025,-0.004905
10345.698,-0.1,4479.605000000002,-0.014715
10345.698,-0.1,4508.743000000002,-0.014715
10345.698,-0.1,4537.980000000002,-0.004905
10345.698,-0.1,4567.3160000000025,-0.023544
10345.698,-0.1,4596.750000000003,-0.01962
10345.698,-0.1,4626.283000000003,-0.004905
10345.698,-0.1,4655.915000000003,-0.00981
10345.698,-0.1,4685.6460000000025,-0.023544
10345.698,-0.1,4715.476000000002,-0.014715
10345.698,-0.1,4745.404000000002,-0.004905
10345.698,-0.1,4775.431000000002,-0.004905
10345.698,-0.1,4805.5570000000025,-0.004905
10345.698,-0.1,4835.783000000002,-0.01962
10345.698,-0.1,4866.107000000002,0.014715
10345.698,-0.1,4896.556000000001,0.00981
10345.698,-0.1,4927.077000000001,0.004905
10345.698,-0.1,4957.697000000001,0.00981
10345.698,-0.1,4988.416000000001,-0.014715
10345.698,-0.1,5019.240000000001,0.0
10345.698,-0.1,5050.156000000001,0.004905
10345.698,-0.1,5081.205000000001,-0.028449
10345.698,-0.1,5112.320000000001,0.0
10345.698,-0.1,5143.533,0.014715
10345.698,-0.1,5174.845,0.0
10345.698,-0.1,5206.269,-0.052974
10345.698,-0.1,5237.779,-0.033354
10345.698,-0.1,5269.427000000001,-0.023544
10345.698,-0.1,5301.134000000001,-0.023544
10345.698,-0.1,5332.9400000000005,-0.028449
10345.698,-0.1,5364.845,-0.014715
10345.698,-0.1,5396.866,-0.004905
10345.698,-0.1,5428.969,-0.00981
10345.698,-0.1,5461.17,0.004905
10345.698,-0.1,5493.4710000000005,-0.004905
10345.698,-0.1,5525.870000000001,-0.00981
10345.698,-0.1,5558.368,-0.00981
10345.698,-0.1,5590.992,-0.01962
10345.698,-0.1,5623.688,-0.038259
10345.698,-0.1,5656.482,-0.014715
10345.698,-0.1,5689.375,-0.028449
10345.698,-0.1,5722.366,-0.033354
10345.698,-0.1,5755.456,0.0
10345.698,-0.1,5788.645,-0.00981
10345.698,-0.1,5821.933,-0.004905
10345.698,-0.1,5855.319,-0.01962
10345.698,-0.1,5888.804,0.004905
10345.698,-0.1,5922.388,-0.014715
10345.698,-0.1,5956.073,-0.00981
10345.698,-0.1,5989.8550000000005,-0.004905
10345.698,-0.1,6023.764,-0.014715
10345.698,-0.1,6057.744,-0.00981
10345.698,-0.1,6091.822,0.0
10345.698,-0.1,6125.999,-0.00981
10345.698,-0.1,6160.304999999999,-0.004905
10345.698,-0.1,6194.679999999999,-0.00981
10345.698,-0.1,6229.155999999999,-0.00981
10345.698,-0.1,6263.727999999999,-0.004905
10345.698,-0.1,6298.409999999999,-0.004905
10345.698,-0.1,6333.179999999999,-0.00981
10345.698,-0.1,6368.076999999999,-0.014715
10345.698,-0.1,6403.044999999999,-0.014715
10345.698,-0.1,6438.110999999999,-0.004905
10345.698,-0.1,6473.275999999999,-0.01962
10345.698,-0.1,6508.543999999999,-0.01962
10345.698,-0.1,6543.906999999999,-0.033354
10345.698,-0.1,6579.396999999999,-0.01962
10345.698,-0.1,6614.957999999999,0.0
10345.698,-0.1,6650.616999999998,-0.033354
10345.698,-0.1,6686.374999999998,-0.01962
10345.698,-0.1,6722.255999999999,-0.00981
10345.698,-0.1,6758.211999999999,-0.014715
10345.698,-0.1,6794.266999999999,-0.00981
10345.698,-0.1,6830.420999999999,-0.004905
10345.698,-0.1,6866.673,-0.01962
10345.698,-0.1,6903.023999999999,-0.023544
10345.698,-0.1,6939.473999999999,-0.01962
10345.698,-0.1,6976.022999999999,-0.01962
10345.698,-0.1,7012.670999999999,-0.014715
10345.698,-0.1,7049.417,-0.00981
10345.698,-0.1,7086.262999999999,-0.043164
10345.698,-0.1,7123.206999999999,-0.014715
10345.698,-0.1,7160.249999999999,-0.00981
10345.698,-0.1,7197.391999999999,-0.014715
10345.698,-0.1,7234.632999999999,-0.00981
10345.698,-0.1,7271.972999999999,-0.014715
10345.698,-0.1,7309.410999999999,-0.014715
10345.698,-0.1,7346.947999999999,0.0
10345.698,-0.1,7384.584,-0.01962
10345.698,-0.1,7422.318999999999,-0.00981
10345.698,-0.1,7460.152999999999,-0.023544
10345.698,-0.1,7498.085999999999,-0.023544
10345.698,-0.1,7536.116999999999,-0.114777
10390.798,-0.2,7574.271,-0.224649
10435.998,-0.3,7612.5,-0.368856
10481.297,-0.4,7650.828,-0.483633
10526.697,-0.5,7650.828,-0.483633
10572.197,-0.6,7689.255,-0.589581
10617.797,-0.7,7727.798,-0.632745
10617.797,-0.7,7766.422,-0.790686
10663.497,-0.7,7805.143999999999,-0.732807
10709.296,-0.7,7843.964999999999,-0.756351
10755.196,-0.7,7882.885999999999,-0.704358
10801.196,-0.7,7921.906,-0.732807
10847.296,-0.7,7961.024,-0.742617
10893.496,-0.7,8000.240000000001,-0.674928
10939.795,-0.7,8039.595,-0.714168
10986.195,-0.628571,8079.009,-0.651384
11032.695,-0.528571,8118.522,-0.560151
11079.295,-0.428571,8158.134,-0.426735
11125.995,-0.328571,8197.882,-0.340407
11172.795,-0.228571,8237.690999999999,-0.191295
11219.695,-0.128571,8277.598999999998,-0.104967
11266.695,-0.028571,8317.605999999998,-0.023544
11313.795,0.0,8357.711999999998,-0.014715
11360.995,0.0,8397.916999999998,-0.004905
11408.295,0.0,8438.219999999998,0.014715
11455.695,0.0,8478.621999999998,-0.01962
11503.195,0.0,8519.122999999998,-0.052974
11550.795,0.0,8559.722999999998,0.023544
11598.495,0.0,8600.421999999999,-0.057879
11646.295,0.0,8641.22,-0.004905
11694.195,0.0,8682.117,-0.01962
11742.195,0.0,8723.139000000001,-0.004905
11790.295,0.0,8764.233,-0.004905
11838.495,0.0,8805.425,-0.033354
11886.795,0.0,8805.425,-0.033354
11935.195,0.0,8805.425,-0.033354
11983.695,0.0,8805.425,-0.033354
12032.295,0.0,8846.716999999999,-0.00981
12080.995,0.0,8888.122,-0.028449
12129.795,0.0,8929.612,0.014715
12178.695,0.0,8971.238,-0.076518
12227.695,0.02,9012.925,0.028449
12276.795,0.12,9054.718,0.043164
12325.995,0.22,9096.602,0.201105
12375.295,0.32,9138.607999999998,0.220725
12375.295,0.32,9180.69,0.41202
12424.695,0.42,9222.871,0.455184
12474.195,0.52,9222.871,0.455184
12523.795,0.62,9265.151,0.62784
12573.495,0.7,9307.53,0.737712
12623.295,0.7,9350.007,0.679833
12673.195,0.7,9392.601,0.732807
12723.195,0.7,9435.276,0.646479
12773.295,0.7,9478.09,0.709263
12823.495,0.7,9520.962,0.666099
12873.795,0.7,9563.934,0.742617
12924.195,0.7,9607.004,0.671004
12974.695,0.608571,9650.173,0.593505
13025.295,0.508571,9693.441,0.397305
13075.995,0.408571,9693.441,0.397305
13126.795,0.308571,9736.808,0.354141
13177.695,0.208571,9780.273,0.20601
13228.695,0.108571,9823.838,0.167751
13279.795,0.008571,9867.511,0.014715
13330.995,0.0,9911.272,0.0
13382.295,0.0,9955.132,-0.071613
13433.695,0.0,9955.132,-0.071613
13485.195,0.0,9955.132,-0.071613
13536.795,0.0,9955.132,-0.071613
13588.495,0.0,9955.132,-0.071613
13640.295,0.0,9955.132,-0.071613
13692.195,0.0,9955.132,-0.071613
13744.195,0.0,9955.132,-0.071613
13796.295,0.0,9955.132,-0.071613
13848.495,0.0,9955.132,-0.071613
13900.795,0.0,9955.132,-0.071613
13953.195,0.0,9955.132,-0.071613
14005.695,0.0,9955.132,-0.071613
14058.295,0.0,9955.132,-0.071613
14110.995,0.0,9955.132,-0.071613
14163.795,0.0,9955.132,-0.071613
14216.695,0.0,9955.132,-0.071613
14269.695,0.0,9955.132,-0.071613
14322.795,0.0,9955.132,-0.071613
14375.995,0.0,9955.132,-0.071613
14429.295,0.0,9955.132,-0.071613
14482.695,0.0,9955.132,-0.071613
14536.195,0.0,9955.132,-0.071613
14589.795,0.0,9955.132,-0.071613
14643.495,0.0,9955.132,-0.071613
14697.295,0.0,9955.132,-0.071613
14751.195,0.0,9955.132,-0.071613
14805.195,0.0,9955.132,-0.071613
14859.295,0.0,9955.132,-0.071613
14913.495,0.0,9955.132,-0.071613
14967.795,0.0,9955.132,-0.071613
15022.195,0.0,9955.132,-0.071613
15076.695,0.0,9955.132,-0.071613
15131.295,0.0,9955.132,-0.071613
15185.995,0.0,9955.132,-0.071613
15240.795,0.0,9955.132,-0.071613
15295.695,0.0,9955.132,-0.071613
15350.695,0.0,9955.132,-0.071613
15405.795,0.0,9955.132,-0.071613
15460.995,0.0,9955.132,-0.071613
15516.295,0.0,9955.132,-0.071613
15571.695,0.0,9955.132,-0.071613
15627.195,0.0,9955.132,-0.071613
15682.795,0.0,9955.132,-0.071613
15738.495,0.0,9955.132,-0.071613
15794.295,0.0,9955.132,-0.071613
15850.195,0.0,9955.132,-0.071613
15906.195,0.0,9955.132,-0.071613
15962.295,0.0,9955.132,-0.071613
16018.495,0.0,9955.132,-0.071613
16074.795,0.0,9955.132,-0.071613
16131.195,0.0,9955.132,-0.071613
16187.695,0.0,9955.132,-0.071613
16244.295,0.0,9955.132,-0.071613
16300.995,0.0,9955.132,-0.071613
16357.795,0.0,9955.132,-0.071613
16414.695,0.0,9955.132,-0.071613
16471.695,0.0,9955.132,-0.071613
16528.795,0.0,9955.132,-0.071613
16585.995,0.0,9955.132,-0.071613
16643.295,0.0,9955.132,-0.071613
16700.695,0.0,9955.132,-0.071613
16758.195,0.0,9955.132,-0.071613
16815.795,0.0,9955.132,-0.071613
16873.495,0.0,9955.132,-0.071613
16931.295,0.0,9955.132,-0.071613
16989.195,0.0,9955.132,-0.071613
17047.195,0.0,9955.132,-0.071613
17105.295,0.0,9955.132,-0.071613
17163.495,0.0,9955.132,-0.071613
17221.795,0.0,9955.132,-0.071613
17280.195,0.0,9955.132,-0.071613
17338.695,0.0,9955.132,-0.071613
17397.295,0.0,9955.132,-0.071613
17455.995,0.0,9955.132,-0.071613
17514.795,0.0,9955.132,-0.071613
17573.695,0.0,9955.132,-0.071613
17632.695,0.0,9955.132,-0.071613
17691.795,0.0,9955.132,-0.071613
17750.995,0.0,9955.132,-0.071613
17810.295,0.0,9955.132,-0.071613
17869.695,0.0,9955.132,-0.071613
17929.195,0.0,9955.132,-0.071613
17988.795,0.0,9955.132,-0.071613
18048.495,0.0,9955.132,-0.071613
18108.295,0.0,9955.132,-0.071613
18168.195,0.0,9955.132,-0.071613
18228.195,0.0,9955.132,-0.071613
18288.295,0.0,9955.132,-0.071613
18348.495,0.0,9955.132,-0.071613
18408.795,0.0,9955.132,-0.071613
18469.195,0.0,9955.132,-0.071613
18529.695,0.0,9955.132,-0.071613
18590.295,0.0,9955.132,-0.071613
18650.995,0.0,9955.132,-0.071613
18711.795,0.0,9955.132,-0.071613
18772.695,0.0,9955.132,-0.071613
18833.695,0.0,9955.132,-0.071613
18894.795,0.0,9955.132,-0.071613
18955.995,0.0,9955.132,-0.071613
19017.295,0.0,9955.132,-0.071613
19078.695,0.0,9955.132,-0.071613
19140.195,0.0,9955.132,-0.071613
19201.795,0.0,9955.132,-0.071613
19263.495,0.0,9955.132,-0.071613
19325.295,0.0,9955.132,-0.071613
19387.195,0.0,9955.132,-0.071613
19449.195,0.0,9955.132,-0.071613
19511.295,0.0,9955.132,-0.071613
19573.495,0.0,9955.132,-0.071613
19635.795,0.0,9955.132,-0.071613
19698.195,0.0,9955.132,-0.071613
19760.695,0.0,9955.132,-0.071613
19823.295,0.0,9955.132,-0.071613
19885.995,0.0,9955.132,-0.071613
19948.795,0.0,9955.132,-0.071613
20011.695,0.0,9955.132,-0.071613
20074.695,0.0,9955.132,-0.071613
20137.795,0.0,9955.132,-0.071613
20200.995,0.0,9955.132,-0.071613
20264.295,0.0,9955.132,-0.071613
20327.695,0.0,9955.132,-0.071613
20391.195,0.0,9955.132,-0.071613
20454.795,0.0,9955.132,-0.071613
20518.495,0.0,9955.132,-0.071613
20582.295,0.0,9955.132,-0.071613
20646.195,0.0,9955.132,-0.071613
20710.195,0.0,9955.132,-0.071613
20774.295,0.0,9955.132,-0.071613
20838.495,0.0,9955.132,-0.071613
20902.795,0.0,9955.132,-0.071613
20967.195,0.0,9955.132,-0.071613
21031.695,0.0,9955.132,-0.071613
21096.295,0.0,9955.132,-0.071613
21160.995,0.0,9955.132,-0.071613
21225.795,0.0,9955.132,-0.071613
21290.695,0.0,9955.132,-0.071613
21355.695,0.0,9955.132,-0.071613
21420.795,0.0,9955.132,-0.071613
21485.995,0.0,9955.132,-0.071613
21551.295,0.0,9955.132,-0.071613
21616.695,0.0,9955.132,-0.071613
21682.195,0.0,9955.132,-0.071613
21747.795,0.0,9955.132,-0.071613
21813.495,0.0,9955.132,-0.071613
21879.295,0.0,9955.132,-0.071613
21945.195,0.0,9955.132,-0.071613
22011.195,0.0,9955.132,-0.071613
22077.295,0.0,9955.132,-0.071613
22143.495,0.0,9955.132,-0.071613
22209.795,0.0,9955.132,-0.071613
22276.195,0.0,9955.132,-0.071613
22342.695,0.0,9955.132,-0.071613
22409.295,0.0,9955.132,-0.071613
22475.995,0.0,9955.132,-0.071613
22542.795,0.0,9955.132,-0.071613
22609.695,0.0,9955.132,-0.071613
22676.695,0.0,9955.132,-0.071613
22743.795,0.0,9955.132,-0.071613
22810.995,0.0,9955.132,-0.071613
22878.295,0.0,9955.132,-0.071613
22945.695,0.0,9955.132,-0.071613
23013.195,0.0,9955.132,-0.071613
23080.795,0.0,9955.132,-0.071613
23148.495,0.0,9955.132,-0.071613
23216.295,0.0,9955.132,-0.071613
23284.195,0.0,9955.132,-0.071613
23352.195,0.0,9955.132,-0.071613
23420.295,0.0,9955.132,-0.071613
23488.495,0.0,9955.132,-0.071613
23556.795,0.0,9955.132,-0.071613
23625.195,0.0,9955.132,-0.071613
23693.695,0.0,9955.132,-0.071613
23762.295,0.0,9955.132,-0.071613
23830.995,0.0,9955.132,-0.071613
23899.795,0.0,9955.132,-0.071613
23968.695,0.0,9955.132,-0.071613
24037.695,0.0,9955.132,-0.071613
24106.795,0.0,9955.132,-0.071613
24175.995,0.0,9955.132,-0.071613
24245.295,0.0,9955.132,-0.071613
24314.695,0.0,9955.132,-0.071613
24384.195,-0.1,9955.132,-0.071613
24384.195,-0.1,9999.091000000002,0.057879
24384.195,-0.1,10043.160000000002,-0.033354
24384.195,-0.1,10087.317,-0.014715
24384.195,-0.1,10131.572,-0.033354
24384.195,-0.1,10175.927,0.01962
24384.195,-0.1,10220.38,0.004905
24384.195,-0.1,10264.932,-0.014715
24384.195,-0.1,10309.598999999998,-0.048069
24384.195,-0.1,10354.347999999998,0.01962
24384.195,-0.1,10399.232999999998,-0.023544
24384.195,-0.1,10444.179999999998,-0.004905
24384.195,-0.1,10489.227,-0.052974
24384.195,-0.1,10534.371,-0.004905
24384.195,-0.1,10579.643999999998,0.004905
24384.195,-0.1,10624.985,-0.004905
24384.195,-0.1,10670.425,-0.028449
24384.195,-0.1,10715.963,-0.023544
24384.195,-0.1,10761.62,0.028449
24384.195,-0.1,10807.356999999998,0.01962
24384.195,-0.1,10853.230999999998,-0.043164
24384.195,-0.1,10899.164999999995,0.0
24384.195,-0.1,10945.207999999997,-0.00981
24384.195,-0.1,10991.339999999997,0.014715
24384.195,-0.1,11037.598999999997,0.01962
24384.195,-0.1,11083.927999999996,0.119682
24384.195,-0.1,11130.355999999996,0.20601
24384.195,-0.1,11176.881999999996,0.153036
24384.195,-0.1,11223.526999999996,0.101043
24384.195,-0.1,11270.250999999997,0.014715
24384.195,-0.1,11317.114999999996,-0.00981
24384.195,-0.1,11364.035999999996,-0.004905
24384.195,-0.1,11411.055999999997,-0.004905
24384.195,-0.1,11458.174999999996,-0.00981
24384.195,-0.1,11505.391999999998,-0.00981
24384.195,-0.1,11552.708,-0.014715
24384.195,-0.1,11600.167999999998,-0.048069
24384.195,-0.1,11647.681,-0.01962
24384.195,-0.1,11695.292999999998,-0.01962
24384.195,-0.1,11743.002999999995,-0.00981
24384.195,-0.1,11790.812999999996,-0.01962
24384.195,-0.1,11838.721999999996,-0.014715
24384.195,-0.1,11886.728999999996,-0.004905
24384.195,-0.1,11934.857999999997,-0.004905
24384.195,-0.1,11983.062999999996,-0.014715
24384.195,-0.1,12031.366999999997,-0.00981
24384.195,-0.1,12079.768999999997,-0.014715
24384.195,-0.1,12128.278999999997,-0.01962
24384.195,-0.1,12176.878999999995,-0.004905
24384.195,-0.1,12225.608999999997,-0.00981
24384.195,-0.1,12274.405999999995,-0.004905
24384.195,-0.1,12323.301999999998,-0.014715
24384.195,-0.1,12372.297,0.004905
24384.195,-0.1,12421.396,0.0
24384.195,-0.1,12470.587999999998,-0.023544
24384.195,-0.1,12519.902999999998,-0.01962
24384.195,-0.1,12569.292999999998,-0.004905
24384.195,-0.1,12618.780999999995,-0.028449
24384.195,-0.1,12668.367999999997,-0.023544
24384.195,-0.1,12718.053999999996,0.028449
24384.195,-0.1,12767.837999999996,-0.004905
24384.195,-0.1,12817.721999999996,-0.00981
24384.195,-0.1,12867.703999999996,-0.01962
24384.195,-0.1,12917.822999999997,-0.004905
24384.195,-0.1,12968.002999999995,-0.01962
24384.195,-0.1,13018.281999999996,-0.00981
24384.195,-0.1,13068.658999999998,-0.014715
24384.195,-0.1,13119.134999999998,0.0
24384.195,-0.1,13169.713999999998,-0.014715
24384.195,-0.1,13220.387,0.004905
24384.195,-0.1,13271.164,-0.004905
24384.195,-0.1,13322.034999999998,-0.01962
24384.195,-0.1,13373.025999999998,-0.01962
24384.195,-0.1,13424.093999999996,-0.01962
24384.195,-0.1,13475.260999999997,-0.014715
24384.195,-0.1,13526.526999999996,-0.014715
24384.195,-0.1,13577.891999999996,-0.004905
24384.195,-0.1,13629.355999999996,-0.004905
24384.195,-0.1,13680.937999999996,0.0
24384.195,-0.1,13732.598999999997,0.0
24384.195,-0.1,13784.357999999997,-0.014715
24384.195,-0.1,13836.216999999995,-0.00981
24384.195,-0.1,13888.173999999995,-0.004905
24384.195,-0.1,13940.229999999998,-0.00981
24384.195,-0.1,13992.401999999998,-0.01962
24384.195,-0.1,14044.656,-0.033354
24384.195,-0.1,14097.044999999998,-0.023544
24384.195,-0.1,14149.496999999998,-0.01962
24384.195,-0.1,14202.046999999997,0.0
24384.195,-0.1,14254.695999999996,-0.00981
24384.195,-0.1,14307.468999999996,-0.01962
24384.195,-0.1,14360.314999999997,-0.014715
24384.195,-0.1,14413.259999999997,-0.014715
24384.195,-0.1,14466.303999999996,-0.01962
24384.195,-0.1,14519.446999999996,-0.00981
24384.195,-0.1,14572.687999999996,-0.004905
24384.195,-0.1,14626.060999999994,-0.004905
24384.195,-0.1,14679.499999999996,-0.004905
24384.195,-0.1,14733.037999999997,-0.014715
24384.195,-0.1,14786.673999999995,-0.00981
24384.195,-0.1,14840.408999999996,-0.014715
24384.195,-0.1,14894.241999999997,-0.014715
24384.195,-0.1,14948.174999999996,-0.014715
24384.195,-0.1,15002.205999999998,-0.004905
24384.195,-0.1,15056.335,-0.004905
24384.195,-0.1,15110.584,-0.004905
24384.195,-0.1,15164.910999999998,-0.01962
24384.195,-0.1,15219.335999999998,-0.014715
24384.195,-0.1,15273.859999999995,-0.014715
24384.195,-0.1,15328.494999999995,0.0
24384.195,-0.1,15383.216999999995,-0.00981
24384.195,-0.1,15438.037999999997,0.0
24384.195,-0.1,15492.956999999997,-0.023544
24384.195,-0.1,15547.977999999996,-0.014715
24384.195,-0.1,15603.094999999998,-0.00981
24384.195,-0.1,15658.334999999995,0.00981
24384.195,-0.1,15713.649999999998,-0.023544
24384.195,-0.1,15769.063999999998,-0.004905
24384.195,-0.1,15824.576,-0.004905
24384.195,-0.1,15880.191,-0.014715
24384.195,-0.1,15935.900999999998,-0.01962
24384.195,-0.1,15991.744,-0.014715
24384.195,-0.1,16047.651999999998,-0.023544
24384.195,-0.1,16103.657999999998,0.00981
24384.195,-0.1,16159.761999999995,0.004905
24384.195,-0.1,16215.987999999998,-0.01962
24384.195,-0.1,16272.289999999995,-0.00981
24384.195,-0.1,16328.690999999995,-0.01962
24384.195,-0.1,16385.191999999995,-0.023544
24384.195,-0.1,16441.817999999996,0.014715
24384.195,-0.1,16498.515999999996,-0.00981
24384.195,-0.1,16555.312999999995,-0.01962
24384.195,-0.1,16612.208999999995,-0.028449
24384.195,-0.1,16669.202999999994,-0.023544
24384.195,-0.1,16726.294999999995,0.0
24384.195,-0.1,16783.486999999994,0.0
24384.195,-0.1,16840.784999999993,0.0
24384.195,-0.1,16898.17399999999,-0.01962
24384.195,-0.1,16955.660999999993,0.004905
24384.195,-0.1,17013.247999999992,0.0
24384.195,-0.1,17070.933999999994,-0.014715
24384.195,-0.1,17128.717999999993,-0.014715
24384.195,-0.1,17186.600999999995,-0.028449
24384.195,-0.1,17244.583999999995,-0.014715
24384.195,-0.1,17302.664999999994,-0.004905
24384.195,-0.1,17360.844999999994,-0.01962
24384.195,-0.1,17419.122999999992,-0.00981
24384.195,-0.1,17477.499999999993,-0.00981
24384.195,-0.1,17535.97599999999,-0.00981
24384.195,-0.1,17594.550999999992,-0.01962
24384.195,-0.1,17653.24199999999,-0.004905
24384.195,-0.1,17712.013999999992,-0.00981
24384.195,-0.1,17770.91599999999,-0.01962
24384.195,-0.1,17829.88599999999,0.0
24384.195,-0.1,17888.95399999999,-0.004905
24384.195,-0.1,17948.11999999999,0.0
24384.195,-0.1,18007.410999999993,0.0
24384.195,-0.1,18066.775999999994,-0.004905
24384.195,-0.1,18126.239999999994,-0.004905
24384.195,-0.1,18185.802,0.0
24384.195,-0.1,18245.48,-0.004905
24384.195,-0.1,18305.239999999994,0.0
24384.195,-0.1,18365.14,-0.00981
24384.195,-0.1,18425.097999999994,-0.004905
24384.195,-0.1,18485.153999999995,-0.01962
24384.195,-0.1,18545.308999999997,-0.014715
24384.195,-0.1,18605.606999999996,0.0
24384.195,-0.1,18665.95899999999,-0.014715
24384.195,-0.1,18726.409999999996,-0.004905
24384.195,-0.1,18786.959999999992,-0.014715
24384.195,-0.1,18847.63599999999,-0.004905
24384.195,-0.1,18908.38299999999,0.0
24384.195,-0.1,18969.228999999992,0.0
24384.195,-0.1,19030.17399999999,-0.014715
24384.195,-0.1,19091.216999999997,-0.004905
24384.195,-0.1,19152.358999999997,0.004905
24384.195,-0.1,19213.598999999995,-0.00981
24384.195,-0.1,19274.938999999995,0.0
24384.195,-0.1,19336.376999999997,-0.01962
24384.195,-0.1,19397.918999999994,0.00981
24384.195,-0.1,19459.554999999997,0.0
24384.195,-0.1,19521.288999999997,0.004905
24384.195,-0.1,19583.122999999992,-0.004905
24384.195,-0.1,19645.054999999997,-0.014715
24384.195,-0.1,19707.084999999992,0.0
24384.195,-0.1,19769.214999999997,-0.004905
24384.195,-0.1,19831.442999999992,-0.004905
24384.195,-0.1,19893.79599999999,-0.01962
24384.195,-0.1,19956.22099999999,-0.01962
24384.195,-0.1,20018.74499999999,-0.114777
24453.795,-0.2,20081.36799999999,-0.254079
24523.495,-0.3,20144.089999999997,-0.325692
24593.295,-0.4,20206.910999999996,-0.546417
24663.195,-0.5,20206.910999999996,-0.546417
24733.195,-0.6,20269.85099999999,-0.565056
24803.295,-0.7,20332.86899999999,-0.671004
24873.495,-0.7,20395.98599999999,-0.709263
24943.795,-0.7,20459.20199999999,-0.722997
25014.195,-0.7,20522.51799999999,-0.666099
25084.695,-0.7,20585.93099999999,-0.699453
25155.295,-0.7,20649.46199999999,-0.694548
25225.995,-0.7,20713.07299999999,-0.694548
25296.795,-0.7,20776.82399999999,-0.694548
25367.695,-0.628571,20840.63199999999,-0.699453
25367.695,-0.628571,20904.53899999999,-0.62784
25438.695,-0.528571,20968.54399999999,-0.464994
25509.795,-0.428571,21032.68199999999,-0.455184
25580.995,-0.328571,21096.88499999999,-0.302148
25652.295,-0.228571,21161.18699999999,-0.1962
25723.695,-0.128571,21225.587999999992,-0.104967
25795.195,-0.028571,21290.086999999992,0.023544
25866.795,0.0,21354.684999999998,-0.081423
25866.795,0.0,21419.381999999998,0.004905
25938.495,0.0,21484.177999999996,-0.01962
26010.295,0.0,21549.072999999997,0.048069
26082.195,0.0,21614.06599999999,-0.071613
26154.195,0.0,21679.157999999992,0.033354
26226.295,0.0,21744.34899999999,-0.086328
26298.495,0.0,21809.63799999999,0.081423
26370.795,0.0,21875.037999999997,-0.071613
26443.195,0.0,21940.524999999998,0.00981
26515.695,0.0,22006.146999999997,-0.071613
26588.295,0.0,22071.830999999995,0.0
26588.295,0.0,22137.613999999998,-0.023544
26660.995,0.0,22137.613999999998,-0.023544
26733.795,0.0,22137.613999999998,-0.023544
26806.695,0.0,22137.613999999998,-0.023544
26879.695,0.0,22137.613999999998,-0.023544
26952.795,0.0,22137.613999999998,-0.023544
27025.995,0.0,22137.613999999998,-0.023544
27099.295,0.0,22137.613999999998,-0.023544
27172.695,0.0,22137.613999999998,-0.023544
27246.195,0.02,22137.613999999998,-0.023544
27246.195,0.02,22203.496,-0.01962
27246.195,0.02,22269.490999999995,-0.028449
27246.195,0.02,22335.571,0.033354
27319.795,0.12,22401.749,-0.081423
27319.795,0.12,22468.025999999994,0.043164
27393.495,0.22,22534.432999999997,0.239364
27467.295,0.32,22600.906999999992,0.258984
27541.195,0.42,22667.479999999992,0.430659
27615.195,0.52,22734.15199999999,0.473823
27689.295,0.62,22800.92299999999,0.622935
27763.495,0.7,22867.79199999999,0.714168
27837.795,0.7,22934.75999999999,0.679833
27912.195,0.7,23001.82599999999,0.684738
27986.695,0.7,23069.01099999999,0.709263
28061.295,0.7,23136.27499999999,0.704358
28135.995,0.7,23203.67199999999,0.704358
28210.795,0.7,23271.13399999999,0.674928
28285.695,0.7,23271.13399999999,0.674928
28360.695,0.608571,23338.693999999992,0.656289
28435.795,0.508571,23406.352999999992,0.469899
28510.995,0.408571,23474.110999999997,0.464994
28586.295,0.308571,23541.967999999997,0.302148
28661.695,0.208571,23609.922999999995,0.267813
28737.195,0.108571,23677.976999999995,0.139302
28812.795,0.008571,23746.129999999997,0.00981
28888.495,0.0,23814.381999999998,-0.014715
28964.295,0.0,23882.732999999997,0.0
28964.295,0.0,23951.181999999997,0.004905
29040.195,0.0,23951.181999999997,0.004905
29116.195,0.0,23951.181999999997,0.004905
29192.295,0.0,23951.181999999997,0.004905
29268.495,0.0,23951.181999999997,0.004905
29344.795,0.0,23951.181999999997,0.004905
29421.195,0.0,23951.181999999997,0.004905
29497.695,0.0,23951.181999999997,0.004905
29574.295,0.0,23951.181999999997,0.004905
29650.995,0.0,23951.181999999997,0.004905
29727.795,0.0,23951.181999999997,0.004905
29804.695,0.0,23951.181999999997,0.004905
29881.695,0.0,23951.181999999997,0.004905
29958.795,0.0,23951.181999999997,0.004905
30035.995,0.0,23951.181999999997,0.004905
30113.295,0.0,23951.181999999997,0.004905
30190.695,0.0,23951.181999999997,0.004905
30268.195,0.0,23951.181999999997,0.004905
30345.795,0.0,23951.181999999997,0.004905
30423.495,0.0,23951.181999999997,0.004905
30501.295,0.0,23951.181999999997,0.004905
30579.195,0.0,23951.181999999997,0.004905
30657.195,0.0,23951.181999999997,0.004905
30735.295,0.0,23951.181999999997,0.004905
30813.495,0.0,23951.181999999997,0.004905
30891.795,0.0,23951.181999999997,0.004905
30970.195,0.0,23951.181999999997,0.004905
31048.695,0.0,23951.181999999997,0.004905
31127.295,0.0,23951.181999999997,0.004905
31205.995,0.0,23951.181999999997,0.004905
31284.795,0.0,23951.181999999997,0.004905
31363.695,0.0,23951.181999999997,0.004905
31442.695,0.0,23951.181999999997,0.004905
31521.795,0.0,23951.181999999997,0.004905
31600.995,0.0,23951.181999999997,0.004905
31680.295,0.0,23951.181999999997,0.004905
31759.695,0.0,23951.181999999997,0.004905
31839.195,0.0,23951.181999999997,0.004905
31918.795,0.0,23951.181999999997,0.004905
31998.495,0.0,23951.181999999997,0.004905
32078.295,0.0,23951.181999999997,0.004905
32158.195,0.0,23951.181999999997,0.004905
32238.195,0.0,23951.181999999997,0.004905
32318.295,0.0,23951.181999999997,0.004905
32398.495,0.0,23951.181999999997,0.004905
32478.795,0.0,23951.181999999997,0.004905
32559.195,0.0,23951.181999999997,0.004905
32639.695,0.0,23951.181999999997,0.004905
32720.295,0.0,23951.181999999997,0.004905
32800.994,0.0,23951.181999999997,0.004905
32881.794,0.0,23951.181999999997,0.004905
32962.694,0.0,23951.181999999997,0.004905
33043.694,0.0,23951.181999999997,0.004905
33124.794,0.0,23951.181999999997,0.004905
33205.994,0.0,23951.181999999997,0.004905
33287.294,0.0,23951.181999999997,0.004905
33368.694,0.0,23951.181999999997,0.004905
33450.194,0.0,23951.181999999997,0.004905
33531.794,0.0,23951.181999999997,0.004905
33613.494,0.0,23951.181999999997,0.004905
33695.294,0.0,23951.181999999997,0.004905
33777.194,0.0,23951.181999999997,0.004905
33859.194,0.0,23951.181999999997,0.004905
33941.294,0.0,23951.181999999997,0.004905
34023.494,0.0,23951.181999999997,0.004905
34105.794,0.0,23951.181999999997,0.004905
34188.194,0.0,23951.181999999997,0.004905
34270.694,0.0,23951.181999999997,0.004905
34353.294,0.0,23951.181999999997,0.004905
34435.994,0.0,23951.181999999997,0.004905
34518.794,0.0,23951.181999999997,0.004905
34601.694,0.0,23951.181999999997,0.004905
34684.694,0.0,23951.181999999997,0.004905
34767.794,0.0,23951.181999999997,0.004905
34850.994,0.0,23951.181999999997,0.004905
34934.294,0.0,23951.181999999997,0.004905
35017.694,0.0,23951.181999999997,0.004905
35101.194,0.0,23951.181999999997,0.004905
35184.794,0.0,23951.181999999997,0.004905
35268.494,0.0,23951.181999999997,0.004905
35352.294,0.0,23951.181999999997,0.004905
35436.194,0.0,23951.181999999997,0.004905
35520.194,0.0,23951.181999999997,0.004905
35604.294,0.0,23951.181999999997,0.004905
35688.494,0.0,23951.181999999997,0.004905
35772.794,0.0,23951.181999999997,0.004905
35857.194,0.0,23951.181999999997,0.004905
35941.694,0.0,23951.181999999997,0.004905
36026.294,0.0,23951.181999999997,0.004905
36110.994,0.0,23951.181999999997,0.004905
36195.794,0.0,23951.181999999997,0.004905
36280.694,0.0,23951.181999999997,0.004905
36365.694,0.0,23951.181999999997,0.004905
36450.794,0.0,23951.181999999997,0.004905
36535.994,0.0,23951.181999999997,0.004905
36621.294,0.0,23951.181999999997,0.004905
36706.694,0.0,23951.181999999997,0.004905
36792.194,0.0,23951.181999999997,0.004905
36877.794,0.0,23951.181999999997,0.004905
36963.494,0.0,23951.181999999997,0.004905
37049.294,0.0,23951.181999999997,0.004905
37135.194,0.0,23951.181999999997,0.004905
37221.194,0.0,23951.181999999997,0.004905
37307.294,0.0,23951.181999999997,0.004905
37393.494,0.0,23951.181999999997,0.004905
37479.794,0.0,23951.181999999997,0.004905
37566.194,0.0,23951.181999999997,0.004905
37652.694,0.0,23951.181999999997,0.004905
37739.294,0.0,23951.181999999997,0.004905
37825.994,0.0,23951.181999999997,0.004905
37912.794,0.0,23951.181999999997,0.004905
37999.694,0.0,23951.181999999997,0.004905
38086.694,0.0,23951.181999999997,0.004905
38173.794,0.0,23951.181999999997,0.004905
38260.994,0.0,23951.181999999997,0.004905
38348.294,0.0,23951.181999999997,0.004905
38435.694,0.0,23951.181999999997,0.004905
38523.194,0.0,23951.181999999997,0.004905
38610.794,0.0,23951.181999999997,0.004905
38698.494,0.0,23951.181999999997,0.004905
38786.294,0.0,23951.181999999997,0.004905
38874.194,0.0,23951.181999999997,0.004905
38962.194,0.0,23951.181999999997,0.004905
39050.294,0.0,23951.181999999997,0.004905
39138.494,0.0,23951.181999999997,0.004905
39226.794,0.0,23951.181999999997,0.004905
39315.194,0.0,23951.181999999997,0.004905
39403.694,0.0,23951.181999999997,0.004905
39492.294,0.0,23951.181999999997,0.004905
39580.994,0.0,23951.181999999997,0.004905
39669.794,0.0,23951.181999999997,0.004905
39758.694,0.0,23951.181999999997,0.004905
39847.694,0.0,23951.181999999997,0.004905
39936.794,0.0,23951.181999999997,0.004905
40025.994,0.0,23951.181999999997,0.004905
40115.294,0.0,23951.181999999997,0.004905
40204.694,0.0,23951.181999999997,0.004905
40294.194,0.0,23951.181999999997,0.004905
40383.794,0.0,23951.181999999997,0.004905
40473.494,0.0,23951.181999999997,0.004905
40563.294,0.0,23951.181999999997,0.004905
40653.194,0.0,23951.181999999997,0.004905
40743.194,0.0,23951.181999999997,0.004905
40833.294,0.0,23951.181999999997,0.004905
40923.494,0.0,23951.181999999997,0.004905
41013.794,0.0,23951.181999999997,0.004905
41104.194,0.0,23951.181999999997,0.004905
41194.694,0.0,23951.181999999997,0.004905
41285.294,0.0,23951.181999999997,0.004905
41375.994,0.0,23951.181999999997,0.004905
41466.794,0.0,23951.181999999997,0.004905
41557.694,0.0,23951.181999999997,0.004905
41648.694,0.0,23951.181999999997,0.004905
41739.794,0.0,23951.181999999997,0.004905
41830.994,0.0,23951.181999999997,0.004905
41922.294,0.0,23951.181999999997,0.004905
42013.694,0.0,23951.181999999997,0.004905
42105.194,0.0,23951.181999999997,0.004905
42196.794,0.0,23951.181999999997,0.004905
42288.494,0.0,23951.181999999997,0.004905
42380.294,0.0,23951.181999999997,0.004905
42472.194,0.0,23951.181999999997,0.004905
42564.194,0.0,23951.181999999997,0.004905
42656.294,0.0,23951.181999999997,0.004905
42748.494,0.0,23951.181999999997,0.004905
42840.794,0.0,23951.181999999997,0.004905
42933.194,0.0,23951.181999999997,0.004905
43025.694,0.0,23951.181999999997,0.004905
43118.294,0.0,23951.181999999997,0.004905
43210.994,0.0,23951.181999999997,0.004905
43303.794,0.0,23951.181999999997,0.004905
43396.694,0.0,23951.181999999997,0.004905
43489.694,0.0,23951.181999999997,0.004905
43582.794,0.0,23951.181999999997,0.004905
43675.994,0.0,23951.181999999997,0.004905
43769.294,0.0,23951.181999999997,0.004905
43862.694,0.0,23951.181999999997,0.004905
43956.194,0.0,23951.181999999997,0.004905
44049.794,-0.1,23951.181999999997,0.004905
44049.794,-0.1,24019.729999999992,-0.052974
44049.794,-0.1,24088.375999999997,0.0
44049.794,-0.1,24157.120999999992,0.0
44049.794,-0.1,24225.963999999996,0.00981
44049.794,-0.1,24294.906999999992,-0.043164
44049.794,-0.1,24363.96999999999,-0.01962
44049.794,-0.1,24433.10999999999,0.00981
44049.794,-0.1,24502.34899999999,0.0
44049.794,-0.1,24571.68699999999,-0.023544
44049.794,-0.1,24641.13599999999,-0.033354
44049.794,-0.1,24710.67099999999,-0.004905
44049.794,-0.1,24780.336999999992,0.023544
44049.794,-0.1,24850.068999999992,-0.023544
44049.794,-0.1,24919.89999999999,-0.028449
44049.794,-0.1,24989.82999999999,-0.033354
44049.794,-0.1,25059.871999999992,0.038259
44049.794,-0.1,25129.998999999996,-0.028449
44049.794,-0.1,25200.26099999999,-0.043164
44049.794,-0.1,25270.585999999992,-0.014715
44049.794,-0.1,25341.00899999999,0.014715
44049.794,-0.1,25411.531999999992,0.0
44049.794,-0.1,25482.15299999999,-0.033354
44049.794,-0.1,25552.871999999992,0.104967
44049.794,-0.1,25623.729999999992,0.201105
44049.794,-0.1,25694.646999999997,0.244269
44049.794,-0.1,25765.662999999997,0.143226
44049.794,-0.1,25836.777999999995,0.038259
44049.794,-0.1,25907.990999999995,0.004905
44049.794,-0.1,25979.302,-0.023544
44049.794,-0.1,26050.712,0.0
44049.794,-0.1,26122.220999999998,0.0
44049.794,-0.1,26193.829999999994,-0.014715
44049.794,-0.1,26265.536999999997,-0.01962
44049.794,-0.1,26337.341999999997,0.01962
44049.794,-0.1,26409.245999999992,-0.023544
44049.794,-0.1,26481.248999999996,-0.00981
44049.794,-0.1,26553.35099999999,-0.01962
44049.794,-0.1,26625.551999999992,-0.01962
44049.794,-0.1,26697.85099999999,0.00981
44049.794,-0.1,26770.248999999996,-0.01962
44049.794,-0.1,26842.746999999992,-0.00981
44049.794,-0.1,26915.342999999997,-0.01962
44049.794,-0.1,26988.059999999998,-0.00981
44049.794,-0.1,27060.853,-0.00981
44049.794,-0.1,27133.744999999995,-0.004905
44049.794,-0.1,27206.735,0.0
44049.794,-0.1,27279.828,-0.01962
44049.794,-0.1,27353.016,-0.004905
44049.794,-0.1,27426.327,-0.023544
44049.794,-0.1,27499.713,-0.01962
44049.794,-0.1,27573.198,-0.043164
44049.794,-0.1,27646.780999999995,-0.004905
44049.794,-0.1,27720.481,0.014715
44049.794,-0.1,27794.260999999995,-0.01962
44049.794,-0.1,27868.14,-0.014715
44049.794,-0.1,27942.117999999995,-0.033354
44049.794,-0.1,28016.201999999997,-0.01962
44049.794,-0.1,28090.376999999997,-0.004905
44049.794,-0.1,28164.678999999996,-0.028449
44049.794,-0.1,28239.051999999992,0.0
44049.794,-0.1,28313.523999999998,-0.043164
44049.794,-0.1,28388.094999999998,-0.004905
44049.794,-0.1,28462.764999999992,-0.01962
44049.794,-0.1,28537.532999999992,-0.004905
44049.794,-0.1,28612.432999999997,-0.014715
44049.794,-0.1,28687.398999999998,0.0
44049.794,-0.1,28762.463999999996,-0.004905
44049.794,-0.1,28837.627999999997,-0.00981
44049.794,-0.1,28912.931999999997,-0.004905
44049.794,-0.1,28988.292999999994,-0.004905
44049.794,-0.1,29063.752999999997,-0.00981
44049.794,-0.1,29139.310999999994,-0.014715
44049.794,-0.1,29214.968999999997,-0.023544
44049.794,-0.1,29290.731999999996,-0.01962
44049.794,-0.1,29366.586999999992,-0.014715
44049.794,-0.1,29442.569999999992,-0.01962
44049.794,-0.1,29518.621999999992,-0.004905
44049.794,-0.1,29594.77399999999,-0.00981
44049.794,-0.1,29671.02399999999,-0.00981
44049.794,-0.1,29747.39099999999,-0.004905
44049.794,-0.1,29823.83799999999,-0.014715
44049.794,-0.1,29900.419999999987,-0.00981
44049.794,-0.1,29977.064999999988,-0.014715
44049.794,-0.1,30053.808999999987,-0.014715
44049.794,-0.1,30130.650999999987,-0.00981
44049.794,-0.1,30207.606999999985,0.004905
44049.794,-0.1,30284.646999999983,-0.00981
44049.794,-0.1,30361.822999999986,-0.004905
44049.794,-0.1,30439.060999999987,-0.00981
44049.794,-0.1,30516.396999999983,0.0
44049.794,-0.1,30593.832999999988,-0.014715
44049.794,-0.1,30671.38999999999,-0.014715
44049.794,-0.1,30749.02299999999,0.0
44049.794,-0.1,30826.75499999999,-0.00981
44049.794,-0.1,30904.58599999999,-0.01962
44049.794,-0.1,30982.545999999988,-0.00981
44049.794,-0.1,31060.573999999982,-0.014715
44049.794,-0.1,31138.700999999983,-0.014715
44049.794,-0.1,31216.926999999985,-0.014715
44049.794,-0.1,31295.250999999986,-0.01962
44049.794,-0.1,31373.673999999985,-0.004905
44049.794,-0.1,31452.236999999983,-0.00981
44049.794,-0.1,31530.857999999986,-0.01962
44049.794,-0.1,31609.577999999983,-0.01962
44049.794,-0.1,31688.395999999982,-0.01962
44049.794,-0.1,31767.312999999984,-0.014715
44049.794,-0.1,31846.328999999983,-0.014715
44049.794,-0.1,31925.443999999985,-0.00981
44049.794,-0.1,32004.656999999985,-0.014715
44049.794,-0.1,32083.968999999983,-0.01962
44049.794,-0.1,32163.379999999983,-0.023544
44049.794,-0.1,32242.888999999985,-0.004905
44049.794,-0.1,32322.502999999982,-0.028449
44049.794,-0.1,32402.209999999985,-0.01962
44049.794,-0.1,32482.014999999985,0.004905
44049.794,-0.1,32561.919999999984,-0.004905
44049.794,-0.1,32641.922999999984,-0.00981
44049.794,-0.1,32722.024999999983,-0.028449
44049.794,-0.1,32802.23599999998,-0.023544
44049.794,-0.1,32882.535999999986,0.01962
44049.794,-0.1,32962.96899999998,-0.00981
44049.794,-0.1,33043.465999999986,-0.00981
44049.794,-0.1,33124.06299999999,0.0
44049.794,-0.1,33204.75799999999,0.004905
44049.794,-0.1,33285.57899999999,0.004905
44049.794,-0.1,33366.47199999999,-0.038259
44049.794,-0.1,33447.46299999999,-0.023544
44049.794,-0.1,33528.552999999985,-0.014715
44049.794,-0.1,33609.74099999999,-0.01962
44049.794,-0.1,33691.027999999984,-0.01962
44049.794,-0.1,33772.43999999998,0.0
44049.794,-0.1,33853.92499999998,-0.004905
44049.794,-0.1,33935.50799999998,-0.023544
44049.794,-0.1,34017.18999999998,-0.004905
44049.794,-0.1,34098.97099999998,-0.014715
44049.794,-0.1,34180.85099999998,-0.014715
44049.794,-0.1,34262.85299999998,0.004905
44049.794,-0.1,34344.92999999998,-0.028449
44049.794,-0.1,34427.10599999998,0.004905
44049.794,-0.1,34509.38099999998,-0.004905
44049.794,-0.1,34591.75399999998,0.0
44049.794,-0.1,34674.22699999998,-0.00981
44049.794,-0.1,34756.79799999998,0.004905
44049.794,-0.1,34839.46799999998,-0.004905
44049.794,-0.1,34922.235999999975,0.0
44049.794,-0.1,35005.12699999998,-0.033354
44049.794,-0.1,35088.09299999998,-0.004905
44049.794,-0.1,35171.15699999998,-0.004905
44049.794,-0.1,35254.320999999974,0.0
44049.794,-0.1,35337.591999999975,-0.00981
44049.794,-0.1,35420.95299999997,-0.014715
44049.794,-0.1,35504.45399999997,-0.00981
44049.794,-0.1,35588.01299999997,-0.014715
44049.794,-0.1,35671.68199999997,-0.014715
44049.794,-0.1,35755.43799999997,-0.01962
44049.794,-0.1,35839.324999999975,-0.014715
44049.794,-0.1,35923.27899999997,-0.004905
44049.794,-0.1,36007.33099999998,-0.028449
44049.794,-0.1,36091.481999999975,-0.004905
44049.794,-0.1,36175.731999999975,0.0
44049.794,-0.1,36260.08099999998,-0.01962
44049.794,-0.1,36344.56099999998,-0.004905
44049.794,-0.1,36429.10699999998,-0.00981
44049.794,-0.1,36513.75199999998,-0.004905
44049.794,-0.1,36598.49599999998,-0.00981
44049.794,-0.1,36683.33899999998,0.0
44049.794,-0.1,36768.27999999998,-0.00981
44049.794,-0.1,36853.341999999975,-0.014715
44049.794,-0.1,36938.48099999998,-0.023544
44049.794,-0.1,37023.71799999998,-0.01962
44049.794,-0.1,37109.05399999998,-0.014715
44049.794,-0.1,37194.48899999998,-0.004905
44049.794,-0.1,37280.02299999998,-0.004905
44049.794,-0.1,37365.65499999998,-0.00981
44049.794,-0.1,37451.38999999998,-0.00981
44049.794,-0.1,37537.220999999976,-0.014715
44049.794,-0.1,37623.14999999997,-0.014715
44049.794,-0.1,37709.17799999997,-0.014715
44049.794,-0.1,37795.30399999997,-0.01962
44049.794,-0.1,37881.528999999966,0.0
44049.794,-0.1,37967.88799999996,-0.00981
44049.794,-0.1,38054.310999999965,-0.014715
44049.794,-0.1,38140.833999999966,-0.043164
44143.494,-0.2,38227.454999999965,-0.244269
44237.294,-0.3,38314.19799999997,-0.306072
44331.194,-0.4,38401.01699999997,-0.455184
44425.194,-0.5,38487.93499999997,-0.565056
44519.294,-0.6,38574.95099999997,-0.541512
44613.494,-0.7,38662.07399999997,-0.775971
44707.794,-0.7,38749.28799999997,-0.694548
44802.194,-0.7,38836.62799999997,-0.737712
44896.694,-0.7,38924.03899999997,-0.714168
44991.294,-0.7,39011.54899999997,-0.699453
45085.994,-0.7,39099.15799999997,-0.709263
45180.794,-0.7,39186.86499999997,-0.694548
45275.694,-0.7,39274.67199999997,-0.704358
45370.694,-0.628571,39362.57699999997,-0.714168
45465.794,-0.528571,39450.58099999997,-0.521892
45560.994,-0.428571,39538.68399999997,-0.455184
45656.294,-0.328571,39626.88499999997,-0.354141
45751.694,-0.228571,39715.184999999976,-0.272718
45847.194,-0.128571,39803.58499999998,-0.162846
45942.794,-0.028571,39892.08299999998,-0.01962
46038.494,0.0,39980.67999999998,0.004905
46134.294,0.0,40069.37599999998,-0.00981
46230.194,0.0,40158.17499999998,-0.066708
46326.194,0.0,40247.06799999998,0.061803
46422.294,0.0,40336.059999999976,-0.101043
46518.494,0.0,40425.150999999976,0.048069
46614.794,0.0,40514.341999999975,-0.066708
46711.194,0.0,40603.629999999976,-0.01962
46807.694,0.0,40693.03199999998,-0.004905
46904.294,0.0,40782.51699999998,-0.071613
47000.994,0.0,40782.51699999998,-0.071613
47097.794,0.0,40782.51699999998,-0.071613
47194.694,0.0,40782.51699999998,-0.071613
47291.694,0.0,40782.51699999998,-0.071613
47388.794,0.0,40872.10199999998,0.023544
47485.994,0.0,40961.78599999998,-0.048069
47583.294,0.0,41051.56799999998,0.033354
47680.694,0.0,41141.44899999998,-0.043164
47778.194,0.0,41231.451999999976,-0.033354
47875.794,0.02,41321.52999999998,0.023544
47973.494,0.12,41411.70699999998,0.01962
47973.494,0.12,41501.98199999998,0.01962
47973.494,0.12,41592.36999999998,0.148131
48071.294,0.22,41682.84199999998,0.315882
48169.194,0.32,41682.84199999998,0.315882
48267.194,0.42,41773.44599999998,0.349236
48267.194,0.42,41864.11499999998,0.469899
48365.294,0.52,41954.88299999998,0.555246
48463.494,0.62,42045.74999999998,0.709263
48561.794,0.7,42045.74999999998,0.709263
48660.194,0.7,42136.74599999998,0.661194
48758.694,0.7,42227.81099999998,0.742617
48857.294,0.7,42318.97399999998,0.661194
48955.994,0.7,42410.23599999998,0.718092
49054.794,0.7,42501.62699999999,0.666099
49153.694,0.7,42593.08599999999,0.704358
49252.694,0.7,42684.64299999999,0.679833
49351.794,0.608571,42776.29999999999,0.560151
49450.994,0.508571,42868.05499999999,0.464994
49550.294,0.408571,42959.90799999999,0.335502
49649.694,0.308571,42959.90799999999,0.335502
49749.194,0.208571,43051.86099999999,0.292338
49848.794,0.108571,43143.91199999999,0.119682
49948.494,0.008571,43236.06199999999,0.057879
50048.294,0.0,43328.311,-0.043164
50148.194,0.0,43420.658,0.048069
50248.194,0.0,43513.12,-0.052974
50348.294,0.0,43605.664,-0.004905
50448.494,0.0,43698.30699999999,-0.004905
50548.794,0.0,43791.04899999999,0.028449
50649.194,0.0,43883.88999999999,-0.028449
50749.694,0.0,43976.82899999999,-0.038259
50850.294,0.0,44069.87899999999,0.00981
50950.994,0.0,44163.016,0.014715
51051.794,0.0,44256.287,-0.01962
51152.694,0.0,44349.621,-0.023544
51253.694,0.0,44443.054,-0.033354
51354.794,0.0,44536.585,0.014715
51455.994,0.0,44630.222,-0.004905
51557.294,0.0,44723.951,-0.033354
51658.694,0.0,44817.808000000005,-0.023544
51760.194,0.0,44911.73500000001,0.004905
51861.794,0.0,45005.76000000001,0.028449
51963.494,0.0,45099.88300000001,-0.048069
52065.294,0.0,45194.11000000001,-0.01962
52167.194,0.0,45288.43100000001,-0.00981
52269.194,0.0,45382.877000000015,0.023544
52371.294,0.0,45477.39500000001,-0.038259
52473.494,0.0,45572.01200000001,-0.048069
52575.794,0.0,45666.727000000006,0.023544
52678.194,0.0,45761.566000000006,0.153036
52780.694,0.0,45856.478,0.162846
52883.294,0.0,45951.490000000005,0.224649
52985.994,0.0,46046.601,0.066708
53088.794,0.0,46141.810000000005,0.066708
53191.694,0.0,46237.119000000006,-0.023544
53294.694,0.0,46332.526000000005,0.004905
53397.794,0.0,46428.031,-0.00981
53500.994,0.0,46523.635,0.0
53500.994,0.0,46619.338,-0.014715
53604.294,0.0,46619.338,-0.014715
53707.694,0.0,46619.338,-0.014715
53811.194,0.0,46619.338,-0.014715
53914.794,0.0,46619.338,-0.014715
54018.494,0.0,46619.338,-0.014715
54122.294,0.0,46619.338,-0.014715
54226.194,0.0,46619.338,-0.014715
54330.194,0.0,46619.338,-0.014715
54434.294,0.0,46619.338,-0.014715
54538.494,0.0,46619.338,-0.014715
54642.794,0.0,46619.338,-0.014715
54747.194,0.0,46619.338,-0.014715
54851.694,0.0,46619.338,-0.014715
54956.294,0.0,46619.338,-0.014715
55060.994,0.0,46619.338,-0.014715
55165.794,0.0,46619.338,-0.014715
55270.694,0.0,46619.338,-0.014715
55375.694,0.0,46619.338,-0.014715
55480.794,0.0,46619.338,-0.014715
55585.994,0.0,46619.338,-0.014715
55691.294,0.0,46619.338,-0.014715
55796.694,0.0,46619.338,-0.014715
55902.194,0.0,46619.338,-0.014715
56007.794,0.0,46619.338,-0.014715
56113.494,0.0,46619.338,-0.014715
56219.294,0.0,46619.338,-0.014715
56325.194,0.0,46619.338,-0.014715
56431.194,0.0,46619.338,-0.014715
56537.294,0.0,46619.338,-0.014715
56643.494,0.0,46619.338,-0.014715
56749.794,0.0,46619.338,-0.014715
56856.194,0.0,46619.338,-0.014715
56962.694,0.0,46619.338,-0.014715
57069.294,0.0,46619.338,-0.014715
57175.994,0.0,46619.338,-0.014715
57282.794,0.0,46619.338,-0.014715
57389.694,0.0,46619.338,-0.014715
57496.694,0.0,46619.338,-0.014715
57603.794,0.0,46619.338,-0.014715
57710.994,0.0,46619.338,-0.014715
57818.294,0.0,46619.338,-0.014715
57925.694,0.0,46619.338,-0.014715
58033.194,0.0,46619.338,-0.014715
58140.794,0.0,46619.338,-0.014715
58248.494,0.0,46619.338,-0.014715
58356.294,0.0,46619.338,-0.014715
58464.194,0.0,46619.338,-0.014715
58572.194,0.0,46619.338,-0.014715
58680.294,0.0,46619.338,-0.014715
58788.494,0.0,46619.338,-0.014715
58896.794,0.0,46619.338,-0.014715
59005.194,0.0,46619.338,-0.014715
59113.694,0.0,46619.338,-0.014715
59222.294,0.0,46619.338,-0.014715
59330.994,0.0,46619.338,-0.014715
59439.794,0.0,46619.338,-0.014715
59548.694,0.0,46619.338,-0.014715
59657.694,0.0,46619.338,-0.014715
59766.794,0.0,46619.338,-0.014715
59875.994,0.0,46619.338,-0.014715
59985.294,0.0,46619.338,-0.014715
60094.694,0.0,46619.338,-0.014715
60204.194,0.0,46619.338,-0.014715
60313.794,0.0,46619.338,-0.014715
60423.494,0.0,46619.338,-0.014715
60533.294,0.0,46619.338,-0.014715
60643.194,0.0,46619.338,-0.014715
60753.194,0.0,46619.338,-0.014715
60863.294,0.0,46619.338,-0.014715
60973.494,0.0,46619.338,-0.014715
61083.794,0.0,46619.338,-0.014715
61194.194,0.0,46619.338,-0.014715
61304.694,0.0,46619.338,-0.014715
61415.294,0.0,46619.338,-0.014715
61525.994,0.0,46619.338,-0.014715
61636.794,0.0,46619.338,-0.014715
61747.694,0.0,46619.338,-0.014715
61858.694,0.0,46619.338,-0.014715
61969.794,0.0,46619.338,-0.014715
62080.994,0.0,46619.338,-0.014715
62192.294,0.0,46619.338,-0.014715
62303.694,0.0,46619.338,-0.014715
62415.194,0.0,46619.338,-0.014715
62526.794,0.0,46619.338,-0.014715
62638.494,0.0,46619.338,-0.014715
62750.294,0.0,46619.338,-0.014715
62862.194,0.0,46619.338,-0.014715
62974.194,0.0,46619.338,-0.014715
63086.294,0.0,46619.338,-0.014715
63198.494,0.0,46619.338,-0.014715
63310.794,0.0,46619.338,-0.014715
63423.194,0.0,46619.338,-0.014715
63535.694,0.0,46619.338,-0.014715
63648.294,0.0,46619.338,-0.014715
63760.994,0.0,46619.338,-0.014715
63873.794,0.0,46619.338,-0.014715
63986.694,0.0,46619.338,-0.014715
64099.694,0.0,46619.338,-0.014715
64212.794,0.0,46619.338,-0.014715
64325.994,0.0,46619.338,-0.014715
64439.294,0.0,46619.338,-0.014715
64552.694,0.0,46619.338,-0.014715
64666.194,0.0,46619.338,-0.014715
64779.794,0.0,46619.338,-0.014715
64893.494,0.0,46619.338,-0.014715
65007.294,0.0,46619.338,-0.014715
65121.194,0.0,46619.338,-0.014715
65235.194,0.0,46619.338,-0.014715
65349.294,0.0,46619.338,-0.014715
65463.494,0.0,46619.338,-0.014715
65577.794,0.0,46619.338,-0.014715
65692.193,0.0,46619.338,-0.014715
65806.693,0.0,46619.338,-0.014715
65921.293,0.0,46619.338,-0.014715
66035.993,0.0,46619.338,-0.014715
66150.793,0.0,46619.338,-0.014715
66265.693,0.0,46619.338,-0.014715
66380.693,0.0,46619.338,-0.014715
66495.793,0.0,46619.338,-0.014715
66610.993,0.0,46619.338,-0.014715
66726.293,0.0,46619.338,-0.014715
66841.693,0.0,46619.338,-0.014715
66957.193,0.0,46619.338,-0.014715
67072.793,0.0,46619.338,-0.014715
67188.493,0.0,46619.338,-0.014715
67304.293,0.0,46619.338,-0.014715
67420.193,0.0,46619.338,-0.014715
67536.193,0.0,46619.338,-0.014715
67652.293,0.0,46619.338,-0.014715
67768.493,0.0,46619.338,-0.014715
67884.793,0.0,46619.338,-0.014715
68001.193,0.0,46619.338,-0.014715
68117.693,0.0,46619.338,-0.014715
68234.293,0.0,46619.338,-0.014715
68350.993,0.0,46619.338,-0.014715
68467.793,0.0,46619.338,-0.014715
68584.693,0.0,46619.338,-0.014715
68701.693,0.0,46619.338,-0.014715
68818.793,0.0,46619.338,-0.014715
68935.993,0.0,46619.338,-0.014715
69053.293,0.0,46619.338,-0.014715
69170.693,0.0,46619.338,-0.014715
69288.193,0.0,46619.338,-0.014715
69405.793,0.0,46619.338,-0.014715
69523.493,0.0,46619.338,-0.014715
69641.293,0.0,46619.338,-0.014715
69759.193,0.0,46619.338,-0.014715
69877.193,0.1,46619.338,-0.014715
69877.193,0.1,46715.139,-0.00981
69877.193,0.1,46811.04,-0.00981
69877.193,0.1,46907.039,-0.01962
69877.193,0.1,47003.14400000001,-0.01962
69877.193,0.1,47099.34100000001,-0.014715
69877.193,0.1,47195.66200000001,-0.014715
69877.193,0.1,47292.05600000001,-0.014715
69877.193,0.1,47388.54900000001,-0.01962
69877.193,0.1,47485.14100000001,0.0
69877.193,0.1,47581.83300000001,-0.00981
69877.193,0.1,47678.62200000001,-0.028449
69877.193,0.1,47775.53600000001,0.0
69877.193,0.1,47872.52300000001,-0.014715
69877.193,0.1,47969.60900000001,-0.023544
69877.193,0.1,48066.79400000001,-0.00981
69877.193,0.1,48164.08400000001,-0.057879
69877.193,0.1,48261.46600000001,-0.01962
69877.193,0.1,48358.99300000001,-0.00981
69877.193,0.1,48456.57300000001,-0.033354
69877.193,0.1,48554.26300000001,-0.014715
69877.193,0.1,48652.04100000001,-0.014715
69877.193,0.1,48749.947000000015,-0.033354
69877.193,0.1,48847.92200000001,-0.00981
69877.193,0.1,48945.99500000001,0.00981
69877.193,0.1,49044.16800000001,-0.014715
69877.193,0.1,49142.44000000001,-0.033354
69877.193,0.1,49240.81000000001,-0.028449
69877.193,0.1,49339.27800000001,0.023544
69877.193,0.1,49437.845000000016,-0.028449
69877.193,0.1,49536.51100000001,-0.048069
69877.193,0.1,49635.27600000001,-0.01962
69877.193,0.1,49734.140000000014,-0.014715
69877.193,0.1,49833.10300000002,0.004905
69877.193,0.1,49932.165000000015,-0.028449
69877.193,0.1,50031.32500000002,-0.028449
69877.193,0.1,50130.58400000002,-0.014715
69877.193,0.1,50229.949000000015,-0.023544
69877.193,0.1,50329.40500000001,-0.004905
69877.193,0.1,50428.960000000014,-0.00981
69877.193,0.1,50528.61300000001,-0.01962
69877.193,0.1,50628.37000000001,-0.014715
69877.193,0.1,50728.22100000001,-0.01962
69877.193,0.1,50828.19800000001,-0.014715
69877.193,0.1,50928.24700000001,-0.01962
69877.193,0.1,51028.39600000001,-0.014715
69877.193,0.1,51128.64200000001,-0.00981
69877.193,0.1,51228.99300000001,-0.00981
69877.193,0.1,51329.43700000001,-0.014715
69877.193,0.1,51430.01300000001,-0.014715
69877.193,0.1,51530.65500000001,-0.004905
69877.193,0.1,51631.39500000001,0.01962
69877.193,0.1,51732.23500000001,-0.014715
69877.193,0.1,51833.19900000001,-0.00981
69877.193,0.1,51934.236,-0.01962
69877.193,0.1,52035.372,-0.00981
69877.193,0.1,52136.607,-0.004905
69877.193,0.1,52237.953,-0.004905
69877.193,0.1,52339.385,-0.023544
69877.193,0.1,52440.95,0.0
69877.193,0.1,52542.58,0.0
69877.193,0.1,52644.309,-0.00981
69877.193,0.1,52746.137,-0.00981
69877.193,0.1,52848.064000000006,-0.01962
69877.193,0.1,52950.08900000001,-0.01962
69877.193,0.1,53052.21300000001,-0.014715
69877.193,0.1,53154.43600000001,0.004905
69877.193,0.1,53256.75700000001,-0.00981
69877.193,0.1,53359.17700000001,-0.00981
69877.193,0.1,53461.69700000001,-0.014715
69877.193,0.1,53564.31500000001,-0.014715
69877.193,0.1,53667.03100000001,0.0
69877.193,0.1,53769.84600000001,-0.00981
69877.193,0.1,53872.76000000001,-0.00981
69877.193,0.1,53975.77300000001,-0.014715
69877.193,0.1,54078.886000000006,-0.014715
69877.193,0.1,54182.101,-0.014715
69877.193,0.1,54285.411,-0.023544
69877.193,0.1,54388.85,-0.00981
69877.193,0.1,54492.357,-0.043164
69877.193,0.1,54595.963,-0.023544
69877.193,0.1,54699.667,-0.028449
69877.193,0.1,54803.49399999999,-0.048069
69877.193,0.1,54907.39599999999,-0.028449
69877.193,0.1,55011.39599999999,-0.028449
69877.193,0.1,55115.49599999999,-0.00981
69877.193,0.1,55219.728,-0.00981
69877.193,0.1,55324.025,-0.01962
69877.193,0.1,55428.425,-0.028449
69877.193,0.1,55532.92,-0.00981
69877.193,0.1,55637.551,-0.004905
69877.193,0.1,55742.243,-0.023544
69877.193,0.1,55847.034,-0.038259
69877.193,0.1,55951.924,-0.028449
69877.193,0.1,56056.928,-0.01962
69877.193,0.1,56162.016,-0.004905
69877.193,0.1,56267.234,0.014715
69877.193,0.1,56372.51900000001,-0.00981
69877.193,0.1,56477.903000000006,-0.004905
69877.193,0.1,56583.38500000001,-0.014715
69877.193,0.1,56688.96700000001,-0.028449
69877.193,0.1,56794.64700000001,-0.014715
69877.193,0.1,56900.426000000014,0.0
69877.193,0.1,57006.30400000001,-0.033354
69877.193,0.1,57112.28100000001,0.004905
69877.193,0.1,57218.35600000001,-0.028449
69877.193,0.1,57324.530000000006,-0.00981
69877.193,0.1,57430.80300000001,0.004905
69877.193,0.1,57537.17500000001,-0.004905
69877.193,0.1,57643.64600000001,-0.004905
69877.193,0.1,57750.21500000001,-0.038259
69877.193,0.1,57856.90600000001,-0.01962
69877.193,0.1,57963.67200000001,-0.004905
69877.193,0.1,58070.53700000001,0.0
69877.193,0.1,58177.50100000001,-0.014715
69877.193,0.1,58284.56400000001,-0.014715
69877.193,0.1,58391.72600000001,-0.004905
69877.193,0.1,58499.01000000001,0.0
69877.193,0.1,58606.369000000006,-0.004905
69877.193,0.1,58713.827000000005,-0.014715
69877.193,0.1,58821.383,-0.00981
69877.193,0.1,58929.056,0.0
69877.193,0.1,59036.811,-0.004905
69877.193,0.1,59144.664,-0.00981
69877.193,0.1,59252.615000000005,-0.01962
69877.193,0.1,59360.66500000001,-0.00981
69877.193,0.1,59468.81500000001,-0.004905
69877.193,0.1,59577.09100000001,-0.00981
69877.193,0.1,59685.43800000001,-0.01962
69877.193,0.1,59793.88300000001,-0.01962
69877.193,0.1,59902.42700000001,-0.00981
69877.193,0.1,60011.07000000001,-0.00981
69877.193,0.1,60119.812000000005,-0.01962
69877.193,0.1,60228.68200000001,-0.028449
69877.193,0.1,60337.62100000001,-0.014715
69877.193,0.1,60446.66,-0.014715
69877.193,0.1,60555.796,-0.00981
69877.193,0.1,60665.032,-0.01962
69877.193,0.1,60774.367,-0.014715
69877.193,0.1,60883.8,0.014715
69877.193,0.1,60993.348,-0.00981
69877.193,0.1,61102.98,0.0
69877.193,0.1,61212.709,0.0
69877.193,0.1,61322.537,-0.014715
69877.193,0.1,61432.47,-0.00981
69877.193,0.1,61542.49599999999,-0.01962
69877.193,0.1,61652.64899999999,-0.014715
69877.193,0.1,61762.87299999999,-0.023544
69877.193,0.1,61873.19499999999,-0.01962
69877.193,0.1,61983.616,-0.00981
69877.193,0.1,62094.158,-0.00981
69877.193,0.1,62204.777,-0.00981
69877.193,0.1,62315.495,-0.014715
69877.193,0.1,62426.312,-0.004905
69877.193,0.1,62537.233,-0.00981
69877.193,0.1,62648.247,0.119682
69995.293,0.2,62759.391,0.244269
70113.493,0.3,62870.603,0.354141
70231.793,0.4,62981.913,0.503253
70350.193,0.5,62981.913,0.503253
70468.693,0.6,63093.323,0.536607
70587.293,0.7,63204.83700000001,0.737712
70705.993,0.7,63316.44400000001,0.714168
70824.793,0.7,63428.176000000014,0.722997
70943.693,0.7,63539.981000000014,0.709263
71062.693,0.7,63651.88400000001,0.699453
71181.793,0.7,63763.88600000001,0.699453
71300.993,0.7,63875.987000000016,0.699453
71420.293,0.7,63988.186000000016,0.694548
71539.693,0.628571,64100.50900000001,0.737712
71539.693,0.628571,64212.90600000001,0.61803
71659.193,0.528571,64325.40200000001,0.455184
71778.793,0.428571,64437.99600000001,0.407115
71898.493,0.328571,64550.69000000001,0.244269
72018.293,0.228571,64550.69000000001,0.244269
72138.193,0.128571,64663.48100000001,0.172656
72258.193,0.028571,64776.37200000001,0.134397
72258.193,0.028571,64889.36300000001,-0.086328
72378.293,0.0,65002.451000000015,0.00981
72498.493,0.0,65115.65400000002,0.023544
72618.793,0.0,65228.94000000002,-0.023544
72739.193,0.0,65342.32500000002,0.0
72739.193,0.0,65455.80800000002,-0.052974
72859.693,0.0,65455.80800000002,-0.052974
72980.293,0.0,65455.80800000002,-0.052974
73100.993,0.0,65455.80800000002,-0.052974
73221.793,0.0,65455.80800000002,-0.052974
73342.693,0.0,65455.80800000002,-0.052974
73463.693,0.0,65455.80800000002,-0.052974
73584.793,0.0,65455.80800000002,-0.052974
73705.993,0.0,65455.80800000002,-0.052974
73827.293,0.0,65455.80800000002,-0.052974
73948.693,0.0,65455.80800000002,-0.052974
74070.193,0.0,65455.80800000002,-0.052974
74191.793,0.0,65455.80800000002,-0.052974
74313.493,0.0,65455.80800000002,-0.052974
74435.293,0.0,65455.80800000002,-0.052974
74557.193,0.0,65455.80800000002,-0.052974
74679.193,-0.02,65455.80800000002,-0.052974
74679.193,-0.02,65569.39900000002,-0.004905
74679.193,-0.02,65683.08100000002,0.028449
74679.193,-0.02,65796.89100000002,-0.038259
74801.293,-0.12,65910.76900000001,-0.066708
74801.293,-0.12,66024.74600000001,-0.023544
74801.293,-0.12,66138.82200000001,-0.028449
74801.293,-0.12,66253.01700000002,0.014715
74801.293,-0.12,66367.29100000003,-0.033354
74801.293,-0.12,66481.66300000003,0.00981
74801.293,-0.12,66596.13400000003,-0.081423
74801.293,-0.12,66710.70600000003,0.076518
74801.293,-0.12,66825.37400000004,-0.104967
74923.493,-0.22,66940.17800000004,-0.162846
75045.793,-0.32,67055.04300000005,-0.349236
75168.193,-0.42,67170.00900000005,-0.368856
75290.693,-0.52,67285.07200000004,-0.503253
75413.293,-0.62,67400.26900000004,-0.61803
75535.993,-0.7,67515.53000000004,-0.666099
75658.793,-0.7,67630.89000000004,-0.732807
75781.693,-0.7,67746.34800000004,-0.646479
75904.693,-0.7,67861.93600000005,-0.709263
76027.793,-0.7,67977.59200000005,-0.714168
76150.993,-0.7,68093.34600000005,-0.714168
76274.293,-0.7,68209.20000000006,-0.704358
76397.693,-0.7,68325.15200000006,-0.718092
76521.193,-0.608571,68441.20200000006,-0.60822
76644.793,-0.508571,68557.35200000006,-0.478728
76768.493,-0.408571,68673.60100000005,-0.388476
76892.293,-0.308571,68789.94800000005,-0.277623
77016.193,-0.208571,68906.39300000005,-0.191295
77140.193,-0.108571,69022.93700000005,-0.048069
77264.293,-0.008571,69139.58000000005,-0.01962
77388.493,0.0,69256.32200000004,0.004905
77512.793,0.0,69373.17000000004,-0.076518
77637.193,0.0,69490.11000000004,0.038259
77761.693,0.0,69607.14800000004,-0.004905
77886.293,0.0,69724.28500000005,0.0
77886.293,0.0,69841.52000000005,-0.048069
78010.993,0.0,69841.52000000005,-0.048069
78135.793,0.0,69841.52000000005,-0.048069
78260.693,0.0,69841.52000000005,-0.048069
78385.693,0.0,69841.52000000005,-0.048069
78510.793,0.0,69841.52000000005,-0.048069
78635.993,0.0,69841.52000000005,-0.048069
78761.293,0.0,69841.52000000005,-0.048069
78886.693,0.0,69841.52000000005,-0.048069
79012.193,0.0,69841.52000000005,-0.048069
79137.793,0.0,69841.52000000005,-0.048069
79263.493,0.0,69841.52000000005,-0.048069
79389.293,0.0,69841.52000000005,-0.048069
79515.193,0.0,69841.52000000005,-0.048069
79641.193,0.0,69841.52000000005,-0.048069
79767.293,0.0,69841.52000000005,-0.048069
79893.493,0.0,69841.52000000005,-0.048069
80019.793,0.0,69841.52000000005,-0.048069
80146.193,0.0,69841.52000000005,-0.048069
80272.693,0.0,69841.52000000005,-0.048069
80399.293,0.0,69841.52000000005,-0.048069
80525.993,0.0,69841.52000000005,-0.048069
80652.793,0.0,69841.52000000005,-0.048069
80779.693,0.0,69841.52000000005,-0.048069
80906.693,0.0,69841.52000000005,-0.048069
81033.793,0.0,69841.52000000005,-0.048069
81160.993,0.0,69841.52000000005,-0.048069
81288.293,0.0,69841.52000000005,-0.048069
81415.693,0.0,69841.52000000005,-0.048069
81543.193,0.0,69841.52000000005,-0.048069
81670.793,0.0,69841.52000000005,-0.048069
81798.493,0.0,69841.52000000005,-0.048069
81926.293,0.0,69841.52000000005,-0.048069
82054.193,0.0,69841.52000000005,-0.048069
82182.193,0.0,69841.52000000005,-0.048069
82310.293,0.0,69841.52000000005,-0.048069
82438.493,0.0,69841.52000000005,-0.048069
82566.793,0.0,69841.52000000005,-0.048069
82695.193,0.0,69841.52000000005,-0.048069
82823.693,0.0,69841.52000000005,-0.048069
82952.293,0.0,69841.52000000005,-0.048069
83080.993,0.0,69841.52000000005,-0.048069
83209.793,0.0,69841.52000000005,-0.048069
83338.693,0.0,69841.52000000005,-0.048069
83467.693,0.0,69841.52000000005,-0.048069
83596.793,0.0,69841.52000000005,-0.048069
83725.993,0.0,69841.52000000005,-0.048069
83855.293,0.0,69841.52000000005,-0.048069
83984.693,0.0,69841.52000000005,-0.048069
84114.193,0.0,69841.52000000005,-0.048069
84243.793,0.0,69841.52000000005,-0.048069
84373.493,0.0,69841.52000000005,-0.048069
84503.293,0.0,69841.52000000005,-0.048069
84633.193,0.0,69841.52000000005,-0.048069
84763.193,0.0,69841.52000000005,-0.048069
84893.293,0.0,69841.52000000005,-0.048069
85023.493,0.0,69841.52000000005,-0.048069
85153.793,0.0,69841.52000000005,-0.048069
85284.193,0.0,69841.52000000005,-0.048069
85414.693,0.0,69841.52000000005,-0.048069
85545.293,0.0,69841.52000000005,-0.048069
85675.993,0.0,69841.52000000005,-0.048069
85806.793,0.0,69841.52000000005,-0.048069
85937.693,0.0,69841.52000000005,-0.048069
86068.693,0.0,69841.52000000005,-0.048069
86199.793,0.0,69841.52000000005,-0.048069
86330.993,0.0,69841.52000000005,-0.048069
86462.293,0.0,69841.52000000005,-0.048069
86593.693,0.0,69841.52000000005,-0.048069
86725.193,0.0,69841.52000000005,-0.048069
86856.793,0.0,69841.52000000005,-0.048069
86988.493,0.0,69841.52000000005,-0.048069
87120.293,0.0,69841.52000000005,-0.048069
87252.193,0.0,69841.52000000005,-0.048069
87384.193,0.0,69841.52000000005,-0.048069
87516.293,0.0,69841.52000000005,-0.048069
87648.493,0.0,69841.52000000005,-0.048069
87780.793,0.0,69841.52000000005,-0.048069
87913.193,0.0,69841.52000000005,-0.048069
88045.693,0.0,69841.52000000005,-0.048069
88178.293,0.0,69841.52000000005,-0.048069
88310.993,0.0,69841.52000000005,-0.048069
88443.793,0.0,69841.52000000005,-0.048069
88576.693,0.0,69841.52000000005,-0.048069
88709.693,0.0,69841.52000000005,-0.048069
88842.793,0.0,69841.52000000005,-0.048069
88975.993,0.0,69841.52000000005,-0.048069
89109.293,0.0,69841.52000000005,-0.048069
89242.693,0.0,69841.52000000005,-0.048069
89376.193,0.0,69841.52000000005,-0.048069
89509.793,0.0,69841.52000000005,-0.048069
89643.493,0.0,69841.52000000005,-0.048069
89777.293,0.0,69841.52000000005,-0.048069
89911.193,0.0,69841.52000000005,-0.048069
90045.193,0.0,69841.52000000005,-0.048069
90179.293,0.0,69841.52000000005,-0.048069
90313.493,0.0,69841.52000000005,-0.048069
90447.793,0.0,69841.52000000005,-0.048069
90582.193,0.0,69841.52000000005,-0.048069
90716.693,0.0,69841.52000000005,-0.048069
90851.293,0.0,69841.52000000005,-0.048069
90985.993,0.0,69841.52000000005,-0.048069
91120.793,0.0,69841.52000000005,-0.048069
91255.693,0.0,69841.52000000005,-0.048069
91390.693,0.0,69841.52000000005,-0.048069
91525.793,0.0,69841.52000000005,-0.048069
91660.993,0.0,69841.52000000005,-0.048069
91796.293,0.0,69841.52000000005,-0.048069
91931.693,0.0,69841.52000000005,-0.048069
92067.193,0.0,69841.52000000005,-0.048069
92202.793,0.0,69841.52000000005,-0.048069
92338.493,0.0,69841.52000000005,-0.048069
92474.293,0.0,69841.52000000005,-0.048069
92610.193,0.0,69841.52000000005,-0.048069
92746.193,0.0,69841.52000000005,-0.048069
92882.293,0.0,69841.52000000005,-0.048069
93018.493,0.0,69841.52000000005,-0.048069
93154.793,0.0,69841.52000000005,-0.048069
93291.193,0.0,69841.52000000005,-0.048069
93427.693,0.0,69841.52000000005,-0.048069
93564.293,0.0,69841.52000000005,-0.048069
93700.993,0.0,69841.52000000005,-0.048069
93837.793,0.0,69841.52000000005,-0.048069
93974.693,0.0,69841.52000000005,-0.048069
94111.693,0.0,69841.52000000005,-0.048069
94248.793,0.0,69841.52000000005,-0.048069
94385.993,0.0,69841.52000000005,-0.048069
94523.293,0.0,69841.52000000005,-0.048069
94660.693,0.0,69841.52000000005,-0.048069
94798.193,0.0,69841.52000000005,-0.048069
94935.793,0.0,69841.52000000005,-0.048069
95073.493,0.0,69841.52000000005,-0.048069
95211.293,0.0,69841.52000000005,-0.048069
95349.193,0.0,69841.52000000005,-0.048069
95487.193,0.0,69841.52000000005,-0.048069
95625.293,0.0,69841.52000000005,-0.048069
95763.493,0.0,69841.52000000005,-0.048069
95901.793,0.0,69841.52000000005,-0.048069
96040.193,0.0,69841.52000000005,-0.048069
96178.693,0.0,69841.52000000005,-0.048069
96317.293,0.0,69841.52000000005,-0.048069
96455.993,0.0,69841.52000000005,-0.048069
96594.793,0.0,69841.52000000005,-0.048069
96733.693,0.0,69841.52000000005,-0.048069
96872.693,0.0,69841.52000000005,-0.048069
97011.793,0.0,69841.52000000005,-0.048069
97150.993,0.0,69841.52000000005,-0.048069
97290.293,0.0,69841.52000000005,-0.048069
97429.693,0.0,69841.52000000005,-0.048069
97569.193,0.0,69841.52000000005,-0.048069
97708.793,0.0,69841.52000000005,-0.048069
97848.493,0.0,69841.52000000005,-0.048069
97988.293,0.0,69841.52000000005,-0.048069
98128.193,0.0,69841.52000000005,-0.048069
98268.193,0.0,69841.52000000005,-0.048069
98408.293,0.0,69841.52000000005,-0.048069
98548.493,0.0,69841.52000000005,-0.048069
98688.793,0.0,69841.52000000005,-0.048069
98829.193,0.0,69841.52000000005,-0.048069
98969.693,0.0,69841.52000000005,-0.048069
99110.293,0.0,69841.52000000005,-0.048069
99250.993,0.0,69841.52000000005,-0.048069
99391.793,0.0,69841.52000000005,-0.048069
99532.693,0.0,69841.52000000005,-0.048069
99673.693,0.0,69841.52000000005,-0.048069
99814.793,0.0,69841.52000000005,-0.048069
99955.993,0.0,69841.52000000005,-0.048069
100097.29,0.0,69841.52000000005,-0.048069
100238.68,0.0,69841.52000000005,-0.048069
100380.18,0.0,69841.52000000005,-0.048069
100521.78,0.0,69841.52000000005,-0.048069
100663.48,0.0,69841.52000000005,-0.048069
100805.28,0.0,69841.52000000005,-0.048069
100947.18,0.0,69841.52000000005,-0.048069
101089.18,0.0,69841.52000000005,-0.048069
101231.28,0.0,69841.52000000005,-0.048069
101373.48,0.0,69841.52000000005,-0.048069
101515.78,0.1,69841.52000000005,-0.048069
101515.78,0.1,69958.85400000005,-0.00981
101515.78,0.1,70076.29300000005,0.00981
101515.78,0.1,70193.82500000006,0.0
101515.78,0.1,70311.45500000006,-0.043164
101515.78,0.1,70429.18500000006,-0.004905
101515.78,0.1,70547.01300000005,-0.004905
101515.78,0.1,70664.94000000005,0.023544
101515.78,0.1,70782.97600000004,-0.038259
101515.78,0.1,70901.10000000003,-0.014715
101515.78,0.1,71019.35800000004,0.004905
101515.78,0.1,71137.68000000004,-0.014715
101515.78,0.1,71256.10100000004,-0.028449
101515.78,0.1,71374.62100000004,-0.043164
101515.78,0.1,71493.26100000004,0.00981
101515.78,0.1,71611.97800000005,0.004905
101515.78,0.1,71730.79400000005,0.00981
101515.78,0.1,71849.70900000005,-0.052974
101515.78,0.1,71968.72200000005,-0.014715
101515.78,0.1,72087.83400000005,0.01962
101515.78,0.1,72207.04500000004,-0.023544
101515.78,0.1,72326.35400000004,-0.043164
101515.78,0.1,72445.76200000003,-0.119682
101515.78,0.1,72565.26900000003,-0.177561
101515.78,0.1,72684.87400000003,-0.258984
101515.78,0.1,72804.57800000002,-0.157941
101515.78,0.1,72924.38100000002,-0.096138
101515.78,0.1,73044.28300000002,-0.01962
101515.78,0.1,73164.28400000003,-0.014715
101515.78,0.1,73284.38300000003,-0.028449
101515.78,0.1,73404.58100000003,-0.01962
101515.78,0.1,73524.87800000004,-0.01962
101515.78,0.1,73645.27400000003,-0.014715
101515.78,0.1,73765.78300000004,-0.00981
101515.78,0.1,73886.37600000003,-0.004905
101515.78,0.1,74007.06800000003,-0.023544
101515.78,0.1,74127.85800000002,-0.01962
101515.78,0.1,74248.74700000002,-0.00981
101515.78,0.1,74369.73500000002,-0.014715
101515.78,0.1,74490.82800000001,-0.00981
101515.78,0.1,74612.01400000001,-0.023544
101515.78,0.1,74733.33000000002,-0.023544
101515.78,0.1,74854.71200000001,-0.014715
101515.78,0.1,74976.19800000002,-0.023544
101515.78,0.1,75097.77900000002,-0.01962
101515.78,0.1,75219.49700000002,-0.00981
101515.78,0.1,75341.27500000002,-0.01962
101515.78,0.1,75463.15200000002,0.0
101515.78,0.1,75585.12800000001,-0.01962
101515.78,0.1,75707.20900000002,-0.038259
101515.78,0.1,75829.38200000001,-0.00981
101515.78,0.1,75951.67800000001,-0.014715
101515.78,0.1,76074.04800000001,-0.023544
101515.78,0.1,76196.51800000001,-0.023544
101515.78,0.1,76319.08600000001,0.004905
101515.78,0.1,76441.75300000001,0.0
101515.78,0.1,76564.51900000001,0.00981
101515.78,0.1,76687.38300000002,-0.014715
101515.78,0.1,76810.34600000002,-0.00981
101515.78,0.1,76933.40800000002,0.014715
101515.78,0.1,77056.57400000002,-0.014715
101515.78,0.1,77179.83300000003,-0.014715
101515.78,0.1,77303.19100000002,-0.023544
101515.78,0.1,77426.64800000002,-0.023544
101515.78,0.1,77550.20300000001,-0.01962
101515.78,0.1,77673.857,-0.00981
101515.78,0.1,77797.61600000001,0.00981
101515.78,0.1,77921.467,0.0
101515.78,0.1,78045.458,-0.014715
101515.78,0.1,78169.507,-0.00981
101515.78,0.1,78293.656,-0.004905
101515.78,0.1,78417.903,-0.004905
101515.78,0.1,78542.263,-0.014715
101515.78,0.1,78666.70700000001,0.004905
101515.78,0.1,78791.24900000001,-0.00981
101515.78,0.1,78915.88900000001,-0.004905
101515.78,0.1,79040.63900000001,-0.01962
101515.78,0.1,79165.47800000002,0.0
101515.78,0.1,79290.45100000002,-0.004905
101515.78,0.1,79415.48900000002,-0.014715
101515.78,0.1,79540.63000000002,-0.01962
101515.78,0.1,79665.86300000001,-0.014715
101515.78,0.1,79791.22600000001,-0.023544
101515.78,0.1,79916.656,-0.014715
101515.78,0.1,80042.185,-0.00981
101515.78,0.1,80167.81199999999,-0.014715
101515.78,0.1,80293.53799999999,-0.00981
101515.78,0.1,80419.36299999998,-0.00981
101515.78,0.1,80545.32499999998,-0.014715
101515.78,0.1,80671.34699999998,-0.014715
101515.78,0.1,80797.46799999998,-0.014715
101515.78,0.1,80923.68799999998,-0.014715
101515.78,0.1,81050.04099999998,-0.004905
101515.78,0.1,81176.45799999998,-0.00981
101515.78,0.1,81302.97399999999,-0.014715
101515.78,0.1,81429.58799999999,-0.00981
101515.78,0.1,81556.30099999999,-0.00981
101515.78,0.1,81683.113,-0.00981
101515.78,0.1,81810.02399999999,-0.014715
101515.78,0.1,81937.033,-0.00981
101515.78,0.1,82064.14099999999,-0.014715
101515.78,0.1,82191.34799999998,-0.014715
101515.78,0.1,82318.65399999998,-0.014715
101515.78,0.1,82446.05799999998,-0.014715
101515.78,0.1,82573.56099999997,-0.01962
101515.78,0.1,82701.19099999998,-0.014715
101515.78,0.1,82828.89199999998,0.0
101515.78,0.1,82956.69099999998,-0.014715
101515.78,0.1,83084.58899999998,-0.00981
101515.78,0.1,83212.59199999998,-0.01962
101515.78,0.1,83340.68699999998,-0.048069
101515.78,0.1,83468.90999999997,-0.01962
101515.78,0.1,83597.20299999998,-0.023544
101515.78,0.1,83725.59399999998,0.01962
101515.78,0.1,83854.08399999999,0.00981
101515.78,0.1,83982.673,-0.023544
101515.78,0.1,84111.36,-0.014715
101515.78,0.1,84240.17,-0.004905
101515.78,0.1,84369.055,-0.00981
101515.78,0.1,84498.03899999999,-0.00981
101515.78,0.1,84627.12099999998,0.0
101515.78,0.1,84756.30099999998,-0.004905
101515.78,0.1,84885.57999999997,-0.028449
101515.78,0.1,85014.95799999997,-0.004905
101515.78,0.1,85144.43499999997,-0.004905
101515.78,0.1,85274.01099999997,-0.01962
101515.78,0.1,85403.68499999997,-0.00981
101515.78,0.1,85533.45799999997,-0.00981
101515.78,0.1,85663.32999999997,0.0
101515.78,0.1,85793.29999999997,-0.004905
101515.78,0.1,85923.37999999998,0.0
101515.78,0.1,86053.54799999998,-0.033354
101515.78,0.1,86183.81399999998,-0.023544
101515.78,0.1,86314.17899999999,-0.01962
101515.78,0.1,86444.64899999999,-0.00981
101515.78,0.1,86575.211,-0.01962
101515.78,0.1,86705.897,-0.004905
101515.78,0.1,86836.65699999999,-0.014715
101515.78,0.1,86967.51499999998,-0.004905
101515.78,0.1,87098.47199999998,-0.01962
101515.78,0.1,87229.54899999998,-0.00981
101515.78,0.1,87360.70299999998,0.004905
101515.78,0.1,87491.95599999998,-0.00981
101515.78,0.1,87623.30699999997,0.0
101515.78,0.1,87754.75699999997,-0.023544
101515.78,0.1,87886.30599999997,-0.014715
101515.78,0.1,88017.97699999997,-0.00981
101515.78,0.1,88149.72299999997,-0.01962
101515.78,0.1,88281.56699999997,-0.028449
101515.78,0.1,88413.50999999997,-0.023544
101515.78,0.1,88545.57599999997,-0.01962
101515.78,0.1,88677.71699999998,-0.023544
101515.78,0.1,88809.95599999998,-0.00981
101515.78,0.1,88942.29399999998,-0.01962
101515.78,0.1,89074.72999999998,-0.01962
101515.78,0.1,89207.26499999998,-0.004905
101515.78,0.1,89339.89999999998,0.0
101515.78,0.1,89472.63299999997,-0.01962
101515.78,0.1,89605.46399999998,-0.00981
101515.78,0.1,89738.39799999997,0.004905
101515.78,0.1,89871.42699999997,-0.004905
101515.78,0.1,90004.55499999996,-0.014715
101515.78,0.1,90137.78099999996,-0.004905
101515.78,0.1,90271.10499999997,-0.01962
101515.78,0.1,90404.52799999996,-0.014715
101515.78,0.1,90538.07099999997,-0.004905
101515.78,0.1,90671.69199999997,-0.014715
101515.78,0.1,90805.41099999996,-0.00981
101515.78,0.1,90939.22799999994,-0.00981
101515.78,0.1,91073.15599999994,-0.00981
101515.78,0.1,91207.17099999994,-0.014715
101515.78,0.1,91341.28499999996,-0.01962
101515.78,0.1,91475.49799999996,-0.014715
101515.78,0.1,91609.80999999995,-0.023544
101515.78,0.1,91744.21999999996,-0.00981
101515.78,0.1,91878.73099999996,-0.01962
101515.78,0.1,92013.33999999995,-0.004905
101515.78,0.1,92148.06699999997,-0.004905
101515.78,0.1,92282.87299999996,-0.038259
101515.78,0.1,92417.77699999994,-0.038259
101515.78,0.1,92552.77999999994,0.0
101515.78,0.1,92687.88299999994,-0.01962
101515.78,0.1,92823.08399999994,0.0
101515.78,0.1,92958.40799999994,0.057879
101658.18,0.2,93093.80699999994,0.220725
101800.68,0.3,93229.30399999996,0.272718
101943.28,0.4,93364.89999999997,0.435564
102085.98,0.5,93500.62799999995,0.551322
102228.78,0.6,93636.42099999996,0.61803
102371.68,0.7,93772.31299999997,0.761256
102514.68,0.7,93908.30399999996,0.671004
102657.78,0.7,94044.39399999996,0.737712
102800.98,0.7,94180.58199999997,0.679833
102944.28,0.7,94316.89999999997,0.722997
103087.68,0.7,94453.28699999995,0.689643
103231.18,0.7,94589.77199999995,0.661194
103374.78,0.7,94726.35599999996,0.709263
103518.48,0.628571,94863.03799999996,0.641574
103662.28,0.528571,94999.81899999996,0.498348
103806.18,0.428571,95136.69899999996,0.42183
103950.18,0.328571,95273.67799999996,0.320787
104094.28,0.228571,95410.75499999998,0.201105
104238.48,0.128571,95547.93899999995,0.109872
104382.78,0.028571,95685.21399999996,0.014715
104527.18,0.0,95822.61899999996,-0.023544
104671.68,0.0,95960.09199999996,-0.01962
104816.28,0.0,96097.66299999996,-0.01962
104960.98,0.0,96235.33299999996,-0.004905
105105.78,0.0,96373.12499999996,-0.033354
105250.68,0.0,96510.99299999996,0.01962
105395.68,0.0,96648.99799999996,-0.101043
105540.78,0.0,96787.06299999997,0.043164
105685.98,0.0,96925.22699999996,-0.048069
105831.28,0.0,97063.48999999998,0.086328
105976.68,0.0,97201.86899999998,-0.091233
106122.18,0.0,97340.32999999996,0.004905
106267.78,0.0,97478.88899999997,-0.043164
106413.48,0.0,97478.88899999997,-0.043164
106559.28,0.0,97478.88899999997,-0.043164
106705.18,0.0,97478.88899999997,-0.043164
106851.18,0.0,97478.88899999997,-0.043164
106997.28,0.0,97478.88899999997,-0.043164
107143.48,0.0,97617.54699999996,0.023544
107289.78,-0.02,97756.32099999997,-0.028449
107436.18,-0.12,97895.17699999997,-0.01962
107436.18,-0.12,98034.17399999996,0.0
107436.18,-0.12,98173.22699999996,-0.048069
107582.68,-0.22,98312.38599999995,-0.234459
107729.28,-0.32,98451.63699999996,-0.277623
107875.98,-0.42,98591.01699999998,-0.40221
108022.78,-0.52,98730.46599999996,-0.503253
108169.68,-0.62,98870.01299999998,-0.569961
108316.68,-0.7,99009.65899999996,-0.732807
108463.78,-0.7,99149.40399999997,-0.679833
108610.98,-0.7,99289.24799999996,-0.679833
108758.28,-0.7,99429.19099999996,-0.694548
108905.68,-0.7,99569.23199999996,-0.709263
109053.18,-0.7,99569.23199999996,-0.709263
109200.78,-0.7,99709.37199999996,-0.679833
109348.48,-0.7,99849.60999999996,-0.684738
109496.28,-0.608571,99989.94699999996,-0.666099
109644.18,-0.508571,100130.38399999996,-0.551322
109792.18,-0.408571,100270.91899999997,-0.460089
109940.28,-0.308571,100411.55399999996,-0.363951
110088.48,-0.208571,100552.28699999995,-0.267813
110236.78,-0.108571,100693.11899999996,-0.096138
110385.18,-0.008571,100834.04999999994,-0.086328
110385.18,-0.008571,100975.08299999994,0.004905
110533.68,0.0,101116.21099999994,-0.043164
110533.68,0.0,101257.43799999994,0.052974
110682.28,0.0,101398.76399999994,-0.043164
110830.98,0.0,101540.19299999994,-0.01962
110979.78,0.0,101681.71599999994,-0.014715
111128.68,0.0,101823.36199999994,0.01962
111277.68,0.0,101965.08299999994,0.0
111277.68,0.0,102106.90299999996,-0.048069
111426.78,0.0,102106.90299999996,-0.048069
111575.98,0.0,102106.90299999996,-0.048069
111725.28,0.0,102106.90299999996,-0.048069
111874.68,0.0,102106.90299999996,-0.048069
112024.18,0.0,102106.90299999996,-0.048069
112173.78,0.0,102106.90299999996,-0.048069
112323.48,0.0,102106.90299999996,-0.048069
112473.28,0.0,102106.90299999996,-0.048069
112623.18,0.0,102106.90299999996,-0.048069
112773.18,0.0,102106.90299999996,-0.048069
112923.28,0.0,102106.90299999996,-0.048069
113073.48,0.0,102106.90299999996,-0.048069
113223.78,0.0,102106.90299999996,-0.048069
113374.18,0.0,102106.90299999996,-0.048069
113524.68,0.0,102106.90299999996,-0.048069
113675.28,0.0,102106.90299999996,-0.048069
113825.98,0.0,102106.90299999996,-0.048069
113976.78,0.0,102106.90299999996,-0.048069
114127.68,0.0,102106.90299999996,-0.048069
114278.68,0.0,102106.90299999996,-0.048069
114429.78,0.0,102106.90299999996,-0.048069
114580.98,0.0,102106.90299999996,-0.048069
114732.28,0.0,102106.90299999996,-0.048069
114883.68,0.0,102106.90299999996,-0.048069
115035.18,0.0,102106.90299999996,-0.048069
115186.78,0.0,102106.90299999996,-0.048069
115338.48,0.0,102106.90299999996,-0.048069
115490.28,0.0,102106.90299999996,-0.048069
115642.18,0.0,102106.90299999996,-0.048069
115794.18,0.0,102106.90299999996,-0.048069
115946.28,0.0,102106.90299999996,-0.048069
116098.48,0.0,102106.90299999996,-0.048069
116250.78,0.0,102106.90299999996,-0.048069
116403.18,0.0,102106.90299999996,-0.048069
116555.68,0.0,102106.90299999996,-0.048069
116708.28,0.0,102106.90299999996,-0.048069
116860.98,0.0,102106.90299999996,-0.048069
117013.78,0.0,102106.90299999996,-0.048069
117166.68,0.0,102106.90299999996,-0.048069
117319.68,0.0,102106.90299999996,-0.048069
117472.78,0.0,102106.90299999996,-0.048069
117625.98,0.0,102106.90299999996,-0.048069
117779.28,0.0,102106.90299999996,-0.048069
117932.68,0.0,102106.90299999996,-0.048069
118086.18,0.0,102106.90299999996,-0.048069
118239.78,0.0,102106.90299999996,-0.048069
118393.48,0.0,102106.90299999996,-0.048069
118547.28,0.0,102106.90299999996,-0.048069
118701.18,0.0,102106.90299999996,-0.048069
118855.18,0.0,102106.90299999996,-0.048069
119009.28,0.0,102106.90299999996,-0.048069
119163.48,0.0,102106.90299999996,-0.048069
119317.78,0.0,102106.90299999996,-0.048069
119472.18,0.0,102106.90299999996,-0.048069
119626.68,0.0,102106.90299999996,-0.048069
119781.28,0.0,102106.90299999996,-0.048069
119935.98,0.0,102106.90299999996,-0.048069
120090.78,0.0,102106.90299999996,-0.048069
120245.68,0.0,102106.90299999996,-0.048069
120400.68,0.0,102106.90299999996,-0.048069
120555.78,0.0,102106.90299999996,-0.048069
120710.98,0.0,102106.90299999996,-0.048069
120866.28,0.0,102106.90299999996,-0.048069
121021.68,0.0,102106.90299999996,-0.048069
121177.18,0.0,102106.90299999996,-0.048069
121332.78,0.0,102106.90299999996,-0.048069
121488.48,0.0,102106.90299999996,-0.048069
121644.28,0.0,102106.90299999996,-0.048069
121800.18,0.0,102106.90299999996,-0.048069
121956.18,0.0,102106.90299999996,-0.048069
122112.28,0.0,102106.90299999996,-0.048069
122268.48,0.0,102106.90299999996,-0.048069
122424.78,0.0,102106.90299999996,-0.048069
122581.18,0.0,102106.90299999996,-0.048069
122737.68,0.0,102106.90299999996,-0.048069
122894.28,0.0,102106.90299999996,-0.048069
123050.98,0.0,102106.90299999996,-0.048069
123207.78,0.0,102106.90299999996,-0.048069
123364.68,0.0,102106.90299999996,-0.048069
123521.68,0.0,102106.90299999996,-0.048069
123678.78,0.0,102106.90299999996,-0.048069
123835.98,0.0,102106.90299999996,-0.048069
123993.28,0.0,102106.90299999996,-0.048069
124150.68,0.0,102106.90299999996,-0.048069
124308.18,0.0,102106.90299999996,-0.048069
124465.78,0.0,102106.90299999996,-0.048069
124623.48,0.0,102106.90299999996,-0.048069
124781.28,0.0,102106.90299999996,-0.048069
124939.18,0.0,102106.90299999996,-0.048069
125097.18,0.0,102106.90299999996,-0.048069
125255.28,0.0,102106.90299999996,-0.048069
125413.48,0.0,102106.90299999996,-0.048069
125571.78,0.0,102106.90299999996,-0.048069
125730.18,0.0,102106.90299999996,-0.048069
125888.68,0.0,102106.90299999996,-0.048069
126047.28,0.0,102106.90299999996,-0.048069
126205.98,0.0,102106.90299999996,-0.048069
126364.78,0.0,102106.90299999996,-0.048069
126523.68,0.0,102106.90299999996,-0.048069
126682.68,0.0,102106.90299999996,-0.048069
126841.78,0.0,102106.90299999996,-0.048069
127000.98,0.0,102106.90299999996,-0.048069
127160.28,0.0,102106.90299999996,-0.048069
127319.68,0.0,102106.90299999996,-0.048069
127479.18,0.0,102106.90299999996,-0.048069
127638.78,0.0,102106.90299999996,-0.048069
127798.48,0.0,102106.90299999996,-0.048069
127958.28,0.0,102106.90299999996,-0.048069
128118.18,0.0,102106.90299999996,-0.048069
128278.18,0.0,102106.90299999996,-0.048069
128438.28,0.0,102106.90299999996,-0.048069
128598.48,0.0,102106.90299999996,-0.048069
128758.78,0.0,102106.90299999996,-0.048069
128919.18,0.0,102106.90299999996,-0.048069
129079.68,0.0,102106.90299999996,-0.048069
129240.28,0.0,102106.90299999996,-0.048069
129400.98,0.0,102106.90299999996,-0.048069
129561.78,0.0,102106.90299999996,-0.048069
129722.68,0.0,102106.90299999996,-0.048069
129883.68,0.0,102106.90299999996,-0.048069
130044.78,0.0,102106.90299999996,-0.048069
130205.98,0.0,102106.90299999996,-0.048069
130367.28,0.0,102106.90299999996,-0.048069
130528.68,0.0,102106.90299999996,-0.048069
130690.18,0.0,102106.90299999996,-0.048069
130851.78,0.0,102106.90299999996,-0.048069
131013.48,0.0,102106.90299999996,-0.048069
131175.28,0.0,102106.90299999996,-0.048069
131337.18,0.0,102106.90299999996,-0.048069
131499.18,0.0,102106.90299999996,-0.048069
131661.28,0.0,102106.90299999996,-0.048069
131823.48,0.0,102106.90299999996,-0.048069
131985.78,0.0,102106.90299999996,-0.048069
132148.18,0.0,102106.90299999996,-0.048069
132310.68,0.0,102106.90299999996,-0.048069
132473.28,0.0,102106.90299999996,-0.048069
132635.98,0.0,102106.90299999996,-0.048069
132798.78,0.0,102106.90299999996,-0.048069
132961.68,0.0,102106.90299999996,-0.048069
133124.68,0.0,102106.90299999996,-0.048069
133287.78,0.0,102106.90299999996,-0.048069
133450.98,0.0,102106.90299999996,-0.048069
133614.28,0.0,102106.90299999996,-0.048069
133777.68,0.0,102106.90299999996,-0.048069
133941.18,0.0,102106.90299999996,-0.048069
134104.78,0.0,102106.90299999996,-0.048069
134268.48,0.0,102106.90299999996,-0.048069
134432.28,0.0,102106.90299999996,-0.048069
134596.18,0.0,102106.90299999996,-0.048069
134760.18,0.0,102106.90299999996,-0.048069
134924.28,0.0,102106.90299999996,-0.048069
135088.48,0.0,102106.90299999996,-0.048069
135252.78,0.0,102106.90299999996,-0.048069
135417.18,0.0,102106.90299999996,-0.048069
135581.68,0.0,102106.90299999996,-0.048069
135746.28,0.0,102106.90299999996,-0.048069
135910.98,0.0,102106.90299999996,-0.048069
136075.78,0.0,102106.90299999996,-0.048069
136240.68,0.0,102106.90299999996,-0.048069
136405.68,0.0,102106.90299999996,-0.048069
136570.78,0.0,102106.90299999996,-0.048069
136735.98,0.0,102106.90299999996,-0.048069
136901.28,0.0,102106.90299999996,-0.048069
137066.68,0.0,102106.90299999996,-0.048069
137232.18,0.0,102106.90299999996,-0.048069
137397.78,0.0,102106.90299999996,-0.048069
137563.48,0.0,102106.90299999996,-0.048069
137729.28,0.0,102106.90299999996,-0.048069
137895.18,0.0,102106.90299999996,-0.048069
138061.18,0.0,102106.90299999996,-0.048069
138227.28,0.0,102106.90299999996,-0.048069
138393.48,0.0,102106.90299999996,-0.048069
138559.78,0.0,102106.90299999996,-0.048069
138726.18,0.0,102106.90299999996,-0.048069
138892.68,0.0,102106.90299999996,-0.048069
139059.28,0.0,102106.90299999996,-0.048069
139225.98,0.0,102106.90299999996,-0.048069
139392.78,0.0,102106.90299999996,-0.048069
139559.68,0.1,102106.90299999996,-0.048069
139559.68,0.1,102248.82199999994,-0.023544
139559.68,0.1,102390.84199999996,0.023544
139559.68,0.1,102532.95799999994,0.00981
139559.68,0.1,102675.19799999996,-0.01962
139559.68,0.1,102817.51199999994,-0.048069
139559.68,0.1,102959.92499999994,0.023544
139559.68,0.1,103102.43599999994,0.014715
139559.68,0.1,103245.04599999994,-0.004905
139559.68,0.1,103387.75499999996,-0.033354
139559.68,0.1,103530.59899999994,0.00981
139559.68,0.1,103673.50599999996,0.028449
139559.68,0.1,103816.51199999994,-0.023544
139559.68,0.1,103959.61599999997,-0.028449
139559.68,0.1,104102.81899999994,-0.00981
139559.68,0.1,104246.12099999994,0.038259
139559.68,0.1,104389.55899999994,-0.01962
139559.68,0.1,104533.05799999992,-0.052974
139559.68,0.1,104676.65599999992,-0.086328
139559.68,0.1,104820.35199999993,-0.148131
139559.68,0.1,104964.14699999992,-0.20601
139559.68,0.1,105108.04099999992,-0.162846
139559.68,0.1,105252.03299999992,-0.104967
139559.68,0.1,105396.12499999993,-0.043164
139559.68,0.1,105540.31499999992,-0.004905
139559.68,0.1,105684.60399999992,-0.01962
139559.68,0.1,105828.99099999994,-0.00981
139559.68,0.1,105973.50099999992,-0.004905
139559.68,0.1,106118.08599999994,-0.014715
139559.68,0.1,106262.77099999994,0.0
139559.68,0.1,106407.55299999994,-0.004905
139559.68,0.1,106552.43799999994,-0.00981
139559.68,0.1,106697.41799999992,-0.00981
139559.68,0.1,106842.52999999993,-0.004905
139559.68,0.1,106987.70799999993,-0.014715
139559.68,0.1,107132.98499999991,-0.004905
139559.68,0.1,107278.35999999991,-0.004905
139559.68,0.1,107423.84699999992,-0.033354
139559.68,0.1,107569.41999999993,-0.00981
139559.68,0.1,107715.12699999992,-0.00981
139559.68,0.1,107860.89799999991,-0.023544
139559.68,0.1,108006.76699999992,-0.004905
139559.68,0.1,108152.73499999991,-0.014715
139559.68,0.1,108298.82499999992,0.004905
139559.68,0.1,108444.9909999999,-0.00981
139559.68,0.1,108591.2549999999,-0.014715
139559.68,0.1,108737.6179999999,0.0
139559.68,0.1,108884.0799999999,-0.004905
139559.68,0.1,109030.6409999999,0.004905
139559.68,0.1,109177.3009999999,-0.004905
139559.68,0.1,109324.05999999992,-0.023544
139559.68,0.1,109470.94999999992,-0.023544
139559.68,0.1,109617.90599999992,-0.01962
139559.68,0.1,109764.96099999992,-0.014715
139559.68,0.1,109912.11299999992,-0.033354
139559.68,0.1,110059.3649999999,0.038259
139559.68,0.1,110206.7159999999,0.004905
139559.68,0.1,110354.20299999988,0.0
139559.68,0.1,110501.75099999987,0.004905
139559.68,0.1,110649.39799999988,0.004905
139559.68,0.1,110797.16599999988,-0.004905
139559.68,0.1,110945.01099999988,0.0
139559.68,0.1,111092.95399999988,-0.014715
139559.68,0.1,111240.99599999988,-0.028449
139559.68,0.1,111389.13999999988,-0.014715
139559.68,0.1,111537.37999999987,-0.014715
139559.68,0.1,111685.75499999987,-0.004905
139559.68,0.1,111834.19299999988,-0.014715
139559.68,0.1,111982.74299999989,-0.00981
139559.68,0.1,112131.37799999988,0.004905
139559.68,0.1,112280.11099999987,-0.014715
139559.68,0.1,112428.94299999988,-0.00981
139559.68,0.1,112577.87599999987,-0.014715
139559.68,0.1,112726.90599999989,-0.014715
139559.68,0.1,112876.06599999988,-0.014715
139559.68,0.1,113025.29399999988,-0.014715
139559.68,0.1,113174.61999999988,-0.01962
139559.68,0.1,113324.04499999988,-0.028449
139559.68,0.1,113473.59499999988,-0.00981
139559.68,0.1,113623.21799999988,0.0
139559.68,0.1,113772.93999999989,-0.014715
139559.68,0.1,113922.7599999999,-0.004905
139559.68,0.1,114072.6779999999,-0.014715
139559.68,0.1,114222.6959999999,-0.023544
139559.68,0.1,114372.8129999999,-0.014715
139559.68,0.1,114523.02799999987,-0.014715
139559.68,0.1,114673.34199999987,-0.01962
139559.68,0.1,114823.75399999988,-0.014715
139559.68,0.1,114974.30599999988,-0.00981
139559.68,0.1,115124.91599999988,-0.01962
139559.68,0.1,115275.62399999988,-0.014715
139559.68,0.1,115426.43199999988,-0.00981
139559.68,0.1,115577.33799999989,-0.01962
139559.68,0.1,115728.34299999988,-0.004905
139559.68,0.1,115879.4469999999,-0.023544
139559.68,0.1,116030.6669999999,-0.00981
139559.68,0.1,116181.9679999999,-0.00981
139559.68,0.1,116333.36699999993,-0.00981
139559.68,0.1,116484.86499999992,-0.01962
139559.68,0.1,116636.47899999992,-0.01962
139559.68,0.1,116788.17599999992,-0.00981
139559.68,0.1,116939.97099999992,-0.014715
139559.68,0.1,117091.86499999992,-0.01962
139559.68,0.1,117243.85799999992,-0.004905
139559.68,0.1,117395.94899999992,-0.014715
139559.68,0.1,117548.16299999991,-0.01962
139559.68,0.1,117700.45199999992,-0.00981
139559.68,0.1,117852.83799999992,0.014715
139559.68,0.1,118005.32299999992,-0.014715
139559.68,0.1,118157.91399999992,-0.014715
139559.68,0.1,118310.59699999994,-0.01962
139559.68,0.1,118463.40799999994,-0.014715
139559.68,0.1,118616.28899999992,-0.023544
139559.68,0.1,118769.26799999994,-0.004905
139559.68,0.1,118922.34599999992,0.0
139559.68,0.1,119075.52299999991,-0.023544
139559.68,0.1,119228.79899999993,-0.038259
139559.68,0.1,119382.20299999992,-0.023544
139559.68,0.1,119535.67599999992,-0.01962
139559.68,0.1,119689.24799999992,-0.00981
139559.68,0.1,119842.91899999992,-0.00981
139559.68,0.1,119996.68899999993,-0.01962
139559.68,0.1,120150.55699999991,0.0
139559.68,0.1,120304.52399999992,-0.004905
139559.68,0.1,120458.58899999992,-0.014715
139559.68,0.1,120612.75199999992,0.014715
139559.68,0.1,120767.01599999992,-0.014715
139559.68,0.1,120921.37799999992,-0.00981
139559.68,0.1,121075.86199999992,-0.014715
139559.68,0.1,121230.42099999991,-0.00981
139559.68,0.1,121385.07899999993,-0.00981
139559.68,0.1,121539.83599999992,-0.00981
139559.68,0.1,121694.7179999999,-0.014715
139559.68,0.1,121849.6719999999,0.0
139559.68,0.1,122004.7249999999,-0.00981
139559.68,0.1,122159.8759999999,-0.028449
139559.68,0.1,122315.1309999999,-0.01962
139559.68,0.1,122470.48099999993,-0.014715
139559.68,0.1,122625.95099999991,-0.004905
139559.68,0.1,122781.49799999992,0.00981
139559.68,0.1,122937.18299999992,-0.033354
139559.68,0.1,123092.92799999993,-0.00981
139559.68,0.1,123248.77199999992,-0.00981
139559.68,0.1,123404.7139999999,-0.004905
139559.68,0.1,123560.77899999992,-0.00981
139559.68,0.1,123716.9189999999,-0.00981
139559.68,0.1,123873.15799999992,-0.004905
139559.68,0.1,124029.49499999992,-0.004905
139559.68,0.1,124185.9599999999,0.0
139559.68,0.1,124342.49499999992,0.004905
139559.68,0.1,124499.12899999991,-0.004905
139559.68,0.1,124655.8619999999,-0.00981
139559.68,0.1,124812.6939999999,-0.01962
139559.68,0.1,124969.6239999999,-0.00981
139559.68,0.1,125126.6739999999,-0.004905
139559.68,0.1,125283.8019999999,-0.004905
139559.68,0.1,125441.0289999999,-0.01962
139559.68,0.1,125598.35399999988,-0.01962
139559.68,0.1,125755.77799999987,-0.014715
139559.68,0.1,125913.29999999989,-0.043164
139559.68,0.1,126070.92199999987,-0.033354
139559.68,0.1,126228.6429999999,-0.014715
139559.68,0.1,126386.4619999999,-0.01962
139559.68,0.1,126544.3839999999,-0.014715
139559.68,0.1,126702.40099999993,-0.00981
139559.68,0.1,126860.5169999999,-0.014715
139559.68,0.1,127018.73099999993,-0.014715
139559.68,0.1,127177.0439999999,-0.004905
139559.68,0.1,127335.4559999999,-0.00981
139559.68,0.1,127493.97999999992,-0.014715
139559.68,0.1,127652.5889999999,-0.00981
139559.68,0.1,127811.2969999999,-0.01962
139559.68,0.1,127970.1039999999,-0.071613
139559.68,0.1,128129.01099999993,-0.048069
139559.68,0.1,128288.01499999993,-0.023544
139559.68,0.1,128447.1419999999,-0.01962
139559.68,0.1,128606.34399999992,-0.01962
139559.68,0.1,128765.64399999991,-0.014715
139559.68,0.1,128925.04299999992,-0.01962
139559.68,0.1,129084.55599999992,-0.014715
139559.68,0.1,129244.15299999992,-0.00981
139559.68,0.1,129403.89199999992,-0.00981
139559.68,0.1,129563.68599999991,-0.00981
139559.68,0.1,129723.57899999993,0.004905
139726.68,0.2,129883.57099999992,0.234459
139893.78,0.3,130043.6609999999,0.272718
140060.98,0.4,130203.85099999992,0.430659
140228.28,0.5,130364.13899999992,0.526797
140395.68,0.6,130524.52599999993,0.593505
140563.18,0.7,130685.01199999992,0.752427
140730.78,0.7,130845.59599999992,0.671004
140898.48,0.7,131006.27899999992,0.704358
141066.28,0.7,131167.06099999993,0.709263
141234.18,0.7,131327.94199999992,0.661194
141402.18,0.7,131488.92199999993,0.737712
141570.28,0.7,131650.00099999993,0.709263
141738.48,0.7,131811.17799999993,0.714168
141906.78,0.628571,131972.45399999994,0.656289
142075.18,0.528571,132133.82899999994,0.574866
142243.68,0.428571,132295.30299999993,0.435564
142412.28,0.328571,132456.87799999994,0.359046
142580.98,0.228571,132618.54999999993,0.263889
142749.78,0.128571,132780.33699999994,0.109872
142918.68,0.028571,132942.20599999995,0.076518
143087.68,0.0,133104.21199999994,-0.038259
143256.78,0.0,133266.27799999993,-0.028449
143425.98,0.0,133428.44299999994,0.052974
143595.28,0.0,133590.70699999994,-0.014715
143764.68,0.0,133753.08699999994,0.043164
143934.18,0.0,133753.08699999994,0.043164
144103.78,0.0,133753.08699999994,0.043164
144273.48,0.0,133753.08699999994,0.043164
144443.28,0.0,133753.08699999994,0.043164
144613.18,0.0,133753.08699999994,0.043164
144783.18,0.0,133915.54899999994,-0.048069
144953.28,0.0,134078.14899999995,-0.033354
145123.48,0.0,134240.80899999995,0.01962
145293.78,0.0,134403.57699999996,-0.033354
145464.18,0.0,134566.43399999995,0.048069
145634.68,0.0,134729.42199999996,-0.076518
145805.28,0.0,134892.47699999996,0.028449
145975.98,0.0,135055.63099999996,-0.01962
146146.78,0.0,135218.88299999997,0.033354
146317.68,-0.02,135382.23399999997,-0.01962
146488.68,-0.12,135545.68399999998,-0.028449
146488.68,-0.12,135709.23299999998,-0.043164
146488.68,-0.12,135872.87999999998,-0.014715
146488.68,-0.12,136036.62699999998,-0.162846
146659.78,-0.22,136200.47199999998,-0.277623
146830.98,-0.32,136200.47199999998,-0.277623
147002.28,-0.42,136364.41599999997,-0.407115
147173.68,-0.52,136528.45899999997,-0.464994
147345.18,-0.62,136692.64199999996,-0.569961
147516.78,-0.7,136856.88199999995,-0.709263
147688.48,-0.7,137021.22099999996,-0.732807
147860.28,-0.7,137185.65799999997,-0.727902
148032.18,-0.7,137350.19499999998,-0.766161
148204.18,-0.7,137514.83,-0.709263
148376.28,-0.7,137679.56399999998,-0.694548
148548.48,-0.7,137844.39599999998,-0.714168
148720.78,-0.7,138009.327,-0.699453
148893.18,-0.608571,138174.356,-0.569961
149065.68,-0.508571,138339.485,-0.464994
149238.28,-0.408571,138504.712,-0.430659
149410.98,-0.308571,138670.038,-0.244269
149583.78,-0.208571,138835.462,-0.210915
149756.68,-0.108571,139000.985,-0.057879
149929.68,-0.008571,139166.63999999998,-0.033354
150102.78,0.0,139332.36099999998,0.004905
150275.98,0.0,139498.18299999996,0.038259
150449.28,0.0,139664.10199999996,-0.081423
150622.68,0.0,139830.14499999996,0.014715
150796.18,0.0,139996.25999999995,-0.023544
150969.78,0.0,140162.47499999995,0.033354
151143.48,0.0,140328.78799999994,-0.061803
151317.28,0.0,140495.21499999994,-0.014715
151491.18,0.0,140661.72599999994,0.0
151491.18,0.0,140828.37499999994,0.0
151665.18,0.0,140828.37499999994,0.0
151839.28,0.0,140828.37499999994,0.0
152013.48,0.0,140828.37499999994,0.0
152187.78,0.0,140828.37499999994,0.0
152362.18,0.0,140828.37499999994,0.0
152536.68,0.0,140828.37499999994,0.0
152711.28,0.0,140828.37499999994,0.0
152885.98,0.0,140828.37499999994,0.0
153060.78,0.0,140828.37499999994,0.0
153235.68,0.0,140828.37499999994,0.0
153410.68,0.0,140828.37499999994,0.0
153585.78,0.0,140828.37499999994,0.0
153760.98,0.0,140828.37499999994,0.0
153936.28,0.0,140828.37499999994,0.0
154111.68,0.0,140828.37499999994,0.0
154287.18,0.0,140828.37499999994,0.0
154462.78,0.0,140828.37499999994,0.0
154638.48,0.0,140828.37499999994,0.0
154814.28,0.0,140828.37499999994,0.0
154990.18,0.0,140828.37499999994,0.0
155166.18,0.0,140828.37499999994,0.0
155342.28,0.0,140828.37499999994,0.0
155518.48,0.0,140828.37499999994,0.0
155694.78,0.0,140828.37499999994,0.0
155871.18,0.0,140828.37499999994,0.0
156047.68,0.0,140828.37499999994,0.0
156224.28,0.0,140828.37499999994,0.0
156400.98,0.0,140828.37499999994,0.0
156577.78,0.0,140828.37499999994,0.0
156754.68,0.0,140828.37499999994,0.0
156931.68,0.0,140828.37499999994,0.0
157108.78,0.0,140828.37499999994,0.0
157285.98,0.0,140828.37499999994,0.0
157463.28,0.0,140828.37499999994,0.0
157640.68,0.0,140828.37499999994,0.0
157818.18,0.0,140828.37499999994,0.0
157995.78,0.0,140828.37499999994,0.0
158173.48,0.0,140828.37499999994,0.0
158351.28,0.0,140828.37499999994,0.0
158529.18,0.0,140828.37499999994,0.0
158707.18,0.0,140828.37499999994,0.0
158885.28,0.0,140828.37499999994,0.0
159063.48,0.0,140828.37499999994,0.0
159241.78,0.0,140828.37499999994,0.0
159420.18,0.0,140828.37499999994,0.0
159598.68,0.0,140828.37499999994,0.0
159777.28,0.0,140828.37499999994,0.0
159955.98,0.0,140828.37499999994,0.0
160134.78,0.0,140828.37499999994,0.0
160313.68,0.0,140828.37499999994,0.0
160492.68,0.0,140828.37499999994,0.0
160671.78,0.0,140828.37499999994,0.0
160850.98,0.0,140828.37499999994,0.0
161030.28,0.0,140828.37499999994,0.0
161209.68,0.0,140828.37499999994,0.0
161389.18,0.0,140828.37499999994,0.0
161568.78,0.0,140828.37499999994,0.0
161748.48,0.0,140828.37499999994,0.0
161928.28,0.0,140828.37499999994,0.0
162108.18,0.0,140828.37499999994,0.0
162288.18,0.0,140828.37499999994,0.0
162468.28,0.0,140828.37499999994,0.0
162648.48,0.0,140828.37499999994,0.0
162828.78,0.0,140828.37499999994,0.0
163009.18,0.0,140828.37499999994,0.0
163189.68,0.0,140828.37499999994,0.0
163370.28,0.0,140828.37499999994,0.0
163550.98,0.0,140828.37499999994,0.0
163731.78,0.0,140828.37499999994,0.0
163912.68,0.0,140828.37499999994,0.0
164093.68,0.0,140828.37499999994,0.0
164274.78,0.0,140828.37499999994,0.0
164455.98,0.0,140828.37499999994,0.0
164637.28,0.0,140828.37499999994,0.0
164818.68,0.0,140828.37499999994,0.0
165000.18,0.0,140828.37499999994,0.0
165181.78,0.0,140828.37499999994,0.0
165363.48,0.0,140828.37499999994,0.0
165545.28,0.0,140828.37499999994,0.0
165727.18,0.0,140828.37499999994,0.0
165909.18,0.0,140828.37499999994,0.0
166091.28,0.0,140828.37499999994,0.0
166273.48,0.0,140828.37499999994,0.0
166455.78,0.0,140828.37499999994,0.0
166638.18,0.0,140828.37499999994,0.0
166820.68,0.0,140828.37499999994,0.0
167003.28,0.0,140828.37499999994,0.0
167185.98,0.0,140828.37499999994,0.0
167368.78,0.0,140828.37499999994,0.0
167551.68,0.0,140828.37499999994,0.0
167734.68,0.0,140828.37499999994,0.0
167917.78,0.0,140828.37499999994,0.0
168100.98,0.0,140828.37499999994,0.0
168284.28,0.0,140828.37499999994,0.0
168467.68,0.0,140828.37499999994,0.0
168651.18,0.0,140828.37499999994,0.0
168834.78,0.0,140828.37499999994,0.0
169018.48,0.0,140828.37499999994,0.0
169202.28,0.0,140828.37499999994,0.0
169386.18,0.0,140828.37499999994,0.0
169570.18,0.0,140828.37499999994,0.0
169754.28,0.0,140828.37499999994,0.0
169938.48,0.0,140828.37499999994,0.0
170122.78,0.0,140828.37499999994,0.0
170307.18,0.0,140828.37499999994,0.0
170491.68,0.0,140828.37499999994,0.0
170676.28,0.0,140828.37499999994,0.0
170860.98,0.0,140828.37499999994,0.0
171045.78,0.0,140828.37499999994,0.0
171230.68,0.0,140828.37499999994,0.0
171415.68,0.0,140828.37499999994,0.0
171600.78,0.0,140828.37499999994,0.0
171785.98,0.0,140828.37499999994,0.0
171971.28,0.0,140828.37499999994,0.0
172156.68,0.0,140828.37499999994,0.0
172342.18,0.0,140828.37499999994,0.0
172527.78,0.0,140828.37499999994,0.0
172713.48,0.0,140828.37499999994,0.0
172899.28,0.0,140828.37499999994,0.0
173085.18,0.0,140828.37499999994,0.0
173271.18,0.0,140828.37499999994,0.0
173457.28,0.0,140828.37499999994,0.0
173643.48,0.0,140828.37499999994,0.0
173829.78,0.0,140828.37499999994,0.0
174016.18,0.0,140828.37499999994,0.0
174202.68,0.0,140828.37499999994,0.0
174389.28,0.0,140828.37499999994,0.0
174575.98,0.0,140828.37499999994,0.0
174762.78,0.0,140828.37499999994,0.0
174949.68,0.0,140828.37499999994,0.0
175136.68,0.0,140828.37499999994,0.0
175323.78,0.0,140828.37499999994,0.0
175510.98,0.0,140828.37499999994,0.0
175698.28,0.0,140828.37499999994,0.0
175885.68,0.0,140828.37499999994,0.0
176073.18,0.0,140828.37499999994,0.0
176260.78,0.0,140828.37499999994,0.0
176448.48,0.0,140828.37499999994,0.0
176636.28,0.0,140828.37499999994,0.0
176824.18,0.0,140828.37499999994,0.0
177012.18,0.0,140828.37499999994,0.0
177200.28,0.0,140828.37499999994,0.0
177388.48,0.0,140828.37499999994,0.0
177576.78,0.0,140828.37499999994,0.0
177765.18,0.0,140828.37499999994,0.0
177953.68,0.0,140828.37499999994,0.0
178142.28,0.0,140828.37499999994,0.0
178330.98,0.0,140828.37499999994,0.0
178519.78,0.0,140828.37499999994,0.0
178708.68,0.0,140828.37499999994,0.0
178897.68,0.0,140828.37499999994,0.0
179086.78,0.0,140828.37499999994,0.0
179275.98,0.0,140828.37499999994,0.0
179465.28,0.0,140828.37499999994,0.0
179654.68,0.0,140828.37499999994,0.0
179844.18,0.0,140828.37499999994,0.0
180033.78,0.0,140828.37499999994,0.0
180223.48,0.0,140828.37499999994,0.0
180413.28,0.0,140828.37499999994,0.0
180603.18,0.0,140828.37499999994,0.0
180793.18,0.0,140828.37499999994,0.0
180983.28,0.0,140828.37499999994,0.0
181173.48,0.0,140828.37499999994,0.0
181363.78,0.0,140828.37499999994,0.0
181554.18,0.0,140828.37499999994,0.0
181744.68,0.0,140828.37499999994,0.0
181935.28,0.0,140828.37499999994,0.0
182125.98,0.0,140828.37499999994,0.0
182316.78,0.0,140828.37499999994,0.0
182507.68,0.0,140828.37499999994,0.0
182698.68,0.0,140828.37499999994,0.0
182889.78,0.0,140828.37499999994,0.0
183080.98,0.0,140828.37499999994,0.0
183272.28,0.0,140828.37499999994,0.0
183463.68,0.0,140828.37499999994,0.0
183655.18,0.1,140828.37499999994,0.0
183655.18,0.1,140995.08399999994,-0.028449
183655.18,0.1,141161.90099999995,-0.043164
183655.18,0.1,141328.80799999996,0.00981
183655.18,0.1,141495.84099999996,0.0
183655.18,0.1,141662.94499999995,-0.014715
183655.18,0.1,141830.14699999994,-0.023544
183655.18,0.1,141997.44799999995,-0.00981
183655.18,0.1,142164.84799999994,0.028449
183655.18,0.1,142332.34699999995,-0.01962
183655.18,0.1,142499.97899999996,-0.028449
183655.18,0.1,142667.67599999995,-0.00981
183655.18,0.1,142835.47099999996,0.004905
183655.18,0.1,143003.36499999996,0.004905
183655.18,0.1,143171.35799999995,-0.052974
183655.18,0.1,143339.44999999995,-0.004905
183655.18,0.1,143507.63999999996,-0.086328
183655.18,0.1,143675.92799999996,-0.1962
183655.18,0.1,143844.31599999996,-0.282528
183655.18,0.1,144012.81699999995,-0.182466
183655.18,0.1,144181.40199999994,-0.091233
183655.18,0.1,144350.08599999995,-0.023544
183655.18,0.1,144518.86899999995,-0.01962
183655.18,0.1,144687.75099999996,-0.023544
183655.18,0.1,144856.73099999997,-0.00981
183655.18,0.1,145025.82299999995,-0.00981
183655.18,0.1,145195.001,-0.00981
183655.18,0.1,145364.277,-0.014715
183655.18,0.1,145533.652,-0.014715
183655.18,0.1,145703.141,-0.004905
183655.18,0.1,145872.715,-0.00981
183655.18,0.1,146042.421,-0.014715
183655.18,0.1,146212.191,-0.004905
183655.18,0.1,146382.06,-0.00981
183655.18,0.1,146552.028,-0.00981
183655.18,0.1,146722.095,0.0
183655.18,0.1,146892.261,-0.014715
183655.18,0.1,147062.559,-0.004905
183655.18,0.1,147232.92200000002,-0.01962
183655.18,0.1,147403.38400000002,-0.00981
183655.18,0.1,147573.945,-0.004905
183655.18,0.1,147744.60400000002,-0.004905
183655.18,0.1,147915.363,-0.014715
183655.18,0.1,148086.22,-0.01962
183655.18,0.1,148257.175,-0.028449
183655.18,0.1,148428.229,-0.01962
183655.18,0.1,148599.39299999998,-0.004905
183655.18,0.1,148770.645,-0.00981
183655.18,0.1,148941.99599999998,0.01962
183655.18,0.1,149113.446,-0.004905
183655.18,0.1,149284.995,-0.023544
183655.18,0.1,149456.64299999998,0.0
183655.18,0.1,149628.39699999997,0.004905
183655.18,0.1,149800.24199999997,-0.014715
183655.18,0.1,149972.20799999996,0.0
183655.18,0.1,150144.25099999996,0.0
183655.18,0.1,150316.39199999996,0.00981
183655.18,0.1,150488.63199999995,0.004905
183655.18,0.1,150660.97599999997,-0.00981
183655.18,0.1,150833.41299999997,-0.014715
183655.18,0.1,151005.97699999998,-0.023544
183655.18,0.1,151178.612,-0.00981
183655.18,0.1,151351.346,-0.01962
183655.18,0.1,151524.178,0.00981
183655.18,0.1,151697.109,-0.01962
183655.18,0.1,151870.138,-0.00981
183655.18,0.1,152043.29200000002,0.004905
183655.18,0.1,152216.51900000003,-0.004905
183655.18,0.1,152389.84500000003,-0.00981
183655.18,0.1,152563.27000000002,-0.01962
183655.18,0.1,152736.80700000003,-0.014715
183655.18,0.1,152910.43000000002,-0.00981
183655.18,0.1,153084.18700000003,-0.00981
183655.18,0.1,153258.00600000002,0.004905
183655.18,0.1,153431.92500000002,-0.014715
183655.18,0.1,153605.942,-0.014715
183655.18,0.1,153780.05800000002,-0.01962
183655.18,0.1,153954.27300000002,-0.023544
183655.18,0.1,154128.619,-0.004905
183655.18,0.1,154303.03100000002,0.0
183655.18,0.1,154477.54200000002,-0.004905
183655.18,0.1,154652.152,-0.014715
183655.18,0.1,154826.861,-0.004905
183655.18,0.1,155001.668,-0.004905
183655.18,0.1,155176.574,-0.00981
183655.18,0.1,155351.58,-0.004905
183655.18,0.1,155526.683,-0.00981
183655.18,0.1,155701.89899999998,-0.004905
183655.18,0.1,155877.19999999998,-0.00981
183655.18,0.1,156052.63599999997,-0.004905
183655.18,0.1,156228.13399999996,0.0
183655.18,0.1,156403.73099999997,-0.00981
183655.18,0.1,156579.42599999998,0.0
183655.18,0.1,156755.24599999998,-0.00981
183655.18,0.1,156931.139,0.0
183655.18,0.1,157107.131,-0.004905
183655.18,0.1,157283.22199999998,-0.014715
183655.18,0.1,157459.41499999998,-0.00981
183655.18,0.1,157635.70299999998,-0.004905
183655.18,0.1,157812.11899999998,-0.00981
183655.18,0.1,157988.60399999996,-0.004905
183655.18,0.1,158165.18799999997,-0.004905
183655.18,0.1,158341.87099999996,-0.004905
183655.18,0.1,158518.65199999994,-0.00981
183655.18,0.1,158695.53299999994,-0.023544
183655.18,0.1,158872.53899999993,-0.004905
183655.18,0.1,159049.61799999993,-0.023544
183655.18,0.1,159226.79499999993,-0.01962
183655.18,0.1,159404.06999999992,-0.023544
183655.18,0.1,159581.44399999993,-0.00981
183655.18,0.1,159758.91699999993,0.004905
183655.18,0.1,159936.5269999999,-0.004905
183655.18,0.1,160114.19799999992,0.004905
183655.18,0.1,160291.96699999992,-0.014715
183655.18,0.1,160469.83399999992,0.004905
183655.18,0.1,160647.80099999992,-0.004905
183655.18,0.1,160825.86599999992,-0.033354
183655.18,0.1,161004.0299999999,-0.004905
183655.18,0.1,161182.31699999992,0.014715
183655.18,0.1,161360.67799999993,-0.023544
183655.18,0.1,161539.13899999994,-0.01962
183655.18,0.1,161717.69799999995,-0.014715
183655.18,0.1,161896.38899999994,0.01962
183655.18,0.1,162075.14499999993,-0.00981
183655.18,0.1,162253.99899999992,0.0
183655.18,0.1,162432.95299999992,-0.004905
183655.18,0.1,162612.02899999992,-0.014715
183655.18,0.1,162791.1799999999,-0.023544
183655.18,0.1,162970.4299999999,-0.00981
183655.18,0.1,163149.77899999992,0.004905
183655.18,0.1,163329.2259999999,-0.01962
183655.18,0.1,163508.7729999999,-0.00981
183655.18,0.1,163688.4329999999,-0.004905
183655.18,0.1,163868.1769999999,0.0
183655.18,0.1,164048.0599999999,-0.00981
183655.18,0.1,164228.0009999999,-0.023544
183655.18,0.1,164408.0409999999,-0.01962
183655.18,0.1,164588.1799999999,-0.028449
183655.18,0.1,164768.4359999999,-0.00981
183655.18,0.1,164948.7719999999,0.004905
183655.18,0.1,165129.24399999992,-0.01962
183655.18,0.1,165309.77799999993,-0.01962
183655.18,0.1,165490.4109999999,0.0
183655.18,0.1,165671.14199999993,-0.01962
183655.18,0.1,165851.97199999992,-0.014715
183655.18,0.1,166032.90099999993,-0.00981
183655.18,0.1,166213.95999999993,-0.014715
183655.18,0.1,166395.08599999992,-0.00981
183655.18,0.1,166576.3099999999,-0.01962
183655.18,0.1,166757.6329999999,-0.014715
183655.18,0.1,166939.0549999999,0.0
183655.18,0.1,167120.5759999999,-0.014715
183655.18,0.1,167302.1959999999,-0.014715
183655.18,0.1,167483.92599999992,-0.01962
183655.18,0.1,167665.74299999993,-0.014715
183655.18,0.1,167847.65899999993,0.0
183655.18,0.1,168029.67399999994,0.0
183655.18,0.1,168211.79599999994,-0.038259
183655.18,0.1,168394.00799999994,-0.014715
183655.18,0.1,168576.31899999993,0.0
183655.18,0.1,168758.72799999994,-0.00981
183655.18,0.1,168941.23599999995,-0.014715
183655.18,0.1,169123.84299999994,-0.00981
183655.18,0.1,169306.56899999993,-0.014715
183655.18,0.1,169489.37399999992,-0.043164
183655.18,0.1,169672.2769999999,-0.023544
183655.18,0.1,169855.27899999992,-0.004905
183655.18,0.1,170038.3889999999,-0.004905
183655.18,0.1,170221.58899999992,-0.028449
183655.18,0.1,170404.8859999999,-0.014715
183655.18,0.1,170588.2829999999,-0.014715
183655.18,0.1,170771.77899999992,-0.004905
183655.18,0.1,170955.37299999993,-0.014715
183655.18,0.1,171139.08999999994,-0.01962
183655.18,0.1,171322.88099999994,-0.00981
183655.18,0.1,171506.77099999995,-0.023544
183655.18,0.1,171690.75999999995,-0.00981
183655.18,0.1,171874.84799999994,-0.00981
183655.18,0.1,172059.03399999993,-0.00981
183655.18,0.1,172243.35699999993,-0.00981
183655.18,0.1,172427.74099999992,-0.014715
183655.18,0.1,172612.22399999993,-0.004905
183655.18,0.1,172796.80599999992,0.129492
183846.78,0.2,172981.48599999992,0.229554
184038.48,0.3,173166.26499999993,0.320787
184230.28,0.4,173351.14299999992,0.488538
184422.18,0.5,173351.14299999992,0.488538
184614.18,0.6,173536.11999999994,0.555246
184806.28,0.7,173721.19599999994,0.62784
184806.28,0.7,173906.37099999993,0.694548
184998.48,0.7,174091.6439999999,0.727902
185190.78,0.7,174277.01599999992,0.646479
185383.18,0.7,174462.48599999992,0.727902
185575.68,0.7,174648.06099999993,0.661194
185768.28,0.7,174833.72899999993,0.679833
185960.98,0.7,175019.52399999995,0.684738
186153.78,0.7,175205.38999999996,0.694548
186346.68,0.628571,175391.35499999995,0.61803
186539.68,0.528571,175577.41899999997,0.445374
186732.78,0.428571,175763.58499999996,0.340407
186925.98,0.328571,175763.58499999996,0.340407
187119.28,0.228571,175949.84599999996,0.307053
187312.68,0.128571,176136.23099999997,0.162846
187506.18,0.028571,176322.68999999997,0.043164
187699.78,0.0,176509.24799999996,0.00981
187893.48,0.0,176695.90499999997,-0.023544
188087.28,0.0,176882.67199999996,0.023544
188281.18,0.0,177069.52699999997,-0.014715
188475.18,0.0,177256.51699999996,-0.043164
188669.28,0.0,177443.56899999996,0.023544
188863.48,0.0,177630.71899999995,-0.014715
189057.78,0.0,177817.96799999996,0.071613
189252.18,0.0,178005.34899999996,-0.057879
189446.68,0.0,178192.79699999996,0.00981
189641.28,0.0,178380.34299999996,-0.023544
189835.98,0.0,178567.98799999995,-0.01962
190030.78,0.0,178755.73199999996,-0.00981
190225.68,0.0,178943.57399999996,-0.028449
190420.68,0.0,179131.55499999996,-0.00981
190615.78,0.0,179319.59499999997,0.0
190615.78,0.0,179507.73399999997,-0.01962
190810.98,0.0,179507.73399999997,-0.01962
191006.28,0.0,179507.73399999997,-0.01962
191201.68,0.0,179507.73399999997,-0.01962
191397.18,-0.02,179507.73399999997,-0.01962
191397.18,-0.02,179695.97199999998,0.0
191397.18,-0.02,179884.335,-0.048069
191592.78,-0.12,180072.77,-0.114777
191788.48,-0.22,180261.304,-0.258984
191984.28,-0.32,180449.937,-0.363951
192180.18,-0.42,180638.668,-0.464994
192376.18,-0.52,180827.498,-0.555246
192572.28,-0.62,181016.427,-0.679833
192768.48,-0.7,181205.461,-0.709263
192964.78,-0.7,181394.588,-0.727902
193161.18,-0.7,181583.813,-0.699453
193357.68,-0.7,181773.13800000004,-0.761256
193554.28,-0.7,181773.13800000004,-0.761256
193750.98,-0.7,181962.56200000003,-0.684738
193947.78,-0.7,182152.08400000003,-0.709263
194144.68,-0.7,182341.72700000004,-0.756351
194341.68,-0.608571,182531.44600000005,-0.613125
194538.78,-0.508571,182721.26400000005,-0.455184
194735.98,-0.408571,182911.18100000004,-0.440469
194933.28,-0.308571,183101.20700000005,-0.287433
195130.68,-0.208571,183291.32200000004,-0.244269
195328.18,-0.108571,183481.56500000003,-0.109872
195525.78,-0.008571,183671.87700000004,-0.004905
195723.48,0.0,183862.28800000003,0.004905
195921.28,0.0,184052.79900000003,-0.028449
196119.18,0.0,184243.42600000004,-0.023544
196317.18,0.0,184434.13400000005,0.014715
196515.28,0.0,184624.98000000004,-0.014715
196713.48,0.0,184815.88600000003,-0.043164
196713.48,0.0,185006.89,-0.014715
196713.58,0.0,185197.993,-0.00981
196713.78,0.0,185389.23400000003,0.01962
196714.08,0.0,185580.53500000003,-0.028449
196714.47,0.0,185771.93400000004,-0.066708
196714.97,0.0,185963.43100000004,0.023544
196715.57,0.0,186155.05600000004,0.0
196715.57,0.0,186346.75100000005,-0.01962
196716.27,0.0,186346.75100000005,-0.01962
196717.06,0.0,186346.75100000005,-0.01962
196717.96,0.0,186346.75100000005,-0.01962
196718.96,0.0,186346.75100000005,-0.01962
196720.06,0.0,186346.75100000005,-0.01962
196721.26,0.0,186346.75100000005,-0.01962
196722.56,0.0,186346.75100000005,-0.01962
196723.96,0.0,186346.75100000005,-0.01962
196725.46,0.0,186346.75100000005,-0.01962
196727.06,0.0,186346.75100000005,-0.01962
196728.76,0.0,186346.75100000005,-0.01962
196730.56,0.0,186346.75100000005,-0.01962
196732.46,0.0,186346.75100000005,-0.01962
196734.46,0.0,186346.75100000005,-0.01962
196736.56,0.0,186346.75100000005,-0.01962
196738.76,0.0,186346.75100000005,-0.01962
196741.06,0.0,186346.75100000005,-0.01962
196743.46,0.0,186346.75100000005,-0.01962
196745.96,0.0,186346.75100000005,-0.01962
196748.56,0.0,186346.75100000005,-0.01962
196751.26,0.0,186346.75100000005,-0.01962
196754.06,0.0,186346.75100000005,-0.01962
196756.96,0.0,186346.75100000005,-0.01962
196759.96,0.0,186346.75100000005,-0.01962
196763.06,0.0,186346.75100000005,-0.01962
196766.26,0.0,186346.75100000005,-0.01962
196769.56,0.0,186346.75100000005,-0.01962
196772.96,0.0,186346.75100000005,-0.01962
196776.46,0.0,186346.75100000005,-0.01962
196780.06,0.0,186346.75100000005,-0.01962
196783.76,0.0,186346.75100000005,-0.01962
196787.56,0.0,186346.75100000005,-0.01962
196791.46,0.0,186346.75100000005,-0.01962
196795.46,0.0,186346.75100000005,-0.01962
196799.56,0.0,186346.75100000005,-0.01962
196803.76,0.0,186346.75100000005,-0.01962
196808.06,0.0,186346.75100000005,-0.01962
196812.46,0.0,186346.75100000005,-0.01962
196816.96,0.0,186346.75100000005,-0.01962
196821.56,0.0,186346.75100000005,-0.01962
196826.26,0.0,186346.75100000005,-0.01962
196831.06,0.0,186346.75100000005,-0.01962
196835.96,0.0,186346.75100000005,-0.01962
196840.96,0.0,186346.75100000005,-0.01962
196846.06,0.0,186346.75100000005,-0.01962
196851.26,0.0,186346.75100000005,-0.01962
196856.56,0.0,186346.75100000005,-0.01962
196861.96,0.0,186346.75100000005,-0.01962
196867.46,0.0,186346.75100000005,-0.01962
196873.06,0.0,186346.75100000005,-0.01962
196878.76,0.0,186346.75100000005,-0.01962
196884.56,0.0,186346.75100000005,-0.01962
196890.46,0.0,186346.75100000005,-0.01962
196896.46,0.0,186346.75100000005,-0.01962
196902.56,0.0,186346.75100000005,-0.01962
196908.76,0.0,186346.75100000005,-0.01962
196915.06,0.0,186346.75100000005,-0.01962
196921.46,0.0,186346.75100000005,-0.01962
196927.96,0.0,186346.75100000005,-0.01962
196934.56,0.0,186346.75100000005,-0.01962
196941.26,0.0,186346.75100000005,-0.01962
196948.06,0.0,186346.75100000005,-0.01962
196954.96,0.0,186346.75100000005,-0.01962
196961.96,0.0,186346.75100000005,-0.01962
196969.06,0.0,186346.75100000005,-0.01962
196976.26,0.0,186346.75100000005,-0.01962
196983.56,0.0,186346.75100000005,-0.01962
196990.96,0.0,186346.75100000005,-0.01962
196998.46,0.0,186346.75100000005,-0.01962
197006.06,0.0,186346.75100000005,-0.01962
197013.76,0.0,186346.75100000005,-0.01962
197021.56,0.0,186346.75100000005,-0.01962
197029.46,0.0,186346.75100000005,-0.01962
197037.46,0.0,186346.75100000005,-0.01962
197045.56,0.0,186346.75100000005,-0.01962
197053.76,0.0,186346.75100000005,-0.01962
197062.06,0.0,186346.75100000005,-0.01962
197070.46,0.0,186346.75100000005,-0.01962
197078.96,0.0,186346.75100000005,-0.01962
197087.56,0.0,186346.75100000005,-0.01962
197096.26,0.0,186346.75100000005,-0.01962
197105.06,0.0,186346.75100000005,-0.01962
197113.96,0.0,186346.75100000005,-0.01962
197122.96,0.0,186346.75100000005,-0.01962
197132.06,0.0,186346.75100000005,-0.01962
197141.26,0.0,186346.75100000005,-0.01962
197150.56,0.0,186346.75100000005,-0.01962
197159.96,0.0,186346.75100000005,-0.01962
197169.46,0.0,186346.75100000005,-0.01962
197179.06,0.0,186346.75100000005,-0.01962
197188.76,0.0,186346.75100000005,-0.01962
197198.56,0.0,186346.75100000005,-0.01962
197208.46,0.0,186346.75100000005,-0.01962
197218.46,0.0,186346.75100000005,-0.01962
197228.56,0.0,186346.75100000005,-0.01962
197238.76,0.0,186346.75100000005,-0.01962
197249.06,0.0,186346.75100000005,-0.01962
197259.46,0.0,186346.75100000005,-0.01962
197269.96,0.0,186346.75100000005,-0.01962
197280.56,0.0,186346.75100000005,-0.01962
197291.26,0.0,186346.75100000005,-0.01962
197302.06,0.0,186346.75100000005,-0.01962
197312.96,0.0,186346.75100000005,-0.01962
197323.96,0.0,186346.75100000005,-0.01962
197335.06,0.0,186346.75100000005,-0.01962
197346.26,0.0,186346.75100000005,-0.01962
197357.56,0.0,186346.75100000005,-0.01962
197368.96,0.0,186346.75100000005,-0.01962
197380.46,0.0,186346.75100000005,-0.01962
197392.06,0.0,186346.75100000005,-0.01962
197403.76,0.0,186346.75100000005,-0.01962
197415.56,0.0,186346.75100000005,-0.01962
197427.46,0.0,186346.75100000005,-0.01962
197439.46,0.0,186346.75100000005,-0.01962
197451.56,0.0,186346.75100000005,-0.01962
197463.76,0.0,186346.75100000005,-0.01962
197476.06,0.0,186346.75100000005,-0.01962
197488.46,0.0,186346.75100000005,-0.01962
197500.96,0.0,186346.75100000005,-0.01962
197513.56,0.0,186346.75100000005,-0.01962
197526.26,0.0,186346.75100000005,-0.01962
197539.06,0.0,186346.75100000005,-0.01962
197551.96,0.0,186346.75100000005,-0.01962
197564.96,0.0,186346.75100000005,-0.01962
197578.06,0.0,186346.75100000005,-0.01962
197591.26,0.0,186346.75100000005,-0.01962
197604.56,0.0,186346.75100000005,-0.01962
197617.96,0.0,186346.75100000005,-0.01962
197631.46,0.0,186346.75100000005,-0.01962
197645.06,0.0,186346.75100000005,-0.01962
197658.76,0.0,186346.75100000005,-0.01962
197672.56,0.0,186346.75100000005,-0.01962
197686.46,0.0,186346.75100000005,-0.01962
197700.46,0.0,186346.75100000005,-0.01962
197714.56,0.0,186346.75100000005,-0.01962
197728.76,0.0,186346.75100000005,-0.01962
197743.06,0.0,186346.75100000005,-0.01962
197757.46,0.0,186346.75100000005,-0.01962
197771.96,0.0,186346.75100000005,-0.01962
197786.56,0.0,186346.75100000005,-0.01962
197801.26,0.0,186346.75100000005,-0.01962
197816.06,0.0,186346.75100000005,-0.01962
197830.96,0.0,186346.75100000005,-0.01962
197845.96,0.0,186346.75100000005,-0.01962
197861.06,0.0,186346.75100000005,-0.01962
197876.26,0.0,186346.75100000005,-0.01962
197891.56,0.0,186346.75100000005,-0.01962
197906.96,0.0,186346.75100000005,-0.01962
197922.46,0.0,186346.75100000005,-0.01962
197938.06,0.0,186346.75100000005,-0.01962
197953.76,0.0,186346.75100000005,-0.01962
197969.56,0.0,186346.75100000005,-0.01962
197985.46,0.0,186346.75100000005,-0.01962
198001.46,0.0,186346.75100000005,-0.01962
198017.56,0.0,186346.75100000005,-0.01962
198033.76,0.0,186346.75100000005,-0.01962
198050.06,0.0,186346.75100000005,-0.01962
198066.46,0.0,186346.75100000005,-0.01962
198082.96,0.0,186346.75100000005,-0.01962
198099.56,0.0,186346.75100000005,-0.01962
198116.26,0.0,186346.75100000005,-0.01962
198133.06,0.0,186346.75100000005,-0.01962
198149.96,0.0,186346.75100000005,-0.01962
198166.96,0.0,186346.75100000005,-0.01962
198184.06,0.0,186346.75100000005,-0.01962
198201.26,0.0,186346.75100000005,-0.01962
198218.56,0.0,186346.75100000005,-0.01962
198235.96,0.0,186346.75100000005,-0.01962
198253.46,0.0,186346.75100000005,-0.01962
198271.06,0.0,186346.75100000005,-0.01962
198288.76,0.0,186346.75100000005,-0.01962
198306.56,0.0,186346.75100000005,-0.01962
198324.46,0.0,186346.75100000005,-0.01962
198342.46,0.0,186346.75100000005,-0.01962
198360.56,0.0,186346.75100000005,-0.01962
198378.76,0.0,186346.75100000005,-0.01962
198397.06,0.0,186346.75100000005,-0.01962
198415.46,0.0,186346.75100000005,-0.01962
198433.96,0.0,186346.75100000005,-0.01962
198452.56,0.0,186346.75100000005,-0.01962
198471.26,0.0,186346.75100000005,-0.01962
198490.06,0.0,186346.75100000005,-0.01962
198508.96,0.0,186346.75100000005,-0.01962
198527.96,0.0,186346.75100000005,-0.01962
198547.06,0.0,186346.75100000005,-0.01962
198566.26,0.0,186346.75100000005,-0.01962
198585.56,0.0,186346.75100000005,-0.01962
198604.96,0.0,186346.75100000005,-0.01962
198624.46,0.0,186346.75100000005,-0.01962
198644.06,0.0,186346.75100000005,-0.01962
198663.76,0.0,186346.75100000005,-0.01962
198683.56,0.0,186346.75100000005,-0.01962
198703.46,0.0,186346.75100000005,-0.01962
198723.46,0.0,186346.75100000005,-0.01962
198743.56,0.0,186346.75100000005,-0.01962
198763.76,0.0,186346.75100000005,-0.01962
198784.06,0.0,186346.75100000005,-0.01962
198804.46,0.0,186346.75100000005,-0.01962
198824.96,0.0,186346.75100000005,-0.01962
198845.56,-0.1,186346.75100000005,-0.01962
198845.56,-0.1,186538.54500000004,-0.038259
198845.56,-0.1,186730.43800000005,0.00981
198845.56,-0.1,186922.43000000005,0.004905
198845.56,-0.1,187114.52100000004,-0.038259
198845.56,-0.1,187306.71000000005,-0.014715
198845.56,-0.1,187498.99800000005,-0.028449
198845.56,-0.1,187691.38500000004,0.057879
198845.56,-0.1,187883.88200000004,-0.033354
198845.56,-0.1,188076.46600000004,-0.00981
198845.56,-0.1,188269.14900000003,-0.028449
198845.56,-0.1,188461.93100000004,0.00981
198845.56,-0.1,188654.81200000003,-0.043164
198845.56,-0.1,188847.79100000003,-0.167751
198845.56,-0.1,189040.87400000004,-0.244269
198845.56,-0.1,189234.05100000004,-0.157941
198845.56,-0.1,189427.32600000003,-0.139302
198845.56,-0.1,189620.70000000004,-0.01962
198845.56,-0.1,189814.17300000004,-0.023544
198845.56,-0.1,190007.74400000004,-0.004905
198845.56,-0.1,190201.44000000003,-0.004905
198845.56,-0.1,190395.21,-0.00981
198845.56,-0.1,190589.07900000003,-0.004905
198845.56,-0.1,190783.04600000003,-0.014715
198845.56,-0.1,190977.12700000004,-0.00981
198845.56,-0.1,191171.29200000004,-0.00981
198845.56,-0.1,191365.59300000005,-0.014715
198845.56,-0.1,191559.9560000001,-0.00981
198845.56,-0.1,191754.4180000001,-0.014715
198845.56,-0.1,191948.9780000001,-0.014715
198845.56,-0.1,192143.63700000008,-0.033354
198845.56,-0.1,192338.39600000007,-0.004905
198845.56,-0.1,192533.27800000008,-0.00981
198845.56,-0.1,192728.23300000007,-0.00981
198845.56,-0.1,192923.28700000007,0.0
198845.56,-0.1,193118.43900000007,-0.00981
198845.56,-0.1,193313.69100000008,-0.014715
198845.56,-0.1,193509.04200000007,-0.014715
198845.56,-0.1,193704.49000000008,-0.00981
198845.56,-0.1,193900.0380000001,-0.01962
198845.56,-0.1,194095.6840000001,-0.014715
198845.56,-0.1,194095.6840000001,-0.014715
198845.56,-0.1,194095.7820000001,0.0
198845.56,-0.1,194095.97900000008,-0.004905
198845.56,-0.1,194096.30300000007,-0.023544
198845.56,-0.1,194096.69600000008,-0.004905
198845.56,-0.1,194097.18900000007,-0.028449
198845.56,-0.1,194097.78100000008,-0.00981
198845.56,-0.1,194098.48500000007,-0.014715
198845.56,-0.1,194099.2740000001,-0.00981
198845.56,-0.1,194100.20000000007,-0.014715
198845.56,-0.1,194101.1870000001,-0.00981
198845.56,-0.1,194102.27300000007,-0.004905
198845.56,-0.1,194103.45700000008,-0.004905
198845.56,-0.1,194104.7550000001,-0.01962
198845.56,-0.1,194106.1360000001,0.0
198845.56,-0.1,194107.6170000001,-0.01962
198845.56,-0.1,194109.19600000008,-0.00981
198845.56,-0.1,194110.8740000001,-0.01962
198845.56,-0.1,194112.6520000001,-0.014715
198845.56,-0.1,194114.5670000001,-0.014715
198845.56,-0.1,194116.54100000008,-0.014715
198845.56,-0.1,194118.6140000001,-0.00981
198845.56,-0.1,194120.78600000008,-0.004905
198845.56,-0.1,194123.0570000001,-0.00981
198845.56,-0.1,194125.4280000001,-0.00981
198845.56,-0.1,194127.8960000001,-0.004905
198845.56,-0.1,194130.4620000001,-0.004905
198845.56,-0.1,194133.12900000007,-0.01962
198845.56,-0.1,194135.89300000007,-0.014715
198845.56,-0.1,194138.75600000008,-0.00981
198845.56,-0.1,194141.71800000008,-0.014715
198845.56,-0.1,194144.77800000008,-0.00981
198845.56,-0.1,194147.94600000008,-0.00981
198845.56,-0.1,194151.20500000007,-0.004905
198845.56,-0.1,194154.56300000008,-0.01962
198845.56,-0.1,194158.0190000001,-0.014715
198845.56,-0.1,194161.5730000001,-0.00981
198845.56,-0.1,194165.22600000008,-0.014715
198845.56,-0.1,194168.97900000008,-0.004905
198845.56,-0.1,194172.83000000007,-0.01962
198845.56,-0.1,194176.80900000007,-0.014715
198845.56,-0.1,194180.85800000007,-0.004905
198845.56,-0.1,194185.00600000005,-0.004905
198845.56,-0.1,194189.25200000007,-0.004905
198845.56,-0.1,194193.6220000001,-0.00981
198845.56,-0.1,194198.0650000001,-0.00981
198845.56,-0.1,194202.60700000005,-0.00981
198845.56,-0.1,194207.2470000001,-0.014715
198845.56,-0.1,194212.0160000001,-0.004905
198845.56,-0.1,194216.85500000007,-0.00981
198845.56,-0.1,194221.79200000007,-0.014715
198845.56,-0.1,194226.82800000007,-0.00981
198845.56,-0.1,194231.9670000001,-0.00981
198845.56,-0.1,194237.20000000007,-0.014715
198845.56,-0.1,194242.55600000007,-0.00981
198845.56,-0.1,194247.98700000008,-0.00981
198845.56,-0.1,194253.5160000001,-0.014715
198845.56,-0.1,194259.1440000001,-0.014715
198845.56,-0.1,194264.8710000001,-0.004905
198845.56,-0.1,194270.6970000001,-0.00981
198845.56,-0.1,194276.6210000001,0.004905
198845.56,-0.1,194282.6440000001,-0.014715
198845.56,-0.1,194288.7650000001,-0.023544
198845.56,-0.1,194294.9860000001,-0.033354
198845.56,-0.1,194301.30500000008,-0.00981
198845.56,-0.1,194307.7230000001,-0.023544
198845.56,-0.1,194314.24000000008,0.004905
198845.56,-0.1,194320.86200000008,-0.00981
198845.56,-0.1,194327.5760000001,-0.01962
198845.56,-0.1,194334.38900000008,0.0
198845.56,-0.1,194341.3010000001,-0.014715
198845.56,-0.1,194348.3120000001,0.0
198845.56,-0.1,194355.4210000001,-0.014715
198845.56,-0.1,194362.6490000001,0.0
198845.56,-0.1,194369.9560000001,-0.023544
198845.56,-0.1,194377.36200000008,-0.014715
198845.56,-0.1,194384.8670000001,0.004905
198845.56,-0.1,194392.47400000007,-0.01962
198845.56,-0.1,194400.17700000008,-0.028449
198845.56,-0.1,194408.0050000001,-0.01962
198845.56,-0.1,194415.9050000001,-0.01962
198845.56,-0.1,194423.9040000001,-0.00981
198845.56,-0.1,194432.0010000001,0.0
198845.56,-0.1,194440.2190000001,-0.004905
198845.56,-0.1,194448.5170000001,-0.00981
198845.56,-0.1,194456.9110000001,0.0
198845.56,-0.1,194465.4030000001,-0.00981
198845.56,-0.1,194473.9950000001,0.0
198845.56,-0.1,194482.6850000001,-0.023544
198845.56,-0.1,194491.4920000001,-0.014715
198845.56,-0.1,194500.3800000001,-0.038259
198845.56,-0.1,194509.4030000001,0.0
198845.56,-0.1,194518.4880000001,0.004905
198845.56,-0.1,194527.6720000001,-0.023544
198845.56,-0.1,194536.9550000001,-0.048069
198845.56,-0.1,194546.3650000001,-0.01962
198845.56,-0.1,194555.8450000001,-0.00981
198845.56,-0.1,194565.4240000001,-0.01962
198845.56,-0.1,194575.10200000013,0.0
198845.56,-0.1,194584.8780000001,-0.01962
198845.56,-0.1,194594.7530000001,-0.023544
198845.56,-0.1,194604.7260000001,-0.00981
198845.56,-0.1,194614.79800000013,-0.004905
198845.56,-0.1,194624.9700000001,0.0
198845.56,-0.1,194635.2400000001,-0.00981
198845.56,-0.1,194645.6080000001,-0.01962
198845.56,-0.1,194656.0840000001,-0.00981
198845.56,-0.1,194666.65000000008,-0.014715
198845.56,-0.1,194677.35500000007,-0.00981
198845.56,-0.1,194688.1190000001,-0.004905
198845.56,-0.1,194698.98200000008,-0.023544
198845.56,-0.1,194709.94200000007,-0.01962
198845.56,-0.1,194721.02100000007,-0.00981
198845.56,-0.1,194732.18000000008,-0.043164
198845.56,-0.1,194743.4780000001,-0.00981
198845.56,-0.1,194754.8340000001,-0.00981
198845.56,-0.1,194766.28900000008,-0.023544
198845.56,-0.1,194777.8420000001,-0.00981
198845.56,-0.1,194789.49500000008,-0.014715
198845.56,-0.1,194801.24600000007,-0.00981
198845.56,-0.1,194813.13400000008,0.00981
198845.56,-0.1,194825.08300000007,-0.033354
198845.56,-0.1,194837.1300000001,0.0
198845.56,-0.1,194849.2770000001,-0.004905
198845.56,-0.1,194861.5510000001,0.004905
198845.56,-0.1,194873.89500000008,-0.004905
198845.56,-0.1,194886.3370000001,-0.01962
198845.56,-0.1,194898.87800000008,-0.004905
198845.56,-0.1,194911.5180000001,-0.00981
198845.56,-0.1,194924.2570000001,-0.00981
198845.56,-0.1,194937.0950000001,-0.004905
198845.56,-0.1,194950.03100000008,-0.004905
198845.56,-0.1,194963.06600000008,-0.004905
198845.56,-0.1,194976.20000000007,-0.014715
198845.56,-0.1,194989.4320000001,-0.00981
198845.56,-0.1,195002.7630000001,-0.014715
198845.56,-0.1,195016.1930000001,-0.071613
198866.26,-0.2,195029.72200000007,-0.162846
198887.06,-0.3,195043.3500000001,-0.297243
198907.96,-0.4,195057.07700000008,-0.363951
198928.96,-0.5,195070.9020000001,-0.512082
198950.06,-0.6,195084.8360000001,-0.671004
198971.26,-0.7,195098.85900000008,-0.656289
198992.56,-0.7,195113.0130000001,-0.756351
199013.96,-0.7,195127.2330000001,-0.704358
199035.46,-0.7,195141.55200000008,-0.684738
199057.06,-0.7,195141.55200000008,-0.684738
199078.76,-0.7,195155.9700000001,-0.747522
199100.56,-0.7,195170.5000000001,-0.718092
199122.46,-0.7,195185.1160000001,-0.742617
199144.46,-0.628571,195199.8620000001,-0.661194
199166.56,-0.528571,195214.6750000001,-0.727902
199166.56,-0.528571,195229.5870000001,-0.536607
199188.76,-0.428571,195244.59700000013,-0.473823
199211.06,-0.328571,195259.7370000001,-0.363951
199233.46,-0.228571,195274.94500000012,-0.325692
199255.96,-0.128571,195290.25200000012,-0.101043
199278.56,-0.028571,195305.6580000001,-0.091233
199278.56,-0.028571,195321.1990000001,-0.033354
199301.26,0.0,195336.80300000013,0.0
199324.06,0.0,195352.5050000001,-0.00981
199346.96,0.0,195352.5050000001,-0.00981
199369.96,0.0,195352.5050000001,-0.00981
199393.06,0.0,195352.5050000001,-0.00981
199416.26,0.0,195352.5050000001,-0.00981
199439.56,0.0,195352.5050000001,-0.00981
199462.96,0.0,195352.5050000001,-0.00981
199486.46,0.0,195352.5050000001,-0.00981
199510.06,0.0,195352.5050000001,-0.00981
199533.76,0.0,195352.5050000001,-0.00981
199557.56,0.0,195352.5050000001,-0.00981
199581.46,0.0,195352.5050000001,-0.00981
199605.46,0.0,195352.5050000001,-0.00981
199629.56,0.0,195352.5050000001,-0.00981
199653.76,0.0,195352.5050000001,-0.00981
199678.06,0.0,195352.5050000001,-0.00981
199702.46,0.0,195352.5050000001,-0.00981
199726.96,0.0,195352.5050000001,-0.00981
199751.56,0.02,195352.5050000001,-0.00981
199751.56,0.02,195368.30600000013,-0.004905
199751.56,0.02,195384.20500000013,-0.038259
199751.56,0.02,195400.2040000001,0.023544
199751.56,0.02,195416.3020000001,-0.038259
199751.56,0.02,195432.4980000001,0.00981
199751.56,0.02,195448.79300000012,-0.057879
199751.56,0.02,195465.18700000012,-0.01962
199751.56,0.02,195481.67900000012,-0.038259
199751.56,0.02,195498.27100000012,-0.014715
199751.56,0.02,195514.96200000012,-0.043164
199751.56,0.02,195531.7510000001,-0.00981
199751.56,0.02,195548.6390000001,-0.00981
199751.56,0.02,195565.6260000001,0.004905
199751.56,0.02,195582.71100000013,-0.028449
199751.56,0.02,195599.8970000001,0.043164
199776.26,0.12,195617.1800000001,0.061803
199801.06,0.22,195634.5850000001,0.220725
199825.96,0.32,195652.0650000001,0.287433
199850.96,0.42,195669.6440000001,0.363951
199876.06,0.52,195687.32200000013,0.555246
199901.26,0.62,195705.1260000001,0.584676
199926.56,0.7,195723.0010000001,0.732807
199951.96,0.7,195740.9750000001,0.666099
199977.46,0.7,195759.04800000013,0.752427
200003.06,0.7,195777.23000000013,0.679833
200028.76,0.7,195795.5000000001,0.732807
200054.56,0.7,195813.91200000013,0.641574
200080.46,0.7,195832.3800000001,0.709263
200106.46,0.7,195850.96900000013,0.694548
200132.56,0.608571,195869.63500000013,0.555246
200158.76,0.508571,195888.3990000001,0.3924
200185.06,0.408571,195888.3990000001,0.3924
200211.46,0.308571,195907.26200000013,0.40221
200237.96,0.208571,195926.2480000001,0.18639
200264.56,0.108571,195945.3080000001,0.143226
200291.26,0.008571,195964.50800000012,0.057879
200318.06,0.0,195983.76600000012,-0.023544
200344.96,0.0,196003.12200000012,0.0
200344.96,0.0,196022.5770000001,-0.048069
200371.96,0.0,196022.5770000001,-0.048069
200399.06,0.0,196022.5770000001,-0.048069
200426.26,0.0,196022.5770000001,-0.048069
200453.56,0.0,196022.5770000001,-0.048069
200480.96,0.0,196022.5770000001,-0.048069
200508.46,0.0,196022.5770000001,-0.048069
200536.06,0.0,196022.5770000001,-0.048069
200563.76,0.0,196022.5770000001,-0.048069
200591.56,0.0,196022.5770000001,-0.048069
200619.46,0.0,196022.5770000001,-0.048069
200647.46,0.0,196022.5770000001,-0.048069
200675.56,0.0,196022.5770000001,-0.048069
200703.76,0.0,196022.5770000001,-0.048069
200732.06,0.0,196022.5770000001,-0.048069
200760.46,0.0,196022.5770000001,-0.048069
200788.96,0.0,196022.5770000001,-0.048069
200817.56,0.0,196022.5770000001,-0.048069
200846.26,0.0,196022.5770000001,-0.048069
200875.06,0.0,196022.5770000001,-0.048069
200903.96,0.0,196022.5770000001,-0.048069
200932.96,0.0,196022.5770000001,-0.048069
200962.06,0.0,196022.5770000001,-0.048069
200991.26,0.0,196022.5770000001,-0.048069
201020.56,0.0,196022.5770000001,-0.048069
201049.96,0.0,196022.5770000001,-0.048069
201079.46,0.0,196022.5770000001,-0.048069
201109.06,0.0,196022.5770000001,-0.048069
201138.76,0.0,196022.5770000001,-0.048069
201168.56,0.0,196022.5770000001,-0.048069
201198.46,0.0,196022.5770000001,-0.048069
201228.46,0.0,196022.5770000001,-0.048069
201258.56,0.0,196022.5770000001,-0.048069
201288.76,0.0,196022.5770000001,-0.048069
201319.06,0.0,196022.5770000001,-0.048069
201349.46,0.0,196022.5770000001,-0.048069
201379.96,0.0,196022.5770000001,-0.048069
201410.56,0.0,196022.5770000001,-0.048069
201441.26,0.0,196022.5770000001,-0.048069
201472.06,0.0,196022.5770000001,-0.048069
201502.96,0.0,196022.5770000001,-0.048069
201533.96,0.0,196022.5770000001,-0.048069
201565.06,0.0,196022.5770000001,-0.048069
201596.26,0.0,196022.5770000001,-0.048069
201627.56,0.0,196022.5770000001,-0.048069
201658.96,0.0,196022.5770000001,-0.048069
201690.46,0.0,196022.5770000001,-0.048069
201722.06,0.0,196022.5770000001,-0.048069
201753.76,0.0,196022.5770000001,-0.048069
201785.56,0.0,196022.5770000001,-0.048069
201817.46,0.0,196022.5770000001,-0.048069
201849.46,0.0,196022.5770000001,-0.048069
201881.56,0.0,196022.5770000001,-0.048069
201913.76,0.0,196022.5770000001,-0.048069
201946.06,0.0,196022.5770000001,-0.048069
201978.46,0.0,196022.5770000001,-0.048069
202010.96,0.0,196022.5770000001,-0.048069
202043.56,0.0,196022.5770000001,-0.048069
202076.26,0.0,196022.5770000001,-0.048069
202109.06,0.0,196022.5770000001,-0.048069
202141.96,0.0,196022.5770000001,-0.048069
202174.96,0.0,196022.5770000001,-0.048069
202208.06,0.0,196022.5770000001,-0.048069
202241.26,0.0,196022.5770000001,-0.048069
202274.56,0.0,196022.5770000001,-0.048069
202307.96,0.0,196022.5770000001,-0.048069
202341.46,0.0,196022.5770000001,-0.048069
202375.06,0.0,196022.5770000001,-0.048069
202408.76,0.0,196022.5770000001,-0.048069
202442.56,0.0,196022.5770000001,-0.048069
202476.46,0.0,196022.5770000001,-0.048069
202510.46,0.0,196022.5770000001,-0.048069
202544.56,0.0,196022.5770000001,-0.048069
202578.76,0.0,196022.5770000001,-0.048069
202613.06,0.0,196022.5770000001,-0.048069
202647.46,0.0,196022.5770000001,-0.048069
202681.96,0.0,196022.5770000001,-0.048069
202716.56,0.0,196022.5770000001,-0.048069
202751.26,0.0,196022.5770000001,-0.048069
202786.06,0.0,196022.5770000001,-0.048069
202820.96,0.0,196022.5770000001,-0.048069
202855.96,0.0,196022.5770000001,-0.048069
202891.06,0.0,196022.5770000001,-0.048069
202926.26,0.0,196022.5770000001,-0.048069
202961.56,0.0,196022.5770000001,-0.048069
202996.96,0.0,196022.5770000001,-0.048069
203032.46,0.0,196022.5770000001,-0.048069
203068.06,0.0,196022.5770000001,-0.048069
203103.76,0.0,196022.5770000001,-0.048069
203139.56,0.0,196022.5770000001,-0.048069
203175.46,0.0,196022.5770000001,-0.048069
203211.46,0.0,196022.5770000001,-0.048069
203247.56,0.0,196022.5770000001,-0.048069
203283.76,0.0,196022.5770000001,-0.048069
203320.06,0.0,196022.5770000001,-0.048069
203356.46,0.0,196022.5770000001,-0.048069
203392.96,0.0,196022.5770000001,-0.048069
203429.56,0.0,196022.5770000001,-0.048069
203466.26,0.0,196022.5770000001,-0.048069
203503.06,0.0,196022.5770000001,-0.048069
203539.96,0.0,196022.5770000001,-0.048069
203576.96,0.0,196022.5770000001,-0.048069
203614.06,0.0,196022.5770000001,-0.048069
203651.26,0.0,196022.5770000001,-0.048069
203688.56,0.0,196022.5770000001,-0.048069
203725.96,0.0,196022.5770000001,-0.048069
203763.46,0.0,196022.5770000001,-0.048069
203801.06,0.0,196022.5770000001,-0.048069
203838.76,0.0,196022.5770000001,-0.048069
203876.56,0.0,196022.5770000001,-0.048069
203914.46,0.0,196022.5770000001,-0.048069
203952.46,0.0,196022.5770000001,-0.048069
203990.56,0.0,196022.5770000001,-0.048069
204028.76,0.0,196022.5770000001,-0.048069
204067.06,0.0,196022.5770000001,-0.048069
204105.46,0.0,196022.5770000001,-0.048069
204143.96,0.0,196022.5770000001,-0.048069
204182.56,0.0,196022.5770000001,-0.048069
204221.26,0.0,196022.5770000001,-0.048069
204260.06,0.0,196022.5770000001,-0.048069
204298.96,0.0,196022.5770000001,-0.048069
204337.96,0.0,196022.5770000001,-0.048069
204377.06,0.0,196022.5770000001,-0.048069
204416.26,0.0,196022.5770000001,-0.048069
204455.56,0.0,196022.5770000001,-0.048069
204494.96,0.0,196022.5770000001,-0.048069
204534.46,0.0,196022.5770000001,-0.048069
204574.06,0.0,196022.5770000001,-0.048069
204613.76,0.0,196022.5770000001,-0.048069
204653.56,0.0,196022.5770000001,-0.048069
204693.46,0.0,196022.5770000001,-0.048069
204733.46,0.0,196022.5770000001,-0.048069
204773.56,0.0,196022.5770000001,-0.048069
204813.76,0.0,196022.5770000001,-0.048069
204854.06,0.0,196022.5770000001,-0.048069
204894.46,0.0,196022.5770000001,-0.048069
204934.96,0.0,196022.5770000001,-0.048069
204975.56,0.0,196022.5770000001,-0.048069
205016.26,0.0,196022.5770000001,-0.048069
205057.06,0.0,196022.5770000001,-0.048069
205097.96,0.0,196022.5770000001,-0.048069
205138.96,0.0,196022.5770000001,-0.048069
205180.06,0.0,196022.5770000001,-0.048069
205221.26,0.0,196022.5770000001,-0.048069
205262.56,0.0,196022.5770000001,-0.048069
205303.96,0.0,196022.5770000001,-0.048069
205345.46,0.0,196022.5770000001,-0.048069
205387.06,0.0,196022.5770000001,-0.048069
205428.76,0.0,196022.5770000001,-0.048069
205470.56,0.0,196022.5770000001,-0.048069
205512.46,0.0,196022.5770000001,-0.048069
205554.46,0.0,196022.5770000001,-0.048069
205596.56,0.0,196022.5770000001,-0.048069
205638.76,0.0,196022.5770000001,-0.048069
205681.06,0.0,196022.5770000001,-0.048069
205723.46,0.0,196022.5770000001,-0.048069
205765.96,0.0,196022.5770000001,-0.048069
205808.56,0.0,196022.5770000001,-0.048069
205851.26,0.0,196022.5770000001,-0.048069
205894.06,0.0,196022.5770000001,-0.048069
205936.96,0.0,196022.5770000001,-0.048069
205979.96,0.0,196022.5770000001,-0.048069
206023.06,0.0,196022.5770000001,-0.048069
206066.26,0.0,196022.5770000001,-0.048069
206109.56,0.0,196022.5770000001,-0.048069
206152.96,0.0,196022.5770000001,-0.048069
206196.46,0.0,196022.5770000001,-0.048069
206240.06,0.0,196022.5770000001,-0.048069
206283.76,0.0,196022.5770000001,-0.048069
206327.56,0.0,196022.5770000001,-0.048069
206371.46,0.0,196022.5770000001,-0.048069
206415.46,0.0,196022.5770000001,-0.048069
206459.56,0.0,196022.5770000001,-0.048069
206503.76,0.0,196022.5770000001,-0.048069
206548.06,0.0,196022.5770000001,-0.048069
206592.46,0.0,196022.5770000001,-0.048069
206636.96,0.0,196022.5770000001,-0.048069
206681.56,0.0,196022.5770000001,-0.048069
206726.26,0.0,196022.5770000001,-0.048069
206771.06,0.0,196022.5770000001,-0.048069
206815.96,0.0,196022.5770000001,-0.048069
206860.96,-0.1,196022.5770000001,-0.048069
206860.96,-0.1,196042.1310000001,0.0
206860.96,-0.1,196061.78400000013,0.014715
206860.96,-0.1,196081.5770000001,-0.033354
206860.96,-0.1,196101.42800000013,-0.01962
206860.96,-0.1,196121.3780000001,-0.00981
206860.96,-0.1,196141.4270000001,0.014715
206860.96,-0.1,196161.5740000001,-0.00981
206860.96,-0.1,196181.82000000012,-0.052974
206860.96,-0.1,196202.16500000012,0.014715
206860.96,-0.1,196222.60800000012,-0.004905
206860.96,-0.1,196243.1500000001,0.004905
206860.96,-0.1,196263.7910000001,-0.061803
206860.96,-0.1,196284.53100000013,0.00981
206860.96,-0.1,196305.3700000001,0.0
206860.96,-0.1,196326.30700000012,-0.023544
206860.96,-0.1,196347.3430000001,-0.01962
206860.96,-0.1,196368.47800000012,-0.028449
206860.96,-0.1,196389.7510000001,0.014715
206860.96,-0.1,196411.08400000012,0.00981
206860.96,-0.1,196432.5220000001,-0.038259
206860.96,-0.1,196454.0520000001,-0.00981
206860.96,-0.1,196475.70900000012,-0.01962
206860.96,-0.1,196497.43700000012,0.096138
206860.96,-0.1,196519.2640000001,0.114777
206860.96,-0.1,196541.18900000013,0.177561
206860.96,-0.1,196563.2140000001,0.191295
206860.96,-0.1,196585.3370000001,0.086328
206860.96,-0.1,196607.55900000007,0.00981
206860.96,-0.1,196629.87900000013,0.004905
206860.96,-0.1,196652.29800000013,-0.00981
206860.96,-0.1,196674.8320000001,0.014715
206860.96,-0.1,196697.44800000012,0.0
206860.96,-0.1,196720.16300000012,-0.004905
206860.96,-0.1,196742.97700000016,-0.00981
206860.96,-0.1,196765.89900000012,-0.061803
206860.96,-0.1,196788.9110000001,0.004905
206860.96,-0.1,196812.0220000001,-0.00981
206860.96,-0.1,196835.23100000012,-0.014715
206860.96,-0.1,196858.53800000012,-0.01962
206860.96,-0.1,196881.94500000012,-0.00981
206860.96,-0.1,196905.45000000016,-0.01962
206860.96,-0.1,196929.05400000012,-0.014715
206860.96,-0.1,196952.75800000012,-0.014715
206860.96,-0.1,196976.5600000001,-0.00981
206860.96,-0.1,197000.47400000013,-0.014715
206860.96,-0.1,197024.47400000013,-0.004905
206860.96,-0.1,197048.60500000013,-0.014715
206860.96,-0.1,197072.8020000001,-0.014715
206860.96,-0.1,197097.0980000001,-0.023544
206860.96,-0.1,197121.4920000001,0.0
206860.96,-0.1,197145.9960000001,-0.00981
206860.96,-0.1,197170.5880000001,-0.023544
206860.96,-0.1,197195.3140000001,-0.004905
206860.96,-0.1,197220.1030000001,-0.004905
206860.96,-0.1,197244.9910000001,-0.00981
206860.96,-0.1,197269.9780000001,0.004905
206860.96,-0.1,197295.0640000001,0.0
206860.96,-0.1,197320.2490000001,-0.033354
206860.96,-0.1,197345.5330000001,-0.028449
206860.96,-0.1,197370.91500000007,-0.004905
206860.96,-0.1,197396.39600000007,-0.00981
206860.96,-0.1,197421.9760000001,-0.004905
206860.96,-0.1,197447.6550000001,-0.014715
206860.96,-0.1,197473.43400000007,0.0
206860.96,-0.1,197499.3100000001,0.004905
206860.96,-0.1,197525.2850000001,-0.00981
206860.96,-0.1,197551.3590000001,-0.004905
206860.96,-0.1,197577.5310000001,-0.004905
206860.96,-0.1,197603.8020000001,0.004905
206860.96,-0.1,197630.1720000001,-0.00981
206860.96,-0.1,197656.6410000001,-0.00981
206860.96,-0.1,197683.2090000001,-0.014715
206860.96,-0.1,197709.8750000001,0.0
206860.96,-0.1,197736.64000000013,-0.01962
206860.96,-0.1,197763.50400000013,-0.014715
206860.96,-0.1,197790.4790000001,-0.014715
206860.96,-0.1,197817.5410000001,-0.014715
206860.96,-0.1,197844.7020000001,-0.00981
206860.96,-0.1,197871.96200000012,-0.01962
206860.96,-0.1,197899.33400000012,-0.004905
206860.96,-0.1,197926.79200000016,-0.014715
206860.96,-0.1,197954.34900000016,-0.00981
206860.96,-0.1,197982.00400000016,-0.028449
206860.96,-0.1,198009.75800000012,0.0
206860.96,-0.1,198037.61100000012,0.0
206860.96,-0.1,198065.58800000016,-0.01962
206860.96,-0.1,198093.63900000017,-0.004905
206860.96,-0.1,198121.78900000016,-0.00981
206860.96,-0.1,198150.03700000016,-0.01962
206860.96,-0.1,198178.40600000016,-0.004905
206860.96,-0.1,198206.85200000016,-0.014715
206860.96,-0.1,198235.39700000017,-0.014715
206860.96,-0.1,198264.04100000017,-0.00981
206860.96,-0.1,198292.79300000015,-0.00981
206860.96,-0.1,198321.63400000017,-0.00981
206860.96,-0.1,198350.60400000017,-0.004905
206860.96,-0.1,198379.64300000016,-0.014715
206860.96,-0.1,198408.78100000016,-0.014715
206860.96,-0.1,198438.01800000016,-0.004905
206860.96,-0.1,198467.35400000017,-0.023544
206860.96,-0.1,198496.78800000015,-0.01962
206860.96,-0.1,198526.32100000017,-0.004905
206860.96,-0.1,198555.95300000015,-0.00981
206860.96,-0.1,198585.68400000015,-0.023544
206860.96,-0.1,198615.51400000017,-0.014715
206860.96,-0.1,198645.44200000016,-0.004905
206860.96,-0.1,198675.4690000002,-0.004905
206860.96,-0.1,198705.59500000015,-0.004905
206860.96,-0.1,198735.82100000017,-0.01962
206860.96,-0.1,198766.14500000016,0.014715
206860.96,-0.1,198796.59400000016,0.00981
206860.96,-0.1,198827.11500000017,0.004905
206860.96,-0.1,198857.73500000016,0.00981
206860.96,-0.1,198888.45400000017,-0.014715
206860.96,-0.1,198919.27800000017,0.0
206860.96,-0.1,198950.19400000016,0.004905
206860.96,-0.1,198981.24300000016,-0.028449
206860.96,-0.1,199012.35800000012,0.0
206860.96,-0.1,199043.5710000001,0.014715
206860.96,-0.1,199074.88300000012,0.0
206860.96,-0.1,199106.30700000012,-0.052974
206860.96,-0.1,199137.81700000016,-0.033354
206860.96,-0.1,199169.4650000001,-0.023544
206860.96,-0.1,199201.1720000001,-0.023544
206860.96,-0.1,199232.97800000012,-0.028449
206860.96,-0.1,199264.88300000012,-0.014715
206860.96,-0.1,199296.90400000016,-0.004905
206860.96,-0.1,199329.00700000016,-0.00981
206860.96,-0.1,199361.20800000016,0.004905
206860.96,-0.1,199393.50900000017,-0.004905
206860.96,-0.1,199425.90800000017,-0.00981
206860.96,-0.1,199458.40600000016,-0.00981
206860.96,-0.1,199491.03000000017,-0.01962
206860.96,-0.1,199523.72600000017,-0.038259
206860.96,-0.1,199556.52000000016,-0.014715
206860.96,-0.1,199589.41300000015,-0.028449
206860.96,-0.1,199622.40400000016,-0.033354
206860.96,-0.1,199655.49400000015,0.0
206860.96,-0.1,199688.6830000002,-0.00981
206860.96,-0.1,199721.9710000002,-0.004905
206860.96,-0.1,199755.3570000002,-0.01962
206860.96,-0.1,199788.84200000015,0.004905
206860.96,-0.1,199822.42600000015,-0.014715
206860.96,-0.1,199856.11100000015,-0.00981
206860.96,-0.1,199889.8930000002,-0.004905
206860.96,-0.1,199923.8020000002,-0.014715
206860.96,-0.1,199957.7820000002,-0.00981
206860.96,-0.1,199991.86000000025,0.0
206860.96,-0.1,200026.0370000002,-0.00981
206860.96,-0.1,200060.34300000023,-0.004905
206860.96,-0.1,200094.71800000023,-0.00981
206860.96,-0.1,200129.19400000025,-0.00981
206860.96,-0.1,200163.7660000002,-0.004905
206860.96,-0.1,200198.4480000002,-0.004905
206860.96,-0.1,200233.2180000002,-0.00981
206860.96,-0.1,200268.1150000002,-0.014715
206860.96,-0.1,200303.0830000002,-0.014715
206860.96,-0.1,200338.14900000015,-0.004905
206860.96,-0.1,200373.3140000002,-0.01962
206860.96,-0.1,200408.5820000002,-0.01962
206860.96,-0.1,200443.9450000002,-0.033354
206860.96,-0.1,200479.4350000002,-0.01962
206860.96,-0.1,200514.9960000002,0.0
206860.96,-0.1,200550.6550000002,-0.033354
206860.96,-0.1,200586.4130000002,-0.01962
206860.96,-0.1,200622.2940000002,-0.00981
206860.96,-0.1,200658.2500000002,-0.014715
206860.96,-0.1,200694.3050000002,-0.00981
206860.96,-0.1,200730.4590000002,-0.004905
206860.96,-0.1,200766.7110000002,-0.01962
206860.96,-0.1,200803.0620000002,-0.023544
206860.96,-0.1,200839.51200000025,-0.01962
206860.96,-0.1,200876.06100000025,-0.01962
206860.96,-0.1,200912.7090000002,-0.014715
206860.96,-0.1,200949.45500000025,-0.00981
206860.96,-0.1,200986.3010000002,-0.043164
206860.96,-0.1,201023.2450000002,-0.014715
206860.96,-0.1,201060.2880000002,-0.00981
206860.96,-0.1,201097.4300000002,-0.014715
206860.96,-0.1,201134.6710000002,-0.00981
206860.96,-0.1,201172.0110000002,-0.014715
206860.96,-0.1,201209.4490000002,-0.014715
206860.96,-0.1,201246.9860000002,0.0
206860.96,-0.1,201284.6220000002,-0.01962
206860.96,-0.1,201322.3570000002,-0.00981
206860.96,-0.1,201360.1910000002,-0.023544
206860.96,-0.1,201398.12400000016,-0.023544
206860.96,-0.1,201436.15500000017,-0.114777
206906.06,-0.2,201474.30900000015,-0.224649
206951.26,-0.3,201512.53800000015,-0.368856
206996.56,-0.4,201550.86600000015,-0.483633
207041.96,-0.5,201550.86600000015,-0.483633
207087.46,-0.6,201589.29300000015,-0.589581
207133.06,-0.7,201627.83600000016,-0.632745
207133.06,-0.7,201666.4600000002,-0.790686
207178.76,-0.7,201705.1820000002,-0.732807
207224.56,-0.7,201744.0030000002,-0.756351
207270.46,-0.7,201782.9240000002,-0.704358
207316.46,-0.7,201821.9440000002,-0.732807
207362.56,-0.7,201861.06200000015,-0.742617
207408.76,-0.7,201900.27800000017,-0.674928
207455.06,-0.7,201939.63300000015,-0.714168
207501.46,-0.628571,201979.04700000017,-0.651384
207547.96,-0.528571,202018.56000000017,-0.560151
207594.56,-0.428571,202058.17200000017,-0.426735
207641.26,-0.328571,202097.92000000016,-0.340407
207688.06,-0.228571,202137.72900000017,-0.191295
207734.96,-0.128571,202177.63700000016,-0.104967
207781.96,-0.028571,202217.64400000015,-0.023544
207829.06,0.0,202257.75000000015,-0.014715
207876.26,0.0,202297.95500000016,-0.004905
207923.56,0.0,202338.25800000015,0.014715
207970.96,0.0,202378.66000000015,-0.01962
208018.46,0.0,202419.16100000017,-0.052974
208066.06,0.0,202459.76100000017,0.023544
208113.76,0.0,202500.46000000017,-0.057879
208161.56,0.0,202541.25800000015,-0.004905
208209.46,0.0,202582.15500000017,-0.01962
208257.46,0.0,202623.17700000017,-0.004905
208305.56,0.0,202664.27100000015,-0.004905
208353.76,0.0,202705.4630000002,-0.033354
208402.06,0.0,202705.4630000002,-0.033354
208450.46,0.0,202705.4630000002,-0.033354
208498.96,0.0,202705.4630000002,-0.033354
208547.56,0.0,202746.75500000015,-0.00981
208596.26,0.0,202788.16000000015,-0.028449
208645.06,0.0,202829.65000000017,0.014715
208693.96,0.0,202871.27600000016,-0.076518
208742.96,0.02,202912.96300000016,0.028449
208792.06,0.12,202954.75600000017,0.043164
208841.26,0.22,202996.64000000016,0.201105
208890.56,0.32,203038.64600000012,0.220725
208890.56,0.32,203080.72800000012,0.41202
208939.96,0.42,203122.90900000016,0.455184
208989.46,0.52,203122.90900000016,0.455184
209039.06,0.62,203165.18900000016,0.62784
209088.76,0.7,203207.56800000012,0.737712
209138.56,0.7,203250.04500000016,0.679833
209188.46,0.7,203292.63900000017,0.732807
209238.46,0.7,203335.31400000016,0.646479
209288.56,0.7,203378.12800000017,0.709263
209338.76,0.7,203421.00000000015,0.666099
209389.06,0.7,203463.97200000015,0.742617
209439.46,0.7,203507.0420000002,0.671004
209489.96,0.608571,203550.21100000016,0.593505
209540.56,0.508571,203593.4790000002,0.397305
209591.26,0.408571,203593.4790000002,0.397305
209642.06,0.308571,203636.8460000002,0.354141
209692.96,0.208571,203680.3110000002,0.20601
209743.96,0.108571,203723.8760000002,0.167751
209795.06,0.008571,203767.5490000002,0.014715
209846.26,0.0,203811.3100000002,0.0
209897.56,0.0,203855.1700000002,-0.071613
209948.96,0.0,203855.1700000002,-0.071613
210000.46,0.0,203855.1700000002,-0.071613
210052.06,0.0,203855.1700000002,-0.071613
210103.76,0.0,203855.1700000002,-0.071613
210155.56,0.0,203855.1700000002,-0.071613
210207.46,0.0,203855.1700000002,-0.071613
210259.46,0.0,203855.1700000002,-0.071613
210311.56,0.0,203855.1700000002,-0.071613
210363.76,0.0,203855.1700000002,-0.071613
210416.06,0.0,203855.1700000002,-0.071613
210468.46,0.0,203855.1700000002,-0.071613
210520.96,0.0,203855.1700000002,-0.071613
210573.56,0.0,203855.1700000002,-0.071613
210626.26,0.0,203855.1700000002,-0.071613
210679.06,0.0,203855.1700000002,-0.071613
210731.96,0.0,203855.1700000002,-0.071613
210784.96,0.0,203855.1700000002,-0.071613
210838.06,0.0,203855.1700000002,-0.071613
210891.26,0.0,203855.1700000002,-0.071613
210944.56,0.0,203855.1700000002,-0.071613
210997.96,0.0,203855.1700000002,-0.071613
211051.46,0.0,203855.1700000002,-0.071613
211105.06,0.0,203855.1700000002,-0.071613
211158.76,0.0,203855.1700000002,-0.071613
211212.56,0.0,203855.1700000002,-0.071613
211266.46,0.0,203855.1700000002,-0.071613
211320.46,0.0,203855.1700000002,-0.071613
211374.56,0.0,203855.1700000002,-0.071613
211428.76,0.0,203855.1700000002,-0.071613
211483.06,0.0,203855.1700000002,-0.071613
211537.46,0.0,203855.1700000002,-0.071613
211591.96,0.0,203855.1700000002,-0.071613
211646.56,0.0,203855.1700000002,-0.071613
211701.26,0.0,203855.1700000002,-0.071613
211756.06,0.0,203855.1700000002,-0.071613
211810.96,0.0,203855.1700000002,-0.071613
211865.96,0.0,203855.1700000002,-0.071613
211921.06,0.0,203855.1700000002,-0.071613
211976.26,0.0,203855.1700000002,-0.071613
212031.56,0.0,203855.1700000002,-0.071613
212086.96,0.0,203855.1700000002,-0.071613
212142.46,0.0,203855.1700000002,-0.071613
212198.06,0.0,203855.1700000002,-0.071613
212253.76,0.0,203855.1700000002,-0.071613
212309.56,0.0,203855.1700000002,-0.071613
212365.46,0.0,203855.1700000002,-0.071613
212421.46,0.0,203855.1700000002,-0.071613
212477.56,0.0,203855.1700000002,-0.071613
212533.76,0.0,203855.1700000002,-0.071613
212590.06,0.0,203855.1700000002,-0.071613
212646.46,0.0,203855.1700000002,-0.071613
212702.96,0.0,203855.1700000002,-0.071613
212759.56,0.0,203855.1700000002,-0.071613
212816.26,0.0,203855.1700000002,-0.071613
212873.06,0.0,203855.1700000002,-0.071613
212929.96,0.0,203855.1700000002,-0.071613
212986.96,0.0,203855.1700000002,-0.071613
213044.06,0.0,203855.1700000002,-0.071613
213101.26,0.0,203855.1700000002,-0.071613
213158.56,0.0,203855.1700000002,-0.071613
213215.96,0.0,203855.1700000002,-0.071613
213273.46,0.0,203855.1700000002,-0.071613
213331.06,0.0,203855.1700000002,-0.071613
213388.76,0.0,203855.1700000002,-0.071613
213446.56,0.0,203855.1700000002,-0.071613
213504.46,0.0,203855.1700000002,-0.071613
213562.46,0.0,203855.1700000002,-0.071613
213620.56,0.0,203855.1700000002,-0.071613
213678.76,0.0,203855.1700000002,-0.071613
213737.06,0.0,203855.1700000002,-0.071613
213795.46,0.0,203855.1700000002,-0.071613
213853.96,0.0,203855.1700000002,-0.071613
213912.56,0.0,203855.1700000002,-0.071613
213971.26,0.0,203855.1700000002,-0.071613
214030.06,0.0,203855.1700000002,-0.071613
214088.96,0.0,203855.1700000002,-0.071613
214147.96,0.0,203855.1700000002,-0.071613
214207.06,0.0,203855.1700000002,-0.071613
214266.26,0.0,203855.1700000002,-0.071613
214325.56,0.0,203855.1700000002,-0.071613
214384.96,0.0,203855.1700000002,-0.071613
214444.46,0.0,203855.1700000002,-0.071613
214504.06,0.0,203855.1700000002,-0.071613
214563.76,0.0,203855.1700000002,-0.071613
214623.56,0.0,203855.1700000002,-0.071613
214683.46,0.0,203855.1700000002,-0.071613
214743.46,0.0,203855.1700000002,-0.071613
214803.56,0.0,203855.1700000002,-0.071613
214863.76,0.0,203855.1700000002,-0.071613
214924.06,0.0,203855.1700000002,-0.071613
214984.46,0.0,203855.1700000002,-0.071613
215044.96,0.0,203855.1700000002,-0.071613
215105.56,0.0,203855.1700000002,-0.071613
215166.26,0.0,203855.1700000002,-0.071613
215227.06,0.0,203855.1700000002,-0.071613
215287.96,0.0,203855.1700000002,-0.071613
215348.96,0.0,203855.1700000002,-0.071613
215410.06,0.0,203855.1700000002,-0.071613
215471.26,0.0,203855.1700000002,-0.071613
215532.56,0.0,203855.1700000002,-0.071613
215593.96,0.0,203855.1700000002,-0.071613
215655.46,0.0,203855.1700000002,-0.071613
215717.06,0.0,203855.1700000002,-0.071613
215778.76,0.0,203855.1700000002,-0.071613
215840.56,0.0,203855.1700000002,-0.071613
215902.46,0.0,203855.1700000002,-0.071613
215964.46,0.0,203855.1700000002,-0.071613
216026.56,0.0,203855.1700000002,-0.071613
216088.76,0.0,203855.1700000002,-0.071613
216151.06,0.0,203855.1700000002,-0.071613
216213.46,0.0,203855.1700000002,-0.071613
216275.96,0.0,203855.1700000002,-0.071613
216338.56,0.0,203855.1700000002,-0.071613
216401.26,0.0,203855.1700000002,-0.071613
216464.06,0.0,203855.1700000002,-0.071613
216526.96,0.0,203855.1700000002,-0.071613
216589.96,0.0,203855.1700000002,-0.071613
216653.06,0.0,203855.1700000002,-0.071613
216716.26,0.0,203855.1700000002,-0.071613
216779.56,0.0,203855.1700000002,-0.071613
216842.96,0.0,203855.1700000002,-0.071613
216906.46,0.0,203855.1700000002,-0.071613
216970.06,0.0,203855.1700000002,-0.071613
217033.76,0.0,203855.1700000002,-0.071613
217097.56,0.0,203855.1700000002,-0.071613
217161.46,0.0,203855.1700000002,-0.071613
217225.46,0.0,203855.1700000002,-0.071613
217289.56,0.0,203855.1700000002,-0.071613
217353.76,0.0,203855.1700000002,-0.071613
217418.06,0.0,203855.1700000002,-0.071613
217482.46,0.0,203855.1700000002,-0.071613
217546.96,0.0,203855.1700000002,-0.071613
217611.56,0.0,203855.1700000002,-0.071613
217676.26,0.0,203855.1700000002,-0.071613
217741.06,0.0,203855.1700000002,-0.071613
217805.96,0.0,203855.1700000002,-0.071613
217870.96,0.0,203855.1700000002,-0.071613
217936.06,0.0,203855.1700000002,-0.071613
218001.26,0.0,203855.1700000002,-0.071613
218066.56,0.0,203855.1700000002,-0.071613
218131.96,0.0,203855.1700000002,-0.071613
218197.46,0.0,203855.1700000002,-0.071613
218263.06,0.0,203855.1700000002,-0.071613
218328.76,0.0,203855.1700000002,-0.071613
218394.56,0.0,203855.1700000002,-0.071613
218460.46,0.0,203855.1700000002,-0.071613
218526.46,0.0,203855.1700000002,-0.071613
218592.56,0.0,203855.1700000002,-0.071613
218658.76,0.0,203855.1700000002,-0.071613
218725.06,0.0,203855.1700000002,-0.071613
218791.46,0.0,203855.1700000002,-0.071613
218857.96,0.0,203855.1700000002,-0.071613
218924.56,0.0,203855.1700000002,-0.071613
218991.26,0.0,203855.1700000002,-0.071613
219058.06,0.0,203855.1700000002,-0.071613
219124.96,0.0,203855.1700000002,-0.071613
219191.96,0.0,203855.1700000002,-0.071613
219259.06,0.0,203855.1700000002,-0.071613
219326.26,0.0,203855.1700000002,-0.071613
219393.56,0.0,203855.1700000002,-0.071613
219460.96,0.0,203855.1700000002,-0.071613
219528.46,0.0,203855.1700000002,-0.071613
219596.06,0.0,203855.1700000002,-0.071613
219663.76,0.0,203855.1700000002,-0.071613
219731.56,0.0,203855.1700000002,-0.071613
219799.46,0.0,203855.1700000002,-0.071613
219867.46,0.0,203855.1700000002,-0.071613
219935.56,0.0,203855.1700000002,-0.071613
220003.76,0.0,203855.1700000002,-0.071613
220072.06,0.0,203855.1700000002,-0.071613
220140.46,0.0,203855.1700000002,-0.071613
220208.96,0.0,203855.1700000002,-0.071613
220277.56,0.0,203855.1700000002,-0.071613
220346.26,0.0,203855.1700000002,-0.071613
220415.06,0.0,203855.1700000002,-0.071613
220483.96,0.0,203855.1700000002,-0.071613
220552.96,0.0,203855.1700000002,-0.071613
220622.06,0.0,203855.1700000002,-0.071613
220691.26,0.0,203855.1700000002,-0.071613
220760.56,0.0,203855.1700000002,-0.071613
220829.96,0.0,203855.1700000002,-0.071613
220899.46,-0.1,203855.1700000002,-0.071613
220899.46,-0.1,203899.1290000002,0.057879
220899.46,-0.1,203943.19800000015,-0.033354
220899.46,-0.1,203987.35500000016,-0.014715
220899.46,-0.1,204031.6100000002,-0.033354
220899.46,-0.1,204075.9650000002,0.01962
220899.46,-0.1,204120.4180000002,0.004905
220899.46,-0.1,204164.9700000002,-0.014715
220899.46,-0.1,204209.6370000002,-0.048069
220899.46,-0.1,204254.3860000002,0.01962
220899.46,-0.1,204299.2710000002,-0.023544
220899.46,-0.1,204344.2180000002,-0.004905
220899.46,-0.1,204389.2650000002,-0.052974
220899.46,-0.1,204434.4090000002,-0.004905
220899.46,-0.1,204479.68200000015,0.004905
220899.46,-0.1,204525.02300000016,-0.004905
220899.46,-0.1,204570.46300000016,-0.028449
220899.46,-0.1,204616.00100000016,-0.023544
220899.46,-0.1,204661.65800000017,0.028449
220899.46,-0.1,204707.39500000016,0.01962
220899.46,-0.1,204753.26900000015,-0.043164
220899.46,-0.1,204799.20300000015,0.0
220899.46,-0.1,204845.2460000002,-0.00981
220899.46,-0.1,204891.3780000002,0.014715
220899.46,-0.1,204937.6370000002,0.01962
220899.46,-0.1,204983.9660000002,0.119682
220899.46,-0.1,205030.3940000002,0.20601
220899.46,-0.1,205076.92000000025,0.153036
220899.46,-0.1,205123.5650000002,0.101043
220899.46,-0.1,205170.2890000002,0.014715
220899.46,-0.1,205217.1530000002,-0.00981
220899.46,-0.1,205264.0740000002,-0.004905
220899.46,-0.1,205311.0940000002,-0.004905
220899.46,-0.1,205358.2130000002,-0.00981
220899.46,-0.1,205405.4300000002,-0.00981
220899.46,-0.1,205452.7460000002,-0.014715
220899.46,-0.1,205500.20600000015,-0.048069
220899.46,-0.1,205547.7190000002,-0.01962
220899.46,-0.1,205595.33100000015,-0.01962
220899.46,-0.1,205643.04100000017,-0.00981
220899.46,-0.1,205690.85100000017,-0.01962
220899.46,-0.1,205738.76000000015,-0.014715
220899.46,-0.1,205786.7670000002,-0.004905
220899.46,-0.1,205834.89600000015,-0.004905
220899.46,-0.1,205883.10100000017,-0.014715
220899.46,-0.1,205931.40500000017,-0.00981
220899.46,-0.1,205979.80700000015,-0.014715
220899.46,-0.1,206028.31700000016,-0.01962
220899.46,-0.1,206076.9170000002,-0.004905
220899.46,-0.1,206125.6470000002,-0.00981
220899.46,-0.1,206174.4440000002,-0.004905
220899.46,-0.1,206223.3400000002,-0.014715
220899.46,-0.1,206272.3350000002,0.004905
220899.46,-0.1,206321.43400000015,0.0
220899.46,-0.1,206370.6260000002,-0.023544
220899.46,-0.1,206419.9410000002,-0.01962
220899.46,-0.1,206469.3310000002,-0.004905
220899.46,-0.1,206518.81900000025,-0.028449
220899.46,-0.1,206568.40600000025,-0.023544
220899.46,-0.1,206618.0920000002,0.028449
220899.46,-0.1,206667.87600000025,-0.004905
220899.46,-0.1,206717.7600000002,-0.00981
220899.46,-0.1,206767.7420000002,-0.01962
220899.46,-0.1,206817.8610000002,-0.004905
220899.46,-0.1,206868.0410000002,-0.01962
220899.46,-0.1,206918.3200000002,-0.00981
220899.46,-0.1,206968.69700000025,-0.014715
220899.46,-0.1,207019.1730000002,0.0
220899.46,-0.1,207069.7520000002,-0.014715
220899.46,-0.1,207120.42500000025,0.004905
220899.46,-0.1,207171.20200000025,-0.004905
220899.46,-0.1,207222.07300000024,-0.01962
220899.46,-0.1,207273.06400000025,-0.01962
220899.46,-0.1,207324.13200000025,-0.01962
220899.46,-0.1,207375.29900000023,-0.014715
220899.46,-0.1,207426.56500000024,-0.014715
220899.46,-0.1,207477.93000000023,-0.004905
220899.46,-0.1,207529.39400000023,-0.004905
220899.46,-0.1,207580.97600000023,0.0
220899.46,-0.1,207632.63700000025,0.0
220899.46,-0.1,207684.3960000002,-0.014715
220899.46,-0.1,207736.2550000002,-0.00981
220899.46,-0.1,207788.2120000002,-0.004905
220899.46,-0.1,207840.2680000002,-0.00981
220899.46,-0.1,207892.4400000002,-0.01962
220899.46,-0.1,207944.6940000002,-0.033354
220899.46,-0.1,207997.0830000002,-0.023544
220899.46,-0.1,208049.53500000015,-0.01962
220899.46,-0.1,208102.08500000017,0.0
220899.46,-0.1,208154.73400000017,-0.00981
220899.46,-0.1,208207.50700000016,-0.01962
220899.46,-0.1,208260.35300000012,-0.014715
220899.46,-0.1,208313.29800000016,-0.014715
220899.46,-0.1,208366.34200000012,-0.01962
220899.46,-0.1,208419.48500000016,-0.00981
220899.46,-0.1,208472.72600000017,-0.004905
220899.46,-0.1,208526.09900000016,-0.004905
220899.46,-0.1,208579.53800000015,-0.004905
220899.46,-0.1,208633.07600000015,-0.014715
220899.46,-0.1,208686.71200000017,-0.00981
220899.46,-0.1,208740.44700000016,-0.014715
220899.46,-0.1,208794.28000000017,-0.014715
220899.46,-0.1,208848.21300000016,-0.014715
220899.46,-0.1,208902.24400000012,-0.004905
220899.46,-0.1,208956.3730000001,-0.004905
220899.46,-0.1,209010.62200000012,-0.004905
220899.46,-0.1,209064.9490000001,-0.01962
220899.46,-0.1,209119.37400000013,-0.014715
220899.46,-0.1,209173.89800000013,-0.014715
220899.46,-0.1,209228.5330000001,0.0
220899.46,-0.1,209283.25500000012,-0.00981
220899.46,-0.1,209338.07600000012,0.0
220899.46,-0.1,209392.9950000001,-0.023544
220899.46,-0.1,209448.01600000012,-0.014715
220899.46,-0.1,209503.13300000012,-0.00981
220899.46,-0.1,209558.3730000001,0.00981
220899.46,-0.1,209613.6880000001,-0.023544
220899.46,-0.1,209669.10200000013,-0.004905
220899.46,-0.1,209724.6140000001,-0.004905
220899.46,-0.1,209780.2290000001,-0.014715
220899.46,-0.1,209835.9390000001,-0.01962
220899.46,-0.1,209891.7820000001,-0.014715
220899.46,-0.1,209947.6900000001,-0.023544
220899.46,-0.1,210003.69600000008,0.00981
220899.46,-0.1,210059.80000000008,0.004905
220899.46,-0.1,210116.02600000007,-0.01962
220899.46,-0.1,210172.32800000007,-0.00981
220899.46,-0.1,210228.72900000008,-0.01962
220899.46,-0.1,210285.23000000007,-0.023544
220899.46,-0.1,210341.8560000001,0.014715
220899.46,-0.1,210398.5540000001,-0.00981
220899.46,-0.1,210455.35100000005,-0.01962
220899.46,-0.1,210512.2470000001,-0.028449
220899.46,-0.1,210569.24100000007,-0.023544
220899.46,-0.1,210626.33300000007,0.0
220899.46,-0.1,210683.52500000008,0.0
220899.46,-0.1,210740.8230000001,0.0
220899.46,-0.1,210798.2120000001,-0.01962
220899.46,-0.1,210855.69900000008,0.004905
220899.46,-0.1,210913.28600000008,0.0
220899.46,-0.1,210970.97200000007,-0.014715
220899.46,-0.1,211028.75600000008,-0.014715
220899.46,-0.1,211086.63900000008,-0.028449
220899.46,-0.1,211144.6220000001,-0.014715
220899.46,-0.1,211202.7030000001,-0.004905
220899.46,-0.1,211260.8830000001,-0.01962
220899.46,-0.1,211319.16100000008,-0.00981
220899.46,-0.1,211377.5380000001,-0.00981
220899.46,-0.1,211436.01400000008,-0.00981
220899.46,-0.1,211494.5890000001,-0.01962
220899.46,-0.1,211553.2800000001,-0.004905
220899.46,-0.1,211612.05200000008,-0.00981
220899.46,-0.1,211670.95400000009,-0.01962
220899.46,-0.1,211729.9240000001,0.0
220899.46,-0.1,211788.9920000001,-0.004905
220899.46,-0.1,211848.15800000008,0.0
220899.46,-0.1,211907.44900000008,0.0
220899.46,-0.1,211966.81400000007,-0.004905
220899.46,-0.1,212026.27800000008,-0.004905
220899.46,-0.1,212085.84000000008,0.0
220899.46,-0.1,212145.5180000001,-0.004905
220899.46,-0.1,212205.2780000001,0.0
220899.46,-0.1,212265.1780000001,-0.00981
220899.46,-0.1,212325.1360000001,-0.004905
220899.46,-0.1,212385.19200000013,-0.01962
220899.46,-0.1,212445.34700000013,-0.014715
220899.46,-0.1,212505.6450000001,0.0
220899.46,-0.1,212565.99700000012,-0.014715
220899.46,-0.1,212626.44800000012,-0.004905
220899.46,-0.1,212686.9980000001,-0.014715
220899.46,-0.1,212747.67400000012,-0.004905
220899.46,-0.1,212808.42100000012,0.0
220899.46,-0.1,212869.2670000001,0.0
220899.46,-0.1,212930.21200000012,-0.014715
220899.46,-0.1,212991.25500000012,-0.004905
220899.46,-0.1,213052.3970000001,0.004905
220899.46,-0.1,213113.63700000013,-0.00981
220899.46,-0.1,213174.97700000013,0.0
220899.46,-0.1,213236.41500000007,-0.01962
220899.46,-0.1,213297.9570000001,0.00981
220899.46,-0.1,213359.5930000001,0.0
220899.46,-0.1,213421.3270000001,0.004905
220899.46,-0.1,213483.1610000001,-0.004905
220899.46,-0.1,213545.0930000001,-0.014715
220899.46,-0.1,213607.1230000001,0.0
220899.46,-0.1,213669.2530000001,-0.004905
220899.46,-0.1,213731.4810000001,-0.004905
220899.46,-0.1,213793.8340000001,-0.01962
220899.46,-0.1,213856.2590000001,-0.01962
220899.46,-0.1,213918.7830000001,-0.114777
220969.06,-0.2,213981.4060000001,-0.254079
221038.76,-0.3,214044.1280000001,-0.325692
221108.56,-0.4,214106.9490000001,-0.546417
221178.46,-0.5,214106.9490000001,-0.546417
221248.46,-0.6,214169.8890000001,-0.565056
221318.56,-0.7,214232.9070000001,-0.671004
221388.76,-0.7,214296.0240000001,-0.709263
221459.06,-0.7,214359.2400000001,-0.722997
221529.46,-0.7,214422.5560000001,-0.666099
221599.96,-0.7,214485.9690000001,-0.699453
221670.56,-0.7,214549.5000000001,-0.694548
221741.26,-0.7,214613.1110000001,-0.694548
221812.06,-0.7,214676.86200000008,-0.694548
221882.96,-0.628571,214740.67000000007,-0.699453
221882.96,-0.628571,214804.57700000008,-0.62784
221953.96,-0.528571,214868.58200000008,-0.464994
222025.06,-0.428571,214932.7200000001,-0.455184
222096.26,-0.328571,214996.9230000001,-0.302148
222167.56,-0.228571,215061.2250000001,-0.1962
222238.96,-0.128571,215125.6260000001,-0.104967
222310.46,-0.028571,215190.1250000001,0.023544
222382.06,0.0,215254.7230000001,-0.081423
222382.06,0.0,215319.4200000001,0.004905
222453.76,0.0,215384.2160000001,-0.01962
222525.56,0.0,215449.1110000001,0.048069
222597.46,0.0,215514.10400000008,-0.071613
222669.46,0.0,215579.19600000008,0.033354
222741.56,0.0,215644.38700000008,-0.086328
222813.76,0.0,215709.6760000001,0.081423
222886.06,0.0,215775.0760000001,-0.071613
222958.46,0.0,215840.56300000005,0.00981
223030.96,0.0,215906.18500000008,-0.071613
223103.56,0.0,215971.8690000001,0.0
223103.56,0.0,216037.6520000001,-0.023544
223176.26,0.0,216037.6520000001,-0.023544
223249.06,0.0,216037.6520000001,-0.023544
223321.96,0.0,216037.6520000001,-0.023544
223394.96,0.0,216037.6520000001,-0.023544
223468.06,0.0,216037.6520000001,-0.023544
223541.26,0.0,216037.6520000001,-0.023544
223614.56,0.0,216037.6520000001,-0.023544
223687.96,0.0,216037.6520000001,-0.023544
223761.46,0.02,216037.6520000001,-0.023544
223761.46,0.02,216103.53400000007,-0.01962
223761.46,0.02,216169.52900000007,-0.028449
223761.46,0.02,216235.60900000003,0.033354
223835.06,0.12,216301.78700000007,-0.081423
223835.06,0.12,216368.06400000007,0.043164
223908.76,0.22,216434.47100000008,0.239364
223982.56,0.32,216500.9450000001,0.258984
224056.46,0.42,216567.51800000007,0.430659
224130.46,0.52,216634.1900000001,0.473823
224204.56,0.62,216700.96100000007,0.622935
224278.76,0.7,216767.83000000007,0.714168
224353.06,0.7,216834.79800000007,0.679833
224427.46,0.7,216901.8640000001,0.684738
224501.96,0.7,216969.0490000001,0.709263
224576.56,0.7,217036.31300000005,0.704358
224651.26,0.7,217103.71000000005,0.704358
224726.06,0.7,217171.17200000005,0.674928
224800.96,0.7,217171.17200000005,0.674928
224875.96,0.608571,217238.73200000005,0.656289
224951.06,0.508571,217306.3910000001,0.469899
225026.26,0.408571,217374.1490000001,0.464994
225101.56,0.308571,217442.00600000005,0.302148
225176.96,0.208571,217509.96100000004,0.267813
225252.46,0.108571,217578.01500000004,0.139302
225328.06,0.008571,217646.16800000003,0.00981
225403.76,0.0,217714.42000000004,-0.014715
225479.56,0.0,217782.77100000004,0.0
225479.56,0.0,217851.22000000003,0.004905
225555.46,0.0,217851.22000000003,0.004905
225631.46,0.0,217851.22000000003,0.004905
225707.56,0.0,217851.22000000003,0.004905
225783.76,0.0,217851.22000000003,0.004905
225860.06,0.0,217851.22000000003,0.004905
225936.46,0.0,217851.22000000003,0.004905
226012.96,0.0,217851.22000000003,0.004905
226089.56,0.0,217851.22000000003,0.004905
226166.26,0.0,217851.22000000003,0.004905
226243.06,0.0,217851.22000000003,0.004905
226319.96,0.0,217851.22000000003,0.004905
226396.96,0.0,217851.22000000003,0.004905
226474.06,0.0,217851.22000000003,0.004905
226551.26,0.0,217851.22000000003,0.004905
226628.56,0.0,217851.22000000003,0.004905
226705.96,0.0,217851.22000000003,0.004905
226783.46,0.0,217851.22000000003,0.004905
226861.06,0.0,217851.22000000003,0.004905
226938.76,0.0,217851.22000000003,0.004905
227016.56,0.0,217851.22000000003,0.004905
227094.46,0.0,217851.22000000003,0.004905
227172.46,0.0,217851.22000000003,0.004905
227250.56,0.0,217851.22000000003,0.004905
227328.76,0.0,217851.22000000003,0.004905
227407.06,0.0,217851.22000000003,0.004905
227485.46,0.0,217851.22000000003,0.004905
227563.96,0.0,217851.22000000003,0.004905
227642.56,0.0,217851.22000000003,0.004905
227721.26,0.0,217851.22000000003,0.004905
227800.06,0.0,217851.22000000003,0.004905
227878.96,0.0,217851.22000000003,0.004905
227957.96,0.0,217851.22000000003,0.004905
228037.06,0.0,217851.22000000003,0.004905
228116.26,0.0,217851.22000000003,0.004905
228195.56,0.0,217851.22000000003,0.004905
228274.96,0.0,217851.22000000003,0.004905
228354.46,0.0,217851.22000000003,0.004905
228434.06,0.0,217851.22000000003,0.004905
228513.76,0.0,217851.22000000003,0.004905
228593.56,0.0,217851.22000000003,0.004905
228673.46,0.0,217851.22000000003,0.004905
228753.46,0.0,217851.22000000003,0.004905
228833.56,0.0,217851.22000000003,0.004905
228913.76,0.0,217851.22000000003,0.004905
228994.06,0.0,217851.22000000003,0.004905
229074.46,0.0,217851.22000000003,0.004905
229154.96,0.0,217851.22000000003,0.004905
229235.56,0.0,217851.22000000003,0.004905
229316.26,0.0,217851.22000000003,0.004905
229397.06,0.0,217851.22000000003,0.004905
229477.96,0.0,217851.22000000003,0.004905
229558.96,0.0,217851.22000000003,0.004905
229640.06,0.0,217851.22000000003,0.004905
229721.26,0.0,217851.22000000003,0.004905
229802.56,0.0,217851.22000000003,0.004905
229883.96,0.0,217851.22000000003,0.004905
229965.46,0.0,217851.22000000003,0.004905
230047.06,0.0,217851.22000000003,0.004905
230128.76,0.0,217851.22000000003,0.004905
230210.56,0.0,217851.22000000003,0.004905
230292.46,0.0,217851.22000000003,0.004905
230374.46,0.0,217851.22000000003,0.004905
230456.56,0.0,217851.22000000003,0.004905
230538.76,0.0,217851.22000000003,0.004905
230621.06,0.0,217851.22000000003,0.004905
230703.46,0.0,217851.22000000003,0.004905
230785.96,0.0,217851.22000000003,0.004905
230868.56,0.0,217851.22000000003,0.004905
230951.26,0.0,217851.22000000003,0.004905
231034.06,0.0,217851.22000000003,0.004905
231116.96,0.0,217851.22000000003,0.004905
231199.96,0.0,217851.22000000003,0.004905
231283.06,0.0,217851.22000000003,0.004905
231366.26,0.0,217851.22000000003,0.004905
231449.56,0.0,217851.22000000003,0.004905
231532.96,0.0,217851.22000000003,0.004905
231616.46,0.0,217851.22000000003,0.004905
231700.06,0.0,217851.22000000003,0.004905
231783.76,0.0,217851.22000000003,0.004905
231867.56,0.0,217851.22000000003,0.004905
231951.46,0.0,217851.22000000003,0.004905
232035.46,0.0,217851.22000000003,0.004905
232119.56,0.0,217851.22000000003,0.004905
232203.76,0.0,217851.22000000003,0.004905
232288.06,0.0,217851.22000000003,0.004905
232372.46,0.0,217851.22000000003,0.004905
232456.96,0.0,217851.22000000003,0.004905
232541.56,0.0,217851.22000000003,0.004905
232626.26,0.0,217851.22000000003,0.004905
232711.06,0.0,217851.22000000003,0.004905
232795.96,0.0,217851.22000000003,0.004905
232880.96,0.0,217851.22000000003,0.004905
232966.06,0.0,217851.22000000003,0.004905
233051.26,0.0,217851.22000000003,0.004905
233136.56,0.0,217851.22000000003,0.004905
233221.96,0.0,217851.22000000003,0.004905
233307.46,0.0,217851.22000000003,0.004905
233393.06,0.0,217851.22000000003,0.004905
233478.76,0.0,217851.22000000003,0.004905
233564.56,0.0,217851.22000000003,0.004905
233650.46,0.0,217851.22000000003,0.004905
233736.46,0.0,217851.22000000003,0.004905
233822.56,0.0,217851.22000000003,0.004905
233908.76,0.0,217851.22000000003,0.004905
233995.06,0.0,217851.22000000003,0.004905
234081.46,0.0,217851.22000000003,0.004905
234167.96,0.0,217851.22000000003,0.004905
234254.56,0.0,217851.22000000003,0.004905
234341.26,0.0,217851.22000000003,0.004905
234428.06,0.0,217851.22000000003,0.004905
234514.96,0.0,217851.22000000003,0.004905
234601.96,0.0,217851.22000000003,0.004905
234689.06,0.0,217851.22000000003,0.004905
234776.26,0.0,217851.22000000003,0.004905
234863.56,0.0,217851.22000000003,0.004905
234950.96,0.0,217851.22000000003,0.004905
235038.46,0.0,217851.22000000003,0.004905
235126.06,0.0,217851.22000000003,0.004905
235213.76,0.0,217851.22000000003,0.004905
235301.56,0.0,217851.22000000003,0.004905
235389.46,0.0,217851.22000000003,0.004905
235477.46,0.0,217851.22000000003,0.004905
235565.56,0.0,217851.22000000003,0.004905
235653.76,0.0,217851.22000000003,0.004905
235742.06,0.0,217851.22000000003,0.004905
235830.46,0.0,217851.22000000003,0.004905
235918.96,0.0,217851.22000000003,0.004905
236007.56,0.0,217851.22000000003,0.004905
236096.26,0.0,217851.22000000003,0.004905
236185.06,0.0,217851.22000000003,0.004905
236273.96,0.0,217851.22000000003,0.004905
236362.96,0.0,217851.22000000003,0.004905
236452.06,0.0,217851.22000000003,0.004905
236541.26,0.0,217851.22000000003,0.004905
236630.56,0.0,217851.22000000003,0.004905
236719.96,0.0,217851.22000000003,0.004905
236809.46,0.0,217851.22000000003,0.004905
236899.06,0.0,217851.22000000003,0.004905
236988.76,0.0,217851.22000000003,0.004905
237078.56,0.0,217851.22000000003,0.004905
237168.46,0.0,217851.22000000003,0.004905
237258.46,0.0,217851.22000000003,0.004905
237348.56,0.0,217851.22000000003,0.004905
237438.76,0.0,217851.22000000003,0.004905
237529.06,0.0,217851.22000000003,0.004905
237619.46,0.0,217851.22000000003,0.004905
237709.96,0.0,217851.22000000003,0.004905
237800.56,0.0,217851.22000000003,0.004905
237891.26,0.0,217851.22000000003,0.004905
237982.06,0.0,217851.22000000003,0.004905
238072.96,0.0,217851.22000000003,0.004905
238163.96,0.0,217851.22000000003,0.004905
238255.06,0.0,217851.22000000003,0.004905
238346.26,0.0,217851.22000000003,0.004905
238437.56,0.0,217851.22000000003,0.004905
238528.96,0.0,217851.22000000003,0.004905
238620.46,0.0,217851.22000000003,0.004905
238712.06,0.0,217851.22000000003,0.004905
238803.76,0.0,217851.22000000003,0.004905
238895.56,0.0,217851.22000000003,0.004905
238987.46,0.0,217851.22000000003,0.004905
239079.46,0.0,217851.22000000003,0.004905
239171.56,0.0,217851.22000000003,0.004905
239263.76,0.0,217851.22000000003,0.004905
239356.06,0.0,217851.22000000003,0.004905
239448.46,0.0,217851.22000000003,0.004905
239540.96,0.0,217851.22000000003,0.004905
239633.56,0.0,217851.22000000003,0.004905
239726.26,0.0,217851.22000000003,0.004905
239819.06,0.0,217851.22000000003,0.004905
239911.96,0.0,217851.22000000003,0.004905
240004.96,0.0,217851.22000000003,0.004905
240098.06,0.0,217851.22000000003,0.004905
240191.26,0.0,217851.22000000003,0.004905
240284.56,0.0,217851.22000000003,0.004905
240377.96,0.0,217851.22000000003,0.004905
240471.46,0.0,217851.22000000003,0.004905
240565.06,-0.1,217851.22000000003,0.004905
240565.06,-0.1,217919.76800000004,-0.052974
240565.06,-0.1,217988.41400000005,0.0
240565.06,-0.1,218057.15900000004,0.0
240565.06,-0.1,218126.00200000004,0.00981
240565.06,-0.1,218194.94500000004,-0.043164
240565.06,-0.1,218264.00800000003,-0.01962
240565.06,-0.1,218333.14800000004,0.00981
240565.06,-0.1,218402.38700000005,0.0
240565.06,-0.1,218471.72500000003,-0.023544
240565.06,-0.1,218541.17400000003,-0.033354
240565.06,-0.1,218610.70900000003,-0.004905
240565.06,-0.1,218680.37500000003,0.023544
240565.06,-0.1,218750.107,-0.023544
240565.06,-0.1,218819.938,-0.028449
240565.06,-0.1,218889.868,-0.033354
240565.06,-0.1,218959.91,0.038259
240565.06,-0.1,219030.037,-0.028449
240565.06,-0.1,219100.299,-0.043164
240565.06,-0.1,219170.624,-0.014715
240565.06,-0.1,219241.047,0.014715
240565.06,-0.1,219311.57,0.0
240565.06,-0.1,219382.191,-0.033354
240565.06,-0.1,219452.91000000003,0.104967
240565.06,-0.1,219523.76800000004,0.201105
240565.06,-0.1,219594.68500000003,0.244269
240565.06,-0.1,219665.70100000003,0.143226
240565.06,-0.1,219736.816,0.038259
240565.06,-0.1,219808.029,0.004905
240565.06,-0.1,219879.34,-0.023544
240565.06,-0.1,219950.75,0.0
240565.06,-0.1,220022.259,0.0
240565.06,-0.1,220093.868,-0.014715
240565.06,-0.1,220165.575,-0.01962
240565.06,-0.1,220237.38,0.01962
240565.06,-0.1,220309.284,-0.023544
240565.06,-0.1,220381.287,-0.00981
240565.06,-0.1,220453.389,-0.01962
240565.06,-0.1,220525.59,-0.01962
240565.06,-0.1,220597.889,0.00981
240565.06,-0.1,220670.287,-0.01962
240565.06,-0.1,220742.785,-0.00981
240565.06,-0.1,220815.381,-0.01962
240565.06,-0.1,220888.098,-0.00981
240565.06,-0.1,220960.891,-0.00981
240565.06,-0.1,221033.783,-0.004905
240565.06,-0.1,221106.773,0.0
240565.06,-0.1,221179.86599999995,-0.01962
240565.06,-0.1,221253.05399999995,-0.004905
240565.06,-0.1,221326.36499999996,-0.023544
240565.06,-0.1,221399.75099999996,-0.01962
240565.06,-0.1,221473.23599999992,-0.043164
240565.06,-0.1,221546.81899999996,-0.004905
240565.06,-0.1,221620.51899999997,0.014715
240565.06,-0.1,221694.29899999997,-0.01962
240565.06,-0.1,221768.17799999996,-0.014715
240565.06,-0.1,221842.15599999996,-0.033354
240565.06,-0.1,221916.23999999996,-0.01962
240565.06,-0.1,221990.41499999992,-0.004905
240565.06,-0.1,222064.71699999992,-0.028449
240565.06,-0.1,222139.0899999999,0.0
240565.06,-0.1,222213.56199999992,-0.043164
240565.06,-0.1,222288.1329999999,-0.004905
240565.06,-0.1,222362.80299999996,-0.01962
240565.06,-0.1,222437.57099999997,-0.004905
240565.06,-0.1,222512.47099999996,-0.014715
240565.06,-0.1,222587.43699999992,0.0
240565.06,-0.1,222662.50199999992,-0.004905
240565.06,-0.1,222737.6659999999,-0.00981
240565.06,-0.1,222812.9699999999,-0.004905
240565.06,-0.1,222888.33099999992,-0.004905
240565.06,-0.1,222963.7909999999,-0.00981
240565.06,-0.1,223039.3489999999,-0.014715
240565.06,-0.1,223115.0069999999,-0.023544
240565.06,-0.1,223190.7699999999,-0.01962
240565.06,-0.1,223266.6249999999,-0.014715
240565.06,-0.1,223342.60799999992,-0.01962
240565.06,-0.1,223418.65999999992,-0.004905
240565.06,-0.1,223494.81199999992,-0.00981
240565.06,-0.1,223571.06199999992,-0.00981
240565.06,-0.1,223647.42899999992,-0.004905
240565.06,-0.1,223723.8759999999,-0.014715
240565.06,-0.1,223800.4579999999,-0.00981
240565.06,-0.1,223877.1029999999,-0.014715
240565.06,-0.1,223953.8469999999,-0.014715
240565.06,-0.1,224030.6889999999,-0.00981
240565.06,-0.1,224107.6449999999,0.004905
240565.06,-0.1,224184.6849999999,-0.00981
240565.06,-0.1,224261.86099999992,-0.004905
240565.06,-0.1,224339.09899999996,-0.00981
240565.06,-0.1,224416.43499999997,0.0
240565.06,-0.1,224493.87099999996,-0.014715
240565.06,-0.1,224571.42799999996,-0.014715
240565.06,-0.1,224649.06099999996,0.0
240565.06,-0.1,224726.79299999992,-0.00981
240565.06,-0.1,224804.62399999992,-0.01962
240565.06,-0.1,224882.58399999992,-0.00981
240565.06,-0.1,224960.6119999999,-0.014715
240565.06,-0.1,225038.7389999999,-0.014715
240565.06,-0.1,225116.9649999999,-0.014715
240565.06,-0.1,225195.2889999999,-0.01962
240565.06,-0.1,225273.7119999999,-0.004905
240565.06,-0.1,225352.2749999999,-0.00981
240565.06,-0.1,225430.89599999992,-0.01962
240565.06,-0.1,225509.61599999992,-0.01962
240565.06,-0.1,225588.43399999992,-0.01962
240565.06,-0.1,225667.3509999999,-0.014715
240565.06,-0.1,225746.3669999999,-0.014715
240565.06,-0.1,225825.4819999999,-0.00981
240565.06,-0.1,225904.6949999999,-0.014715
240565.06,-0.1,225984.0069999999,-0.01962
240565.06,-0.1,226063.4179999999,-0.023544
240565.06,-0.1,226142.92699999988,-0.004905
240565.06,-0.1,226222.54099999988,-0.028449
240565.06,-0.1,226302.24799999988,-0.01962
240565.06,-0.1,226382.05299999987,0.004905
240565.06,-0.1,226461.95799999987,-0.004905
240565.06,-0.1,226541.96099999984,-0.00981
240565.06,-0.1,226622.06299999988,-0.028449
240565.06,-0.1,226702.2739999999,-0.023544
240565.06,-0.1,226782.57399999988,0.01962
240565.06,-0.1,226863.00699999987,-0.00981
240565.06,-0.1,226943.50399999987,-0.00981
240565.06,-0.1,227024.10099999988,0.0
240565.06,-0.1,227104.7959999999,0.004905
240565.06,-0.1,227185.61699999988,0.004905
240565.06,-0.1,227266.5099999999,-0.038259
240565.06,-0.1,227347.5009999999,-0.023544
240565.06,-0.1,227428.5909999999,-0.014715
240565.06,-0.1,227509.7789999999,-0.01962
240565.06,-0.1,227591.0659999999,-0.01962
240565.06,-0.1,227672.47799999992,0.0
240565.06,-0.1,227753.9629999999,-0.004905
240565.06,-0.1,227835.54599999991,-0.023544
240565.06,-0.1,227917.22799999992,-0.004905
240565.06,-0.1,227999.0089999999,-0.014715
240565.06,-0.1,228080.8889999999,-0.014715
240565.06,-0.1,228162.89099999992,0.004905
240565.06,-0.1,228244.9679999999,-0.028449
240565.06,-0.1,228327.1439999999,0.004905
240565.06,-0.1,228409.4189999999,-0.004905
240565.06,-0.1,228491.7919999999,0.0
240565.06,-0.1,228574.2649999999,-0.00981
240565.06,-0.1,228656.8359999999,0.004905
240565.06,-0.1,228739.5059999999,-0.004905
240565.06,-0.1,228822.27399999992,0.0
240565.06,-0.1,228905.16499999992,-0.033354
240565.06,-0.1,228988.1309999999,-0.004905
240565.06,-0.1,229071.19499999992,-0.004905
240565.06,-0.1,229154.3589999999,0.0
240565.06,-0.1,229237.62999999992,-0.00981
240565.06,-0.1,229320.99099999992,-0.014715
240565.06,-0.1,229404.4919999999,-0.00981
240565.06,-0.1,229488.05099999992,-0.014715
240565.06,-0.1,229571.7199999999,-0.014715
240565.06,-0.1,229655.4759999999,-0.01962
240565.06,-0.1,229739.3629999999,-0.014715
240565.06,-0.1,229823.3169999999,-0.004905
240565.06,-0.1,229907.3689999999,-0.028449
240565.06,-0.1,229991.5199999999,-0.004905
240565.06,-0.1,230075.7699999999,0.0
240565.06,-0.1,230160.1189999999,-0.01962
240565.06,-0.1,230244.5989999999,-0.004905
240565.06,-0.1,230329.1449999999,-0.00981
240565.06,-0.1,230413.7899999999,-0.004905
240565.06,-0.1,230498.5339999999,-0.00981
240565.06,-0.1,230583.3769999999,0.0
240565.06,-0.1,230668.31799999988,-0.00981
240565.06,-0.1,230753.3799999999,-0.014715
240565.06,-0.1,230838.51899999988,-0.023544
240565.06,-0.1,230923.75599999988,-0.01962
240565.06,-0.1,231009.0919999999,-0.014715
240565.06,-0.1,231094.52699999989,-0.004905
240565.06,-0.1,231180.0609999999,-0.004905
240565.06,-0.1,231265.6929999999,-0.00981
240565.06,-0.1,231351.4279999999,-0.00981
240565.06,-0.1,231437.2589999999,-0.014715
240565.06,-0.1,231523.1879999999,-0.014715
240565.06,-0.1,231609.2159999999,-0.014715
240565.06,-0.1,231695.3419999999,-0.01962
240565.06,-0.1,231781.5669999999,0.0
240565.06,-0.1,231867.9259999999,-0.00981
240565.06,-0.1,231954.3489999999,-0.014715
240565.06,-0.1,232040.8719999999,-0.043164
240658.76,-0.2,232127.4929999999,-0.244269
240752.56,-0.3,232214.2359999999,-0.306072
240846.46,-0.4,232301.05499999988,-0.455184
240940.46,-0.5,232387.97299999988,-0.565056
241034.56,-0.6,232474.98899999988,-0.541512
241128.76,-0.7,232562.11199999988,-0.775971
241223.06,-0.7,232649.32599999988,-0.694548
241317.46,-0.7,232736.66599999988,-0.737712
241411.96,-0.7,232824.07699999987,-0.714168
241506.56,-0.7,232911.58699999988,-0.699453
241601.26,-0.7,232999.19599999988,-0.709263
241696.06,-0.7,233086.90299999987,-0.694548
241790.96,-0.7,233174.70999999988,-0.704358
241885.96,-0.628571,233262.61499999987,-0.714168
241981.06,-0.528571,233350.61899999983,-0.521892
242076.26,-0.428571,233438.72199999983,-0.455184
242171.56,-0.328571,233526.92299999984,-0.354141
242266.96,-0.228571,233615.22299999985,-0.272718
242362.46,-0.128571,233703.62299999985,-0.162846
242458.06,-0.028571,233792.12099999984,-0.01962
242553.76,0.0,233880.71799999985,0.004905
242649.56,0.0,233969.41399999984,-0.00981
242745.46,0.0,234058.21299999984,-0.066708
242841.46,0.0,234147.10599999985,0.061803
242937.56,0.0,234236.09799999985,-0.101043
243033.76,0.0,234325.18899999984,0.048069
243130.06,0.0,234414.37999999983,-0.066708
243226.46,0.0,234503.66799999983,-0.01962
243322.96,0.0,234593.06999999983,-0.004905
243419.56,0.0,234682.55499999985,-0.071613
243516.26,0.0,234682.55499999985,-0.071613
243613.06,0.0,234682.55499999985,-0.071613
243709.96,0.0,234682.55499999985,-0.071613
243806.96,0.0,234682.55499999985,-0.071613
243904.06,0.0,234772.1399999998,0.023544
244001.26,0.0,234861.82399999985,-0.048069
244098.56,0.0,234951.60599999985,0.033354
244195.96,0.0,235041.48699999985,-0.043164
244293.46,0.0,235131.48999999985,-0.033354
244391.06,0.02,235221.56799999985,0.023544
244488.76,0.12,235311.74499999985,0.01962
244488.76,0.12,235402.0199999998,0.01962
244488.76,0.12,235492.40799999985,0.148131
244586.56,0.22,235582.87999999983,0.315882
244684.46,0.32,235582.87999999983,0.315882
244782.46,0.42,235673.48399999985,0.349236
244782.46,0.42,235764.15299999985,0.469899
244880.56,0.52,235854.92099999983,0.555246
244978.76,0.62,235945.78799999983,0.709263
245077.06,0.7,235945.78799999983,0.709263
245175.46,0.7,236036.78399999984,0.661194
245273.96,0.7,236127.84899999984,0.742617
245372.56,0.7,236219.01199999984,0.661194
245471.26,0.7,236310.27399999983,0.718092
245570.06,0.7,236401.66499999983,0.666099
245668.96,0.7,236493.12399999984,0.704358
245767.96,0.7,236584.68099999984,0.679833
245867.06,0.608571,236676.33799999984,0.560151
245966.26,0.508571,236768.09299999985,0.464994
246065.56,0.408571,236859.94599999985,0.335502
246164.96,0.308571,236859.94599999985,0.335502
246264.46,0.208571,236951.89899999983,0.292338
246364.06,0.108571,237043.94999999987,0.119682
246463.76,0.008571,237136.09999999983,0.057879
246563.56,0.0,237228.34899999987,-0.043164
246663.46,0.0,237320.69599999988,0.048069
246763.46,0.0,237413.15799999988,-0.052974
246863.56,0.0,237505.70199999987,-0.004905
246963.76,0.0,237598.34499999988,-0.004905
247064.06,0.0,237691.08699999988,0.028449
247164.46,0.0,237783.92799999987,-0.028449
247264.96,0.0,237876.86699999988,-0.038259
247365.56,0.0,237969.91699999987,0.00981
247466.26,0.0,238063.05399999983,0.014715
247567.06,0.0,238156.32499999987,-0.01962
247667.96,0.0,238249.65899999987,-0.023544
247768.96,0.0,238343.09199999983,-0.033354
247870.06,0.0,238436.62299999985,0.014715
247971.26,0.0,238530.25999999983,-0.004905
248072.56,0.0,238623.98899999983,-0.033354
248173.96,0.0,238717.84599999984,-0.023544
248275.46,0.0,238811.7729999998,0.004905
248377.06,0.0,238905.7979999998,0.028449
248478.76,0.0,238999.9209999998,-0.048069
248580.56,0.0,239094.1479999998,-0.01962
248682.46,0.0,239188.4689999998,-0.00981
248784.46,0.0,239282.9149999998,0.023544
248886.56,0.0,239377.43299999984,-0.038259
248988.76,0.0,239472.0499999998,-0.048069
249091.06,0.0,239566.7649999998,0.023544
249193.46,0.0,239661.60399999985,0.153036
249295.96,0.0,239756.51599999983,0.162846
249398.56,0.0,239851.52799999985,0.224649
249501.26,0.0,239946.63899999985,0.066708
249604.06,0.0,240041.84799999985,0.066708
249706.96,0.0,240137.15699999983,-0.023544
249809.96,0.0,240232.56399999984,0.004905
249913.06,0.0,240328.06899999984,-0.00981
250016.26,0.0,240423.67299999984,0.0
250016.26,0.0,240519.37599999984,-0.014715
250119.56,0.0,240519.37599999984,-0.014715
250222.96,0.0,240519.37599999984,-0.014715
250326.46,0.0,240519.37599999984,-0.014715
250430.06,0.0,240519.37599999984,-0.014715
250533.76,0.0,240519.37599999984,-0.014715
250637.56,0.0,240519.37599999984,-0.014715
250741.46,0.0,240519.37599999984,-0.014715
250845.46,0.0,240519.37599999984,-0.014715
250949.56,0.0,240519.37599999984,-0.014715
251053.76,0.0,240519.37599999984,-0.014715
251158.06,0.0,240519.37599999984,-0.014715
251262.46,0.0,240519.37599999984,-0.014715
251366.96,0.0,240519.37599999984,-0.014715
251471.56,0.0,240519.37599999984,-0.014715
251576.26,0.0,240519.37599999984,-0.014715
251681.06,0.0,240519.37599999984,-0.014715
251785.96,0.0,240519.37599999984,-0.014715
251890.96,0.0,240519.37599999984,-0.014715
251996.06,0.0,240519.37599999984,-0.014715
252101.26,0.0,240519.37599999984,-0.014715
252206.56,0.0,240519.37599999984,-0.014715
252311.96,0.0,240519.37599999984,-0.014715
252417.46,0.0,240519.37599999984,-0.014715
252523.06,0.0,240519.37599999984,-0.014715
252628.76,0.0,240519.37599999984,-0.014715
252734.56,0.0,240519.37599999984,-0.014715
252840.46,0.0,240519.37599999984,-0.014715
252946.46,0.0,240519.37599999984,-0.014715
253052.56,0.0,240519.37599999984,-0.014715
253158.76,0.0,240519.37599999984,-0.014715
253265.06,0.0,240519.37599999984,-0.014715
253371.46,0.0,240519.37599999984,-0.014715
253477.96,0.0,240519.37599999984,-0.014715
253584.56,0.0,240519.37599999984,-0.014715
253691.26,0.0,240519.37599999984,-0.014715
253798.06,0.0,240519.37599999984,-0.014715
253904.96,0.0,240519.37599999984,-0.014715
254011.96,0.0,240519.37599999984,-0.014715
254119.06,0.0,240519.37599999984,-0.014715
254226.26,0.0,240519.37599999984,-0.014715
254333.56,0.0,240519.37599999984,-0.014715
254440.96,0.0,240519.37599999984,-0.014715
254548.46,0.0,240519.37599999984,-0.014715
254656.06,0.0,240519.37599999984,-0.014715
254763.76,0.0,240519.37599999984,-0.014715
254871.56,0.0,240519.37599999984,-0.014715
254979.46,0.0,240519.37599999984,-0.014715
255087.46,0.0,240519.37599999984,-0.014715
255195.56,0.0,240519.37599999984,-0.014715
255303.76,0.0,240519.37599999984,-0.014715
255412.06,0.0,240519.37599999984,-0.014715
255520.46,0.0,240519.37599999984,-0.014715
255628.96,0.0,240519.37599999984,-0.014715
255737.56,0.0,240519.37599999984,-0.014715
255846.26,0.0,240519.37599999984,-0.014715
255955.06,0.0,240519.37599999984,-0.014715
256063.96,0.0,240519.37599999984,-0.014715
256172.96,0.0,240519.37599999984,-0.014715
256282.06,0.0,240519.37599999984,-0.014715
256391.26,0.0,240519.37599999984,-0.014715
256500.56,0.0,240519.37599999984,-0.014715
256609.96,0.0,240519.37599999984,-0.014715
256719.46,0.0,240519.37599999984,-0.014715
256829.06,0.0,240519.37599999984,-0.014715
256938.76,0.0,240519.37599999984,-0.014715
257048.56,0.0,240519.37599999984,-0.014715
257158.46,0.0,240519.37599999984,-0.014715
257268.46,0.0,240519.37599999984,-0.014715
257378.56,0.0,240519.37599999984,-0.014715
257488.76,0.0,240519.37599999984,-0.014715
257599.06,0.0,240519.37599999984,-0.014715
257709.46,0.0,240519.37599999984,-0.014715
257819.96,0.0,240519.37599999984,-0.014715
257930.56,0.0,240519.37599999984,-0.014715
258041.26,0.0,240519.37599999984,-0.014715
258152.06,0.0,240519.37599999984,-0.014715
258262.96,0.0,240519.37599999984,-0.014715
258373.96,0.0,240519.37599999984,-0.014715
258485.06,0.0,240519.37599999984,-0.014715
258596.26,0.0,240519.37599999984,-0.014715
258707.56,0.0,240519.37599999984,-0.014715
258818.96,0.0,240519.37599999984,-0.014715
258930.46,0.0,240519.37599999984,-0.014715
259042.06,0.0,240519.37599999984,-0.014715
259153.76,0.0,240519.37599999984,-0.014715
259265.56,0.0,240519.37599999984,-0.014715
259377.46,0.0,240519.37599999984,-0.014715
259489.46,0.0,240519.37599999984,-0.014715
259601.56,0.0,240519.37599999984,-0.014715
259713.76,0.0,240519.37599999984,-0.014715
259826.06,0.0,240519.37599999984,-0.014715
259938.46,0.0,240519.37599999984,-0.014715
260050.96,0.0,240519.37599999984,-0.014715
260163.56,0.0,240519.37599999984,-0.014715
260276.26,0.0,240519.37599999984,-0.014715
260389.06,0.0,240519.37599999984,-0.014715
260501.96,0.0,240519.37599999984,-0.014715
260614.96,0.0,240519.37599999984,-0.014715
260728.06,0.0,240519.37599999984,-0.014715
260841.26,0.0,240519.37599999984,-0.014715
260954.56,0.0,240519.37599999984,-0.014715
261067.96,0.0,240519.37599999984,-0.014715
261181.46,0.0,240519.37599999984,-0.014715
261295.06,0.0,240519.37599999984,-0.014715
261408.76,0.0,240519.37599999984,-0.014715
261522.56,0.0,240519.37599999984,-0.014715
261636.46,0.0,240519.37599999984,-0.014715
261750.46,0.0,240519.37599999984,-0.014715
261864.56,0.0,240519.37599999984,-0.014715
261978.76,0.0,240519.37599999984,-0.014715
262093.06,0.0,240519.37599999984,-0.014715
262207.46,0.0,240519.37599999984,-0.014715
262321.96,0.0,240519.37599999984,-0.014715
262436.56,0.0,240519.37599999984,-0.014715
262551.26,0.0,240519.37599999984,-0.014715
262666.06,0.0,240519.37599999984,-0.014715
262780.96,0.0,240519.37599999984,-0.014715
262895.96,0.0,240519.37599999984,-0.014715
263011.06,0.0,240519.37599999984,-0.014715
263126.26,0.0,240519.37599999984,-0.014715
263241.56,0.0,240519.37599999984,-0.014715
263356.96,0.0,240519.37599999984,-0.014715
263472.46,0.0,240519.37599999984,-0.014715
263588.06,0.0,240519.37599999984,-0.014715
263703.76,0.0,240519.37599999984,-0.014715
263819.56,0.0,240519.37599999984,-0.014715
263935.46,0.0,240519.37599999984,-0.014715
264051.46,0.0,240519.37599999984,-0.014715
264167.56,0.0,240519.37599999984,-0.014715
264283.76,0.0,240519.37599999984,-0.014715
264400.06,0.0,240519.37599999984,-0.014715
264516.46,0.0,240519.37599999984,-0.014715
264632.96,0.0,240519.37599999984,-0.014715
264749.56,0.0,240519.37599999984,-0.014715
264866.26,0.0,240519.37599999984,-0.014715
264983.06,0.0,240519.37599999984,-0.014715
265099.96,0.0,240519.37599999984,-0.014715
265216.96,0.0,240519.37599999984,-0.014715
265334.06,0.0,240519.37599999984,-0.014715
265451.26,0.0,240519.37599999984,-0.014715
265568.56,0.0,240519.37599999984,-0.014715
265685.96,0.0,240519.37599999984,-0.014715
265803.46,0.0,240519.37599999984,-0.014715
265921.06,0.0,240519.37599999984,-0.014715
266038.76,0.0,240519.37599999984,-0.014715
266156.56,0.0,240519.37599999984,-0.014715
266274.46,0.0,240519.37599999984,-0.014715
266392.46,0.1,240519.37599999984,-0.014715
266392.46,0.1,240615.17699999985,-0.00981
266392.46,0.1,240711.07799999983,-0.00981
266392.46,0.1,240807.07699999987,-0.01962
266392.46,0.1,240903.18199999988,-0.01962
266392.46,0.1,240999.37899999987,-0.014715
266392.46,0.1,241095.69999999987,-0.014715
266392.46,0.1,241192.09399999987,-0.014715
266392.46,0.1,241288.58699999985,-0.01962
266392.46,0.1,241385.17899999983,0.0
266392.46,0.1,241481.87099999987,-0.00981
266392.46,0.1,241578.65999999983,-0.028449
266392.46,0.1,241675.57399999985,0.0
266392.46,0.1,241772.56099999984,-0.014715
266392.46,0.1,241869.64699999985,-0.023544
266392.46,0.1,241966.83199999985,-0.00981
266392.46,0.1,242064.12199999983,-0.057879
266392.46,0.1,242161.50399999987,-0.01962
266392.46,0.1,242259.03099999987,-0.00981
266392.46,0.1,242356.61099999983,-0.033354
266392.46,0.1,242454.30099999983,-0.014715
266392.46,0.1,242552.07899999985,-0.014715
266392.46,0.1,242649.98499999984,-0.033354
266392.46,0.1,242747.95999999985,-0.00981
266392.46,0.1,242846.03299999985,0.00981
266392.46,0.1,242944.20599999983,-0.014715
266392.46,0.1,243042.47799999983,-0.033354
266392.46,0.1,243140.84799999985,-0.028449
266392.46,0.1,243239.31599999985,0.023544
266392.46,0.1,243337.88299999983,-0.028449
266392.46,0.1,243436.54899999985,-0.048069
266392.46,0.1,243535.31399999987,-0.01962
266392.46,0.1,243634.17799999987,-0.014715
266392.46,0.1,243733.14099999983,0.004905
266392.46,0.1,243832.20299999983,-0.028449
266392.46,0.1,243931.36299999987,-0.028449
266392.46,0.1,244030.62199999983,-0.014715
266392.46,0.1,244129.98699999985,-0.023544
266392.46,0.1,244229.44299999985,-0.004905
266392.46,0.1,244328.99799999985,-0.00981
266392.46,0.1,244428.65099999984,-0.01962
266392.46,0.1,244528.40799999985,-0.014715
266392.46,0.1,244628.25899999985,-0.01962
266392.46,0.1,244728.23599999983,-0.014715
266392.46,0.1,244828.28499999983,-0.01962
266392.46,0.1,244928.43399999983,-0.014715
266392.46,0.1,245028.67999999988,-0.00981
266392.46,0.1,245129.03099999987,-0.00981
266392.46,0.1,245229.47499999983,-0.014715
266392.46,0.1,245330.05099999983,-0.014715
266392.46,0.1,245430.69299999985,-0.004905
266392.46,0.1,245531.43299999984,0.01962
266392.46,0.1,245632.27299999984,-0.014715
266392.46,0.1,245733.23699999985,-0.00981
266392.46,0.1,245834.27399999983,-0.01962
266392.46,0.1,245935.40999999983,-0.00981
266392.46,0.1,246036.64499999984,-0.004905
266392.46,0.1,246137.99099999983,-0.004905
266392.46,0.1,246239.42299999984,-0.023544
266392.46,0.1,246340.98799999984,0.0
266392.46,0.1,246442.61799999984,0.0
266392.46,0.1,246544.34699999983,-0.00981
266392.46,0.1,246646.17499999984,-0.00981
266392.46,0.1,246748.10199999984,-0.01962
266392.46,0.1,246850.12699999983,-0.01962
266392.46,0.1,246952.25099999984,-0.014715
266392.46,0.1,247054.47399999984,0.004905
266392.46,0.1,247156.79499999984,-0.00981
266392.46,0.1,247259.21499999985,-0.00981
266392.46,0.1,247361.73499999984,-0.014715
266392.46,0.1,247464.35299999983,-0.014715
266392.46,0.1,247567.0689999998,0.0
266392.46,0.1,247669.88399999985,-0.00981
266392.46,0.1,247772.7979999998,-0.00981
266392.46,0.1,247875.8109999998,-0.014715
266392.46,0.1,247978.92399999985,-0.014715
266392.46,0.1,248082.13899999985,-0.014715
266392.46,0.1,248185.44899999985,-0.023544
266392.46,0.1,248288.88799999983,-0.00981
266392.46,0.1,248392.39499999984,-0.043164
266392.46,0.1,248496.00099999984,-0.023544
266392.46,0.1,248599.70499999984,-0.028449
266392.46,0.1,248703.53199999983,-0.048069
266392.46,0.1,248807.43399999983,-0.028449
266392.46,0.1,248911.43399999983,-0.028449
266392.46,0.1,249015.53399999984,-0.00981
266392.46,0.1,249119.76599999983,-0.00981
266392.46,0.1,249224.06299999985,-0.01962
266392.46,0.1,249328.4629999998,-0.028449
266392.46,0.1,249432.9579999998,-0.00981
266392.46,0.1,249537.5889999998,-0.004905
266392.46,0.1,249642.2809999998,-0.023544
266392.46,0.1,249747.0719999998,-0.038259
266392.46,0.1,249851.96199999985,-0.028449
266392.46,0.1,249956.9659999998,-0.01962
266392.46,0.1,250062.0539999998,-0.004905
266392.46,0.1,250167.2719999998,0.014715
266392.46,0.1,250272.5569999998,-0.00981
266392.46,0.1,250377.9409999998,-0.004905
266392.46,0.1,250483.42299999975,-0.014715
266392.46,0.1,250589.00499999977,-0.028449
266392.46,0.1,250694.68499999976,-0.014715
266392.46,0.1,250800.46399999977,0.0
266392.46,0.1,250906.34199999977,-0.033354
266392.46,0.1,251012.31899999976,0.004905
266392.46,0.1,251118.3939999998,-0.028449
266392.46,0.1,251224.5679999998,-0.00981
266392.46,0.1,251330.84099999975,0.004905
266392.46,0.1,251437.21299999976,-0.004905
266392.46,0.1,251543.68399999975,-0.004905
266392.46,0.1,251650.25299999976,-0.038259
266392.46,0.1,251756.94399999976,-0.01962
266392.46,0.1,251863.70999999976,-0.004905
266392.46,0.1,251970.57499999972,0.0
266392.46,0.1,252077.53899999976,-0.014715
266392.46,0.1,252184.60199999972,-0.014715
266392.46,0.1,252291.76399999976,-0.004905
266392.46,0.1,252399.04799999975,0.0
266392.46,0.1,252506.40699999977,-0.004905
266392.46,0.1,252613.8649999998,-0.014715
266392.46,0.1,252721.4209999998,-0.00981
266392.46,0.1,252829.0939999998,0.0
266392.46,0.1,252936.8489999998,-0.004905
266392.46,0.1,253044.70199999984,-0.00981
266392.46,0.1,253152.65299999985,-0.01962
266392.46,0.1,253260.7029999998,-0.00981
266392.46,0.1,253368.8529999998,-0.004905
266392.46,0.1,253477.1289999998,-0.00981
266392.46,0.1,253585.47599999985,-0.01962
266392.46,0.1,253693.92099999983,-0.01962
266392.46,0.1,253802.46499999985,-0.00981
266392.46,0.1,253911.10799999983,-0.00981
266392.46,0.1,254019.84999999983,-0.01962
266392.46,0.1,254128.71999999983,-0.028449
266392.46,0.1,254237.65899999984,-0.014715
266392.46,0.1,254346.69799999983,-0.014715
266392.46,0.1,254455.83399999983,-0.00981
266392.46,0.1,254565.06999999983,-0.01962
266392.46,0.1,254674.40499999985,-0.014715
266392.46,0.1,254783.8379999998,0.014715
266392.46,0.1,254893.38599999985,-0.00981
266392.46,0.1,255003.01799999984,0.0
266392.46,0.1,255112.74699999983,0.0
266392.46,0.1,255222.57499999984,-0.014715
266392.46,0.1,255332.50799999983,-0.00981
266392.46,0.1,255442.53399999984,-0.01962
266392.46,0.1,255552.68699999983,-0.014715
266392.46,0.1,255662.91099999985,-0.023544
266392.46,0.1,255773.2329999998,-0.01962
266392.46,0.1,255883.6539999998,-0.00981
266392.46,0.1,255994.1959999998,-0.00981
266392.46,0.1,256104.8149999998,-0.00981
266392.46,0.1,256215.5329999998,-0.014715
266392.46,0.1,256326.3499999998,-0.004905
266392.46,0.1,256437.2709999998,-0.00981
266392.46,0.1,256548.2849999998,0.119682
266510.56,0.2,256659.4289999998,0.244269
266628.76,0.3,256770.6409999998,0.354141
266747.06,0.4,256881.9509999998,0.503253
266865.46,0.5,256881.9509999998,0.503253
266983.96,0.6,256993.3609999998,0.536607
267102.56,0.7,257104.8749999998,0.737712
267221.26,0.7,257216.48199999976,0.714168
267340.06,0.7,257328.21399999977,0.722997
267458.96,0.7,257440.01899999977,0.709263
267577.96,0.7,257551.92199999976,0.699453
267697.06,0.7,257663.92399999977,0.699453
267816.26,0.7,257776.02499999976,0.699453
267935.56,0.7,257888.22399999973,0.694548
268054.96,0.628571,258000.54699999976,0.737712
268054.96,0.628571,258112.94399999976,0.61803
268174.46,0.528571,258225.43999999977,0.455184
268294.06,0.428571,258338.03399999975,0.407115
268413.76,0.328571,258450.72799999977,0.244269
268533.56,0.228571,258450.72799999977,0.244269
268653.46,0.128571,258563.51899999977,0.172656
268773.46,0.028571,258676.40999999977,0.134397
268773.46,0.028571,258789.40099999975,-0.086328
268893.56,0.0,258902.48899999977,0.00981
269013.76,0.0,259015.69199999975,0.023544
269134.06,0.0,259128.97799999977,-0.023544
269254.46,0.0,259242.36299999975,0.0
269254.46,0.0,259355.8459999998,-0.052974
269374.96,0.0,259355.8459999998,-0.052974
269495.56,0.0,259355.8459999998,-0.052974
269616.26,0.0,259355.8459999998,-0.052974
269737.06,0.0,259355.8459999998,-0.052974
269857.96,0.0,259355.8459999998,-0.052974
269978.96,0.0,259355.8459999998,-0.052974
270100.06,0.0,259355.8459999998,-0.052974
270221.26,0.0,259355.8459999998,-0.052974
270342.56,0.0,259355.8459999998,-0.052974
270463.96,0.0,259355.8459999998,-0.052974
270585.46,0.0,259355.8459999998,-0.052974
270707.06,0.0,259355.8459999998,-0.052974
270828.76,0.0,259355.8459999998,-0.052974
270950.56,0.0,259355.8459999998,-0.052974
271072.46,0.0,259355.8459999998,-0.052974
271194.46,-0.02,259355.8459999998,-0.052974
271194.46,-0.02,259469.43699999977,-0.004905
271194.46,-0.02,259583.11899999977,0.028449
271194.46,-0.02,259696.92899999977,-0.038259
271316.56,-0.12,259810.80699999977,-0.066708
271316.56,-0.12,259924.78399999975,-0.023544
271316.56,-0.12,260038.85999999975,-0.028449
271316.56,-0.12,260153.0549999998,0.014715
271316.56,-0.12,260267.3289999998,-0.033354
271316.56,-0.12,260381.7009999998,0.00981
271316.56,-0.12,260496.1719999998,-0.081423
271316.56,-0.12,260610.74399999977,0.076518
271316.56,-0.12,260725.41199999975,-0.104967
271438.76,-0.22,260840.21599999975,-0.162846
271561.06,-0.32,260955.08099999977,-0.349236
271683.46,-0.42,261070.04699999976,-0.368856
271805.96,-0.52,261185.10999999972,-0.503253
271928.56,-0.62,261300.3069999997,-0.61803
272051.26,-0.7,261415.5679999997,-0.666099
272174.06,-0.7,261530.9279999997,-0.732807
272296.96,-0.7,261646.3859999997,-0.646479
272419.96,-0.7,261761.97399999973,-0.709263
272543.06,-0.7,261877.6299999997,-0.714168
272666.26,-0.7,261993.3839999997,-0.714168
272789.56,-0.7,262109.2379999997,-0.704358
272912.96,-0.7,262225.1899999997,-0.718092
273036.46,-0.608571,262341.2399999997,-0.60822
273160.06,-0.508571,262457.3899999997,-0.478728
273283.76,-0.408571,262573.63899999973,-0.388476
273407.56,-0.308571,262689.98599999974,-0.277623
273531.46,-0.208571,262806.4309999997,-0.191295
273655.46,-0.108571,262922.97499999974,-0.048069
273779.56,-0.008571,263039.6179999997,-0.01962
273903.76,0.0,263156.3599999997,0.004905
274028.06,0.0,263273.2079999997,-0.076518
274152.46,0.0,263390.1479999997,0.038259
274276.96,0.0,263507.1859999997,-0.004905
274401.56,0.0,263624.32299999974,0.0
274401.56,0.0,263741.5579999997,-0.048069
274526.26,0.0,263741.5579999997,-0.048069
274651.06,0.0,263741.5579999997,-0.048069
274775.96,0.0,263741.5579999997,-0.048069
274900.96,0.0,263741.5579999997,-0.048069
275026.06,0.0,263741.5579999997,-0.048069
275151.26,0.0,263741.5579999997,-0.048069
275276.56,0.0,263741.5579999997,-0.048069
275401.96,0.0,263741.5579999997,-0.048069
275527.46,0.0,263741.5579999997,-0.048069
275653.06,0.0,263741.5579999997,-0.048069
275778.76,0.0,263741.5579999997,-0.048069
275904.56,0.0,263741.5579999997,-0.048069
276030.46,0.0,263741.5579999997,-0.048069
276156.46,0.0,263741.5579999997,-0.048069
276282.56,0.0,263741.5579999997,-0.048069
276408.76,0.0,263741.5579999997,-0.048069
276535.06,0.0,263741.5579999997,-0.048069
276661.46,0.0,263741.5579999997,-0.048069
276787.96,0.0,263741.5579999997,-0.048069
276914.56,0.0,263741.5579999997,-0.048069
277041.26,0.0,263741.5579999997,-0.048069
277168.06,0.0,263741.5579999997,-0.048069
277294.96,0.0,263741.5579999997,-0.048069
277421.96,0.0,263741.5579999997,-0.048069
277549.06,0.0,263741.5579999997,-0.048069
277676.26,0.0,263741.5579999997,-0.048069
277803.56,0.0,263741.5579999997,-0.048069
277930.96,0.0,263741.5579999997,-0.048069
278058.46,0.0,263741.5579999997,-0.048069
278186.06,0.0,263741.5579999997,-0.048069
278313.76,0.0,263741.5579999997,-0.048069
278441.56,0.0,263741.5579999997,-0.048069
278569.46,0.0,263741.5579999997,-0.048069
278697.46,0.0,263741.5579999997,-0.048069
278825.56,0.0,263741.5579999997,-0.048069
278953.76,0.0,263741.5579999997,-0.048069
279082.06,0.0,263741.5579999997,-0.048069
279210.46,0.0,263741.5579999997,-0.048069
279338.96,0.0,263741.5579999997,-0.048069
279467.56,0.0,263741.5579999997,-0.048069
279596.26,0.0,263741.5579999997,-0.048069
279725.06,0.0,263741.5579999997,-0.048069
279853.96,0.0,263741.5579999997,-0.048069
279982.96,0.0,263741.5579999997,-0.048069
280112.06,0.0,263741.5579999997,-0.048069
280241.26,0.0,263741.5579999997,-0.048069
280370.56,0.0,263741.5579999997,-0.048069
280499.96,0.0,263741.5579999997,-0.048069
280629.46,0.0,263741.5579999997,-0.048069
280759.06,0.0,263741.5579999997,-0.048069
280888.76,0.0,263741.5579999997,-0.048069
281018.56,0.0,263741.5579999997,-0.048069
281148.46,0.0,263741.5579999997,-0.048069
281278.46,0.0,263741.5579999997,-0.048069
281408.56,0.0,263741.5579999997,-0.048069
281538.76,0.0,263741.5579999997,-0.048069
281669.06,0.0,263741.5579999997,-0.048069
281799.46,0.0,263741.5579999997,-0.048069
281929.96,0.0,263741.5579999997,-0.048069
282060.56,0.0,263741.5579999997,-0.048069
282191.26,0.0,263741.5579999997,-0.048069
282322.06,0.0,263741.5579999997,-0.048069
282452.96,0.0,263741.5579999997,-0.048069
282583.96,0.0,263741.5579999997,-0.048069
282715.06,0.0,263741.5579999997,-0.048069
282846.26,0.0,263741.5579999997,-0.048069
282977.56,0.0,263741.5579999997,-0.048069
283108.96,0.0,263741.5579999997,-0.048069
283240.46,0.0,263741.5579999997,-0.048069
283372.06,0.0,263741.5579999997,-0.048069
283503.76,0.0,263741.5579999997,-0.048069
283635.56,0.0,263741.5579999997,-0.048069
283767.46,0.0,263741.5579999997,-0.048069
283899.46,0.0,263741.5579999997,-0.048069
284031.56,0.0,263741.5579999997,-0.048069
284163.76,0.0,263741.5579999997,-0.048069
284296.06,0.0,263741.5579999997,-0.048069
284428.46,0.0,263741.5579999997,-0.048069
284560.96,0.0,263741.5579999997,-0.048069
284693.56,0.0,263741.5579999997,-0.048069
284826.26,0.0,263741.5579999997,-0.048069
284959.06,0.0,263741.5579999997,-0.048069
285091.96,0.0,263741.5579999997,-0.048069
285224.96,0.0,263741.5579999997,-0.048069
285358.06,0.0,263741.5579999997,-0.048069
285491.26,0.0,263741.5579999997,-0.048069
285624.56,0.0,263741.5579999997,-0.048069
285757.96,0.0,263741.5579999997,-0.048069
285891.46,0.0,263741.5579999997,-0.048069
286025.06,0.0,263741.5579999997,-0.048069
286158.76,0.0,263741.5579999997,-0.048069
286292.56,0.0,263741.5579999997,-0.048069
286426.46,0.0,263741.5579999997,-0.048069
286560.46,0.0,263741.5579999997,-0.048069
286694.56,0.0,263741.5579999997,-0.048069
286828.76,0.0,263741.5579999997,-0.048069
286963.06,0.0,263741.5579999997,-0.048069
287097.46,0.0,263741.5579999997,-0.048069
287231.96,0.0,263741.5579999997,-0.048069
287366.56,0.0,263741.5579999997,-0.048069
287501.26,0.0,263741.5579999997,-0.048069
287636.06,0.0,263741.5579999997,-0.048069
287770.96,0.0,263741.5579999997,-0.048069
287905.96,0.0,263741.5579999997,-0.048069
288041.06,0.0,263741.5579999997,-0.048069
288176.26,0.0,263741.5579999997,-0.048069
288311.56,0.0,263741.5579999997,-0.048069
288446.96,0.0,263741.5579999997,-0.048069
288582.46,0.0,263741.5579999997,-0.048069
288718.06,0.0,263741.5579999997,-0.048069
288853.76,0.0,263741.5579999997,-0.048069
288989.56,0.0,263741.5579999997,-0.048069
289125.46,0.0,263741.5579999997,-0.048069
289261.46,0.0,263741.5579999997,-0.048069
289397.56,0.0,263741.5579999997,-0.048069
289533.76,0.0,263741.5579999997,-0.048069
289670.06,0.0,263741.5579999997,-0.048069
289806.46,0.0,263741.5579999997,-0.048069
289942.96,0.0,263741.5579999997,-0.048069
290079.56,0.0,263741.5579999997,-0.048069
290216.26,0.0,263741.5579999997,-0.048069
290353.06,0.0,263741.5579999997,-0.048069
290489.96,0.0,263741.5579999997,-0.048069
290626.96,0.0,263741.5579999997,-0.048069
290764.06,0.0,263741.5579999997,-0.048069
290901.26,0.0,263741.5579999997,-0.048069
291038.56,0.0,263741.5579999997,-0.048069
291175.96,0.0,263741.5579999997,-0.048069
291313.46,0.0,263741.5579999997,-0.048069
291451.06,0.0,263741.5579999997,-0.048069
291588.76,0.0,263741.5579999997,-0.048069
291726.56,0.0,263741.5579999997,-0.048069
291864.46,0.0,263741.5579999997,-0.048069
292002.46,0.0,263741.5579999997,-0.048069
292140.56,0.0,263741.5579999997,-0.048069
292278.76,0.0,263741.5579999997,-0.048069
292417.06,0.0,263741.5579999997,-0.048069
292555.46,0.0,263741.5579999997,-0.048069
292693.96,0.0,263741.5579999997,-0.048069
292832.56,0.0,263741.5579999997,-0.048069
292971.26,0.0,263741.5579999997,-0.048069
293110.06,0.0,263741.5579999997,-0.048069
293248.96,0.0,263741.5579999997,-0.048069
293387.96,0.0,263741.5579999997,-0.048069
293527.06,0.0,263741.5579999997,-0.048069
293666.26,0.0,263741.5579999997,-0.048069
293805.56,0.0,263741.5579999997,-0.048069
293944.96,0.0,263741.5579999997,-0.048069
294084.46,0.0,263741.5579999997,-0.048069
294224.06,0.0,263741.5579999997,-0.048069
294363.76,0.0,263741.5579999997,-0.048069
294503.56,0.0,263741.5579999997,-0.048069
294643.46,0.0,263741.5579999997,-0.048069
294783.46,0.0,263741.5579999997,-0.048069
294923.56,0.0,263741.5579999997,-0.048069
295063.76,0.0,263741.5579999997,-0.048069
295204.06,0.0,263741.5579999997,-0.048069
295344.46,0.0,263741.5579999997,-0.048069
295484.96,0.0,263741.5579999997,-0.048069
295625.56,0.0,263741.5579999997,-0.048069
295766.26,0.0,263741.5579999997,-0.048069
295907.06,0.0,263741.5579999997,-0.048069
296047.96,0.0,263741.5579999997,-0.048069
296188.96,0.0,263741.5579999997,-0.048069
296330.06,0.0,263741.5579999997,-0.048069
296471.26,0.0,263741.5579999997,-0.048069
296612.56,0.0,263741.5579999997,-0.048069
296753.96,0.0,263741.5579999997,-0.048069
296895.46,0.0,263741.5579999997,-0.048069
297037.06,0.0,263741.5579999997,-0.048069
297178.76,0.0,263741.5579999997,-0.048069
297320.56,0.0,263741.5579999997,-0.048069
297462.46,0.0,263741.5579999997,-0.048069
297604.46,0.0,263741.5579999997,-0.048069
297746.56,0.0,263741.5579999997,-0.048069
297888.76,0.0,263741.5579999997,-0.048069
298031.06,0.1,263741.5579999997,-0.048069
298031.06,0.1,263858.8919999997,-0.00981
298031.06,0.1,263976.3309999997,0.00981
298031.06,0.1,264093.8629999997,0.0
298031.06,0.1,264211.4929999997,-0.043164
298031.06,0.1,264329.2229999997,-0.004905
298031.06,0.1,264447.0509999997,-0.004905
298031.06,0.1,264564.9779999997,0.023544
298031.06,0.1,264683.01399999973,-0.038259
298031.06,0.1,264801.13799999974,-0.014715
298031.06,0.1,264919.3959999997,0.004905
298031.06,0.1,265037.7179999997,-0.014715
298031.06,0.1,265156.1389999997,-0.028449
298031.06,0.1,265274.6589999997,-0.043164
298031.06,0.1,265393.2989999997,0.00981
298031.06,0.1,265512.0159999997,0.004905
298031.06,0.1,265630.8319999997,0.00981
298031.06,0.1,265749.7469999997,-0.052974
298031.06,0.1,265868.75999999966,-0.014715
298031.06,0.1,265987.8719999997,0.01962
298031.06,0.1,266107.0829999997,-0.023544
298031.06,0.1,266226.3919999997,-0.043164
298031.06,0.1,266345.7999999997,-0.119682
298031.06,0.1,266465.3069999997,-0.177561
298031.06,0.1,266584.91199999966,-0.258984
298031.06,0.1,266704.6159999997,-0.157941
298031.06,0.1,266824.4189999997,-0.096138
298031.06,0.1,266944.3209999997,-0.01962
298031.06,0.1,267064.3219999997,-0.014715
298031.06,0.1,267184.4209999997,-0.028449
298031.06,0.1,267304.61899999966,-0.01962
298031.06,0.1,267424.9159999997,-0.01962
298031.06,0.1,267545.3119999997,-0.014715
298031.06,0.1,267665.8209999997,-0.00981
298031.06,0.1,267786.4139999997,-0.004905
298031.06,0.1,267907.1059999997,-0.023544
298031.06,0.1,268027.89599999966,-0.01962
298031.06,0.1,268148.7849999997,-0.00981
298031.06,0.1,268269.7729999997,-0.014715
298031.06,0.1,268390.8659999997,-0.00981
298031.06,0.1,268512.0519999997,-0.023544
298031.06,0.1,268633.36799999967,-0.023544
298031.06,0.1,268754.74999999965,-0.014715
298031.06,0.1,268876.2359999996,-0.023544
298031.06,0.1,268997.81699999963,-0.01962
298031.06,0.1,269119.5349999996,-0.00981
298031.06,0.1,269241.3129999996,-0.01962
298031.06,0.1,269363.1899999996,0.0
298031.06,0.1,269485.1659999996,-0.01962
298031.06,0.1,269607.2469999996,-0.038259
298031.06,0.1,269729.41999999963,-0.00981
298031.06,0.1,269851.7159999996,-0.014715
298031.06,0.1,269974.0859999996,-0.023544
298031.06,0.1,270096.5559999996,-0.023544
298031.06,0.1,270219.1239999996,0.004905
298031.06,0.1,270341.7909999996,0.0
298031.06,0.1,270464.5569999996,0.00981
298031.06,0.1,270587.4209999996,-0.014715
298031.06,0.1,270710.3839999996,-0.00981
298031.06,0.1,270833.4459999996,0.014715
298031.06,0.1,270956.6119999996,-0.014715
298031.06,0.1,271079.87099999964,-0.014715
298031.06,0.1,271203.22899999964,-0.023544
298031.06,0.1,271326.68599999964,-0.023544
298031.06,0.1,271450.24099999963,-0.01962
298031.06,0.1,271573.8949999996,-0.00981
298031.06,0.1,271697.65399999963,0.00981
298031.06,0.1,271821.50499999966,0.0
298031.06,0.1,271945.49599999964,-0.014715
298031.06,0.1,272069.54499999963,-0.00981
298031.06,0.1,272193.6939999996,-0.004905
298031.06,0.1,272317.9409999996,-0.004905
298031.06,0.1,272442.3009999996,-0.014715
298031.06,0.1,272566.7449999996,0.004905
298031.06,0.1,272691.2869999996,-0.00981
298031.06,0.1,272815.9269999996,-0.004905
298031.06,0.1,272940.6769999996,-0.01962
298031.06,0.1,273065.5159999996,0.0
298031.06,0.1,273190.4889999996,-0.004905
298031.06,0.1,273315.5269999996,-0.014715
298031.06,0.1,273440.6679999996,-0.01962
298031.06,0.1,273565.9009999996,-0.014715
298031.06,0.1,273691.2639999996,-0.023544
298031.06,0.1,273816.6939999996,-0.014715
298031.06,0.1,273942.2229999996,-0.00981
298031.06,0.1,274067.8499999996,-0.014715
298031.06,0.1,274193.5759999996,-0.00981
298031.06,0.1,274319.4009999996,-0.00981
298031.06,0.1,274445.3629999996,-0.014715
298031.06,0.1,274571.3849999996,-0.014715
298031.06,0.1,274697.5059999996,-0.014715
298031.06,0.1,274823.7259999996,-0.014715
298031.06,0.1,274950.0789999996,-0.004905
298031.06,0.1,275076.4959999996,-0.00981
298031.06,0.1,275203.0119999996,-0.014715
298031.06,0.1,275329.6259999996,-0.00981
298031.06,0.1,275456.3389999996,-0.00981
298031.06,0.1,275583.15099999955,-0.00981
298031.06,0.1,275710.0619999996,-0.014715
298031.06,0.1,275837.0709999996,-0.00981
298031.06,0.1,275964.1789999996,-0.014715
298031.06,0.1,276091.3859999996,-0.014715
298031.06,0.1,276218.6919999996,-0.014715
298031.06,0.1,276346.09599999955,-0.014715
298031.06,0.1,276473.5989999996,-0.01962
298031.06,0.1,276601.2289999996,-0.014715
298031.06,0.1,276728.9299999996,0.0
298031.06,0.1,276856.7289999996,-0.014715
298031.06,0.1,276984.6269999996,-0.00981
298031.06,0.1,277112.6299999996,-0.01962
298031.06,0.1,277240.7249999996,-0.048069
298031.06,0.1,277368.9479999996,-0.01962
298031.06,0.1,277497.2409999996,-0.023544
298031.06,0.1,277625.6319999996,0.01962
298031.06,0.1,277754.1219999996,0.00981
298031.06,0.1,277882.71099999954,-0.023544
298031.06,0.1,278011.3979999995,-0.014715
298031.06,0.1,278140.2079999995,-0.004905
298031.06,0.1,278269.0929999995,-0.00981
298031.06,0.1,278398.0769999995,-0.00981
298031.06,0.1,278527.1589999995,0.0
298031.06,0.1,278656.3389999995,-0.004905
298031.06,0.1,278785.6179999995,-0.028449
298031.06,0.1,278914.9959999995,-0.004905
298031.06,0.1,279044.47299999953,-0.004905
298031.06,0.1,279174.04899999953,-0.01962
298031.06,0.1,279303.72299999953,-0.00981
298031.06,0.1,279433.4959999995,-0.00981
298031.06,0.1,279563.3679999995,0.0
298031.06,0.1,279693.33799999946,-0.004905
298031.06,0.1,279823.4179999995,0.0
298031.06,0.1,279953.5859999995,-0.033354
298031.06,0.1,280083.8519999995,-0.023544
298031.06,0.1,280214.2169999995,-0.01962
298031.06,0.1,280344.68699999945,-0.00981
298031.06,0.1,280475.2489999994,-0.01962
298031.06,0.1,280605.9349999994,-0.004905
298031.06,0.1,280736.6949999994,-0.014715
298031.06,0.1,280867.55299999943,-0.004905
298031.06,0.1,280998.5099999994,-0.01962
298031.06,0.1,281129.5869999994,-0.00981
298031.06,0.1,281260.7409999994,0.004905
298031.06,0.1,281391.9939999994,-0.00981
298031.06,0.1,281523.34499999945,0.0
298031.06,0.1,281654.79499999946,-0.023544
298031.06,0.1,281786.34399999946,-0.014715
298031.06,0.1,281918.01499999943,-0.00981
298031.06,0.1,282049.7609999994,-0.01962
298031.06,0.1,282181.6049999994,-0.028449
298031.06,0.1,282313.5479999994,-0.023544
298031.06,0.1,282445.6139999994,-0.01962
298031.06,0.1,282577.7549999994,-0.023544
298031.06,0.1,282709.9939999994,-0.00981
298031.06,0.1,282842.3319999994,-0.01962
298031.06,0.1,282974.7679999994,-0.01962
298031.06,0.1,283107.3029999994,-0.004905
298031.06,0.1,283239.9379999994,0.0
298031.06,0.1,283372.6709999994,-0.01962
298031.06,0.1,283505.5019999994,-0.00981
298031.06,0.1,283638.4359999994,0.004905
298031.06,0.1,283771.4649999994,-0.004905
298031.06,0.1,283904.5929999994,-0.014715
298031.06,0.1,284037.81899999944,-0.004905
298031.06,0.1,284171.14299999946,-0.01962
298031.06,0.1,284304.56599999947,-0.014715
298031.06,0.1,284438.1089999995,-0.004905
298031.06,0.1,284571.72999999946,-0.014715
298031.06,0.1,284705.44899999944,-0.00981
298031.06,0.1,284839.2659999994,-0.00981
298031.06,0.1,284973.19399999944,-0.00981
298031.06,0.1,285107.20899999945,-0.014715
298031.06,0.1,285241.32299999945,-0.01962
298031.06,0.1,285375.53599999944,-0.014715
298031.06,0.1,285509.8479999994,-0.023544
298031.06,0.1,285644.2579999994,-0.00981
298031.06,0.1,285778.7689999994,-0.01962
298031.06,0.1,285913.3779999994,-0.004905
298031.06,0.1,286048.1049999994,-0.004905
298031.06,0.1,286182.9109999994,-0.038259
298031.06,0.1,286317.81499999936,-0.038259
298031.06,0.1,286452.8179999994,0.0
298031.06,0.1,286587.9209999994,-0.01962
298031.06,0.1,286723.1219999994,0.0
298031.06,0.1,286858.4459999994,0.057879
298173.46,0.2,286993.8449999994,0.220725
298315.96,0.3,287129.34199999936,0.272718
298458.56,0.4,287264.9379999994,0.435564
298601.26,0.5,287400.6659999994,0.551322
298744.06,0.6,287536.4589999994,0.61803
298886.96,0.7,287672.3509999994,0.761256
299029.96,0.7,287808.34199999936,0.671004
299173.06,0.7,287944.4319999994,0.737712
299316.26,0.7,288080.6199999994,0.679833
299459.56,0.7,288216.93799999944,0.722997
299602.96,0.7,288353.32499999943,0.689643
299746.46,0.7,288489.8099999994,0.661194
299890.06,0.7,288626.3939999994,0.709263
300033.76,0.628571,288763.07599999936,0.641574
300177.56,0.528571,288899.8569999994,0.498348
300321.46,0.428571,289036.7369999994,0.42183
300465.46,0.328571,289173.7159999994,0.320787
300609.56,0.228571,289310.79299999936,0.201105
300753.76,0.128571,289447.9769999994,0.109872
300898.06,0.028571,289585.2519999994,0.014715
301042.46,0.0,289722.6569999994,-0.023544
301186.96,0.0,289860.1299999994,-0.01962
301331.56,0.0,289997.7009999994,-0.01962
301476.26,0.0,290135.3709999994,-0.004905
301621.06,0.0,290273.1629999994,-0.033354
301765.96,0.0,290411.03099999944,0.01962
301910.96,0.0,290549.03599999944,-0.101043
302056.06,0.0,290687.10099999944,0.043164
302201.26,0.0,290825.26499999943,-0.048069
302346.56,0.0,290963.5279999994,0.086328
302491.96,0.0,291101.9069999994,-0.091233
302637.46,0.0,291240.36799999943,0.004905
302783.06,0.0,291378.92699999944,-0.043164
302928.76,0.0,291378.92699999944,-0.043164
303074.56,0.0,291378.92699999944,-0.043164
303220.46,0.0,291378.92699999944,-0.043164
303366.46,0.0,291378.92699999944,-0.043164
303512.56,0.0,291378.92699999944,-0.043164
303658.76,0.0,291517.58499999944,0.023544
303805.06,-0.02,291656.3589999994,-0.028449
303951.46,-0.12,291795.21499999944,-0.01962
303951.46,-0.12,291934.2119999994,0.0
303951.46,-0.12,292073.26499999943,-0.048069
304097.96,-0.22,292212.4239999994,-0.234459
304244.56,-0.32,292351.6749999994,-0.277623
304391.26,-0.42,292491.0549999994,-0.40221
304538.06,-0.52,292630.50399999943,-0.503253
304684.96,-0.62,292770.05099999945,-0.569961
304831.96,-0.7,292909.69699999946,-0.732807
304979.06,-0.7,293049.44199999946,-0.679833
305126.26,-0.7,293189.28599999944,-0.679833
305273.56,-0.7,293329.22899999947,-0.694548
305420.96,-0.7,293469.2699999995,-0.709263
305568.46,-0.7,293469.2699999995,-0.709263
305716.06,-0.7,293609.4099999995,-0.679833
305863.76,-0.7,293749.6479999995,-0.684738
306011.56,-0.608571,293889.9849999995,-0.666099
306159.46,-0.508571,294030.4219999995,-0.551322
306307.46,-0.408571,294170.9569999995,-0.460089
306455.56,-0.308571,294311.5919999995,-0.363951
306603.76,-0.208571,294452.3249999995,-0.267813
306752.06,-0.108571,294593.1569999995,-0.096138
306900.46,-0.008571,294734.08799999946,-0.086328
306900.46,-0.008571,294875.12099999946,0.004905
307048.96,0.0,295016.2489999995,-0.043164
307048.96,0.0,295157.4759999995,0.052974
307197.56,0.0,295298.8019999995,-0.043164
307346.26,0.0,295440.2309999995,-0.01962
307495.06,0.0,295581.7539999995,-0.014715
307643.96,0.0,295723.3999999995,0.01962
307792.96,0.0,295865.1209999995,0.0
307792.96,0.0,296006.9409999995,-0.048069
307942.06,0.0,296006.9409999995,-0.048069
308091.26,0.0,296006.9409999995,-0.048069
308240.56,0.0,296006.9409999995,-0.048069
308389.96,0.0,296006.9409999995,-0.048069
308539.46,0.0,296006.9409999995,-0.048069
308689.06,0.0,296006.9409999995,-0.048069
308838.76,0.0,296006.9409999995,-0.048069
308988.56,0.0,296006.9409999995,-0.048069
309138.46,0.0,296006.9409999995,-0.048069
309288.46,0.0,296006.9409999995,-0.048069
309438.56,0.0,296006.9409999995,-0.048069
309588.76,0.0,296006.9409999995,-0.048069
309739.06,0.0,296006.9409999995,-0.048069
309889.46,0.0,296006.9409999995,-0.048069
310039.96,0.0,296006.9409999995,-0.048069
310190.56,0.0,296006.9409999995,-0.048069
310341.26,0.0,296006.9409999995,-0.048069
310492.06,0.0,296006.9409999995,-0.048069
310642.96,0.0,296006.9409999995,-0.048069
310793.96,0.0,296006.9409999995,-0.048069
310945.06,0.0,296006.9409999995,-0.048069
311096.26,0.0,296006.9409999995,-0.048069
311247.56,0.0,296006.9409999995,-0.048069
311398.96,0.0,296006.9409999995,-0.048069
311550.46,0.0,296006.9409999995,-0.048069
311702.06,0.0,296006.9409999995,-0.048069
311853.76,0.0,296006.9409999995,-0.048069
312005.56,0.0,296006.9409999995,-0.048069
312157.46,0.0,296006.9409999995,-0.048069
312309.46,0.0,296006.9409999995,-0.048069
312461.56,0.0,296006.9409999995,-0.048069
312613.76,0.0,296006.9409999995,-0.048069
312766.06,0.0,296006.9409999995,-0.048069
312918.46,0.0,296006.9409999995,-0.048069
313070.96,0.0,296006.9409999995,-0.048069
313223.56,0.0,296006.9409999995,-0.048069
313376.26,0.0,296006.9409999995,-0.048069
313529.06,0.0,296006.9409999995,-0.048069
313681.96,0.0,296006.9409999995,-0.048069
313834.96,0.0,296006.9409999995,-0.048069
313988.06,0.0,296006.9409999995,-0.048069
314141.26,0.0,296006.9409999995,-0.048069
314294.56,0.0,296006.9409999995,-0.048069
314447.96,0.0,296006.9409999995,-0.048069
314601.46,0.0,296006.9409999995,-0.048069
314755.06,0.0,296006.9409999995,-0.048069
314908.76,0.0,296006.9409999995,-0.048069
315062.56,0.0,296006.9409999995,-0.048069
315216.46,0.0,296006.9409999995,-0.048069
315370.46,0.0,296006.9409999995,-0.048069
315524.56,0.0,296006.9409999995,-0.048069
315678.76,0.0,296006.9409999995,-0.048069
315833.06,0.0,296006.9409999995,-0.048069
315987.46,0.0,296006.9409999995,-0.048069
316141.96,0.0,296006.9409999995,-0.048069
316296.56,0.0,296006.9409999995,-0.048069
316451.26,0.0,296006.9409999995,-0.048069
316606.06,0.0,296006.9409999995,-0.048069
316760.96,0.0,296006.9409999995,-0.048069
316915.96,0.0,296006.9409999995,-0.048069
317071.06,0.0,296006.9409999995,-0.048069
317226.26,0.0,296006.9409999995,-0.048069
317381.56,0.0,296006.9409999995,-0.048069
317536.96,0.0,296006.9409999995,-0.048069
317692.46,0.0,296006.9409999995,-0.048069
317848.06,0.0,296006.9409999995,-0.048069
318003.76,0.0,296006.9409999995,-0.048069
318159.56,0.0,296006.9409999995,-0.048069
318315.46,0.0,296006.9409999995,-0.048069
318471.46,0.0,296006.9409999995,-0.048069
318627.56,0.0,296006.9409999995,-0.048069
318783.76,0.0,296006.9409999995,-0.048069
318940.06,0.0,296006.9409999995,-0.048069
319096.46,0.0,296006.9409999995,-0.048069
319252.96,0.0,296006.9409999995,-0.048069
319409.56,0.0,296006.9409999995,-0.048069
319566.26,0.0,296006.9409999995,-0.048069
319723.06,0.0,296006.9409999995,-0.048069
319879.96,0.0,296006.9409999995,-0.048069
320036.96,0.0,296006.9409999995,-0.048069
320194.06,0.0,296006.9409999995,-0.048069
320351.26,0.0,296006.9409999995,-0.048069
320508.56,0.0,296006.9409999995,-0.048069
320665.96,0.0,296006.9409999995,-0.048069
320823.46,0.0,296006.9409999995,-0.048069
320981.06,0.0,296006.9409999995,-0.048069
321138.76,0.0,296006.9409999995,-0.048069
321296.56,0.0,296006.9409999995,-0.048069
321454.46,0.0,296006.9409999995,-0.048069
321612.46,0.0,296006.9409999995,-0.048069
321770.56,0.0,296006.9409999995,-0.048069
321928.76,0.0,296006.9409999995,-0.048069
322087.06,0.0,296006.9409999995,-0.048069
322245.46,0.0,296006.9409999995,-0.048069
322403.96,0.0,296006.9409999995,-0.048069
322562.56,0.0,296006.9409999995,-0.048069
322721.26,0.0,296006.9409999995,-0.048069
322880.06,0.0,296006.9409999995,-0.048069
323038.96,0.0,296006.9409999995,-0.048069
323197.96,0.0,296006.9409999995,-0.048069
323357.06,0.0,296006.9409999995,-0.048069
323516.26,0.0,296006.9409999995,-0.048069
323675.56,0.0,296006.9409999995,-0.048069
323834.96,0.0,296006.9409999995,-0.048069
323994.46,0.0,296006.9409999995,-0.048069
324154.06,0.0,296006.9409999995,-0.048069
324313.76,0.0,296006.9409999995,-0.048069
324473.56,0.0,296006.9409999995,-0.048069
324633.46,0.0,296006.9409999995,-0.048069
324793.46,0.0,296006.9409999995,-0.048069
324953.56,0.0,296006.9409999995,-0.048069
325113.76,0.0,296006.9409999995,-0.048069
325274.06,0.0,296006.9409999995,-0.048069
325434.46,0.0,296006.9409999995,-0.048069
325594.96,0.0,296006.9409999995,-0.048069
325755.56,0.0,296006.9409999995,-0.048069
325916.26,0.0,296006.9409999995,-0.048069
326077.06,0.0,296006.9409999995,-0.048069
326237.96,0.0,296006.9409999995,-0.048069
326398.96,0.0,296006.9409999995,-0.048069
326560.06,0.0,296006.9409999995,-0.048069
326721.26,0.0,296006.9409999995,-0.048069
326882.56,0.0,296006.9409999995,-0.048069
327043.96,0.0,296006.9409999995,-0.048069
327205.46,0.0,296006.9409999995,-0.048069
327367.06,0.0,296006.9409999995,-0.048069
327528.76,0.0,296006.9409999995,-0.048069
327690.56,0.0,296006.9409999995,-0.048069
327852.46,0.0,296006.9409999995,-0.048069
328014.46,0.0,296006.9409999995,-0.048069
328176.56,0.0,296006.9409999995,-0.048069
328338.76,0.0,296006.9409999995,-0.048069
328501.06,0.0,296006.9409999995,-0.048069
328663.46,0.0,296006.9409999995,-0.048069
328825.96,0.0,296006.9409999995,-0.048069
328988.56,0.0,296006.9409999995,-0.048069
329151.26,0.0,296006.9409999995,-0.048069
329314.06,0.0,296006.9409999995,-0.048069
329476.96,0.0,296006.9409999995,-0.048069
329639.96,0.0,296006.9409999995,-0.048069
329803.06,0.0,296006.9409999995,-0.048069
329966.26,0.0,296006.9409999995,-0.048069
330129.56,0.0,296006.9409999995,-0.048069
330292.96,0.0,296006.9409999995,-0.048069
330456.46,0.0,296006.9409999995,-0.048069
330620.06,0.0,296006.9409999995,-0.048069
330783.76,0.0,296006.9409999995,-0.048069
330947.56,0.0,296006.9409999995,-0.048069
331111.46,0.0,296006.9409999995,-0.048069
331275.46,0.0,296006.9409999995,-0.048069
331439.56,0.0,296006.9409999995,-0.048069
331603.76,0.0,296006.9409999995,-0.048069
331768.06,0.0,296006.9409999995,-0.048069
331932.46,0.0,296006.9409999995,-0.048069
332096.96,0.0,296006.9409999995,-0.048069
332261.56,0.0,296006.9409999995,-0.048069
332426.26,0.0,296006.9409999995,-0.048069
332591.06,0.0,296006.9409999995,-0.048069
332755.96,0.0,296006.9409999995,-0.048069
332920.96,0.0,296006.9409999995,-0.048069
333086.06,0.0,296006.9409999995,-0.048069
333251.26,0.0,296006.9409999995,-0.048069
333416.56,0.0,296006.9409999995,-0.048069
333581.96,0.0,296006.9409999995,-0.048069
333747.46,0.0,296006.9409999995,-0.048069
333913.06,0.0,296006.9409999995,-0.048069
334078.76,0.0,296006.9409999995,-0.048069
334244.56,0.0,296006.9409999995,-0.048069
334410.46,0.0,296006.9409999995,-0.048069
334576.46,0.0,296006.9409999995,-0.048069
334742.56,0.0,296006.9409999995,-0.048069
334908.76,0.0,296006.9409999995,-0.048069
335075.06,0.0,296006.9409999995,-0.048069
335241.46,0.0,296006.9409999995,-0.048069
335407.96,0.0,296006.9409999995,-0.048069
335574.56,0.0,296006.9409999995,-0.048069
335741.26,0.0,296006.9409999995,-0.048069
335908.06,0.0,296006.9409999995,-0.048069
336074.96,0.1,296006.9409999995,-0.048069
336074.96,0.1,296148.8599999995,-0.023544
336074.96,0.1,296290.87999999954,0.023544
336074.96,0.1,296432.9959999995,0.00981
336074.96,0.1,296575.2359999995,-0.01962
336074.96,0.1,296717.5499999995,-0.048069
336074.96,0.1,296859.9629999995,0.023544
336074.96,0.1,297002.4739999995,0.014715
336074.96,0.1,297145.0839999995,-0.004905
336074.96,0.1,297287.7929999995,-0.033354
336074.96,0.1,297430.63699999946,0.00981
336074.96,0.1,297573.54399999947,0.028449
336074.96,0.1,297716.54999999946,-0.023544
336074.96,0.1,297859.65399999946,-0.028449
336074.96,0.1,298002.85699999944,-0.00981
336074.96,0.1,298146.15899999946,0.038259
336074.96,0.1,298289.5969999995,-0.01962
336074.96,0.1,298433.0959999995,-0.052974
336074.96,0.1,298576.6939999995,-0.086328
336074.96,0.1,298720.3899999995,-0.148131
336074.96,0.1,298864.1849999995,-0.20601
336074.96,0.1,299008.07899999944,-0.162846
336074.96,0.1,299152.0709999995,-0.104967
336074.96,0.1,299296.1629999995,-0.043164
336074.96,0.1,299440.3529999995,-0.004905
336074.96,0.1,299584.64199999947,-0.01962
336074.96,0.1,299729.02899999946,-0.00981
336074.96,0.1,299873.53899999947,-0.004905
336074.96,0.1,300018.1239999995,-0.014715
336074.96,0.1,300162.8089999995,0.0
336074.96,0.1,300307.5909999995,-0.004905
336074.96,0.1,300452.4759999995,-0.00981
336074.96,0.1,300597.4559999995,-0.00981
336074.96,0.1,300742.5679999995,-0.004905
336074.96,0.1,300887.7459999995,-0.014715
336074.96,0.1,301033.0229999995,-0.004905
336074.96,0.1,301178.3979999995,-0.004905
336074.96,0.1,301323.88499999954,-0.033354
336074.96,0.1,301469.4579999995,-0.00981
336074.96,0.1,301615.1649999995,-0.00981
336074.96,0.1,301760.9359999995,-0.023544
336074.96,0.1,301906.8049999995,-0.004905
336074.96,0.1,302052.7729999995,-0.014715
336074.96,0.1,302198.86299999955,0.004905
336074.96,0.1,302345.0289999996,-0.00981
336074.96,0.1,302491.2929999996,-0.014715
336074.96,0.1,302637.6559999996,0.0
336074.96,0.1,302784.1179999996,-0.004905
336074.96,0.1,302930.6789999996,0.004905
336074.96,0.1,303077.3389999996,-0.004905
336074.96,0.1,303224.0979999996,-0.023544
336074.96,0.1,303370.9879999996,-0.023544
336074.96,0.1,303517.9439999996,-0.01962
336074.96,0.1,303664.9989999996,-0.014715
336074.96,0.1,303812.1509999996,-0.033354
336074.96,0.1,303959.4029999996,0.038259
336074.96,0.1,304106.7539999996,0.004905
336074.96,0.1,304254.24099999963,0.0
336074.96,0.1,304401.78899999964,0.004905
336074.96,0.1,304549.43599999964,0.004905
336074.96,0.1,304697.2039999996,-0.004905
336074.96,0.1,304845.0489999996,0.0
336074.96,0.1,304992.9919999996,-0.014715
336074.96,0.1,305141.03399999964,-0.028449
336074.96,0.1,305289.1779999996,-0.014715
336074.96,0.1,305437.4179999996,-0.014715
336074.96,0.1,305585.7929999996,-0.004905
336074.96,0.1,305734.2309999996,-0.014715
336074.96,0.1,305882.7809999996,-0.00981
336074.96,0.1,306031.4159999996,0.004905
336074.96,0.1,306180.1489999996,-0.014715
336074.96,0.1,306328.9809999996,-0.00981
336074.96,0.1,306477.91399999964,-0.014715
336074.96,0.1,306626.94399999967,-0.014715
336074.96,0.1,306776.10399999964,-0.014715
336074.96,0.1,306925.33199999965,-0.014715
336074.96,0.1,307074.65799999965,-0.01962
336074.96,0.1,307224.08299999963,-0.028449
336074.96,0.1,307373.6329999996,-0.00981
336074.96,0.1,307523.25599999964,0.0
336074.96,0.1,307672.97799999965,-0.014715
336074.96,0.1,307822.79799999966,-0.004905
336074.96,0.1,307972.71599999967,-0.014715
336074.96,0.1,308122.73399999965,-0.023544
336074.96,0.1,308272.8509999997,-0.014715
336074.96,0.1,308423.0659999997,-0.014715
336074.96,0.1,308573.3799999997,-0.01962
336074.96,0.1,308723.7919999997,-0.014715
336074.96,0.1,308874.3439999997,-0.00981
336074.96,0.1,309024.95399999974,-0.01962
336074.96,0.1,309175.6619999997,-0.014715
336074.96,0.1,309326.46999999974,-0.00981
336074.96,0.1,309477.37599999976,-0.01962
336074.96,0.1,309628.38099999976,-0.004905
336074.96,0.1,309779.4849999997,-0.023544
336074.96,0.1,309930.7049999997,-0.00981
336074.96,0.1,310082.0059999997,-0.00981
336074.96,0.1,310233.4049999997,-0.00981
336074.96,0.1,310384.9029999997,-0.01962
336074.96,0.1,310536.5169999997,-0.01962
336074.96,0.1,310688.2139999997,-0.00981
336074.96,0.1,310840.00899999967,-0.014715
336074.96,0.1,310991.90299999964,-0.01962
336074.96,0.1,311143.89599999966,-0.004905
336074.96,0.1,311295.9869999997,-0.014715
336074.96,0.1,311448.20099999965,-0.01962
336074.96,0.1,311600.48999999964,-0.00981
336074.96,0.1,311752.87599999964,0.014715
336074.96,0.1,311905.3609999996,-0.014715
336074.96,0.1,312057.95199999964,-0.014715
336074.96,0.1,312210.63499999966,-0.01962
336074.96,0.1,312363.44599999965,-0.014715
336074.96,0.1,312516.32699999964,-0.023544
336074.96,0.1,312669.30599999963,-0.004905
336074.96,0.1,312822.3839999996,0.0
336074.96,0.1,312975.56099999964,-0.023544
336074.96,0.1,313128.83699999965,-0.038259
336074.96,0.1,313282.24099999963,-0.023544
336074.96,0.1,313435.7139999996,-0.01962
336074.96,0.1,313589.2859999996,-0.00981
336074.96,0.1,313742.9569999996,-0.00981
336074.96,0.1,313896.7269999996,-0.01962
336074.96,0.1,314050.5949999996,0.0
336074.96,0.1,314204.5619999996,-0.004905
336074.96,0.1,314358.62699999963,-0.014715
336074.96,0.1,314512.78999999963,0.014715
336074.96,0.1,314667.05399999965,-0.014715
336074.96,0.1,314821.4159999997,-0.00981
336074.96,0.1,314975.8999999997,-0.014715
336074.96,0.1,315130.4589999997,-0.00981
336074.96,0.1,315285.1169999997,-0.00981
336074.96,0.1,315439.87399999966,-0.00981
336074.96,0.1,315594.75599999964,-0.014715
336074.96,0.1,315749.7099999997,0.0
336074.96,0.1,315904.7629999997,-0.00981
336074.96,0.1,316059.9139999997,-0.028449
336074.96,0.1,316215.1689999997,-0.01962
336074.96,0.1,316370.5189999997,-0.014715
336074.96,0.1,316525.98899999965,-0.004905
336074.96,0.1,316681.5359999997,0.00981
336074.96,0.1,316837.22099999967,-0.033354
336074.96,0.1,316992.96599999967,-0.00981
336074.96,0.1,317148.80999999965,-0.00981
336074.96,0.1,317304.75199999963,-0.004905
336074.96,0.1,317460.81699999963,-0.00981
336074.96,0.1,317616.95699999965,-0.00981
336074.96,0.1,317773.19599999965,-0.004905
336074.96,0.1,317929.53299999965,-0.004905
336074.96,0.1,318085.9979999997,0.0
336074.96,0.1,318242.53299999965,0.004905
336074.96,0.1,318399.16699999967,-0.004905
336074.96,0.1,318555.8999999997,-0.00981
336074.96,0.1,318712.73199999967,-0.01962
336074.96,0.1,318869.66199999966,-0.00981
336074.96,0.1,319026.71199999965,-0.004905
336074.96,0.1,319183.8399999997,-0.004905
336074.96,0.1,319341.0669999997,-0.01962
336074.96,0.1,319498.3919999997,-0.01962
336074.96,0.1,319655.8159999997,-0.014715
336074.96,0.1,319813.3379999997,-0.043164
336074.96,0.1,319970.9599999997,-0.033354
336074.96,0.1,320128.6809999997,-0.014715
336074.96,0.1,320286.4999999997,-0.01962
336074.96,0.1,320444.42199999973,-0.014715
336074.96,0.1,320602.4389999997,-0.00981
336074.96,0.1,320760.5549999997,-0.014715
336074.96,0.1,320918.7689999997,-0.014715
336074.96,0.1,321077.0819999997,-0.004905
336074.96,0.1,321235.4939999997,-0.00981
336074.96,0.1,321394.0179999997,-0.014715
336074.96,0.1,321552.6269999997,-0.00981
336074.96,0.1,321711.3349999997,-0.01962
336074.96,0.1,321870.14199999964,-0.071613
336074.96,0.1,322029.04899999965,-0.048069
336074.96,0.1,322188.05299999967,-0.023544
336074.96,0.1,322347.17999999964,-0.01962
336074.96,0.1,322506.38199999963,-0.01962
336074.96,0.1,322665.6819999996,-0.014715
336074.96,0.1,322825.0809999996,-0.01962
336074.96,0.1,322984.5939999996,-0.014715
336074.96,0.1,323144.1909999996,-0.00981
336074.96,0.1,323303.9299999996,-0.00981
336074.96,0.1,323463.7239999996,-0.00981
336074.96,0.1,323623.6169999996,0.004905
336241.96,0.2,323783.6089999996,0.234459
336409.06,0.3,323943.6989999996,0.272718
336576.26,0.4,324103.8889999996,0.430659
336743.56,0.5,324264.1769999996,0.526797
336910.96,0.6,324424.5639999996,0.593505
337078.46,0.7,324585.0499999996,0.752427
337246.06,0.7,324745.63399999955,0.671004
337413.76,0.7,324906.3169999996,0.704358
337581.56,0.7,325067.0989999996,0.709263
337749.46,0.7,325227.9799999996,0.661194
337917.46,0.7,325388.9599999996,0.737712
338085.56,0.7,325550.0389999996,0.709263
338253.76,0.7,325711.2159999996,0.714168
338422.06,0.628571,325872.4919999996,0.656289
338590.46,0.528571,326033.8669999996,0.574866
338758.96,0.428571,326195.3409999996,0.435564
338927.56,0.328571,326356.9159999996,0.359046
339096.26,0.228571,326518.58799999964,0.263889
339265.06,0.128571,326680.37499999965,0.109872
339433.96,0.028571,326842.24399999966,0.076518
339602.96,0.0,327004.24999999965,-0.038259
339772.06,0.0,327166.31599999964,-0.028449
339941.26,0.0,327328.4809999996,0.052974
340110.56,0.0,327490.74499999965,-0.014715
340279.96,0.0,327653.12499999965,0.043164
340449.46,0.0,327653.12499999965,0.043164
340619.06,0.0,327653.12499999965,0.043164
340788.76,0.0,327653.12499999965,0.043164
340958.56,0.0,327653.12499999965,0.043164
341128.46,0.0,327653.12499999965,0.043164
341298.46,0.0,327815.58699999965,-0.048069
341468.56,0.0,327978.1869999996,-0.033354
341638.76,0.0,328140.8469999996,0.01962
341809.06,0.0,328303.6149999996,-0.033354
341979.46,0.0,328466.4719999996,0.048069
342149.96,0.0,328629.4599999996,-0.076518
342320.56,0.0,328792.5149999996,0.028449
342491.26,0.0,328955.6689999996,-0.01962
342662.06,0.0,329118.9209999996,0.033354
342832.96,-0.02,329282.2719999996,-0.01962
343003.96,-0.12,329445.7219999996,-0.028449
343003.96,-0.12,329609.2709999996,-0.043164
343003.96,-0.12,329772.9179999996,-0.014715
343003.96,-0.12,329936.6649999996,-0.162846
343175.06,-0.22,330100.50999999954,-0.277623
343346.26,-0.32,330100.50999999954,-0.277623
343517.56,-0.42,330264.4539999996,-0.407115
343688.96,-0.52,330428.4969999996,-0.464994
343860.46,-0.62,330592.6799999996,-0.569961
344032.06,-0.7,330756.9199999996,-0.709263
344203.76,-0.7,330921.25899999955,-0.732807
344375.56,-0.7,331085.6959999996,-0.727902
344547.46,-0.7,331250.23299999954,-0.766161
344719.46,-0.7,331414.86799999955,-0.709263
344891.56,-0.7,331579.60199999955,-0.694548
345063.76,-0.7,331744.43399999954,-0.714168
345236.06,-0.7,331909.3649999995,-0.699453
345408.46,-0.608571,332074.3939999995,-0.569961
345580.96,-0.508571,332239.5229999995,-0.464994
345753.56,-0.408571,332404.74999999953,-0.430659
345926.26,-0.308571,332570.07599999954,-0.244269
346099.06,-0.208571,332735.49999999953,-0.210915
346271.96,-0.108571,332901.0229999995,-0.057879
346444.96,-0.008571,333066.67799999955,-0.033354
346618.06,0.0,333232.3989999996,0.004905
346791.26,0.0,333398.22099999955,0.038259
346964.56,0.0,333564.13999999955,-0.081423
347137.96,0.0,333730.18299999955,0.014715
347311.46,0.0,333896.29799999954,-0.023544
347485.06,0.0,334062.5129999996,0.033354
347658.76,0.0,334228.8259999996,-0.061803
347832.56,0.0,334395.2529999996,-0.014715
348006.46,0.0,334561.7639999996,0.0
348006.46,0.0,334728.4129999996,0.0
348180.46,0.0,334728.4129999996,0.0
348354.56,0.0,334728.4129999996,0.0
348528.76,0.0,334728.4129999996,0.0
348703.06,0.0,334728.4129999996,0.0
348877.46,0.0,334728.4129999996,0.0
349051.96,0.0,334728.4129999996,0.0
349226.56,0.0,334728.4129999996,0.0
349401.26,0.0,334728.4129999996,0.0
349576.06,0.0,334728.4129999996,0.0
349750.96,0.0,334728.4129999996,0.0
349925.96,0.0,334728.4129999996,0.0
350101.06,0.0,334728.4129999996,0.0
350276.26,0.0,334728.4129999996,0.0
350451.56,0.0,334728.4129999996,0.0
350626.96,0.0,334728.4129999996,0.0
350802.46,0.0,334728.4129999996,0.0
350978.06,0.0,334728.4129999996,0.0
351153.76,0.0,334728.4129999996,0.0
351329.56,0.0,334728.4129999996,0.0
351505.46,0.0,334728.4129999996,0.0
351681.46,0.0,334728.4129999996,0.0
351857.56,0.0,334728.4129999996,0.0
352033.76,0.0,334728.4129999996,0.0
352210.06,0.0,334728.4129999996,0.0
352386.46,0.0,334728.4129999996,0.0
352562.96,0.0,334728.4129999996,0.0
352739.56,0.0,334728.4129999996,0.0
352916.26,0.0,334728.4129999996,0.0
353093.06,0.0,334728.4129999996,0.0
353269.96,0.0,334728.4129999996,0.0
353446.96,0.0,334728.4129999996,0.0
353624.06,0.0,334728.4129999996,0.0
353801.26,0.0,334728.4129999996,0.0
353978.56,0.0,334728.4129999996,0.0
354155.96,0.0,334728.4129999996,0.0
354333.46,0.0,334728.4129999996,0.0
354511.06,0.0,334728.4129999996,0.0
354688.76,0.0,334728.4129999996,0.0
354866.56,0.0,334728.4129999996,0.0
355044.46,0.0,334728.4129999996,0.0
355222.46,0.0,334728.4129999996,0.0
355400.56,0.0,334728.4129999996,0.0
355578.76,0.0,334728.4129999996,0.0
355757.06,0.0,334728.4129999996,0.0
355935.46,0.0,334728.4129999996,0.0
356113.96,0.0,334728.4129999996,0.0
356292.56,0.0,334728.4129999996,0.0
356471.26,0.0,334728.4129999996,0.0
356650.06,0.0,334728.4129999996,0.0
356828.96,0.0,334728.4129999996,0.0
357007.96,0.0,334728.4129999996,0.0
357187.06,0.0,334728.4129999996,0.0
357366.26,0.0,334728.4129999996,0.0
357545.56,0.0,334728.4129999996,0.0
357724.96,0.0,334728.4129999996,0.0
357904.46,0.0,334728.4129999996,0.0
358084.06,0.0,334728.4129999996,0.0
358263.76,0.0,334728.4129999996,0.0
358443.56,0.0,334728.4129999996,0.0
358623.46,0.0,334728.4129999996,0.0
358803.46,0.0,334728.4129999996,0.0
358983.56,0.0,334728.4129999996,0.0
359163.76,0.0,334728.4129999996,0.0
359344.06,0.0,334728.4129999996,0.0
359524.46,0.0,334728.4129999996,0.0
359704.96,0.0,334728.4129999996,0.0
359885.56,0.0,334728.4129999996,0.0
360066.26,0.0,334728.4129999996,0.0
360247.06,0.0,334728.4129999996,0.0
360427.96,0.0,334728.4129999996,0.0
360608.96,0.0,334728.4129999996,0.0
360790.06,0.0,334728.4129999996,0.0
360971.26,0.0,334728.4129999996,0.0
361152.56,0.0,334728.4129999996,0.0
361333.96,0.0,334728.4129999996,0.0
361515.46,0.0,334728.4129999996,0.0
361697.06,0.0,334728.4129999996,0.0
361878.76,0.0,334728.4129999996,0.0
362060.56,0.0,334728.4129999996,0.0
362242.46,0.0,334728.4129999996,0.0
362424.46,0.0,334728.4129999996,0.0
362606.56,0.0,334728.4129999996,0.0
362788.76,0.0,334728.4129999996,0.0
362971.06,0.0,334728.4129999996,0.0
363153.46,0.0,334728.4129999996,0.0
363335.96,0.0,334728.4129999996,0.0
363518.56,0.0,334728.4129999996,0.0
363701.26,0.0,334728.4129999996,0.0
363884.06,0.0,334728.4129999996,0.0
364066.96,0.0,334728.4129999996,0.0
364249.96,0.0,334728.4129999996,0.0
364433.06,0.0,334728.4129999996,0.0
364616.26,0.0,334728.4129999996,0.0
364799.56,0.0,334728.4129999996,0.0
364982.96,0.0,334728.4129999996,0.0
365166.46,0.0,334728.4129999996,0.0
365350.06,0.0,334728.4129999996,0.0
365533.76,0.0,334728.4129999996,0.0
365717.56,0.0,334728.4129999996,0.0
365901.46,0.0,334728.4129999996,0.0
366085.46,0.0,334728.4129999996,0.0
366269.56,0.0,334728.4129999996,0.0
366453.76,0.0,334728.4129999996,0.0
366638.06,0.0,334728.4129999996,0.0
366822.46,0.0,334728.4129999996,0.0
367006.96,0.0,334728.4129999996,0.0
367191.56,0.0,334728.4129999996,0.0
367376.26,0.0,334728.4129999996,0.0
367561.06,0.0,334728.4129999996,0.0
367745.96,0.0,334728.4129999996,0.0
367930.96,0.0,334728.4129999996,0.0
368116.06,0.0,334728.4129999996,0.0
368301.26,0.0,334728.4129999996,0.0
368486.56,0.0,334728.4129999996,0.0
368671.96,0.0,334728.4129999996,0.0
368857.46,0.0,334728.4129999996,0.0
369043.06,0.0,334728.4129999996,0.0
369228.76,0.0,334728.4129999996,0.0
369414.56,0.0,334728.4129999996,0.0
369600.46,0.0,334728.4129999996,0.0
369786.46,0.0,334728.4129999996,0.0
369972.56,0.0,334728.4129999996,0.0
370158.76,0.0,334728.4129999996,0.0
370345.06,0.0,334728.4129999996,0.0
370531.46,0.0,334728.4129999996,0.0
370717.96,0.0,334728.4129999996,0.0
370904.56,0.0,334728.4129999996,0.0
371091.26,0.0,334728.4129999996,0.0
371278.06,0.0,334728.4129999996,0.0
371464.96,0.0,334728.4129999996,0.0
371651.96,0.0,334728.4129999996,0.0
371839.06,0.0,334728.4129999996,0.0
372026.26,0.0,334728.4129999996,0.0
372213.56,0.0,334728.4129999996,0.0
372400.96,0.0,334728.4129999996,0.0
372588.46,0.0,334728.4129999996,0.0
372776.06,0.0,334728.4129999996,0.0
372963.76,0.0,334728.4129999996,0.0
373151.56,0.0,334728.4129999996,0.0
373339.46,0.0,334728.4129999996,0.0
373527.46,0.0,334728.4129999996,0.0
373715.56,0.0,334728.4129999996,0.0
373903.76,0.0,334728.4129999996,0.0
374092.06,0.0,334728.4129999996,0.0
374280.46,0.0,334728.4129999996,0.0
374468.96,0.0,334728.4129999996,0.0
374657.56,0.0,334728.4129999996,0.0
374846.26,0.0,334728.4129999996,0.0
375035.06,0.0,334728.4129999996,0.0
375223.96,0.0,334728.4129999996,0.0
375412.96,0.0,334728.4129999996,0.0
375602.06,0.0,334728.4129999996,0.0
375791.26,0.0,334728.4129999996,0.0
375980.56,0.0,334728.4129999996,0.0
376169.96,0.0,334728.4129999996,0.0
376359.46,0.0,334728.4129999996,0.0
376549.06,0.0,334728.4129999996,0.0
376738.76,0.0,334728.4129999996,0.0
376928.56,0.0,334728.4129999996,0.0
377118.46,0.0,334728.4129999996,0.0
377308.46,0.0,334728.4129999996,0.0
377498.56,0.0,334728.4129999996,0.0
377688.76,0.0,334728.4129999996,0.0
377879.06,0.0,334728.4129999996,0.0
378069.46,0.0,334728.4129999996,0.0
378259.96,0.0,334728.4129999996,0.0
378450.56,0.0,334728.4129999996,0.0
378641.26,0.0,334728.4129999996,0.0
378832.06,0.0,334728.4129999996,0.0
379022.96,0.0,334728.4129999996,0.0
379213.96,0.0,334728.4129999996,0.0
379405.06,0.0,334728.4129999996,0.0
379596.26,0.0,334728.4129999996,0.0
379787.56,0.0,334728.4129999996,0.0
379978.96,0.0,334728.4129999996,0.0
380170.46,0.1,334728.4129999996,0.0
380170.46,0.1,334895.1219999996,-0.028449
380170.46,0.1,335061.93899999955,-0.043164
380170.46,0.1,335228.84599999955,0.00981
380170.46,0.1,335395.87899999955,0.0
380170.46,0.1,335562.98299999954,-0.014715
380170.46,0.1,335730.18499999953,-0.023544
380170.46,0.1,335897.4859999995,-0.00981
380170.46,0.1,336064.88599999953,0.028449
380170.46,0.1,336232.38499999954,-0.01962
380170.46,0.1,336400.0169999995,-0.028449
380170.46,0.1,336567.7139999995,-0.00981
380170.46,0.1,336735.5089999995,0.004905
380170.46,0.1,336903.40299999947,0.004905
380170.46,0.1,337071.3959999995,-0.052974
380170.46,0.1,337239.4879999995,-0.004905
380170.46,0.1,337407.6779999995,-0.086328
380170.46,0.1,337575.9659999995,-0.1962
380170.46,0.1,337744.35399999947,-0.282528
380170.46,0.1,337912.85499999946,-0.182466
380170.46,0.1,338081.4399999995,-0.091233
380170.46,0.1,338250.1239999995,-0.023544
380170.46,0.1,338418.9069999995,-0.01962
380170.46,0.1,338587.78899999947,-0.023544
380170.46,0.1,338756.76899999945,-0.00981
380170.46,0.1,338925.86099999945,-0.00981
380170.46,0.1,339095.03899999947,-0.00981
380170.46,0.1,339264.3149999995,-0.014715
380170.46,0.1,339433.6899999995,-0.014715
380170.46,0.1,339603.1789999995,-0.004905
380170.46,0.1,339772.7529999995,-0.00981
380170.46,0.1,339942.4589999995,-0.014715
380170.46,0.1,340112.2289999995,-0.004905
380170.46,0.1,340282.09799999953,-0.00981
380170.46,0.1,340452.0659999995,-0.00981
380170.46,0.1,340622.1329999995,0.0
380170.46,0.1,340792.29899999953,-0.014715
380170.46,0.1,340962.59699999954,-0.004905
380170.46,0.1,341132.9599999996,-0.01962
380170.46,0.1,341303.42199999955,-0.00981
380170.46,0.1,341473.98299999954,-0.004905
380170.46,0.1,341644.6419999995,-0.004905
380170.46,0.1,341815.40099999955,-0.014715
380170.46,0.1,341986.2579999996,-0.01962
380170.46,0.1,342157.2129999996,-0.028449
380170.46,0.1,342328.2669999996,-0.01962
380170.46,0.1,342499.4309999996,-0.004905
380170.46,0.1,342670.68299999955,-0.00981
380170.46,0.1,342842.0339999996,0.01962
380170.46,0.1,343013.4839999996,-0.004905
380170.46,0.1,343185.0329999996,-0.023544
380170.46,0.1,343356.6809999996,0.0
380170.46,0.1,343528.4349999996,0.004905
380170.46,0.1,343700.2799999996,-0.014715
380170.46,0.1,343872.2459999996,0.0
380170.46,0.1,344044.2889999996,0.0
380170.46,0.1,344216.4299999996,0.00981
380170.46,0.1,344388.6699999996,0.004905
380170.46,0.1,344561.0139999996,-0.00981
380170.46,0.1,344733.45099999954,-0.014715
380170.46,0.1,344906.01499999955,-0.023544
380170.46,0.1,345078.6499999996,-0.00981
380170.46,0.1,345251.38399999955,-0.01962
380170.46,0.1,345424.21599999955,0.00981
380170.46,0.1,345597.14699999953,-0.01962
380170.46,0.1,345770.1759999995,-0.00981
380170.46,0.1,345943.3299999995,0.004905
380170.46,0.1,346116.5569999995,-0.004905
380170.46,0.1,346289.8829999995,-0.00981
380170.46,0.1,346463.3079999995,-0.01962
380170.46,0.1,346636.8449999995,-0.014715
380170.46,0.1,346810.4679999995,-0.00981
380170.46,0.1,346984.2249999995,-0.00981
380170.46,0.1,347158.0439999995,0.004905
380170.46,0.1,347331.9629999995,-0.014715
380170.46,0.1,347505.9799999995,-0.014715
380170.46,0.1,347680.0959999995,-0.01962
380170.46,0.1,347854.3109999995,-0.023544
380170.46,0.1,348028.65699999954,-0.004905
380170.46,0.1,348203.06899999955,0.0
380170.46,0.1,348377.57999999955,-0.004905
380170.46,0.1,348552.18999999954,-0.014715
380170.46,0.1,348726.8989999995,-0.004905
380170.46,0.1,348901.7059999995,-0.004905
380170.46,0.1,349076.6119999995,-0.00981
380170.46,0.1,349251.6179999995,-0.004905
380170.46,0.1,349426.7209999995,-0.00981
380170.46,0.1,349601.9369999995,-0.004905
380170.46,0.1,349777.2379999995,-0.00981
380170.46,0.1,349952.6739999995,-0.004905
380170.46,0.1,350128.1719999995,0.0
380170.46,0.1,350303.7689999995,-0.00981
380170.46,0.1,350479.4639999995,0.0
380170.46,0.1,350655.2839999995,-0.00981
380170.46,0.1,350831.1769999995,0.0
380170.46,0.1,351007.1689999995,-0.004905
380170.46,0.1,351183.25999999954,-0.014715
380170.46,0.1,351359.4529999996,-0.00981
380170.46,0.1,351535.7409999996,-0.004905
380170.46,0.1,351712.1569999996,-0.00981
380170.46,0.1,351888.6419999996,-0.004905
380170.46,0.1,352065.2259999996,-0.004905
380170.46,0.1,352241.9089999996,-0.004905
380170.46,0.1,352418.6899999996,-0.00981
380170.46,0.1,352595.5709999996,-0.023544
380170.46,0.1,352772.5769999996,-0.004905
380170.46,0.1,352949.6559999996,-0.023544
380170.46,0.1,353126.83299999963,-0.01962
380170.46,0.1,353304.10799999966,-0.023544
380170.46,0.1,353481.48199999967,-0.00981
380170.46,0.1,353658.95499999967,0.004905
380170.46,0.1,353836.56499999965,-0.004905
380170.46,0.1,354014.2359999996,0.004905
380170.46,0.1,354192.0049999996,-0.014715
380170.46,0.1,354369.8719999996,0.004905
380170.46,0.1,354547.8389999996,-0.004905
380170.46,0.1,354725.90399999963,-0.033354
380170.46,0.1,354904.0679999996,-0.004905
380170.46,0.1,355082.35499999963,0.014715
380170.46,0.1,355260.7159999996,-0.023544
380170.46,0.1,355439.1769999996,-0.01962
380170.46,0.1,355617.7359999996,-0.014715
380170.46,0.1,355796.4269999996,0.01962
380170.46,0.1,355975.1829999996,-0.00981
380170.46,0.1,356154.0369999996,0.0
380170.46,0.1,356332.99099999963,-0.004905
380170.46,0.1,356512.06699999963,-0.014715
380170.46,0.1,356691.21799999964,-0.023544
380170.46,0.1,356870.46799999964,-0.00981
380170.46,0.1,357049.81699999963,0.004905
380170.46,0.1,357229.2639999996,-0.01962
380170.46,0.1,357408.81099999964,-0.00981
380170.46,0.1,357588.4709999996,-0.004905
380170.46,0.1,357768.2149999996,0.0
380170.46,0.1,357948.0979999996,-0.00981
380170.46,0.1,358128.0389999996,-0.023544
380170.46,0.1,358308.0789999996,-0.01962
380170.46,0.1,358488.2179999996,-0.028449
380170.46,0.1,358668.4739999996,-0.00981
380170.46,0.1,358848.8099999996,0.004905
380170.46,0.1,359029.2819999996,-0.01962
380170.46,0.1,359209.8159999996,-0.01962
380170.46,0.1,359390.4489999996,0.0
380170.46,0.1,359571.1799999996,-0.01962
380170.46,0.1,359752.0099999996,-0.014715
380170.46,0.1,359932.9389999996,-0.00981
380170.46,0.1,360113.9979999996,-0.014715
380170.46,0.1,360295.1239999996,-0.00981
380170.46,0.1,360476.3479999996,-0.01962
380170.46,0.1,360657.6709999996,-0.014715
380170.46,0.1,360839.0929999996,0.0
380170.46,0.1,361020.6139999996,-0.014715
380170.46,0.1,361202.2339999996,-0.014715
380170.46,0.1,361383.9639999996,-0.01962
380170.46,0.1,361565.7809999996,-0.014715
380170.46,0.1,361747.6969999996,0.0
380170.46,0.1,361929.7119999996,0.0
380170.46,0.1,362111.8339999996,-0.038259
380170.46,0.1,362294.0459999996,-0.014715
380170.46,0.1,362476.3569999996,0.0
380170.46,0.1,362658.76599999954,-0.00981
380170.46,0.1,362841.2739999995,-0.014715
380170.46,0.1,363023.8809999995,-0.00981
380170.46,0.1,363206.6069999996,-0.014715
380170.46,0.1,363389.4119999996,-0.043164
380170.46,0.1,363572.31499999954,-0.023544
380170.46,0.1,363755.3169999995,-0.004905
380170.46,0.1,363938.4269999995,-0.004905
380170.46,0.1,364121.6269999995,-0.028449
380170.46,0.1,364304.92399999953,-0.014715
380170.46,0.1,364488.32099999953,-0.014715
380170.46,0.1,364671.8169999995,-0.004905
380170.46,0.1,364855.4109999995,-0.014715
380170.46,0.1,365039.1279999995,-0.01962
380170.46,0.1,365222.9189999995,-0.00981
380170.46,0.1,365406.80899999954,-0.023544
380170.46,0.1,365590.79799999954,-0.00981
380170.46,0.1,365774.88599999953,-0.00981
380170.46,0.1,365959.0719999995,-0.00981
380170.46,0.1,366143.3949999995,-0.00981
380170.46,0.1,366327.7789999995,-0.014715
380170.46,0.1,366512.2619999995,-0.004905
380170.46,0.1,366696.8439999995,0.129492
380362.06,0.2,366881.5239999995,0.229554
380553.76,0.3,367066.3029999995,0.320787
380745.56,0.4,367251.1809999995,0.488538
380937.46,0.5,367251.1809999995,0.488538
381129.46,0.6,367436.15799999953,0.555246
381321.56,0.7,367621.23399999953,0.62784
381321.56,0.7,367806.4089999995,0.694548
381513.76,0.7,367991.6819999995,0.727902
381706.06,0.7,368177.0539999995,0.646479
381898.46,0.7,368362.52399999945,0.727902
382090.96,0.7,368548.09899999946,0.661194
382283.56,0.7,368733.76699999947,0.679833
382476.26,0.7,368919.56199999945,0.684738
382669.06,0.7,369105.4279999994,0.694548
382861.96,0.628571,369291.39299999946,0.61803
383054.96,0.528571,369477.4569999995,0.445374
383248.06,0.428571,369663.6229999995,0.340407
383441.26,0.328571,369663.6229999995,0.340407
383634.56,0.228571,369849.8839999995,0.307053
383827.96,0.128571,370036.2689999995,0.162846
384021.46,0.028571,370222.7279999995,0.043164
384215.06,0.0,370409.2859999995,0.00981
384408.76,0.0,370595.9429999995,-0.023544
384602.56,0.0,370782.7099999995,0.023544
384796.46,0.0,370969.5649999995,-0.014715
384990.46,0.0,371156.5549999994,-0.043164
385184.56,0.0,371343.6069999995,0.023544
385378.76,0.0,371530.7569999995,-0.014715
385573.06,0.0,371718.0059999995,0.071613
385767.46,0.0,371905.3869999995,-0.057879
385961.96,0.0,372092.8349999995,0.00981
386156.56,0.0,372280.3809999994,-0.023544
386351.26,0.0,372468.0259999995,-0.01962
386546.06,0.0,372655.7699999995,-0.00981
386740.96,0.0,372843.6119999995,-0.028449
386935.96,0.0,373031.5929999995,-0.00981
387131.06,0.0,373219.6329999995,0.0
387131.06,0.0,373407.77199999953,-0.01962
387326.26,0.0,373407.77199999953,-0.01962
387521.56,0.0,373407.77199999953,-0.01962
387716.96,0.0,373407.77199999953,-0.01962
387912.46,-0.02,373407.77199999953,-0.01962
387912.46,-0.02,373596.00999999954,0.0
387912.46,-0.02,373784.3729999996,-0.048069
388108.06,-0.12,373972.8079999996,-0.114777
388303.76,-0.22,374161.34199999954,-0.258984
388499.56,-0.32,374349.9749999995,-0.363951
388695.46,-0.42,374538.70599999954,-0.464994
388891.46,-0.52,374727.5359999996,-0.555246
389087.56,-0.62,374916.4649999996,-0.679833
389283.76,-0.7,375105.4989999996,-0.709263
389480.06,-0.7,375294.6259999995,-0.727902
389676.46,-0.7,375483.8509999995,-0.699453
389872.96,-0.7,375673.1759999995,-0.761256
390069.56,-0.7,375673.1759999995,-0.761256
390266.26,-0.7,375862.5999999995,-0.684738
390463.06,-0.7,376052.1219999995,-0.709263
390659.96,-0.7,376241.7649999995,-0.756351
390856.96,-0.608571,376431.4839999995,-0.613125
391054.06,-0.508571,376621.3019999995,-0.455184
391251.26,-0.408571,376811.2189999995,-0.440469
391448.56,-0.308571,377001.24499999953,-0.287433
391645.96,-0.208571,377191.3599999995,-0.244269
391843.46,-0.108571,377381.60299999954,-0.109872
392041.06,-0.008571,377571.9149999995,-0.004905
392238.76,0.0,377762.32599999954,0.004905
392436.56,0.0,377952.83699999953,-0.028449
392634.46,0.0,378143.4639999995,-0.023544
392832.46,0.0,378334.1719999995,0.014715
393030.56,0.0,378525.0179999995,-0.014715
393228.76,0.0,378715.92399999953,-0.043164
393228.76,0.0,378906.9279999996,-0.014715
393228.86,0.0,379098.0309999996,-0.00981
393229.06,0.0,379289.27199999953,0.01962
393229.36,0.0,379480.5729999995,-0.028449
393229.76,0.0,379671.9719999995,-0.066708
393230.26,0.0,379863.46899999946,0.023544
393230.86,0.0,380055.09399999946,0.0
393230.86,0.0,380246.78899999947,-0.01962
393231.56,0.0,380246.78899999947,-0.01962
393232.36,0.0,380246.78899999947,-0.01962
393233.26,0.0,380246.78899999947,-0.01962
393234.26,0.0,380246.78899999947,-0.01962
393235.36,0.0,380246.78899999947,-0.01962
393236.56,0.0,380246.78899999947,-0.01962
393237.86,0.0,380246.78899999947,-0.01962
393239.26,0.0,380246.78899999947,-0.01962
393240.76,0.0,380246.78899999947,-0.01962
393242.36,0.0,380246.78899999947,-0.01962
393244.06,0.0,380246.78899999947,-0.01962
393245.86,0.0,380246.78899999947,-0.01962
393247.76,0.0,380246.78899999947,-0.01962
393249.76,0.0,380246.78899999947,-0.01962
393251.86,0.0,380246.78899999947,-0.01962
393254.06,0.0,380246.78899999947,-0.01962
393256.36,0.0,380246.78899999947,-0.01962
393258.76,0.0,380246.78899999947,-0.01962
393261.26,0.0,380246.78899999947,-0.01962
393263.86,0.0,380246.78899999947,-0.01962
393266.56,0.0,380246.78899999947,-0.01962
393269.36,0.0,380246.78899999947,-0.01962
393272.26,0.0,380246.78899999947,-0.01962
393275.26,0.0,380246.78899999947,-0.01962
393278.36,0.0,380246.78899999947,-0.01962
393281.56,0.0,380246.78899999947,-0.01962
393284.86,0.0,380246.78899999947,-0.01962
393288.26,0.0,380246.78899999947,-0.01962
393291.76,0.0,380246.78899999947,-0.01962
393295.36,0.0,380246.78899999947,-0.01962
393299.06,0.0,380246.78899999947,-0.01962
393302.86,0.0,380246.78899999947,-0.01962
393306.76,0.0,380246.78899999947,-0.01962
393310.76,0.0,380246.78899999947,-0.01962
393314.86,0.0,380246.78899999947,-0.01962
393319.06,0.0,380246.78899999947,-0.01962
393323.36,0.0,380246.78899999947,-0.01962
393327.76,0.0,380246.78899999947,-0.01962
393332.26,0.0,380246.78899999947,-0.01962
393336.86,0.0,380246.78899999947,-0.01962
393341.56,0.0,380246.78899999947,-0.01962
393346.36,0.0,380246.78899999947,-0.01962
393351.26,0.0,380246.78899999947,-0.01962
393356.26,0.0,380246.78899999947,-0.01962
393356.26,0.0,380438.58299999946,-0.038259
393356.26,0.0,380630.4759999994,0.00981
393356.26,0.0,380822.4679999994,0.004905
393356.26,0.0,381014.5589999995,-0.038259
393356.26,0.0,381206.7479999995,-0.014715
393356.26,0.0,381399.0359999995,-0.028449
393356.26,0.0,381591.4229999995,0.057879
393356.26,0.0,381783.91999999946,-0.033354
393356.26,0.0,381976.5039999994,-0.00981
393356.26,0.0,382169.18699999945,-0.028449
393356.26,0.0,382361.96899999946,0.00981
393356.26,0.0,382554.84999999945,-0.043164
393356.26,0.0,382747.8289999994,-0.167751
393356.26,0.0,382940.9119999994,-0.244269
393356.26,0.0,383134.08899999945,-0.157941
393356.26,0.0,383327.3639999995,-0.139302
393356.26,0.0,383520.7379999995,-0.01962
393356.26,0.0,383714.2109999995,-0.023544
393356.26,0.0,383907.7819999995,-0.004905
393356.26,0.0,384101.4779999995,-0.004905
393356.26,0.0,384295.2479999995,-0.00981
393356.26,0.0,384489.1169999995,-0.004905
393356.26,0.0,384683.0839999995,-0.014715
393356.26,0.0,384877.1649999995,-0.00981
393356.26,0.0,385071.3299999995,-0.00981
393356.26,0.0,385265.6309999994,-0.014715
393356.26,0.0,385459.9939999995,-0.00981
393356.26,0.0,385654.4559999995,-0.014715
393356.26,0.0,385849.0159999995,-0.014715
393356.26,0.0,386043.67499999946,-0.033354
393356.26,0.0,386238.4339999995,-0.004905
393356.26,0.0,386433.31599999947,-0.00981
393356.26,0.0,386628.2709999995,-0.00981
393356.26,0.0,386823.3249999995,0.0
393356.26,0.0,387018.4769999995,-0.00981
393356.26,0.0,387213.72899999947,-0.014715
393356.26,0.0,387409.0799999995,-0.014715
393356.26,0.0,387604.52799999947,-0.00981
393356.26,0.0,387800.0759999995,-0.01962
393356.26,0.0,387995.7219999995,-0.014715
393356.26,0.0,387995.7219999995,-0.014715
393356.26,0.0,387995.8199999995,0.0
393356.26,0.0,387996.01699999947,-0.004905
393356.26,0.0,387996.3409999995,-0.023544
393356.26,0.0,387996.7339999995,-0.004905
393356.26,0.0,387997.2269999995,-0.028449
393356.26,0.0,387997.8189999995,-0.00981
393356.26,0.0,387998.5229999995,-0.014715
393356.26,0.0,387999.3119999995,-0.00981
393356.26,0.0,388000.2379999995,-0.014715
393356.26,0.0,388001.2249999995,-0.00981
393356.26,0.0,388002.3109999995,-0.004905
393356.26,0.0,388003.49499999953,-0.004905
393356.26,0.0,388004.79299999954,-0.01962
393356.26,0.0,388006.17399999953,0.0
393356.26,0.0,388007.6549999996,-0.01962
393356.26,0.0,388009.2339999996,-0.00981
393356.26,0.0,388010.9119999996,-0.01962
393356.26,0.0,388012.6899999996,-0.014715
393356.26,0.0,388014.6049999996,-0.014715
393356.26,0.0,388016.5789999996,-0.014715
393356.26,0.0,388018.65199999954,-0.00981
393356.26,0.0,388020.8239999996,-0.004905
393356.26,0.0,388023.0949999996,-0.00981
393356.26,0.0,388025.4659999996,-0.00981
393356.26,0.0,388027.93399999954,-0.004905
393356.26,0.0,388030.49999999953,-0.004905
393356.26,0.0,388033.1669999996,-0.01962
393356.26,0.0,388035.9309999996,-0.014715
393356.26,0.0,388038.7939999996,-0.00981
393356.26,0.0,388041.7559999996,-0.014715
393356.26,0.0,388044.8159999996,-0.00981
393356.26,0.0,388047.9839999996,-0.00981
393356.26,0.0,388051.2429999996,-0.004905
393356.26,0.0,388054.6009999996,-0.01962
393356.26,0.0,388058.0569999996,-0.014715
393356.26,0.0,388061.6109999996,-0.00981
393356.26,0.0,388065.2639999996,-0.014715
393356.26,0.0,388069.0169999997,-0.004905
393356.26,0.0,388072.86799999967,-0.01962
393356.26,0.0,388076.84699999966,-0.014715
393356.26,0.0,388080.89599999966,-0.004905
393356.26,0.0,388085.0439999997,-0.004905
393356.26,0.0,388089.2899999996,-0.004905
393356.26,0.0,388093.6599999996,-0.00981
393356.26,0.0,388098.10299999965,-0.00981
393356.26,0.0,388102.64499999967,-0.00981
393356.26,0.0,388107.2849999997,-0.014715
393356.26,0.0,388112.05399999965,-0.004905
393356.26,0.0,388116.8929999996,-0.00981
393356.26,0.0,388121.8299999996,-0.014715
393356.26,0.0,388126.8659999996,-0.00981
393356.26,0.0,388132.00499999966,-0.00981
