normalized_score,score,execution_time,process_time,trace_length
0.9482803139866549,102.56013736446327,37.52947759628296,37.529305699999995,1983
