dt-timestamp(s),dt-accel(m/s2),pt-timestamp(s),pt-accel(m/s2),operation
0.0,0.0,-,-,Deletion
0.1,0.0,-,-,Deletion
0.2,0.0,-,-,Deletion
0.3,0.0,-,-,Deletion
0.4,0.0,-,-,Deletion
0.5,0.0,-,-,Deletion
0.6,0.0,-,-,Deletion
0.7,0.0,-,-,Deletion
0.8,0.0,-,-,Deletion
0.9,0.0,-,-,Deletion
1.0,0.0,-,-,Deletion
1.1,0.0,-,-,Deletion
1.2,0.0,-,-,Deletion
1.3,0.0,-,-,Deletion
1.4,0.0,-,-,Deletion
1.5,0.0,-,-,Deletion
1.6,0.0,-,-,Deletion
1.7,0.0,-,-,Deletion
1.8,0.0,-,-,Deletion
1.9,0.0,-,-,Deletion
2.0,0.0,-,-,Deletion
2.1,0.0,-,-,Deletion
2.2,0.0,-,-,Deletion
2.3,0.0,-,-,Deletion
2.4,0.0,-,-,Deletion
2.5,0.0,-,-,Deletion
2.6,0.0,-,-,Deletion
2.7,0.0,-,-,Deletion
2.8,0.0,-,-,Deletion
2.9,0.0,-,-,Deletion
3.0,0.0,-,-,Deletion
3.1,0.0,-,-,Deletion
3.2,0.0,-,-,Deletion
3.3,0.0,-,-,Deletion
3.4,0.0,-,-,Deletion
3.5,0.0,-,-,Deletion
3.6,0.0,-,-,Deletion
3.7,0.0,-,-,Deletion
3.8,0.0,-,-,Deletion
3.9,0.0,-,-,Deletion
4.0,0.0,-,-,Deletion
4.1,0.0,-,-,Deletion
4.2,0.0,-,-,Deletion
4.3,0.0,-,-,Deletion
4.4,0.0,-,-,Deletion
4.5,0.0,-,-,Deletion
4.6,0.0,-,-,Deletion
4.7,0.0,-,-,Deletion
4.8,0.0,-,-,Deletion
4.9,0.0,-,-,Deletion
5.0,0.0,-,-,Deletion
5.1,0.0,-,-,Deletion
5.2,0.0,-,-,Deletion
5.3,0.0,-,-,Deletion
5.4,0.0,-,-,Deletion
5.5,0.0,-,-,Deletion
5.6,0.0,-,-,Deletion
5.7,0.0,-,-,Deletion
5.8,0.0,-,-,Deletion
5.9,0.0,-,-,Deletion
6.0,0.0,-,-,Deletion
6.1,0.0,-,-,Deletion
6.2,0.0,-,-,Deletion
6.3,0.0,-,-,Deletion
6.4,0.0,-,-,Deletion
6.5,0.0,-,-,Deletion
6.6,0.0,-,-,Deletion
6.7,0.0,-,-,Deletion
6.8,0.0,-,-,Deletion
6.9,0.0,-,-,Deletion
7.0,0.0,0.0,-0.014715,Match
7.1,0.0,0.098,0.0,Match
7.2,0.0,0.197,-0.004905,Match
7.3,0.0,0.324,-0.023544,Match
7.4,0.0,0.393,-0.004905,Match
7.5,0.0,0.493,-0.028449,Match
7.6,0.0,0.592,-0.00981,Match
7.7,0.0,0.704,-0.014715,Match
7.8,0.0,0.789,-0.00981,Match
7.9,0.0,0.926,-0.014715,Match
8.0,0.0,0.987,-0.00981,Match
8.1,0.0,1.086,-0.004905,Match
8.2,0.0,1.184,-0.004905,Match
8.3,0.0,1.298,-0.01962,Match
8.4,0.0,1.381,0.0,Match
8.5,0.0,1.481,-0.01962,Match
8.6,0.0,1.579,-0.00981,Match
8.7,0.0,1.678,-0.01962,Match
8.8,0.0,1.778,-0.014715,Match
8.9,0.0,1.915,-0.014715,Match
9.0,0.0,1.974,-0.014715,Match
9.1,0.0,2.073,-0.00981,Match
9.2,0.0,2.172,-0.004905,Match
9.3,0.0,2.271,-0.00981,Match
9.4,0.0,2.371,-0.00981,Match
9.5,0.0,2.468,-0.004905,Match
9.6,0.0,2.566,-0.004905,Match
9.7,0.0,2.667,-0.01962,Match
9.8,0.0,2.764,-0.014715,Match
9.9,0.0,2.863,-0.00981,Match
10.0,0.0,2.962,-0.014715,Match
10.1,0.0,3.06,-0.00981,Match
10.2,0.0,3.168,-0.00981,Match
10.3,0.0,3.259,-0.004905,Match
10.4,0.0,3.358,-0.01962,Match
10.5,0.0,3.456,-0.014715,Match
10.6,0.0,3.554,-0.00981,Match
10.7,0.0,3.653,-0.014715,Match
10.8,0.0,3.753,-0.004905,Match
10.9,0.0,3.851,-0.01962,Match
11.0,0.0,3.979,-0.014715,Match
11.1,0.0,4.049,-0.004905,Match
11.2,0.0,4.148,-0.004905,Match
11.3,0.0,4.246,-0.004905,Match
11.4,0.0,4.37,-0.00981,Match
11.5,0.0,4.443,-0.00981,Match
11.6,0.0,4.542,-0.00981,Match
11.7,0.0,4.64,-0.014715,Match
11.8,0.0,4.769,-0.004905,Match
11.9,0.0,4.839,-0.00981,Match
12.0,0.0,4.937,-0.014715,Match
12.1,0.0,5.036,-0.00981,Match
12.2,0.0,5.139,-0.00981,Match
12.3,0.0,5.233,-0.014715,Match
12.4,0.0,5.356,-0.00981,Match
12.5,0.0,5.431,-0.00981,Match
12.6,0.0,5.529,-0.014715,Match
12.7,0.0,5.628,-0.014715,Match
12.8,0.0,5.727,-0.004905,Match
12.9,0.0,5.826,-0.00981,Match
13.0,0.0,5.924,0.004905,Match
13.1,0.0,6.023,-0.014715,Match
13.2,0.0,6.121,-0.023544,Match
13.3,0.0,6.221,-0.033354,Match
13.4,0.0,6.319,-0.00981,Match
13.5,0.0,6.418,-0.023544,Match
13.6,0.0,6.517,0.004905,Match
13.7,0.0,6.622,-0.00981,Match
13.8,0.0,6.714,-0.01962,Match
13.9,0.0,6.813,0.0,Match
14.0,0.0,6.912,-0.014715,Match
14.1,0.0,7.011,0.0,Match
14.2,0.0,7.109,-0.014715,Match
14.3,0.0,7.228,0.0,Match
14.4,0.0,7.307,-0.023544,Match
14.5,0.0,7.406,-0.014715,Match
14.6,0.0,7.505,0.004905,Match
14.7,0.0,7.607,-0.01962,Match
14.8,0.0,7.703,-0.028449,Match
14.9,0.0,7.828,-0.01962,Match
15.0,0.0,7.9,-0.01962,Match
15.1,0.0,7.999,-0.00981,Match
15.2,0.0,8.097,0.0,Match
15.3,0.0,8.218,-0.004905,Match
15.4,0.0,8.298,-0.00981,Match
15.5,0.0,8.394,0.0,Match
15.6,0.0,8.492,-0.00981,Match
15.7,0.0,8.592,0.0,Match
15.8,0.0,8.69,-0.023544,Match
15.9,0.0,8.807,-0.014715,Match
16.0,0.0,8.888,-0.038259,Match
16.1,0.0,9.023,0.0,Match
16.2,0.0,9.085,0.004905,Match
16.3,0.0,9.184,-0.023544,Match
16.4,0.0,9.283,-0.048069,Match
16.5,0.0,9.41,-0.01962,Match
16.6,0.0,9.48,-0.00981,Match
16.7,0.0,9.579,-0.01962,Match
16.8,0.0,9.678,0.0,Match
16.9,0.0,9.776,-0.01962,Match
17.0,0.0,9.875,-0.023544,Match
17.1,0.0,9.973,-0.00981,Match
17.2,0.0,10.072,-0.004905,Match
17.3,0.0,10.172,0.0,Match
17.4,0.0,10.27,-0.00981,Match
17.5,0.0,10.368,-0.01962,Match
17.6,0.0,10.476,-0.00981,Match
17.7,0.0,10.566,-0.014715,Match
17.8,0.0,10.705,-0.00981,Match
17.9,0.0,10.764,-0.004905,Match
18.0,0.0,10.863,-0.023544,Match
18.1,0.0,10.96,-0.01962,Match
18.2,0.0,11.079,-0.00981,Match
18.3,0.0,11.159,-0.043164,Match
18.4,0.0,11.298,-0.00981,Match
18.5,0.0,11.356,-0.00981,Match
18.6,0.0,11.455,-0.023544,Match
18.7,0.0,11.553,-0.00981,Match
18.8,0.0,11.653,-0.014715,Match
18.9,0.0,11.751,-0.00981,Match
19.0,0.0,11.888,0.00981,Match
19.1,0.0,11.949,-0.033354,Match
19.2,0.0,12.047,0.0,Match
19.3,0.0,12.147,-0.004905,Match
19.4,0.0,12.274,0.004905,Match
19.5,0.0,12.344,-0.004905,Match
19.6,0.0,12.442,-0.01962,Match
19.7,0.0,12.541,-0.004905,Match
19.8,0.0,12.64,-0.00981,Match
19.9,0.0,12.739,-0.00981,Match
20.0,0.0,12.838,-0.004905,Match
20.1,0.0,12.936,-0.004905,Match
20.2,0.0,13.035,-0.004905,Match
20.3,0.0,13.134,-0.014715,Match
20.4,0.0,13.232,-0.00981,Match
20.5,0.0,13.331,-0.014715,Match
20.6,-0.1,13.43,-0.071613,Match
20.7,-0.2,13.529,-0.162846,Match
20.8,-0.3,13.628,-0.297243,Match
20.9,-0.4,13.727,-0.363951,Match
21.0,-0.5,13.825,-0.512082,Match
21.1,-0.6,13.934,-0.671004,Match
21.2,-0.7,14.023,-0.656289,Match
21.3,-0.7,14.154,-0.756351,Match
21.4,-0.7,14.22,-0.704358,Match
21.5,-0.7,14.319,-0.684738,Match
21.6,-0.7,14.418,-0.747522,Match
21.7,-0.7,14.53,-0.718092,Match
21.8,-0.7,14.616,-0.742617,Match
21.9,-0.7,14.746,-0.661194,Match
22.0,-0.628571,14.813,-0.727902,Match
22.1,-0.528571,14.912,-0.536607,Match
22.2,-0.428571,15.01,-0.473823,Match
22.3,-0.328571,15.14,-0.363951,Match
22.4,-0.228571,15.208,-0.325692,Match
22.5,-0.128571,15.307,-0.101043,Match
22.6,-0.028571,15.406,-0.091233,Match
22.7,0.0,-,-,Deletion
22.8,0.0,-,-,Deletion
22.9,0.0,15.541,-0.033354,Match
23.0,0.0,15.604,0.0,Match
23.1,0.0,15.702,-0.00981,Match
23.2,0.0,15.801,-0.004905,Match
23.3,0.0,15.899,-0.038259,Match
23.4,0.0,15.999,0.023544,Match
23.5,0.0,16.098,-0.038259,Match
23.6,0.0,16.196,0.00981,Match
23.7,0.0,16.295,-0.057879,Match
23.8,0.0,16.394,-0.01962,Match
23.9,0.0,16.492,-0.038259,Match
24.0,0.0,16.592,-0.014715,Match
24.1,0.0,16.691,-0.043164,Match
24.2,0.0,16.789,-0.00981,Match
24.3,0.0,16.888,-0.00981,Match
24.4,0.0,16.987,0.004905,Match
24.5,0.0,17.085,-0.028449,Match
24.6,0.02,17.186,0.043164,Match
24.7,0.12,17.283,0.061803,Match
24.8,0.22,17.405,0.220725,Match
24.9,0.32,17.48,0.287433,Match
25.0,0.42,17.579,0.363951,Match
25.1,0.52,17.678,0.555246,Match
25.2,0.62,17.804,0.584676,Match
25.3,0.7,17.875,0.732807,Match
25.4,0.7,17.974,0.666099,Match
25.5,0.7,18.073,0.752427,Match
25.6,0.7,18.182,0.679833,Match
25.7,0.7,18.27,0.732807,Match
25.8,0.7,18.412,0.641574,Match
25.9,0.7,18.468,0.709263,Match
26.0,0.7,18.589,0.694548,Match
26.1,0.608571,18.666,0.555246,Match
26.2,0.508571,18.764,0.3924,Match
26.3,0.408571,18.863,0.40221,Match
26.4,0.308571,18.986,0.18639,Match
26.5,0.208571,19.06,0.143226,Match
26.6,0.108571,19.2,0.057879,Match
26.7,0.008571,19.258,-0.023544,Match
26.8,0.0,19.356,0.0,Match
26.9,0.0,19.455,-0.048069,Match
27.0,0.0,19.554,0.0,Match
27.1,0.0,19.653,0.014715,Match
27.2,0.0,19.793,-0.033354,Match
27.3,0.0,19.851,-0.01962,Match
27.4,0.0,19.95,-0.00981,Match
27.5,0.0,20.049,0.014715,Match
27.6,0.0,20.147,-0.00981,Match
27.7,0.0,20.246,-0.052974,Match
27.8,0.0,20.345,0.014715,Match
27.9,0.0,20.443,-0.004905,Match
28.0,0.0,20.542,0.004905,Match
-,-,20.641,-0.061803,Insertion
-,-,20.74,0.00981,Insertion
28.1,0.0,20.839,0.0,Match
28.2,0.0,20.937,-0.023544,Match
28.3,0.0,21.036,-0.01962,Match
28.4,0.0,21.135,-0.028449,Match
28.5,0.0,21.273,0.014715,Match
28.6,0.0,21.333,0.00981,Match
28.7,0.0,21.438,-0.038259,Match
28.8,0.0,21.53,-0.00981,Match
28.9,0.0,21.657,-0.01962,Match
-,-,21.728,0.096138,Insertion
-,-,21.827,0.114777,Insertion
-,-,21.925,0.177561,Insertion
-,-,22.025,0.191295,Insertion
-,-,22.123,0.086328,Insertion
29.0,0.0,22.222,0.00981,Match
29.1,0.0,22.32,0.004905,Match
29.2,0.0,22.419,-0.00981,Match
29.3,0.0,22.534,0.014715,Match
29.4,0.0,22.616,0.0,Match
29.5,0.0,22.715,-0.004905,Match
29.6,0.0,22.814,-0.00981,Match
29.7,0.0,22.922,-0.061803,Match
29.8,0.0,23.012,0.004905,Match
29.9,0.0,23.111,-0.00981,Match
30.0,0.0,23.209,-0.014715,Match
30.1,0.0,23.307,-0.01962,Match
30.2,0.0,23.407,-0.00981,Match
30.3,0.0,23.505,-0.01962,Match
30.4,0.0,23.604,-0.014715,Match
30.5,0.0,23.704,-0.014715,Match
30.6,0.0,23.802,-0.00981,Match
30.7,0.0,23.914,-0.014715,Match
30.8,0.0,24.0,-0.004905,Match
30.9,0.0,24.131,-0.014715,Match
31.0,0.0,24.197,-0.014715,Match
31.1,0.0,24.296,-0.023544,Match
31.2,0.0,24.394,0.0,Match
31.3,0.0,24.504,-0.00981,Match
31.4,0.0,24.592,-0.023544,Match
31.5,0.0,24.726,-0.004905,Match
31.6,0.0,24.789,-0.004905,Match
31.7,0.0,24.888,-0.00981,Match
31.8,0.0,24.987,0.004905,Match
31.9,0.0,25.086,0.0,Match
32.0,0.0,25.185,-0.033354,Match
32.1,0.0,25.284,-0.028449,Match
32.2,0.0,25.382,-0.004905,Match
32.3,0.0,25.481,-0.00981,Match
32.4,0.0,25.58,-0.004905,Match
32.5,0.0,25.679,-0.014715,Match
32.6,0.0,25.779,0.0,Match
32.7,0.0,25.876,0.004905,Match
32.8,0.0,25.975,-0.00981,Match
32.9,0.0,26.074,-0.004905,Match
33.0,0.0,26.172,-0.004905,Match
33.1,0.0,26.271,0.004905,Match
33.2,0.0,26.37,-0.00981,Match
33.3,0.0,26.469,-0.00981,Match
33.4,0.0,26.568,-0.014715,Match
33.5,0.0,26.666,0.0,Match
33.6,0.0,26.765,-0.01962,Match
33.7,0.0,26.864,-0.014715,Match
33.8,0.0,26.975,-0.014715,Match
33.9,0.0,27.062,-0.014715,Match
34.0,0.0,27.161,-0.00981,Match
34.1,0.0,27.26,-0.01962,Match
34.2,0.0,27.372,-0.004905,Match
34.3,0.0,27.458,-0.014715,Match
34.4,0.0,27.557,-0.00981,Match
34.5,0.0,27.655,-0.028449,Match
34.6,0.0,27.754,0.0,Match
34.7,0.0,27.853,0.0,Match
34.8,0.0,27.977,-0.01962,Match
34.9,0.0,28.051,-0.004905,Match
35.0,0.0,28.15,-0.00981,Match
35.1,0.0,28.248,-0.01962,Match
35.2,0.0,28.369,-0.004905,Match
35.3,0.0,28.446,-0.014715,Match
35.4,0.0,28.545,-0.014715,Match
35.5,0.0,28.644,-0.00981,Match
35.6,0.0,28.752,-0.00981,Match
35.7,0.0,28.841,-0.00981,Match
35.8,0.0,28.97,-0.004905,Match
35.9,0.0,29.039,-0.014715,Match
36.0,0.0,29.138,-0.014715,Match
36.1,0.0,29.237,-0.004905,Match
36.2,0.0,29.336,-0.023544,Match
36.3,0.0,29.434,-0.01962,Match
36.4,0.0,29.533,-0.004905,Match
36.5,0.0,29.632,-0.00981,Match
36.6,0.0,29.731,-0.023544,Match
36.7,0.0,29.83,-0.014715,Match
36.8,0.0,29.928,-0.004905,Match
36.9,0.0,30.027,-0.004905,Match
37.0,0.0,30.126,-0.004905,Match
37.1,0.0,30.226,-0.01962,Match
37.2,0.0,30.324,0.014715,Match
37.3,0.0,30.449,0.00981,Match
37.4,0.0,30.521,0.004905,Match
37.5,0.0,30.62,0.00981,Match
37.6,0.0,30.719,-0.014715,Match
37.7,0.0,30.824,0.0,Match
37.8,0.0,30.916,0.004905,Match
37.9,0.0,31.049,-0.028449,Match
38.0,0.0,31.115,0.0,Match
38.1,0.0,31.213,0.014715,Match
38.2,0.0,31.312,0.0,Match
38.3,0.0,31.424,-0.052974,Match
38.4,0.0,31.51,-0.033354,Match
38.5,0.0,31.648,-0.023544,Match
38.6,0.0,31.707,-0.023544,Match
38.7,0.0,31.806,-0.028449,Match
38.8,0.0,31.905,-0.014715,Match
38.9,0.0,32.021,-0.004905,Match
39.0,0.0,32.103,-0.00981,Match
39.1,0.0,32.201,0.004905,Match
39.2,0.0,32.301,-0.004905,Match
39.3,0.0,32.399,-0.00981,Match
39.4,0.0,32.498,-0.00981,Match
39.5,0.0,32.624,-0.01962,Match
39.6,0.0,32.696,-0.038259,Match
39.7,0.0,32.794,-0.014715,Match
39.8,0.0,32.893,-0.028449,Match
39.9,0.0,32.991,-0.033354,Match
40.0,0.0,33.09,0.0,Match
40.1,0.0,33.189,-0.00981,Match
40.2,0.0,33.288,-0.004905,Match
40.3,0.0,33.386,-0.01962,Match
40.4,0.0,33.485,0.004905,Match
40.5,0.0,33.584,-0.014715,Match
40.6,0.0,33.685,-0.00981,Match
40.7,0.0,33.782,-0.004905,Match
40.8,0.0,33.909,-0.014715,Match
40.9,0.0,33.98,-0.00981,Match
41.0,0.0,34.078,0.0,Match
41.1,0.0,34.177,-0.00981,Match
41.2,0.0,34.306,-0.004905,Match
41.3,0.0,34.375,-0.00981,Match
41.4,0.0,34.476,-0.00981,Match
41.5,0.0,34.572,-0.004905,Match
41.6,0.0,34.682,-0.004905,Match
41.7,0.0,34.77,-0.00981,Match
41.8,0.0,34.897,-0.014715,Match
41.9,0.0,34.968,-0.014715,Match
42.0,0.0,35.066,-0.004905,Match
42.1,0.0,35.165,-0.01962,Match
42.2,0.0,35.268,-0.01962,Match
42.3,0.0,35.363,-0.033354,Match
42.4,0.0,35.49,-0.01962,Match
42.5,0.0,35.561,0.0,Match
42.6,0.0,35.659,-0.033354,Match
42.7,0.0,35.758,-0.01962,Match
42.8,0.0,35.881,-0.00981,Match
42.9,0.0,35.956,-0.014715,Match
43.0,0.0,36.055,-0.00981,Match
43.1,0.0,36.154,-0.004905,Match
43.2,0.0,36.252,-0.01962,Match
43.3,0.0,36.351,-0.023544,Match
43.4,0.0,36.45,-0.01962,Match
43.5,0.0,36.549,-0.01962,Match
43.6,0.0,36.648,-0.014715,Match
43.7,0.0,36.746,-0.00981,Match
43.8,0.0,36.846,-0.043164,Match
43.9,0.0,36.944,-0.014715,Match
44.0,0.0,37.043,-0.00981,Match
44.1,0.0,37.142,-0.014715,Match
44.2,0.0,37.241,-0.00981,Match
44.3,0.0,37.34,-0.014715,Match
44.4,0.0,37.438,-0.014715,Match
44.5,0.0,37.537,0.0,Match
44.6,0.0,37.636,-0.01962,Match
44.7,0.0,37.735,-0.00981,Match
44.8,0.0,37.834,-0.023544,Match
44.9,0.0,37.933,-0.023544,Match
45.0,-0.1,38.031,-0.114777,Match
45.1,-0.2,38.154,-0.224649,Match
45.2,-0.3,38.229,-0.368856,Match
45.3,-0.4,38.328,-0.483633,Match
45.4,-0.5,38.427,-0.589581,Match
45.5,-0.6,38.543,-0.632745,Match
45.6,-0.7,38.624,-0.790686,Match
45.7,-0.7,38.722,-0.732807,Match
45.8,-0.7,38.821,-0.756351,Match
45.9,-0.7,38.921,-0.704358,Match
46.0,-0.7,39.02,-0.732807,Match
46.1,-0.7,39.118,-0.742617,Match
46.2,-0.7,39.216,-0.674928,Match
46.3,-0.7,39.355,-0.714168,Match
46.4,-0.628571,39.414,-0.651384,Match
46.5,-0.528571,39.513,-0.560151,Match
46.6,-0.428571,39.612,-0.426735,Match
46.7,-0.328571,39.748,-0.340407,Match
46.8,-0.228571,39.809,-0.191295,Match
46.9,-0.128571,39.908,-0.104967,Match
47.0,-0.028571,40.007,-0.023544,Match
47.1,0.0,-,-,Deletion
47.2,0.0,-,-,Deletion
47.3,0.0,-,-,Deletion
47.4,0.0,40.106,-0.014715,Match
47.5,0.0,40.205,-0.004905,Match
47.6,0.0,40.303,0.014715,Match
47.7,0.0,40.402,-0.01962,Match
47.8,0.0,40.501,-0.052974,Match
47.9,0.0,40.6,0.023544,Match
48.0,0.0,40.699,-0.057879,Match
48.1,0.0,40.798,-0.004905,Match
48.2,0.0,40.897,-0.01962,Match
48.3,0.0,41.022,-0.004905,Match
48.4,0.0,41.094,-0.004905,Match
48.5,0.0,41.192,-0.033354,Match
48.6,0.0,41.292,-0.00981,Match
48.7,0.0,41.405,-0.028449,Match
48.8,0.0,41.49,0.014715,Match
48.9,0.0,41.626,-0.076518,Match
49.0,0.02,41.687,0.028449,Match
49.1,0.12,41.793,0.043164,Match
49.2,0.22,41.884,0.201105,Match
49.3,0.32,42.006,0.220725,Match
49.4,0.42,42.082,0.41202,Match
49.5,0.52,42.181,0.455184,Match
49.6,0.62,42.28,0.62784,Match
49.7,0.7,42.379,0.737712,Match
49.8,0.7,42.477,0.679833,Match
49.9,0.7,42.594,0.732807,Match
50.0,0.7,42.675,0.646479,Match
50.1,0.7,42.814,0.709263,Match
50.2,0.7,42.872,0.666099,Match
50.3,0.7,42.972,0.742617,Match
50.4,0.7,43.07,0.671004,Match
50.5,0.608571,43.169,0.593505,Match
50.6,0.508571,43.268,0.397305,Match
50.7,0.408571,43.367,0.354141,Match
50.8,0.308571,43.465,0.20601,Match
50.9,0.208571,43.565,0.167751,Match
51.0,0.108571,43.673,0.014715,Match
51.1,0.008571,43.761,0.0,Match
51.2,0.0,43.86,-0.071613,Match
-,-,43.959,0.057879,Insertion
-,-,44.069,-0.033354,Insertion
-,-,44.157,-0.014715,Insertion
51.3,0.0,44.255,-0.033354,Match
51.4,0.0,44.355,0.01962,Match
51.5,0.0,44.453,0.004905,Match
51.6,0.0,44.552,-0.014715,Match
51.7,0.0,44.667,-0.048069,Match
51.8,0.0,44.749,0.01962,Match
51.9,0.0,44.885,-0.023544,Match
52.0,0.0,44.947,-0.004905,Match
52.1,0.0,45.047,-0.052974,Match
52.2,0.0,45.144,-0.004905,Match
52.3,0.0,45.273,0.004905,Match
52.4,0.0,45.341,-0.004905,Match
52.5,0.0,45.44,-0.028449,Match
52.6,0.0,45.538,-0.023544,Match
52.7,0.0,45.657,0.028449,Match
52.8,0.0,45.737,0.01962,Match
52.9,0.0,45.874,-0.043164,Match
53.0,0.0,45.934,0.0,Match
53.1,0.0,46.043,-0.00981,Match
53.2,0.0,46.132,0.014715,Match
53.3,0.0,46.259,0.01962,Match
53.4,0.0,46.329,0.119682,Match
-,-,46.428,0.20601,Insertion
-,-,46.526,0.153036,Insertion
-,-,46.645,0.101043,Insertion
53.5,0.0,46.724,0.014715,Match
53.6,0.0,46.864,-0.00981,Match
53.7,0.0,46.921,-0.004905,Match
53.8,0.0,47.02,-0.004905,Match
53.9,0.0,47.119,-0.00981,Match
54.0,0.0,47.217,-0.00981,Match
54.1,0.0,47.316,-0.014715,Match
54.2,0.0,47.46,-0.048069,Match
54.3,0.0,47.513,-0.01962,Match
54.4,0.0,47.612,-0.01962,Match
54.5,0.0,47.71,-0.00981,Match
54.6,0.0,47.81,-0.01962,Match
54.7,0.0,47.909,-0.014715,Match
54.8,0.0,48.007,-0.004905,Match
54.9,0.0,48.129,-0.004905,Match
55.0,0.0,48.205,-0.014715,Match
55.1,0.0,48.304,-0.00981,Match
55.2,0.0,48.402,-0.014715,Match
55.3,0.0,48.51,-0.01962,Match
55.4,0.0,48.6,-0.004905,Match
55.5,0.0,48.73,-0.00981,Match
55.6,0.0,48.797,-0.004905,Match
55.7,0.0,48.896,-0.014715,Match
55.8,0.0,48.995,0.004905,Match
55.9,0.0,49.099,0.0,Match
56.0,0.0,49.192,-0.023544,Match
56.1,0.0,49.315,-0.01962,Match
56.2,0.0,49.39,-0.004905,Match
56.3,0.0,49.488,-0.028449,Match
56.4,0.0,49.587,-0.023544,Match
56.5,0.0,49.686,0.028449,Match
56.6,0.0,49.784,-0.004905,Match
56.7,0.0,49.884,-0.00981,Match
56.8,0.0,49.982,-0.01962,Match
56.9,0.0,50.119,-0.004905,Match
57.0,0.0,50.18,-0.01962,Match
57.1,0.0,50.279,-0.00981,Match
57.2,0.0,50.377,-0.014715,Match
57.3,0.0,50.476,0.0,Match
57.4,0.0,50.579,-0.014715,Match
57.5,0.0,50.673,0.004905,Match
57.6,0.0,50.777,-0.004905,Match
57.7,0.0,50.871,-0.01962,Match
57.8,0.0,50.991,-0.01962,Match
57.9,0.0,51.068,-0.01962,Match
58.0,0.0,51.167,-0.014715,Match
58.1,0.0,51.266,-0.014715,Match
58.2,0.0,51.365,-0.004905,Match
58.3,0.0,51.464,-0.004905,Match
58.4,0.0,51.582,0.0,Match
58.5,0.0,51.661,0.0,Match
58.6,0.0,51.759,-0.014715,Match
58.7,0.0,51.859,-0.00981,Match
58.8,0.0,51.957,-0.004905,Match
58.9,0.0,52.056,-0.00981,Match
59.0,0.0,52.172,-0.01962,Match
59.1,0.0,52.254,-0.033354,Match
59.2,0.0,52.389,-0.023544,Match
59.3,0.0,52.452,-0.01962,Match
59.4,0.0,52.55,0.0,Match
59.5,0.0,52.649,-0.00981,Match
59.6,0.0,52.773,-0.01962,Match
59.7,0.0,52.846,-0.014715,Match
59.8,0.0,52.945,-0.014715,Match
59.9,0.0,53.044,-0.01962,Match
60.0,0.0,53.143,-0.00981,Match
60.1,0.0,53.241,-0.004905,Match
60.2,0.0,53.373,-0.004905,Match
60.3,0.0,53.439,-0.004905,Match
60.4,0.0,53.538,-0.014715,Match
60.5,0.0,53.636,-0.00981,Match
60.6,0.0,53.735,-0.014715,Match
60.7,0.0,53.833,-0.014715,Match
60.8,0.0,53.933,-0.014715,Match
60.9,0.0,54.031,-0.004905,Match
61.0,0.0,54.129,-0.004905,Match
61.1,0.0,54.249,-0.004905,Match
61.2,0.0,54.327,-0.01962,Match
61.3,0.0,54.425,-0.014715,Match
61.4,0.0,54.524,-0.014715,Match
61.5,0.0,54.635,0.0,Match
61.6,0.0,54.722,-0.00981,Match
61.7,0.0,54.821,0.0,Match
61.8,0.0,54.919,-0.023544,Match
61.9,0.0,55.021,-0.014715,Match
62.0,0.0,55.117,-0.00981,Match
62.1,0.0,55.24,0.00981,Match
62.2,0.0,55.315,-0.023544,Match
62.3,0.0,55.414,-0.004905,Match
62.4,0.0,55.512,-0.004905,Match
62.5,0.0,55.615,-0.014715,Match
62.6,0.0,55.71,-0.01962,Match
62.7,0.0,55.843,-0.014715,Match
62.8,0.0,55.908,-0.023544,Match
62.9,0.0,56.006,0.00981,Match
63.0,0.0,56.104,0.004905,Match
63.1,0.0,56.226,-0.01962,Match
63.2,0.0,56.302,-0.00981,Match
63.3,0.0,56.401,-0.01962,Match
63.4,0.0,56.501,-0.023544,Match
63.5,0.0,56.626,0.014715,Match
63.6,0.0,56.698,-0.00981,Match
63.7,0.0,56.797,-0.01962,Match
63.8,0.0,56.896,-0.028449,Match
63.9,0.0,56.994,-0.023544,Match
64.0,0.0,57.092,0.0,Match
64.1,0.0,57.192,0.0,Match
64.2,0.0,57.298,0.0,Match
64.3,0.0,57.389,-0.01962,Match
64.4,0.0,57.487,0.004905,Match
64.5,0.0,57.587,0.0,Match
64.6,0.0,57.686,-0.014715,Match
64.7,0.0,57.784,-0.014715,Match
64.8,0.0,57.883,-0.028449,Match
64.9,0.0,57.983,-0.014715,Match
65.0,0.0,58.081,-0.004905,Match
65.1,0.0,58.18,-0.01962,Match
65.2,0.0,58.278,-0.00981,Match
65.3,0.0,58.377,-0.00981,Match
65.4,0.0,58.476,-0.00981,Match
65.5,0.0,58.575,-0.01962,Match
65.6,0.0,58.691,-0.004905,Match
65.7,0.0,58.772,-0.00981,Match
65.8,0.0,58.902,-0.01962,Match
65.9,0.0,58.97,0.0,Match
66.0,0.0,59.068,-0.004905,Match
66.1,0.0,59.166,0.0,Match
66.2,0.0,59.291,0.0,Match
66.3,0.0,59.365,-0.004905,Match
66.4,0.0,59.464,-0.004905,Match
66.5,0.0,59.562,0.0,Match
66.6,0.0,59.678,-0.004905,Match
66.7,0.0,59.76,0.0,Match
66.8,0.0,59.9,-0.00981,Match
66.9,0.0,59.958,-0.004905,Match
67.0,0.0,60.056,-0.01962,Match
67.1,0.0,60.155,-0.014715,Match
67.2,0.0,60.298,0.0,Match
67.3,0.0,60.352,-0.014715,Match
67.4,0.0,60.451,-0.004905,Match
67.5,0.0,60.55,-0.014715,Match
67.6,0.0,60.676,-0.004905,Match
67.7,0.0,60.747,0.0,Match
67.8,0.0,60.846,0.0,Match
67.9,0.0,60.945,-0.014715,Match
68.0,0.0,61.043,-0.004905,Match
68.1,0.0,61.142,0.004905,Match
68.2,0.0,61.24,-0.00981,Match
68.3,0.0,61.34,0.0,Match
68.4,0.0,61.438,-0.01962,Match
68.5,0.0,61.542,0.00981,Match
68.6,0.0,61.636,0.0,Match
68.7,0.0,61.734,0.004905,Match
68.8,0.0,61.834,-0.004905,Match
68.9,0.0,61.932,-0.014715,Match
69.0,0.0,62.03,0.0,Match
69.1,0.0,62.13,-0.004905,Match
69.2,0.0,62.228,-0.004905,Match
69.3,0.0,62.353,-0.01962,Match
69.4,0.0,62.425,-0.01962,Match
69.5,-0.1,62.524,-0.114777,Match
69.6,-0.2,62.623,-0.254079,Match
69.7,-0.3,62.722,-0.325692,Match
69.8,-0.4,62.821,-0.546417,Match
69.9,-0.5,62.94,-0.565056,Match
70.0,-0.6,63.018,-0.671004,Match
70.1,-0.7,63.117,-0.709263,Match
70.2,-0.7,63.216,-0.722997,Match
70.3,-0.7,63.316,-0.666099,Match
70.4,-0.7,63.413,-0.699453,Match
70.5,-0.7,63.531,-0.694548,Match
70.6,-0.7,63.611,-0.694548,Match
70.7,-0.7,63.751,-0.694548,Match
70.8,-0.7,63.808,-0.699453,Match
70.9,-0.628571,63.907,-0.62784,Match
71.0,-0.528571,64.005,-0.464994,Match
71.1,-0.428571,64.138,-0.455184,Match
71.2,-0.328571,64.203,-0.302148,Match
71.3,-0.228571,64.302,-0.1962,Match
71.4,-0.128571,64.401,-0.104967,Match
71.5,-0.028571,-,-,Deletion
71.6,0.0,-,-,Deletion
71.7,0.0,-,-,Deletion
71.8,0.0,64.499,0.023544,Match
71.9,0.0,64.598,-0.081423,Match
72.0,0.0,64.697,0.004905,Match
72.1,0.0,64.796,-0.01962,Match
72.2,0.0,64.895,0.048069,Match
72.3,0.0,64.993,-0.071613,Match
72.4,0.0,65.092,0.033354,Match
72.5,0.0,65.191,-0.086328,Match
72.6,0.0,65.289,0.081423,Match
72.7,0.0,65.4,-0.071613,Match
72.8,0.0,65.487,0.00981,Match
72.9,0.0,65.622,-0.071613,Match
73.0,0.0,65.684,0.0,Match
73.1,0.0,65.783,-0.023544,Match
73.2,0.0,65.882,-0.01962,Match
73.3,0.0,65.995,-0.028449,Match
73.4,0.0,66.08,0.033354,Match
73.5,0.02,66.178,-0.081423,Match
73.6,0.12,66.277,0.043164,Match
73.7,0.22,66.407,0.239364,Match
73.8,0.32,66.474,0.258984,Match
73.9,0.42,66.573,0.430659,Match
74.0,0.52,66.672,0.473823,Match
74.1,0.62,66.771,0.622935,Match
74.2,0.7,66.869,0.714168,Match
74.3,0.7,66.968,0.679833,Match
74.4,0.7,67.066,0.684738,Match
74.5,0.7,67.185,0.709263,Match
74.6,0.7,67.264,0.704358,Match
74.7,0.7,67.397,0.704358,Match
74.8,0.7,67.462,0.674928,Match
74.9,0.7,67.56,0.656289,Match
75.0,0.608571,67.659,0.469899,Match
75.1,0.508571,67.758,0.464994,Match
75.2,0.408571,67.857,0.302148,Match
75.3,0.308571,67.955,0.267813,Match
75.4,0.208571,68.054,0.139302,Match
75.5,0.108571,68.153,0.00981,Match
75.6,0.008571,68.252,-0.014715,Match
75.7,0.0,68.351,0.0,Match
75.8,0.0,68.449,0.004905,Match
75.9,0.0,68.548,-0.052974,Match
76.0,0.0,68.646,0.0,Match
76.1,0.0,68.745,0.0,Match
76.2,0.0,68.843,0.00981,Match
76.3,0.0,68.943,-0.043164,Match
76.4,0.0,69.063,-0.01962,Match
76.5,0.0,69.14,0.00981,Match
76.6,0.0,69.239,0.0,Match
76.7,0.0,69.338,-0.023544,Match
76.8,0.0,69.449,-0.033354,Match
76.9,0.0,69.535,-0.004905,Match
77.0,0.0,69.666,0.023544,Match
77.1,0.0,69.732,-0.023544,Match
77.2,0.0,69.831,-0.028449,Match
77.3,0.0,69.93,-0.033354,Match
77.4,0.0,70.042,0.038259,Match
77.5,0.0,70.127,-0.028449,Match
77.6,0.0,70.262,-0.043164,Match
77.7,0.0,70.325,-0.014715,Match
77.8,0.0,70.423,0.014715,Match
77.9,0.0,70.523,0.0,Match
78.0,0.0,70.621,-0.033354,Match
-,-,70.719,0.104967,Insertion
-,-,70.858,0.201105,Insertion
-,-,70.917,0.244269,Insertion
-,-,71.016,0.143226,Insertion
-,-,71.115,0.038259,Insertion
78.1,0.0,71.213,0.004905,Match
78.2,0.0,71.311,-0.023544,Match
78.3,0.0,71.41,0.0,Match
78.4,0.0,71.509,0.0,Match
78.5,0.0,71.609,-0.014715,Match
78.6,0.0,71.707,-0.01962,Match
78.7,0.0,71.805,0.01962,Match
78.8,0.0,71.904,-0.023544,Match
78.9,0.0,72.003,-0.00981,Match
79.0,0.0,72.102,-0.01962,Match
79.1,0.0,72.201,-0.01962,Match
79.2,0.0,72.299,0.00981,Match
79.3,0.0,72.398,-0.01962,Match
79.4,0.0,72.498,-0.00981,Match
79.5,0.0,72.596,-0.01962,Match
79.6,0.0,72.717,-0.00981,Match
79.7,0.0,72.793,-0.00981,Match
79.8,0.0,72.892,-0.004905,Match
79.9,0.0,72.99,0.0,Match
80.0,0.0,73.093,-0.01962,Match
80.1,0.0,73.188,-0.004905,Match
80.2,0.0,73.311,-0.023544,Match
80.3,0.0,73.386,-0.01962,Match
80.4,0.0,73.485,-0.043164,Match
80.5,0.0,73.583,-0.004905,Match
80.6,0.0,73.7,0.014715,Match
80.7,0.0,73.78,-0.01962,Match
80.8,0.0,73.879,-0.014715,Match
80.9,0.0,73.978,-0.033354,Match
81.0,0.0,74.084,-0.01962,Match
81.1,0.0,74.175,-0.004905,Match
81.2,0.0,74.302,-0.028449,Match
81.3,0.0,74.373,0.0,Match
81.4,0.0,74.472,-0.043164,Match
81.5,0.0,74.571,-0.004905,Match
81.6,0.0,74.67,-0.01962,Match
81.7,0.0,74.768,-0.004905,Match
81.8,0.0,74.9,-0.014715,Match
81.9,0.0,74.966,0.0,Match
82.0,0.0,75.065,-0.004905,Match
82.1,0.0,75.164,-0.00981,Match
82.2,0.0,75.304,-0.004905,Match
82.3,0.0,75.361,-0.004905,Match
82.4,0.0,75.46,-0.00981,Match
82.5,0.0,75.558,-0.014715,Match
82.6,0.0,75.658,-0.023544,Match
82.7,0.0,75.763,-0.01962,Match
82.8,0.0,75.855,-0.014715,Match
82.9,0.0,75.983,-0.01962,Match
83.0,0.0,76.052,-0.004905,Match
83.1,0.0,76.152,-0.00981,Match
83.2,0.0,76.25,-0.00981,Match
83.3,0.0,76.367,-0.004905,Match
83.4,0.0,76.447,-0.014715,Match
83.5,0.0,76.582,-0.00981,Match
83.6,0.0,76.645,-0.014715,Match
83.7,0.0,76.744,-0.014715,Match
83.8,0.0,76.842,-0.00981,Match
83.9,0.0,76.956,0.004905,Match
84.0,0.0,77.04,-0.00981,Match
84.1,0.0,77.176,-0.004905,Match
84.2,0.0,77.238,-0.00981,Match
84.3,0.0,77.336,0.0,Match
84.4,0.0,77.436,-0.014715,Match
84.5,0.0,77.557,-0.014715,Match
84.6,0.0,77.633,0.0,Match
84.7,0.0,77.732,-0.00981,Match
84.8,0.0,77.831,-0.01962,Match
84.9,0.0,77.96,-0.00981,Match
85.0,0.0,78.028,-0.014715,Match
85.1,0.0,78.127,-0.014715,Match
85.2,0.0,78.226,-0.014715,Match
85.3,0.0,78.324,-0.01962,Match
85.4,0.0,78.423,-0.004905,Match
85.5,0.0,78.563,-0.00981,Match
85.6,0.0,78.621,-0.01962,Match
85.7,0.0,78.72,-0.01962,Match
85.8,0.0,78.818,-0.01962,Match
85.9,0.0,78.917,-0.014715,Match
86.0,0.0,79.016,-0.014715,Match
86.1,0.0,79.115,-0.00981,Match
86.2,0.0,79.213,-0.014715,Match
86.3,0.0,79.312,-0.01962,Match
86.4,0.0,79.411,-0.023544,Match
86.5,0.0,79.509,-0.004905,Match
86.6,0.0,79.614,-0.028449,Match
86.7,0.0,79.707,-0.01962,Match
86.8,0.0,79.805,0.004905,Match
86.9,0.0,79.905,-0.004905,Match
87.0,0.0,80.003,-0.00981,Match
87.1,0.0,80.102,-0.028449,Match
87.2,0.0,80.211,-0.023544,Match
87.3,0.0,80.3,0.01962,Match
87.4,0.0,80.433,-0.00981,Match
87.5,0.0,80.497,-0.00981,Match
87.6,0.0,80.597,0.0,Match
87.7,0.0,80.695,0.004905,Match
87.8,0.0,80.821,0.004905,Match
87.9,0.0,80.893,-0.038259,Match
88.0,0.0,80.991,-0.023544,Match
88.1,0.0,81.09,-0.014715,Match
88.2,0.0,81.188,-0.01962,Match
88.3,0.0,81.287,-0.01962,Match
88.4,0.0,81.412,0.0,Match
88.5,0.0,81.485,-0.004905,Match
88.6,0.0,81.583,-0.023544,Match
88.7,0.0,81.682,-0.004905,Match
88.8,0.0,81.781,-0.014715,Match
88.9,0.0,81.88,-0.014715,Match
89.0,0.0,82.002,0.004905,Match
89.1,0.0,82.077,-0.028449,Match
89.2,0.0,82.176,0.004905,Match
89.3,0.0,82.275,-0.004905,Match
89.4,0.0,82.373,0.0,Match
89.5,0.0,82.473,-0.00981,Match
89.6,0.0,82.571,0.004905,Match
89.7,0.0,82.67,-0.004905,Match
89.8,0.0,82.768,0.0,Match
89.9,0.0,82.891,-0.033354,Match
90.0,0.0,82.966,-0.004905,Match
90.1,0.0,83.064,-0.004905,Match
90.2,0.0,83.164,0.0,Match
90.3,0.0,83.271,-0.00981,Match
90.4,0.0,83.361,-0.014715,Match
90.5,0.0,83.501,-0.00981,Match
90.6,0.0,83.559,-0.014715,Match
90.7,0.0,83.669,-0.014715,Match
90.8,0.0,83.756,-0.01962,Match
90.9,0.0,83.887,-0.014715,Match
91.0,0.0,83.954,-0.004905,Match
91.1,0.0,84.052,-0.028449,Match
91.2,0.0,84.151,-0.004905,Match
91.3,0.0,84.25,0.0,Match
91.4,0.0,84.349,-0.01962,Match
91.5,0.0,84.48,-0.004905,Match
91.6,0.0,84.546,-0.00981,Match
91.7,0.0,84.645,-0.004905,Match
91.8,0.0,84.744,-0.00981,Match
91.9,0.0,84.843,0.0,Match
92.0,0.0,84.941,-0.00981,Match
92.1,0.0,85.062,-0.014715,Match
92.2,0.0,85.139,-0.023544,Match
92.3,0.0,85.237,-0.01962,Match
92.4,0.0,85.336,-0.014715,Match
92.5,0.0,85.435,-0.004905,Match
92.6,0.0,85.534,-0.004905,Match
92.7,0.0,85.632,-0.00981,Match
92.8,0.0,85.735,-0.00981,Match
92.9,0.0,85.831,-0.014715,Match
93.0,0.0,85.929,-0.014715,Match
93.1,0.0,86.028,-0.014715,Match
93.2,0.0,86.126,-0.01962,Match
93.3,0.0,86.225,0.0,Match
93.4,0.0,86.359,-0.00981,Match
93.5,0.0,86.423,-0.014715,Match
93.6,-0.1,86.523,-0.043164,Match
93.7,-0.2,86.621,-0.244269,Match
93.8,-0.3,86.743,-0.306072,Match
93.9,-0.4,86.819,-0.455184,Match
94.0,-0.5,86.918,-0.565056,Match
94.1,-0.6,87.016,-0.541512,Match
94.2,-0.7,87.123,-0.775971,Match
94.3,-0.7,87.214,-0.694548,Match
94.4,-0.7,87.34,-0.737712,Match
94.5,-0.7,87.411,-0.714168,Match
94.6,-0.7,87.51,-0.699453,Match
94.7,-0.7,87.609,-0.709263,Match
94.8,-0.7,87.707,-0.694548,Match
94.9,-0.7,87.807,-0.704358,Match
95.0,-0.628571,87.905,-0.714168,Match
95.1,-0.528571,88.004,-0.521892,Match
95.2,-0.428571,88.103,-0.455184,Match
95.3,-0.328571,88.201,-0.354141,Match
95.4,-0.228571,88.3,-0.272718,Match
95.5,-0.128571,88.4,-0.162846,Match
95.6,-0.028571,88.498,-0.01962,Match
95.7,0.0,-,-,Deletion
95.8,0.0,-,-,Deletion
95.9,0.0,88.597,0.004905,Match
96.0,0.0,88.696,-0.00981,Match
96.1,0.0,88.799,-0.066708,Match
96.2,0.0,88.893,0.061803,Match
96.3,0.0,88.992,-0.101043,Match
96.4,0.0,89.091,0.048069,Match
96.5,0.0,89.191,-0.066708,Match
96.6,0.0,89.288,-0.01962,Match
96.7,0.0,89.402,-0.004905,Match
96.8,0.0,89.485,-0.071613,Match
96.9,0.0,89.585,0.023544,Match
97.0,0.0,89.684,-0.048069,Match
97.1,0.0,89.782,0.033354,Match
97.2,0.0,89.881,-0.043164,Match
97.3,0.0,90.003,-0.033354,Match
97.4,0.0,90.078,0.023544,Match
97.5,0.0,90.177,0.01962,Match
97.6,0.02,90.275,0.01962,Match
97.7,0.12,-,-,Deletion
97.8,0.22,90.388,0.148131,Match
97.9,0.32,90.472,0.315882,Match
98.0,0.42,90.604,0.349236,Match
98.1,0.52,90.669,0.469899,Match
98.2,0.62,90.768,0.555246,Match
98.3,0.7,90.867,0.709263,Match
98.4,0.7,90.996,0.661194,Match
98.5,0.7,91.065,0.742617,Match
98.6,0.7,91.163,0.661194,Match
98.7,0.7,91.262,0.718092,Match
98.8,0.7,91.391,0.666099,Match
98.9,0.7,91.459,0.704358,Match
99.0,0.7,91.557,0.679833,Match
99.1,0.608571,91.657,0.560151,Match
99.2,0.508571,91.755,0.464994,Match
99.3,0.408571,91.853,0.335502,Match
99.4,0.308571,91.953,0.292338,Match
99.5,0.208571,92.051,0.119682,Match
99.6,0.108571,92.15,0.057879,Match
-,-,92.249,-0.043164,Insertion
99.7,0.008571,92.347,0.048069,Match
99.8,0.0,92.462,-0.052974,Match
99.9,0.0,92.544,-0.004905,Match
100.0,0.0,92.643,-0.004905,Match
100.1,0.0,92.742,0.028449,Match
100.2,0.0,92.841,-0.028449,Match
100.3,0.0,92.939,-0.038259,Match
100.4,0.0,93.05,0.00981,Match
100.5,0.0,93.137,0.014715,Match
100.6,0.0,93.271,-0.01962,Match
100.7,0.0,93.334,-0.023544,Match
100.8,0.0,93.433,-0.033354,Match
100.9,0.0,93.531,0.014715,Match
101.0,0.0,93.637,-0.004905,Match
101.1,0.0,93.729,-0.033354,Match
101.2,0.0,93.857,-0.023544,Match
101.3,0.0,93.927,0.004905,Match
101.4,0.0,94.025,0.028449,Match
101.5,0.0,94.123,-0.048069,Match
101.6,0.0,94.227,-0.01962,Match
101.7,0.0,94.321,-0.00981,Match
101.8,0.0,94.446,0.023544,Match
101.9,0.0,94.518,-0.038259,Match
102.0,0.0,94.617,-0.048069,Match
102.1,0.0,94.715,0.023544,Match
-,-,94.839,0.153036,Insertion
-,-,94.912,0.162846,Insertion
-,-,95.012,0.224649,Insertion
-,-,95.111,0.066708,Insertion
-,-,95.209,0.066708,Insertion
102.2,0.0,95.309,-0.023544,Match
102.3,0.0,95.407,0.004905,Match
102.4,0.0,95.505,-0.00981,Match
102.5,0.0,95.604,0.0,Match
102.6,0.0,95.703,-0.014715,Match
102.7,0.0,95.801,-0.00981,Match
102.8,0.0,95.901,-0.00981,Match
102.9,0.0,95.999,-0.01962,Match
103.0,0.0,96.105,-0.01962,Match
103.1,0.0,96.197,-0.014715,Match
103.2,0.0,96.321,-0.014715,Match
103.3,0.0,96.394,-0.014715,Match
103.4,0.0,96.493,-0.01962,Match
103.5,0.0,96.592,0.0,Match
103.6,0.0,96.692,-0.00981,Match
103.7,0.0,96.789,-0.028449,Match
103.8,0.0,96.914,0.0,Match
103.9,0.0,96.987,-0.014715,Match
104.0,0.0,97.086,-0.023544,Match
104.1,0.0,97.185,-0.00981,Match
104.2,0.0,97.29,-0.057879,Match
104.3,0.0,97.382,-0.01962,Match
104.4,0.0,97.527,-0.00981,Match
104.5,0.0,97.58,-0.033354,Match
104.6,0.0,97.69,-0.014715,Match
104.7,0.0,97.778,-0.014715,Match
104.8,0.0,97.906,-0.033354,Match
104.9,0.0,97.975,-0.00981,Match
105.0,0.0,98.073,0.00981,Match
105.1,0.0,98.173,-0.014715,Match
105.2,0.0,98.272,-0.033354,Match
105.3,0.0,98.37,-0.028449,Match
105.4,0.0,98.468,0.023544,Match
105.5,0.0,98.567,-0.028449,Match
105.6,0.0,98.666,-0.048069,Match
105.7,0.0,98.765,-0.01962,Match
105.8,0.0,98.864,-0.014715,Match
105.9,0.0,98.963,0.004905,Match
106.0,0.0,99.062,-0.028449,Match
106.1,0.0,99.16,-0.028449,Match
106.2,0.0,99.259,-0.014715,Match
106.3,0.0,99.365,-0.023544,Match
106.4,0.0,99.456,-0.004905,Match
106.5,0.0,99.555,-0.00981,Match
106.6,0.0,99.653,-0.01962,Match
106.7,0.0,99.757,-0.014715,Match
106.8,0.0,99.851,-0.01962,Match
106.9,0.0,99.977,-0.014715,Match
107.0,0.0,100.049,-0.01962,Match
107.1,0.0,100.149,-0.014715,Match
107.2,0.0,100.246,-0.00981,Match
107.3,0.0,100.351,-0.00981,Match
107.4,0.0,100.444,-0.014715,Match
107.5,0.0,100.576,-0.014715,Match
107.6,0.0,100.642,-0.004905,Match
107.7,0.0,100.74,0.01962,Match
107.8,0.0,100.84,-0.014715,Match
107.9,0.0,100.964,-0.00981,Match
108.0,0.0,101.037,-0.01962,Match
108.1,0.0,101.136,-0.00981,Match
108.2,0.0,101.235,-0.004905,Match
108.3,0.0,101.346,-0.004905,Match
108.4,0.0,101.432,-0.023544,Match
108.5,0.0,101.565,0.0,Match
108.6,0.0,101.63,0.0,Match
108.7,0.0,101.729,-0.00981,Match
108.8,0.0,101.828,-0.00981,Match
108.9,0.0,101.927,-0.01962,Match
109.0,0.0,102.025,-0.01962,Match
109.1,0.0,102.124,-0.014715,Match
109.2,0.0,102.223,0.004905,Match
109.3,0.0,102.321,-0.00981,Match
109.4,0.0,102.42,-0.00981,Match
109.5,0.0,102.52,-0.014715,Match
109.6,0.0,102.618,-0.014715,Match
109.7,0.0,102.716,0.0,Match
109.8,0.0,102.815,-0.00981,Match
109.9,0.0,102.914,-0.00981,Match
110.0,0.0,103.013,-0.014715,Match
110.1,0.0,103.113,-0.014715,Match
110.2,0.0,103.215,-0.014715,Match
110.3,0.0,103.31,-0.023544,Match
110.4,0.0,103.439,-0.00981,Match
110.5,0.0,103.507,-0.043164,Match
110.6,0.0,103.606,-0.023544,Match
110.7,0.0,103.704,-0.028449,Match
110.8,0.0,103.827,-0.048069,Match
110.9,0.0,103.902,-0.028449,Match
111.0,0.0,104.0,-0.028449,Match
111.1,0.0,104.1,-0.00981,Match
111.2,0.0,104.232,-0.00981,Match
111.3,0.0,104.297,-0.01962,Match
111.4,0.0,104.4,-0.028449,Match
111.5,0.0,104.495,-0.00981,Match
111.6,0.0,104.631,-0.004905,Match
111.7,0.0,104.692,-0.023544,Match
111.8,0.0,104.791,-0.038259,Match
111.9,0.0,104.89,-0.028449,Match
112.0,0.0,105.004,-0.01962,Match
112.1,0.0,105.088,-0.004905,Match
112.2,0.0,105.218,0.014715,Match
112.3,0.0,105.285,-0.00981,Match
112.4,0.0,105.384,-0.004905,Match
112.5,0.0,105.482,-0.014715,Match
112.6,0.0,105.582,-0.028449,Match
112.7,0.0,105.68,-0.014715,Match
112.8,0.0,105.779,0.0,Match
112.9,0.0,105.878,-0.033354,Match
113.0,0.0,105.977,0.004905,Match
113.1,0.0,106.075,-0.028449,Match
113.2,0.0,106.174,-0.00981,Match
113.3,0.0,106.273,0.004905,Match
113.4,0.0,106.372,-0.004905,Match
113.5,0.0,106.471,-0.004905,Match
113.6,0.0,106.569,-0.038259,Match
113.7,0.0,106.691,-0.01962,Match
113.8,0.0,106.766,-0.004905,Match
113.9,0.0,106.865,0.0,Match
114.0,0.0,106.964,-0.014715,Match
114.1,0.0,107.063,-0.014715,Match
114.2,0.0,107.162,-0.004905,Match
114.3,0.0,107.284,0.0,Match
114.4,0.0,107.359,-0.004905,Match
114.5,0.0,107.458,-0.014715,Match
114.6,0.0,107.556,-0.00981,Match
114.7,0.0,107.673,0.0,Match
114.8,0.0,107.755,-0.004905,Match
114.9,0.0,107.853,-0.00981,Match
115.0,0.0,107.951,-0.01962,Match
115.1,0.0,108.05,-0.00981,Match
115.2,0.0,108.15,-0.004905,Match
115.3,0.0,108.276,-0.00981,Match
115.4,0.0,108.347,-0.01962,Match
115.5,0.0,108.445,-0.01962,Match
115.6,0.0,108.544,-0.00981,Match
115.7,0.0,108.643,-0.00981,Match
115.8,0.0,108.742,-0.01962,Match
115.9,0.0,108.87,-0.028449,Match
116.0,0.0,108.939,-0.014715,Match
116.1,0.0,109.039,-0.014715,Match
116.2,0.0,109.136,-0.00981,Match
116.3,0.0,109.236,-0.01962,Match
116.4,0.0,109.335,-0.014715,Match
116.5,0.0,109.433,0.014715,Match
116.6,0.0,109.548,-0.00981,Match
116.7,0.0,109.632,0.0,Match
116.8,0.0,109.729,0.0,Match
116.9,0.0,109.828,-0.014715,Match
117.0,0.0,109.933,-0.00981,Match
117.1,0.0,110.026,-0.01962,Match
117.2,0.0,110.153,-0.014715,Match
117.3,0.0,110.224,-0.023544,Match
117.4,0.0,110.322,-0.01962,Match
117.5,0.0,110.421,-0.00981,Match
117.6,0.0,110.542,-0.00981,Match
117.7,0.0,110.619,-0.00981,Match
117.8,0.0,110.718,-0.014715,Match
117.9,0.0,110.817,-0.004905,Match
118.0,0.1,110.921,-0.00981,Match
118.1,0.2,111.014,0.119682,Match
118.2,0.3,111.144,0.244269,Match
118.3,0.4,111.212,0.354141,Match
118.4,0.5,111.31,0.503253,Match
118.5,0.6,111.41,0.536607,Match
118.6,0.7,111.514,0.737712,Match
118.7,0.7,111.607,0.714168,Match
118.8,0.7,111.732,0.722997,Match
118.9,0.7,111.805,0.709263,Match
119.0,0.7,111.903,0.699453,Match
119.1,0.7,112.002,0.699453,Match
119.2,0.7,112.101,0.699453,Match
119.3,0.7,112.199,0.694548,Match
119.4,0.628571,112.323,0.737712,Match
119.5,0.528571,112.397,0.61803,Match
119.6,0.428571,112.496,0.455184,Match
119.7,0.328571,112.594,0.407115,Match
119.8,0.228571,112.694,0.244269,Match
119.9,0.128571,112.791,0.172656,Match
120.0,0.028571,112.891,0.134397,Match
120.1,0.0,-,-,Deletion
120.2,0.0,-,-,Deletion
120.3,0.0,-,-,Deletion
120.4,0.0,112.991,-0.086328,Match
120.5,0.0,113.088,0.00981,Match
120.6,0.0,113.203,0.023544,Match
120.7,0.0,113.286,-0.023544,Match
120.8,0.0,113.385,0.0,Match
120.9,0.0,113.483,-0.052974,Match
121.0,0.0,113.591,-0.004905,Match
121.1,0.0,113.682,0.028449,Match
121.2,0.0,113.81,-0.038259,Match
121.3,0.0,113.878,-0.066708,Match
121.4,0.0,113.977,-0.023544,Match
121.5,0.0,114.076,-0.028449,Match
121.6,0.0,114.195,0.014715,Match
121.7,0.0,114.274,-0.033354,Match
121.8,0.0,114.372,0.00981,Match
121.9,0.0,114.471,-0.081423,Match
122.0,-0.02,114.572,0.076518,Match
122.1,-0.12,114.668,-0.104967,Match
122.2,-0.22,114.804,-0.162846,Match
122.3,-0.32,114.865,-0.349236,Match
122.4,-0.42,114.966,-0.368856,Match
122.5,-0.52,115.063,-0.503253,Match
122.6,-0.62,115.197,-0.61803,Match
122.7,-0.7,115.261,-0.666099,Match
122.8,-0.7,115.36,-0.732807,Match
122.9,-0.7,115.458,-0.646479,Match
123.0,-0.7,115.588,-0.709263,Match
123.1,-0.7,115.656,-0.714168,Match
123.2,-0.7,115.754,-0.714168,Match
123.3,-0.7,115.854,-0.704358,Match
123.4,-0.7,115.952,-0.718092,Match
123.5,-0.608571,116.05,-0.60822,Match
123.6,-0.508571,116.15,-0.478728,Match
123.7,-0.408571,116.249,-0.388476,Match
123.8,-0.308571,116.347,-0.277623,Match
123.9,-0.208571,116.445,-0.191295,Match
124.0,-0.108571,116.544,-0.048069,Match
124.1,-0.008571,116.643,-0.01962,Match
124.2,0.0,116.742,0.004905,Match
-,-,116.848,-0.076518,Insertion
-,-,116.94,0.038259,Insertion
124.3,0.0,117.038,-0.004905,Match
124.4,0.0,117.137,0.0,Match
124.5,0.0,117.235,-0.048069,Match
124.6,0.0,117.334,-0.00981,Match
124.7,0.0,117.439,0.00981,Match
124.8,0.0,117.532,0.0,Match
124.9,0.0,117.63,-0.043164,Match
125.0,0.0,117.73,-0.004905,Match
125.1,0.0,117.828,-0.004905,Match
125.2,0.0,117.927,0.023544,Match
125.3,0.0,118.036,-0.038259,Match
125.4,0.0,118.124,-0.014715,Match
125.5,0.0,118.258,0.004905,Match
125.6,0.0,118.322,-0.014715,Match
125.7,0.0,118.421,-0.028449,Match
125.8,0.0,118.52,-0.043164,Match
125.9,0.0,118.64,0.00981,Match
126.0,0.0,118.717,0.004905,Match
126.1,0.0,118.816,0.00981,Match
126.2,0.0,118.915,-0.052974,Match
126.3,0.0,119.013,-0.014715,Match
126.4,0.0,119.112,0.01962,Match
126.5,0.0,119.211,-0.023544,Match
126.6,0.0,119.309,-0.043164,Match
-,-,119.408,-0.119682,Insertion
-,-,119.507,-0.177561,Insertion
-,-,119.605,-0.258984,Insertion
-,-,119.704,-0.157941,Insertion
-,-,119.803,-0.096138,Insertion
126.7,0.0,119.902,-0.01962,Match
126.8,0.0,120.001,-0.014715,Match
126.9,0.0,120.099,-0.028449,Match
127.0,0.0,120.198,-0.01962,Match
127.1,0.0,120.297,-0.01962,Match
127.2,0.0,120.396,-0.014715,Match
127.3,0.0,120.509,-0.00981,Match
127.4,0.0,120.593,-0.004905,Match
127.5,0.0,120.692,-0.023544,Match
127.6,0.0,120.79,-0.01962,Match
127.7,0.0,120.889,-0.00981,Match
127.8,0.0,120.988,-0.014715,Match
127.9,0.0,121.093,-0.00981,Match
128.0,0.0,121.186,-0.023544,Match
128.1,0.0,121.316,-0.023544,Match
128.2,0.0,121.382,-0.014715,Match
128.3,0.0,121.486,-0.023544,Match
128.4,0.0,121.581,-0.01962,Match
128.5,0.0,121.718,-0.00981,Match
128.6,0.0,121.778,-0.01962,Match
128.7,0.0,121.877,0.0,Match
128.8,0.0,121.976,-0.01962,Match
128.9,0.0,122.081,-0.038259,Match
129.0,0.0,122.173,-0.00981,Match
129.1,0.0,122.296,-0.014715,Match
129.2,0.0,122.37,-0.023544,Match
129.3,0.0,122.47,-0.023544,Match
129.4,0.0,122.568,0.004905,Match
129.5,0.0,122.667,0.0,Match
129.6,0.0,122.766,0.00981,Match
129.7,0.0,122.864,-0.014715,Match
129.8,0.0,122.963,-0.00981,Match
129.9,0.0,123.062,0.014715,Match
130.0,0.0,123.166,-0.014715,Match
130.1,0.0,123.259,-0.014715,Match
130.2,0.0,123.358,-0.023544,Match
130.3,0.0,123.457,-0.023544,Match
130.4,0.0,123.555,-0.01962,Match
130.5,0.0,123.654,-0.00981,Match
130.6,0.0,123.759,0.00981,Match
130.7,0.0,123.851,0.0,Match
130.8,0.0,123.991,-0.014715,Match
130.9,0.0,124.049,-0.00981,Match
131.0,0.0,124.149,-0.004905,Match
131.1,0.0,124.247,-0.004905,Match
131.2,0.0,124.36,-0.014715,Match
131.3,0.0,124.444,0.004905,Match
131.4,0.0,124.542,-0.00981,Match
131.5,0.0,124.64,-0.004905,Match
131.6,0.0,124.75,-0.01962,Match
131.7,0.0,124.839,0.0,Match
131.8,0.0,124.973,-0.004905,Match
131.9,0.0,125.038,-0.014715,Match
132.0,0.0,125.141,-0.01962,Match
132.1,0.0,125.233,-0.014715,Match
132.2,0.0,125.363,-0.023544,Match
132.3,0.0,125.43,-0.014715,Match
132.4,0.0,125.529,-0.00981,Match
132.5,0.0,125.627,-0.014715,Match
132.6,0.0,125.726,-0.00981,Match
132.7,0.0,125.825,-0.00981,Match
132.8,0.0,125.962,-0.014715,Match
132.9,0.0,126.022,-0.014715,Match
133.0,0.0,126.121,-0.014715,Match
133.1,0.0,126.22,-0.014715,Match
133.2,0.0,126.353,-0.004905,Match
133.3,0.0,126.417,-0.00981,Match
133.4,0.0,126.516,-0.014715,Match
133.5,0.0,126.614,-0.00981,Match
133.6,0.0,126.713,-0.00981,Match
133.7,0.0,126.812,-0.00981,Match
133.8,0.0,126.911,-0.014715,Match
133.9,0.0,127.009,-0.00981,Match
134.0,0.0,127.108,-0.014715,Match
134.1,0.0,127.207,-0.014715,Match
134.2,0.0,127.306,-0.014715,Match
134.3,0.0,127.404,-0.014715,Match
134.4,0.0,127.503,-0.01962,Match
134.5,0.0,127.63,-0.014715,Match
134.6,0.0,127.701,0.0,Match
134.7,0.0,127.799,-0.014715,Match
134.8,0.0,127.898,-0.00981,Match
134.9,0.0,128.003,-0.01962,Match
135.0,0.0,128.095,-0.048069,Match
135.1,0.0,128.223,-0.01962,Match
135.2,0.0,128.293,-0.023544,Match
135.3,0.0,128.391,0.01962,Match
135.4,0.0,128.49,0.00981,Match
135.5,0.0,128.589,-0.023544,Match
135.6,0.0,128.687,-0.014715,Match
135.7,0.0,128.81,-0.004905,Match
135.8,0.0,128.885,-0.00981,Match
135.9,0.0,128.984,-0.00981,Match
136.0,0.0,129.082,0.0,Match
136.1,0.0,129.18,-0.004905,Match
136.2,0.0,129.279,-0.028449,Match
136.3,0.0,129.378,-0.004905,Match
136.4,0.0,129.477,-0.004905,Match
136.5,0.0,129.576,-0.01962,Match
136.6,0.0,129.674,-0.00981,Match
136.7,0.0,129.773,-0.00981,Match
136.8,0.0,129.872,0.0,Match
136.9,0.0,129.97,-0.004905,Match
137.0,0.0,130.08,0.0,Match
137.1,0.0,130.168,-0.033354,Match
137.2,0.0,130.266,-0.023544,Match
137.3,0.0,130.365,-0.01962,Match
137.4,0.0,130.47,-0.00981,Match
137.5,0.0,130.562,-0.01962,Match
137.6,0.0,130.686,-0.004905,Match
137.7,0.0,130.76,-0.014715,Match
137.8,0.0,130.858,-0.004905,Match
137.9,0.0,130.957,-0.01962,Match
138.0,0.0,131.077,-0.00981,Match
138.1,0.0,131.154,0.004905,Match
138.2,0.0,131.253,-0.00981,Match
138.3,0.0,131.351,0.0,Match
138.4,0.0,131.45,-0.023544,Match
138.5,0.0,131.549,-0.014715,Match
138.6,0.0,131.671,-0.00981,Match
138.7,0.0,131.746,-0.01962,Match
138.8,0.0,131.844,-0.028449,Match
138.9,0.0,131.943,-0.023544,Match
139.0,0.0,132.066,-0.01962,Match
139.1,0.0,132.141,-0.023544,Match
139.2,0.0,132.239,-0.00981,Match
139.3,0.0,132.338,-0.01962,Match
139.4,0.0,132.436,-0.01962,Match
139.5,0.0,132.535,-0.004905,Match
139.6,0.0,132.635,0.0,Match
139.7,0.0,132.733,-0.01962,Match
139.8,0.0,132.831,-0.00981,Match
139.9,0.0,132.934,0.004905,Match
140.0,0.0,133.029,-0.004905,Match
140.1,0.0,133.128,-0.014715,Match
140.2,0.0,133.226,-0.004905,Match
140.3,0.0,133.324,-0.01962,Match
140.4,0.0,133.423,-0.014715,Match
140.5,0.0,133.543,-0.004905,Match
140.6,0.0,133.621,-0.014715,Match
140.7,0.0,133.719,-0.00981,Match
140.8,0.0,133.817,-0.00981,Match
140.9,0.0,133.928,-0.00981,Match
141.0,0.0,134.015,-0.014715,Match
141.1,0.0,134.114,-0.01962,Match
141.2,0.0,134.213,-0.014715,Match
141.3,0.0,134.312,-0.023544,Match
141.4,0.0,134.41,-0.00981,Match
141.5,0.0,134.511,-0.01962,Match
141.6,0.0,134.609,-0.004905,Match
141.7,0.0,134.727,-0.004905,Match
141.8,0.0,134.806,-0.038259,Match
141.9,0.0,134.904,-0.038259,Match
142.0,0.0,135.003,0.0,Match
142.1,0.0,135.103,-0.01962,Match
142.2,0.0,135.201,0.0,Match
142.3,0.1,135.324,0.057879,Match
142.4,0.2,135.399,0.220725,Match
142.5,0.3,135.497,0.272718,Match
142.6,0.4,135.596,0.435564,Match
142.7,0.5,135.728,0.551322,Match
142.8,0.6,135.793,0.61803,Match
142.9,0.7,135.892,0.761256,Match
143.0,0.7,135.991,0.671004,Match
143.1,0.7,136.09,0.737712,Match
143.2,0.7,136.188,0.679833,Match
143.3,0.7,136.318,0.722997,Match
143.4,0.7,136.387,0.689643,Match
143.5,0.7,136.485,0.661194,Match
143.6,0.7,136.584,0.709263,Match
143.7,0.628571,136.682,0.641574,Match
143.8,0.528571,136.781,0.498348,Match
143.9,0.428571,136.88,0.42183,Match
144.0,0.328571,136.979,0.320787,Match
144.1,0.228571,137.077,0.201105,Match
144.2,0.128571,137.184,0.109872,Match
144.3,0.028571,-,-,Deletion
144.4,0.0,-,-,Deletion
144.5,0.0,137.275,0.014715,Match
144.6,0.0,137.405,-0.023544,Match
144.7,0.0,137.473,-0.01962,Match
144.8,0.0,137.571,-0.01962,Match
144.9,0.0,137.67,-0.004905,Match
145.0,0.0,137.792,-0.033354,Match
145.1,0.0,137.868,0.01962,Match
145.2,0.0,138.005,-0.101043,Match
145.3,0.0,138.065,0.043164,Match
145.4,0.0,138.164,-0.048069,Match
145.5,0.0,138.263,0.086328,Match
145.6,0.0,138.379,-0.091233,Match
145.7,0.0,138.461,0.004905,Match
145.8,0.0,138.559,-0.043164,Match
145.9,0.0,138.658,0.023544,Match
146.0,0.0,138.774,-0.028449,Match
146.1,0.0,138.856,-0.01962,Match
146.2,0.0,138.997,0.0,Match
146.3,-0.02,-,-,Deletion
146.4,-0.12,139.053,-0.048069,Match
146.5,-0.22,139.159,-0.234459,Match
146.6,-0.32,139.251,-0.277623,Match
146.7,-0.42,139.38,-0.40221,Match
146.8,-0.52,139.449,-0.503253,Match
146.9,-0.62,139.547,-0.569961,Match
147.0,-0.7,139.646,-0.732807,Match
147.1,-0.7,139.745,-0.679833,Match
147.2,-0.7,139.844,-0.679833,Match
147.3,-0.7,139.943,-0.694548,Match
147.4,-0.7,140.041,-0.709263,Match
147.5,-0.7,140.14,-0.679833,Match
147.6,-0.7,140.238,-0.684738,Match
147.7,-0.7,140.337,-0.666099,Match
147.8,-0.608571,140.437,-0.551322,Match
147.9,-0.508571,140.535,-0.460089,Match
148.0,-0.408571,140.635,-0.363951,Match
148.1,-0.308571,140.733,-0.267813,Match
148.2,-0.208571,140.832,-0.096138,Match
148.3,-0.108571,140.931,-0.086328,Match
148.4,-0.008571,141.033,0.004905,Match
148.5,0.0,141.128,-0.043164,Match
-,-,141.227,0.052974,Insertion
148.6,0.0,141.326,-0.043164,Match
148.7,0.0,141.429,-0.01962,Match
148.8,0.0,141.523,-0.014715,Match
148.9,0.0,141.646,0.01962,Match
149.0,0.0,141.721,0.0,Match
149.1,0.0,141.82,-0.048069,Match
149.2,0.0,141.919,-0.023544,Match
149.3,0.0,142.02,0.023544,Match
149.4,0.0,142.116,0.00981,Match
149.5,0.0,142.24,-0.01962,Match
149.6,0.0,142.314,-0.048069,Match
149.7,0.0,142.413,0.023544,Match
149.8,0.0,142.511,0.014715,Match
149.9,0.0,142.61,-0.004905,Match
150.0,0.0,142.709,-0.033354,Match
150.1,0.0,142.844,0.00981,Match
150.2,0.0,142.907,0.028449,Match
150.3,0.0,143.006,-0.023544,Match
150.4,0.0,143.104,-0.028449,Match
150.5,0.0,143.203,-0.00981,Match
150.6,0.0,143.302,0.038259,Match
150.7,0.0,143.438,-0.01962,Match
150.8,0.0,143.499,-0.052974,Match
-,-,143.598,-0.086328,Insertion
-,-,143.696,-0.148131,Insertion
-,-,143.795,-0.20601,Insertion
-,-,143.894,-0.162846,Insertion
-,-,143.992,-0.104967,Insertion
150.9,0.0,144.092,-0.043164,Match
151.0,0.0,144.19,-0.004905,Match
151.1,0.0,144.289,-0.01962,Match
151.2,0.0,144.387,-0.00981,Match
151.3,0.0,144.51,-0.004905,Match
151.4,0.0,144.585,-0.014715,Match
151.5,0.0,144.685,0.0,Match
151.6,0.0,144.782,-0.004905,Match
151.7,0.0,144.885,-0.00981,Match
151.8,0.0,144.98,-0.00981,Match
151.9,0.0,145.112,-0.004905,Match
152.0,0.0,145.178,-0.014715,Match
152.1,0.0,145.277,-0.004905,Match
152.2,0.0,145.375,-0.004905,Match
152.3,0.0,145.487,-0.033354,Match
152.4,0.0,145.573,-0.00981,Match
152.5,0.0,145.707,-0.00981,Match
152.6,0.0,145.771,-0.023544,Match
152.7,0.0,145.869,-0.004905,Match
152.8,0.0,145.968,-0.014715,Match
152.9,0.0,146.09,0.004905,Match
153.0,0.0,146.166,-0.00981,Match
153.1,0.0,146.264,-0.014715,Match
153.2,0.0,146.363,0.0,Match
153.3,0.0,146.462,-0.004905,Match
153.4,0.0,146.561,0.004905,Match
153.5,0.0,146.66,-0.004905,Match
153.6,0.0,146.759,-0.023544,Match
153.7,0.0,146.89,-0.023544,Match
153.8,0.0,146.956,-0.01962,Match
153.9,0.0,147.055,-0.014715,Match
154.0,0.0,147.152,-0.033354,Match
154.1,0.0,147.252,0.038259,Match
154.2,0.0,147.351,0.004905,Match
154.3,0.0,147.487,0.0,Match
154.4,0.0,147.548,0.004905,Match
154.5,0.0,147.647,0.004905,Match
154.6,0.0,147.768,-0.004905,Match
154.7,0.0,147.845,0.0,Match
154.8,0.0,147.943,-0.014715,Match
154.9,0.0,148.042,-0.028449,Match
155.0,0.0,148.144,-0.014715,Match
155.1,0.0,148.24,-0.014715,Match
155.2,0.0,148.375,-0.004905,Match
155.3,0.0,148.438,-0.014715,Match
155.4,0.0,148.55,-0.00981,Match
155.5,0.0,148.635,0.004905,Match
155.6,0.0,148.733,-0.014715,Match
155.7,0.0,148.832,-0.00981,Match
155.8,0.0,148.933,-0.014715,Match
155.9,0.0,149.03,-0.014715,Match
156.0,0.0,149.16,-0.014715,Match
156.1,0.0,149.228,-0.014715,Match
156.2,0.0,149.326,-0.01962,Match
156.3,0.0,149.425,-0.028449,Match
156.4,0.0,149.55,-0.00981,Match
156.5,0.0,149.623,0.0,Match
156.6,0.0,149.722,-0.014715,Match
156.7,0.0,149.82,-0.004905,Match
156.8,0.0,149.918,-0.014715,Match
156.9,0.0,150.018,-0.023544,Match
157.0,0.0,150.117,-0.014715,Match
157.1,0.0,150.215,-0.014715,Match
157.2,0.0,150.314,-0.01962,Match
157.3,0.0,150.412,-0.014715,Match
157.4,0.0,150.552,-0.00981,Match
157.5,0.0,150.61,-0.01962,Match
157.6,0.0,150.708,-0.014715,Match
157.7,0.0,150.808,-0.00981,Match
157.8,0.0,150.906,-0.01962,Match
157.9,0.0,151.005,-0.004905,Match
158.0,0.0,151.104,-0.023544,Match
158.1,0.0,151.22,-0.00981,Match
158.2,0.0,151.301,-0.00981,Match
158.3,0.0,151.399,-0.00981,Match
158.4,0.0,151.498,-0.01962,Match
158.5,0.0,151.614,-0.01962,Match
158.6,0.0,151.697,-0.00981,Match
158.7,0.0,151.795,-0.014715,Match
158.8,0.0,151.894,-0.01962,Match
158.9,0.0,151.993,-0.004905,Match
159.0,0.0,152.091,-0.014715,Match
159.1,0.0,152.214,-0.01962,Match
159.2,0.0,152.289,-0.00981,Match
159.3,0.0,152.386,0.014715,Match
159.4,0.0,152.485,-0.014715,Match
159.5,0.0,152.591,-0.014715,Match
159.6,0.0,152.683,-0.01962,Match
159.7,0.0,152.811,-0.014715,Match
159.8,0.0,152.881,-0.023544,Match
159.9,0.0,152.979,-0.004905,Match
160.0,0.0,153.078,0.0,Match
160.1,0.0,153.177,-0.023544,Match
160.2,0.0,153.276,-0.038259,Match
160.3,0.0,153.404,-0.023544,Match
160.4,0.0,153.473,-0.01962,Match
160.5,0.0,153.572,-0.00981,Match
160.6,0.0,153.671,-0.00981,Match
160.7,0.0,153.77,-0.01962,Match
160.8,0.0,153.868,0.0,Match
160.9,0.0,153.967,-0.004905,Match
161.0,0.0,154.065,-0.014715,Match
161.1,0.0,154.163,0.014715,Match
161.2,0.0,154.264,-0.014715,Match
161.3,0.0,154.362,-0.00981,Match
161.4,0.0,154.484,-0.014715,Match
161.5,0.0,154.559,-0.00981,Match
161.6,0.0,154.658,-0.00981,Match
161.7,0.0,154.757,-0.00981,Match
161.8,0.0,154.882,-0.014715,Match
161.9,0.0,154.954,0.0,Match
162.0,0.0,155.053,-0.00981,Match
162.1,0.0,155.151,-0.028449,Match
162.2,0.0,155.255,-0.01962,Match
162.3,0.0,155.35,-0.014715,Match
162.4,0.0,155.47,-0.004905,Match
162.5,0.0,155.547,0.00981,Match
162.6,0.0,155.685,-0.033354,Match
162.7,0.0,155.745,-0.00981,Match
162.8,0.0,155.844,-0.00981,Match
162.9,0.0,155.942,-0.004905,Match
163.0,0.0,156.065,-0.00981,Match
163.1,0.0,156.14,-0.00981,Match
163.2,0.0,156.239,-0.004905,Match
163.3,0.0,156.337,-0.004905,Match
163.4,0.0,156.465,0.0,Match
163.5,0.0,156.535,0.004905,Match
163.6,0.0,156.634,-0.004905,Match
163.7,0.0,156.733,-0.00981,Match
163.8,0.0,156.832,-0.01962,Match
163.9,0.0,156.93,-0.00981,Match
164.0,0.0,157.05,-0.004905,Match
164.1,0.0,157.128,-0.004905,Match
164.2,0.0,157.227,-0.01962,Match
164.3,0.0,157.325,-0.01962,Match
164.4,0.0,157.424,-0.014715,Match
164.5,0.0,157.522,-0.043164,Match
164.6,0.0,157.622,-0.033354,Match
164.7,0.0,157.721,-0.014715,Match
164.8,0.0,157.819,-0.01962,Match
164.9,0.0,157.922,-0.014715,Match
165.0,0.0,158.017,-0.00981,Match
165.1,0.0,158.116,-0.014715,Match
165.2,0.0,158.214,-0.014715,Match
165.3,0.0,158.313,-0.004905,Match
165.4,0.0,158.412,-0.00981,Match
165.5,0.0,158.524,-0.014715,Match
165.6,0.0,158.609,-0.00981,Match
165.7,0.0,158.708,-0.01962,Match
165.8,0.0,158.807,-0.071613,Match
165.9,0.0,158.907,-0.048069,Match
166.0,0.0,159.004,-0.023544,Match
166.1,0.0,159.127,-0.01962,Match
166.2,0.0,159.202,-0.01962,Match
166.3,0.0,159.3,-0.014715,Match
166.4,0.0,159.399,-0.01962,Match
166.5,0.0,159.513,-0.014715,Match
166.6,0.0,159.597,-0.00981,Match
166.7,0.0,159.739,-0.00981,Match
166.8,0.0,159.794,-0.00981,Match
166.9,0.1,159.893,0.004905,Match
167.0,0.2,159.992,0.234459,Match
167.1,0.3,160.09,0.272718,Match
167.2,0.4,160.19,0.430659,Match
167.3,0.5,160.288,0.526797,Match
167.4,0.6,160.387,0.593505,Match
167.5,0.7,160.486,0.752427,Match
167.6,0.7,160.584,0.671004,Match
167.7,0.7,160.683,0.704358,Match
167.8,0.7,160.782,0.709263,Match
167.9,0.7,160.881,0.661194,Match
168.0,0.7,160.98,0.737712,Match
168.1,0.7,161.079,0.709263,Match
168.2,0.7,161.177,0.714168,Match
168.3,0.628571,161.276,0.656289,Match
168.4,0.528571,161.375,0.574866,Match
168.5,0.428571,161.474,0.435564,Match
168.6,0.328571,161.575,0.359046,Match
168.7,0.228571,161.672,0.263889,Match
168.8,0.128571,161.787,0.109872,Match
168.9,0.028571,161.869,0.076518,Match
169.0,0.0,-,-,Deletion
169.1,0.0,-,-,Deletion
169.2,0.0,162.006,-0.038259,Match
169.3,0.0,162.066,-0.028449,Match
169.4,0.0,162.165,0.052974,Match
169.5,0.0,162.264,-0.014715,Match
169.6,0.0,162.38,0.043164,Match
169.7,0.0,162.462,-0.048069,Match
169.8,0.0,162.6,-0.033354,Match
169.9,0.0,162.66,0.01962,Match
170.0,0.0,162.768,-0.033354,Match
170.1,0.0,162.857,0.048069,Match
170.2,0.0,162.988,-0.076518,Match
170.3,0.0,163.055,0.028449,Match
170.4,0.0,163.154,-0.01962,Match
170.5,0.0,163.252,0.033354,Match
170.6,0.0,163.351,-0.01962,Match
170.7,0.0,163.45,-0.028449,Match
170.8,0.0,163.549,-0.043164,Match
170.9,-0.02,163.647,-0.014715,Match
171.0,-0.12,-,-,Deletion
171.1,-0.22,163.747,-0.162846,Match
171.2,-0.32,163.845,-0.277623,Match
171.3,-0.42,163.944,-0.407115,Match
171.4,-0.52,164.043,-0.464994,Match
171.5,-0.62,164.183,-0.569961,Match
171.6,-0.7,164.24,-0.709263,Match
171.7,-0.7,164.339,-0.732807,Match
171.8,-0.7,164.437,-0.727902,Match
171.9,-0.7,164.537,-0.766161,Match
172.0,-0.7,164.635,-0.709263,Match
172.1,-0.7,164.734,-0.694548,Match
172.2,-0.7,164.832,-0.714168,Match
172.3,-0.7,164.931,-0.699453,Match
172.4,-0.608571,165.029,-0.569961,Match
172.5,-0.508571,165.129,-0.464994,Match
172.6,-0.408571,165.227,-0.430659,Match
172.7,-0.308571,165.326,-0.244269,Match
172.8,-0.208571,165.424,-0.210915,Match
172.9,-0.108571,165.523,-0.057879,Match
173.0,-0.008571,165.655,-0.033354,Match
173.1,0.0,165.721,0.004905,Match
-,-,165.822,0.038259,Insertion
-,-,165.919,-0.081423,Insertion
173.2,0.0,166.043,0.014715,Match
173.3,0.0,166.115,-0.023544,Match
173.4,0.0,166.215,0.033354,Match
173.5,0.0,166.313,-0.061803,Match
173.6,0.0,166.427,-0.014715,Match
173.7,0.0,166.511,0.0,Match
173.8,0.0,166.649,0.0,Match
173.9,0.0,166.709,-0.028449,Match
174.0,0.0,166.817,-0.043164,Match
174.1,0.0,166.907,0.00981,Match
174.2,0.0,167.033,0.0,Match
174.3,0.0,167.104,-0.014715,Match
174.4,0.0,167.202,-0.023544,Match
174.5,0.0,167.301,-0.00981,Match
174.6,0.0,167.4,0.028449,Match
174.7,0.0,167.499,-0.01962,Match
174.8,0.0,167.632,-0.028449,Match
174.9,0.0,167.697,-0.00981,Match
175.0,0.0,167.795,0.004905,Match
175.1,0.0,167.894,0.004905,Match
175.2,0.0,167.993,-0.052974,Match
175.3,0.0,168.092,-0.004905,Match
-,-,168.19,-0.086328,Insertion
-,-,168.288,-0.1962,Insertion
-,-,168.388,-0.282528,Insertion
-,-,168.501,-0.182466,Insertion
-,-,168.585,-0.091233,Insertion
175.4,0.0,168.684,-0.023544,Match
175.5,0.0,168.783,-0.01962,Match
175.6,0.0,168.882,-0.023544,Match
175.7,0.0,168.98,-0.00981,Match
175.8,0.0,169.092,-0.00981,Match
175.9,0.0,169.178,-0.00981,Match
176.0,0.0,169.276,-0.014715,Match
176.1,0.0,169.375,-0.014715,Match
176.2,0.0,169.489,-0.004905,Match
176.3,0.0,169.574,-0.00981,Match
176.4,0.0,169.706,-0.014715,Match
176.5,0.0,169.77,-0.004905,Match
176.6,0.0,169.869,-0.00981,Match
176.7,0.0,169.968,-0.00981,Match
176.8,0.0,170.067,0.0,Match
176.9,0.0,170.166,-0.014715,Match
177.0,0.0,170.298,-0.004905,Match
177.1,0.0,170.363,-0.01962,Match
177.2,0.0,170.462,-0.00981,Match
177.3,0.0,170.561,-0.004905,Match
177.4,0.0,170.659,-0.004905,Match
177.5,0.0,170.759,-0.014715,Match
177.6,0.0,170.857,-0.01962,Match
177.7,0.0,170.955,-0.028449,Match
177.8,0.0,171.054,-0.01962,Match
177.9,0.0,171.164,-0.004905,Match
178.0,0.0,171.252,-0.00981,Match
178.1,0.0,171.351,0.01962,Match
178.2,0.0,171.45,-0.004905,Match
178.3,0.0,171.549,-0.023544,Match
178.4,0.0,171.648,0.0,Match
178.5,0.0,171.754,0.004905,Match
178.6,0.0,171.845,-0.014715,Match
178.7,0.0,171.966,0.0,Match
178.8,0.0,172.043,0.0,Match
178.9,0.0,172.141,0.00981,Match
179.0,0.0,172.24,0.004905,Match
179.1,0.0,172.344,-0.00981,Match
179.2,0.0,172.437,-0.014715,Match
179.3,0.0,172.564,-0.023544,Match
179.4,0.0,172.635,-0.00981,Match
179.5,0.0,172.734,-0.01962,Match
179.6,0.0,172.832,0.00981,Match
179.7,0.0,172.931,-0.01962,Match
179.8,0.0,173.029,-0.00981,Match
179.9,0.0,173.154,0.004905,Match
180.0,0.0,173.227,-0.004905,Match
180.1,0.0,173.326,-0.00981,Match
180.2,0.0,173.425,-0.01962,Match
180.3,0.0,173.537,-0.014715,Match
180.4,0.0,173.623,-0.00981,Match
180.5,0.0,173.757,-0.00981,Match
180.6,0.0,173.819,0.004905,Match
180.7,0.0,173.919,-0.014715,Match
180.8,0.0,174.017,-0.014715,Match
180.9,0.0,174.116,-0.01962,Match
181.0,0.0,174.215,-0.023544,Match
181.1,0.0,174.346,-0.004905,Match
181.2,0.0,174.412,0.0,Match
181.3,0.0,174.511,-0.004905,Match
181.4,0.0,174.61,-0.014715,Match
181.5,0.0,174.709,-0.004905,Match
181.6,0.0,174.807,-0.004905,Match
181.7,0.0,174.906,-0.00981,Match
181.8,0.0,175.006,-0.004905,Match
181.9,0.0,175.103,-0.00981,Match
182.0,0.0,175.216,-0.004905,Match
182.1,0.0,175.301,-0.00981,Match
182.2,0.0,175.436,-0.004905,Match
182.3,0.0,175.498,0.0,Match
182.4,0.0,175.597,-0.00981,Match
182.5,0.0,175.695,0.0,Match
182.6,0.0,175.82,-0.00981,Match
182.7,0.0,175.893,0.0,Match
182.8,0.0,175.992,-0.004905,Match
182.9,0.0,176.091,-0.014715,Match
183.0,0.0,176.193,-0.00981,Match
183.1,0.0,176.288,-0.004905,Match
183.2,0.0,176.416,-0.00981,Match
183.3,0.0,176.485,-0.004905,Match
183.4,0.0,176.584,-0.004905,Match
183.5,0.0,176.683,-0.004905,Match
183.6,0.0,176.781,-0.00981,Match
183.7,0.0,176.881,-0.023544,Match
183.8,0.0,177.006,-0.004905,Match
183.9,0.0,177.079,-0.023544,Match
184.0,0.0,177.177,-0.01962,Match
184.1,0.0,177.275,-0.023544,Match
184.2,0.0,177.374,-0.00981,Match
184.3,0.0,177.473,0.004905,Match
184.4,0.0,177.61,-0.004905,Match
184.5,0.0,177.671,0.004905,Match
184.6,0.0,177.769,-0.014715,Match
184.7,0.0,177.867,0.004905,Match
184.8,0.0,177.967,-0.004905,Match
184.9,0.0,178.065,-0.033354,Match
185.0,0.0,178.164,-0.004905,Match
185.1,0.0,178.287,0.014715,Match
185.2,0.0,178.361,-0.023544,Match
185.3,0.0,178.461,-0.01962,Match
185.4,0.0,178.559,-0.014715,Match
185.5,0.0,178.691,0.01962,Match
185.6,0.0,178.756,-0.00981,Match
185.7,0.0,178.854,0.0,Match
185.8,0.0,178.954,-0.004905,Match
185.9,0.0,179.076,-0.014715,Match
186.0,0.0,179.151,-0.023544,Match
186.1,0.0,179.25,-0.00981,Match
186.2,0.0,179.349,0.004905,Match
186.3,0.0,179.447,-0.01962,Match
186.4,0.0,179.547,-0.00981,Match
186.5,0.0,179.66,-0.004905,Match
186.6,0.0,179.744,0.0,Match
186.7,0.0,179.883,-0.00981,Match
186.8,0.0,179.941,-0.023544,Match
186.9,0.0,180.04,-0.01962,Match
187.0,0.0,180.139,-0.028449,Match
187.1,0.0,180.256,-0.00981,Match
187.2,0.0,180.336,0.004905,Match
187.3,0.0,180.472,-0.01962,Match
187.4,0.0,180.534,-0.01962,Match
187.5,0.0,180.633,0.0,Match
187.6,0.0,180.731,-0.01962,Match
187.7,0.0,180.83,-0.014715,Match
187.8,0.0,180.929,-0.00981,Match
187.9,0.0,181.059,-0.014715,Match
188.0,0.0,181.126,-0.00981,Match
188.1,0.0,181.224,-0.01962,Match
188.2,0.0,181.323,-0.014715,Match
188.3,0.0,181.422,0.0,Match
188.4,0.0,181.521,-0.014715,Match
188.5,0.0,181.62,-0.014715,Match
188.6,0.0,181.73,-0.01962,Match
188.7,0.0,181.817,-0.014715,Match
188.8,0.0,181.916,0.0,Match
188.9,0.0,182.015,0.0,Match
189.0,0.0,182.122,-0.038259,Match
189.1,0.0,182.212,-0.014715,Match
189.2,0.0,182.311,0.0,Match
189.3,0.0,182.409,-0.00981,Match
189.4,0.0,182.508,-0.014715,Match
189.5,0.0,182.607,-0.00981,Match
189.6,0.0,182.726,-0.014715,Match
189.7,0.0,182.805,-0.043164,Match
189.8,0.0,182.903,-0.023544,Match
189.9,0.0,183.002,-0.004905,Match
190.0,0.0,183.11,-0.004905,Match
190.1,0.0,183.2,-0.028449,Match
190.2,0.0,183.297,-0.014715,Match
190.3,0.0,183.397,-0.014715,Match
190.4,0.0,183.496,-0.004905,Match
190.5,0.0,183.594,-0.014715,Match
190.6,0.0,183.717,-0.01962,Match
190.7,0.0,183.791,-0.00981,Match
190.8,0.0,183.89,-0.023544,Match
190.9,0.0,183.989,-0.00981,Match
191.0,0.0,184.088,-0.00981,Match
191.1,0.0,184.186,-0.00981,Match
191.2,0.0,184.323,-0.00981,Match
191.3,0.0,184.384,-0.014715,Match
191.4,0.0,184.483,-0.004905,Match
191.5,0.1,184.582,0.129492,Match
191.6,0.2,184.68,0.229554,Match
191.7,0.3,184.779,0.320787,Match
191.8,0.4,184.878,0.488538,Match
191.9,0.5,184.977,0.555246,Match
192.0,0.6,185.076,0.62784,Match
192.1,0.7,185.175,0.694548,Match
192.2,0.7,185.273,0.727902,Match
192.3,0.7,185.372,0.646479,Match
192.4,0.7,185.47,0.727902,Match
192.5,0.7,185.575,0.661194,Match
192.6,0.7,185.668,0.679833,Match
192.7,0.7,185.795,0.684738,Match
192.8,0.7,185.866,0.694548,Match
192.9,0.628571,185.965,0.61803,Match
193.0,0.528571,-,-,Deletion
193.1,0.428571,186.064,0.445374,Match
193.2,0.328571,186.166,0.340407,Match
193.3,0.228571,186.261,0.307053,Match
193.4,0.128571,186.385,0.162846,Match
193.5,0.028571,186.459,0.043164,Match
193.6,0.0,-,-,Deletion
193.7,0.0,186.558,0.00981,Match
193.8,0.0,186.657,-0.023544,Match
193.9,0.0,186.767,0.023544,Match
194.0,0.0,186.855,-0.014715,Match
194.1,0.0,186.99,-0.043164,Match
194.2,0.0,187.052,0.023544,Match
194.3,0.0,187.15,-0.014715,Match
194.4,0.0,187.249,0.071613,Match
194.5,0.0,187.381,-0.057879,Match
194.6,0.0,187.448,0.00981,Match
194.7,0.0,187.546,-0.023544,Match
194.8,0.0,187.645,-0.01962,Match
194.9,0.0,187.744,-0.00981,Match
195.0,0.0,187.842,-0.028449,Match
195.1,0.0,187.981,-0.00981,Match
195.2,0.0,188.04,0.0,Match
195.3,0.0,188.139,-0.01962,Match
195.4,0.0,188.238,0.0,Match
195.5,-0.02,188.363,-0.048069,Match
195.6,-0.12,188.435,-0.114777,Match
195.7,-0.22,188.534,-0.258984,Match
195.8,-0.32,188.633,-0.363951,Match
195.9,-0.42,188.731,-0.464994,Match
196.0,-0.52,188.83,-0.555246,Match
196.1,-0.62,-,-,Deletion
196.2,-0.7,188.929,-0.679833,Match
196.3,-0.7,189.034,-0.709263,Match
196.4,-0.7,189.127,-0.727902,Match
196.5,-0.7,189.225,-0.699453,Match
196.6,-0.7,189.325,-0.761256,Match
196.7,-0.7,189.424,-0.684738,Match
196.8,-0.7,189.522,-0.709263,Match
196.9,-0.7,189.643,-0.756351,Match
197.0,-0.608571,189.719,-0.613125,Match
197.1,-0.508571,189.818,-0.455184,Match
197.2,-0.408571,189.917,-0.440469,Match
197.3,-0.308571,190.026,-0.287433,Match
197.4,-0.208571,190.115,-0.244269,Match
197.5,-0.108571,190.243,-0.109872,Match
197.6,-0.008571,-,-,Deletion
197.7,0.0,-,-,Deletion
197.8,0.0,-,-,Deletion
197.9,0.0,-,-,Deletion
198.0,0.0,-,-,Deletion
198.1,0.0,-,-,Deletion
198.2,0.0,-,-,Deletion
198.2,0.0,-,-,Deletion
198.29999,0.0,-,-,Deletion
198.49999,0.0,-,-,Deletion
198.79999,0.0,-,-,Deletion
199.19999,0.0,-,-,Deletion
199.69999,0.0,-,-,Deletion
200.29999,0.0,-,-,Deletion
200.99999,0.0,-,-,Deletion
201.79999,0.0,-,-,Deletion
202.69999,0.0,-,-,Deletion
203.69999,0.0,-,-,Deletion
204.79999,0.0,-,-,Deletion
205.99999,0.0,-,-,Deletion
207.29999,0.0,-,-,Deletion
208.69999,0.0,-,-,Deletion
210.19999,0.0,190.312,-0.004905,Match
211.79999,0.0,190.411,0.004905,Match
213.49999,0.0,190.511,-0.028449,Match
215.29999,0.0,190.627,-0.023544,Match
217.19999,0.0,190.708,0.014715,Match
219.19999,0.0,190.846,-0.014715,Match
221.29999,0.0,190.906,-0.043164,Match
223.49999,0.0,191.004,-0.014715,Match
225.79999,0.0,191.103,-0.00981,Match
228.19999,0.0,191.241,0.01962,Match
230.69999,0.0,191.301,-0.028449,Match
233.29999,0.0,191.399,-0.066708,Match
235.99999,0.0,191.497,0.023544,Match
238.79999,0.0,191.625,0.0,Match
241.69999,0.0,191.695,-0.01962,Match
244.69999,0.0,191.794,-0.038259,Match
247.79999,0.0,191.893,0.00981,Match
250.99999,0.0,191.992,0.004905,Match
254.29999,0.0,192.091,-0.038259,Match
257.69999,0.0,192.189,-0.014715,Match
261.19999,0.0,192.288,-0.028449,Match
264.79999,0.0,192.387,0.057879,Match
268.49998,0.0,192.497,-0.033354,Match
272.29998,0.0,192.584,-0.00981,Match
276.19998,0.0,192.683,-0.028449,Match
280.19998,0.0,192.782,0.00981,Match
284.29998,0.0,192.881,-0.043164,Match
288.49998,0.0,192.979,-0.167751,Mismatch
292.79998,0.0,193.083,-0.244269,Mismatch
297.19998,0.0,193.177,-0.157941,Mismatch
301.69998,0.0,193.275,-0.139302,Match
306.29998,0.0,193.374,-0.01962,Match
310.99998,0.0,193.473,-0.023544,Match
315.79998,0.0,193.571,-0.004905,Match
320.69998,0.0,193.696,-0.004905,Match
325.69998,0.0,193.77,-0.00981,Match
330.79998,0.0,193.869,-0.004905,Match
335.99998,0.0,193.967,-0.014715,Match
341.29998,0.0,194.081,-0.00981,Match
346.69998,0.0,194.165,-0.00981,Match
352.19998,0.0,194.301,-0.014715,Match
357.79998,0.0,194.363,-0.00981,Match
363.49998,0.0,194.462,-0.014715,Match
369.29998,0.0,194.56,-0.014715,Match
375.19998,0.0,194.659,-0.033354,Match
381.19998,0.0,194.759,-0.004905,Match
387.29998,0.0,194.882,-0.00981,Match
393.49998,0.0,194.955,-0.00981,Match
399.79998,0.0,195.054,0.0,Match
406.19998,0.0,195.152,-0.00981,Match
412.69998,0.0,195.252,-0.014715,Match
419.29998,0.0,195.351,-0.014715,Match
425.99998,0.0,195.448,-0.00981,Match
432.79998,0.0,195.548,-0.01962,Match
439.69998,0.0,195.646,-0.014715,Match
446.69998,0.0,195.646,-0.014715,Match
453.79998,0.0,195.744,0.0,Match
460.99998,0.0,195.941,-0.004905,Match
468.29998,0.0,196.265,-0.023544,Match
475.69998,0.0,196.658,-0.004905,Match
483.19998,0.0,197.151,-0.028449,Match
490.79998,0.0,197.743,-0.00981,Match
498.49998,0.0,198.44700000000003,-0.014715,Match
506.29998,0.0,199.236,-0.00981,Match
514.19998,0.0,200.162,-0.014715,Match
522.19998,0.0,201.149,-0.00981,Match
530.29998,0.0,202.235,-0.004905,Match
538.49998,0.0,203.419,-0.004905,Match
546.79998,0.0,204.717,-0.01962,Match
555.19998,0.0,206.098,0.0,Match
563.69998,0.0,207.579,-0.01962,Match
572.29998,0.0,209.158,-0.00981,Match
580.99998,0.0,210.836,-0.01962,Match
589.79998,0.0,212.614,-0.014715,Match
598.69998,0.0,214.529,-0.014715,Match
607.69998,0.0,216.503,-0.014715,Match
616.79998,0.0,218.576,-0.00981,Match
625.99998,0.0,220.748,-0.004905,Match
635.29998,0.0,223.019,-0.00981,Match
644.69998,0.0,225.39,-0.00981,Match
654.19998,0.0,227.858,-0.004905,Match
663.79998,0.0,230.424,-0.004905,Match
673.49998,0.0,233.091,-0.01962,Match
683.29998,0.0,235.855,-0.014715,Match
693.19998,0.0,238.718,-0.00981,Match
703.19998,0.0,241.68,-0.014715,Match
713.29998,0.0,244.74,-0.00981,Match
723.49998,0.0,247.908,-0.00981,Match
733.79998,0.0,251.167,-0.004905,Match
744.19998,0.0,254.525,-0.01962,Match
754.69998,0.0,257.981,-0.014715,Match
765.29998,0.0,261.535,-0.00981,Match
775.99998,0.0,265.188,-0.014715,Match
786.79998,0.0,268.941,-0.004905,Match
797.69998,0.0,272.792,-0.01962,Match
808.69998,0.0,276.771,-0.014715,Match
819.79998,0.0,280.81999999999994,-0.004905,Match
830.99998,0.0,284.968,-0.004905,Match
842.29998,0.0,289.21399999999994,-0.004905,Match
853.69998,0.0,293.58399999999995,-0.00981,Match
865.19998,0.0,298.027,-0.00981,Match
876.79998,0.0,302.5689999999999,-0.00981,Match
888.49998,0.0,307.2089999999999,-0.014715,Match
900.29998,0.0,311.9779999999999,-0.004905,Match
912.19998,0.0,316.8169999999999,-0.00981,Match
924.19998,0.0,321.7539999999999,-0.014715,Match
936.29998,0.0,326.7899999999999,-0.00981,Match
948.49998,0.0,331.9289999999999,-0.00981,Match
960.79998,0.0,337.1619999999999,-0.014715,Match
973.19998,0.0,342.5179999999999,-0.00981,Match
985.69998,0.0,347.9489999999999,-0.00981,Match
998.29998,0.0,353.4779999999999,-0.014715,Match
1010.9999,0.0,359.1059999999999,-0.014715,Match
1023.7999,0.0,364.8329999999999,-0.004905,Match
1036.6999,0.0,370.6589999999999,-0.00981,Match
1049.6999,0.0,376.5829999999999,0.004905,Match
1062.7999,0.0,382.6059999999999,-0.014715,Match
1075.9999,0.0,388.7269999999999,-0.023544,Match
1089.2999,0.0,394.9479999999999,-0.033354,Match
1102.6999,0.0,401.2669999999999,-0.00981,Match
1116.1999,0.0,407.6849999999999,-0.023544,Match
1129.7999,0.0,414.2019999999999,0.004905,Match
1143.4999,0.0,420.8239999999999,-0.00981,Match
1157.2999,0.0,427.5379999999999,-0.01962,Match
1171.1999,0.0,434.3509999999999,0.0,Match
1185.1999,0.0,441.2629999999999,-0.014715,Match
1199.2999,0.0,448.2739999999999,0.0,Match
1213.4999,0.0,455.3829999999999,-0.014715,Match
1227.7999,0.0,462.6109999999999,0.0,Match
1242.1999,0.0,469.9179999999999,-0.023544,Match
1256.6999,0.0,477.3239999999999,-0.014715,Match
1271.2999,0.0,484.8289999999999,0.004905,Match
1285.9999,0.0,492.4359999999999,-0.01962,Match
1300.7999,0.0,500.1389999999999,-0.028449,Match
1315.6999,0.0,507.9669999999999,-0.01962,Match
1330.6999,0.0,515.8669999999998,-0.01962,Match
1345.7999,0.0,523.8659999999999,-0.00981,Match
1360.9999,0.0,531.9629999999999,0.0,Match
1376.2999,0.0,540.1809999999998,-0.004905,Match
1391.6999,0.0,548.4789999999998,-0.00981,Match
1407.1999,0.0,556.8729999999998,0.0,Match
1422.7999,0.0,565.3649999999998,-0.00981,Match
1438.4999,0.0,573.9569999999998,0.0,Match
1454.2999,0.0,582.6469999999998,-0.023544,Match
1470.1999,0.0,591.4539999999998,-0.014715,Match
1486.1999,0.0,600.3419999999999,-0.038259,Match
1502.2999,0.0,609.3649999999999,0.0,Match
1518.4999,0.0,618.4499999999999,0.004905,Match
1534.7999,0.0,627.6339999999999,-0.023544,Match
1551.1999,0.0,636.9169999999999,-0.048069,Match
1567.6999,0.0,646.3269999999999,-0.01962,Match
1584.2999,0.0,655.8069999999999,-0.00981,Match
1600.9999,0.0,665.3859999999999,-0.01962,Match
1617.7999,0.0,675.0639999999999,0.0,Match
1634.6999,0.0,684.8399999999998,-0.01962,Match
1651.6999,0.0,694.7149999999998,-0.023544,Match
1668.7999,0.0,704.6879999999998,-0.00981,Match
1685.9999,0.0,714.7599999999998,-0.004905,Match
1703.2999,0.0,724.9319999999998,0.0,Match
1720.6999,0.0,735.2019999999998,-0.00981,Match
1738.1999,0.0,745.5699999999998,-0.01962,Match
1755.7999,0.0,756.0459999999998,-0.00981,Match
1773.4999,0.0,766.6119999999999,-0.014715,Match
1791.2999,0.0,777.3169999999999,-0.00981,Match
1809.1999,0.0,788.0809999999999,-0.004905,Match
1827.1999,0.0,798.944,-0.023544,Match
1845.2999,0.0,809.904,-0.01962,Match
1863.4999,0.0,820.983,-0.00981,Match
1881.7999,0.0,832.1419999999999,-0.043164,Match
1900.1999,0.0,843.4399999999999,-0.00981,Match
1918.6999,0.0,854.7959999999999,-0.00981,Match
1937.2999,0.0,866.251,-0.023544,Match
1955.9999,0.0,877.804,-0.00981,Match
1974.7999,0.0,889.457,-0.014715,Match
1993.6999,0.0,901.208,-0.00981,Match
2012.6999,0.0,913.096,0.00981,Match
2031.7999,0.0,925.045,-0.033354,Match
2050.9999,0.0,937.092,0.0,Match
2070.2999,0.0,949.239,-0.004905,Match
2089.6999,0.0,961.513,0.004905,Match
2109.1999,0.0,973.857,-0.004905,Match
2128.7999,0.0,986.299,-0.01962,Match
2148.4999,0.0,998.84,-0.004905,Match
2168.2999,0.0,1011.48,-0.00981,Match
2188.1999,0.0,1024.219,-0.00981,Match
2208.1999,0.0,1037.057,-0.004905,Match
2228.2999,0.0,1049.993,-0.004905,Match
2248.4999,0.0,1063.028,-0.004905,Match
2268.7999,0.0,1076.162,-0.014715,Match
2289.1999,0.0,1089.394,-0.00981,Match
2309.6999,0.0,1102.725,-0.014715,Match
2330.2999,-0.1,1116.155,-0.071613,Match
2350.9999,-0.2,1129.684,-0.162846,Match
2371.7999,-0.3,1143.312,-0.297243,Match
2392.6999,-0.4,1157.039,-0.363951,Match
2413.6999,-0.5,1170.864,-0.512082,Match
2434.7999,-0.6,1184.798,-0.671004,Match
2455.9999,-0.7,1198.821,-0.656289,Match
2477.2999,-0.7,1212.975,-0.756351,Match
2498.6999,-0.7,1227.195,-0.704358,Match
2520.1999,-0.7,1241.514,-0.684738,Match
2541.7999,-0.7,1255.9319999999998,-0.747522,Match
2563.4999,-0.7,1270.4619999999998,-0.718092,Match
2585.2999,-0.7,1285.0779999999995,-0.742617,Match
2607.1999,-0.7,1299.8239999999998,-0.661194,Match
2629.1999,-0.628571,1314.637,-0.727902,Match
2651.2999,-0.528571,1329.549,-0.536607,Match
2673.4999,-0.428571,1344.559,-0.473823,Match
2695.7999,-0.328571,1359.699,-0.363951,Match
2718.1999,-0.228571,1374.9070000000002,-0.325692,Match
2740.6999,-0.128571,1390.2140000000002,-0.101043,Match
2763.2999,-0.028571,1405.62,-0.091233,Match
2785.9999,0.0,-,-,Deletion
2808.7999,0.0,-,-,Deletion
2831.6999,0.0,1421.161,-0.033354,Match
2854.6999,0.0,1436.765,0.0,Match
2877.7999,0.0,1452.467,-0.00981,Match
2900.9999,0.0,1468.268,-0.004905,Match
2924.2999,0.0,1484.167,-0.038259,Match
2947.6999,0.0,1500.166,0.023544,Match
2971.1999,0.0,1516.264,-0.038259,Match
2994.7999,0.0,1532.4599999999998,0.00981,Match
3018.4999,0.0,1548.755,-0.057879,Match
3042.2999,0.0,1565.149,-0.01962,Match
3066.1999,0.0,1581.6409999999998,-0.038259,Match
3090.1999,0.0,1598.233,-0.014715,Match
3114.2999,0.0,1614.924,-0.043164,Match
3138.4999,0.0,1631.713,-0.00981,Match
3162.7999,0.0,1648.601,-0.00981,Match
3187.1999,0.0,1665.588,0.004905,Match
3211.6999,0.0,1682.673,-0.028449,Match
3236.2999,0.02,1699.859,0.043164,Match
3260.9999,0.12,1717.1419999999998,0.061803,Match
3285.7999,0.22,1734.5469999999998,0.220725,Match
3310.6999,0.32,1752.0269999999998,0.287433,Match
3335.6999,0.42,1769.6059999999998,0.363951,Match
3360.7999,0.52,1787.284,0.555246,Match
3385.9999,0.62,1805.088,0.584676,Match
3411.2999,0.7,1822.963,0.732807,Match
3436.6999,0.7,1840.937,0.666099,Match
3462.1999,0.7,1859.01,0.752427,Match
3487.7999,0.7,1877.192,0.679833,Match
3513.4999,0.7,1895.462,0.732807,Match
3539.2999,0.7,1913.874,0.641574,Match
3565.1999,0.7,1932.342,0.709263,Match
3591.1999,0.7,1950.931,0.694548,Match
3617.2999,0.608571,1969.597,0.555246,Match
3643.4999,0.508571,1988.361,0.3924,Match
3669.7999,0.408571,2007.224,0.40221,Match
3696.1999,0.308571,2026.21,0.18639,Match
3722.6999,0.208571,2045.27,0.143226,Match
3749.2999,0.108571,2064.47,0.057879,Match
3775.9999,0.008571,2083.728,-0.023544,Match
3802.7999,0.0,2103.084,0.0,Match
3829.6999,0.0,2122.539,-0.048069,Match
3856.6999,0.0,2142.093,0.0,Match
3883.7999,0.0,2161.746,0.014715,Match
3910.9999,0.0,2181.539,-0.033354,Match
3938.2999,0.0,2201.39,-0.01962,Match
3965.6999,0.0,2221.34,-0.00981,Match
3993.1999,0.0,2241.389,0.014715,Match
4020.7999,0.0,2261.536,-0.00981,Match
4048.4999,0.0,2281.782,-0.052974,Match
4076.2999,0.0,2302.1269999999995,0.014715,Match
4104.1999,0.0,2322.57,-0.004905,Match
4132.1999,0.0,2343.112,0.004905,Match
-,-,2363.753,-0.061803,Insertion
-,-,2384.4929999999995,0.00981,Insertion
4160.2999,0.0,2405.3319999999994,0.0,Match
4188.4999,0.0,2426.269,-0.023544,Match
4216.7999,0.0,2447.3049999999994,-0.01962,Match
4245.1999,0.0,2468.44,-0.028449,Match
4273.6999,0.0,2489.713,0.014715,Match
4302.2999,0.0,2511.046,0.00981,Match
4330.9999,0.0,2532.484,-0.038259,Match
4359.7999,0.0,2554.014,-0.00981,Match
4388.6999,0.0,2575.6710000000003,-0.01962,Match
-,-,2597.3990000000003,0.096138,Insertion
-,-,2619.226000000001,0.114777,Insertion
-,-,2641.1510000000007,0.177561,Insertion
-,-,2663.176000000001,0.191295,Insertion
-,-,2685.299000000001,0.086328,Insertion
4417.6999,0.0,2707.521000000001,0.00981,Match
4446.7999,0.0,2729.8410000000013,0.004905,Match
4475.9999,0.0,2752.260000000001,-0.00981,Match
4505.2999,0.0,2774.794000000001,0.014715,Match
4534.6999,0.0,2797.410000000001,0.0,Match
4564.1999,0.0,2820.1250000000014,-0.004905,Match
4593.7999,0.0,2842.939000000001,-0.00981,Match
4623.4999,0.0,2865.861000000001,-0.061803,Match
4653.2999,0.0,2888.8730000000014,0.004905,Match
4683.1999,0.0,2911.9840000000013,-0.00981,Match
4713.1999,0.0,2935.193000000001,-0.014715,Match
4743.2999,0.0,2958.500000000001,-0.01962,Match
4773.4999,0.0,2981.907000000001,-0.00981,Match
4803.7999,0.0,3005.412000000001,-0.01962,Match
4834.1999,0.0,3029.016000000001,-0.014715,Match
4864.6999,0.0,3052.720000000001,-0.014715,Match
4895.2999,0.0,3076.5220000000013,-0.00981,Match
4925.9999,0.0,3100.436000000001,-0.014715,Match
4956.7999,0.0,3124.436000000001,-0.004905,Match
4987.6999,0.0,3148.5670000000014,-0.014715,Match
5018.6999,0.0,3172.764000000001,-0.014715,Match
5049.7999,0.0,3197.0600000000013,-0.023544,Match
5080.9999,0.0,3221.454000000001,0.0,Match
5112.2999,0.0,3245.958000000001,-0.00981,Match
5143.6999,0.0,3270.550000000001,-0.023544,Match
5175.1999,0.0,3295.276000000001,-0.004905,Match
5206.7999,0.0,3320.0650000000014,-0.004905,Match
5238.4999,0.0,3344.9530000000013,-0.00981,Match
5270.2999,0.0,3369.9400000000014,0.004905,Match
5302.1999,0.0,3395.026000000001,0.0,Match
5334.1999,0.0,3420.211000000001,-0.033354,Match
5366.2999,0.0,3445.4950000000013,-0.028449,Match
5398.4999,0.0,3470.8770000000013,-0.004905,Match
5430.7999,0.0,3496.358000000001,-0.00981,Match
5463.1999,0.0,3521.938000000001,-0.004905,Match
5495.6999,0.0,3547.6170000000016,-0.014715,Match
5528.2999,0.0,3573.396000000001,0.0,Match
5560.9999,0.0,3599.2720000000018,0.004905,Match
5593.7999,0.0,3625.2470000000017,-0.00981,Match
5626.6999,0.0,3651.3210000000017,-0.004905,Match
5659.6999,0.0,3677.4930000000018,-0.004905,Match
5692.7999,0.0,3703.764000000002,0.004905,Match
5725.9999,0.0,3730.134000000002,-0.00981,Match
5759.2999,0.0,3756.603000000002,-0.00981,Match
5792.6999,0.0,3783.171000000002,-0.014715,Match
5826.1999,0.0,3809.837000000002,0.0,Match
5859.7999,0.0,3836.602000000002,-0.01962,Match
5893.4999,0.0,3863.466000000002,-0.014715,Match
5927.2999,0.0,3890.441000000002,-0.014715,Match
5961.1999,0.0,3917.503000000002,-0.014715,Match
5995.1999,0.0,3944.664000000002,-0.00981,Match
6029.2999,0.0,3971.924000000002,-0.01962,Match
6063.4999,0.0,3999.296000000002,-0.004905,Match
6097.7999,0.0,4026.754000000002,-0.014715,Match
6132.1999,0.0,4054.311000000002,-0.00981,Match
6166.6999,0.0,4081.966000000002,-0.028449,Match
6201.2999,0.0,4109.720000000002,0.0,Match
6235.9999,0.0,4137.573000000002,0.0,Match
6270.7999,0.0,4165.550000000002,-0.01962,Match
6305.6999,0.0,4193.601000000002,-0.004905,Match
6340.6999,0.0,4221.751000000002,-0.00981,Match
6375.7999,0.0,4249.999000000002,-0.01962,Match
6410.9999,0.0,4278.368000000001,-0.004905,Match
6446.2999,0.0,4306.814000000001,-0.014715,Match
6481.6999,0.0,4335.359000000001,-0.014715,Match
6517.1999,0.0,4364.0030000000015,-0.00981,Match
6552.7999,0.0,4392.755000000002,-0.00981,Match
6588.4999,0.0,4421.596000000002,-0.00981,Match
6624.2999,0.0,4450.5660000000025,-0.004905,Match
6660.1999,0.0,4479.605000000002,-0.014715,Match
6696.1999,0.0,4508.743000000002,-0.014715,Match
6732.2999,0.0,4537.980000000002,-0.004905,Match
6768.4999,0.0,4567.3160000000025,-0.023544,Match
6804.7999,0.0,4596.750000000003,-0.01962,Match
6841.1999,0.0,4626.283000000003,-0.004905,Match
6877.6999,0.0,4655.915000000003,-0.00981,Match
6914.2999,0.0,4685.6460000000025,-0.023544,Match
6950.9999,0.0,4715.476000000002,-0.014715,Match
6987.7999,0.0,4745.404000000002,-0.004905,Match
7024.6999,0.0,4775.431000000002,-0.004905,Match
7061.6999,0.0,4805.5570000000025,-0.004905,Match
7098.7999,0.0,4835.783000000002,-0.01962,Match
7135.9999,0.0,4866.107000000002,0.014715,Match
7173.2999,0.0,4896.556000000001,0.00981,Match
7210.6999,0.0,4927.077000000001,0.004905,Match
7248.1999,0.0,4957.697000000001,0.00981,Match
7285.7999,0.0,4988.416000000001,-0.014715,Match
7323.4999,0.0,5019.240000000001,0.0,Match
7361.2999,0.0,5050.156000000001,0.004905,Match
7399.1999,0.0,5081.205000000001,-0.028449,Match
7437.1999,0.0,5112.320000000001,0.0,Match
7475.2999,0.0,5143.533,0.014715,Match
7513.4999,0.0,5174.845,0.0,Match
7551.7999,0.0,5206.269,-0.052974,Match
7590.1999,0.0,5237.779,-0.033354,Match
7628.6999,0.0,5269.427000000001,-0.023544,Match
7667.2999,0.0,5301.134000000001,-0.023544,Match
7705.9999,0.0,5332.9400000000005,-0.028449,Match
7744.7999,0.0,5364.845,-0.014715,Match
7783.6999,0.0,5396.866,-0.004905,Match
7822.6999,0.0,5428.969,-0.00981,Match
7861.7999,0.0,5461.17,0.004905,Match
7900.9999,0.0,5493.4710000000005,-0.004905,Match
7940.2999,0.0,5525.870000000001,-0.00981,Match
7979.6999,0.0,5558.368,-0.00981,Match
8019.1999,0.0,5590.992,-0.01962,Match
8058.7999,0.0,5623.688,-0.038259,Match
8098.4999,0.0,5656.482,-0.014715,Match
8138.2999,0.0,5689.375,-0.028449,Match
8178.1999,0.0,5722.366,-0.033354,Match
8218.1999,0.0,5755.456,0.0,Match
8258.2999,0.0,5788.645,-0.00981,Match
8298.4999,0.0,5821.933,-0.004905,Match
8338.7999,0.0,5855.319,-0.01962,Match
8379.1999,0.0,5888.804,0.004905,Match
8419.6999,0.0,5922.388,-0.014715,Match
8460.2999,0.0,5956.073,-0.00981,Match
8500.9999,0.0,5989.8550000000005,-0.004905,Match
8541.7999,0.0,6023.764,-0.014715,Match
8582.6999,0.0,6057.744,-0.00981,Match
8623.6999,0.0,6091.822,0.0,Match
8664.7999,0.0,6125.999,-0.00981,Match
8705.9999,0.0,6160.304999999999,-0.004905,Match
8747.2999,0.0,6194.679999999999,-0.00981,Match
8788.6999,0.0,6229.155999999999,-0.00981,Match
8830.1999,0.0,6263.727999999999,-0.004905,Match
8871.7999,0.0,6298.409999999999,-0.004905,Match
8913.4999,0.0,6333.179999999999,-0.00981,Match
8955.2999,0.0,6368.076999999999,-0.014715,Match
8997.1999,0.0,6403.044999999999,-0.014715,Match
9039.1999,0.0,6438.110999999999,-0.004905,Match
9081.2999,0.0,6473.275999999999,-0.01962,Match
9123.4999,0.0,6508.543999999999,-0.01962,Match
9165.7999,0.0,6543.906999999999,-0.033354,Match
9208.1999,0.0,6579.396999999999,-0.01962,Match
9250.6999,0.0,6614.957999999999,0.0,Match
9293.2999,0.0,6650.616999999998,-0.033354,Match
9335.9999,0.0,6686.374999999998,-0.01962,Match
9378.7999,0.0,6722.255999999999,-0.00981,Match
9421.6999,0.0,6758.211999999999,-0.014715,Match
9464.6999,0.0,6794.266999999999,-0.00981,Match
9507.7999,0.0,6830.420999999999,-0.004905,Match
9550.9999,0.0,6866.673,-0.01962,Match
9594.2999,0.0,6903.023999999999,-0.023544,Match
9637.6999,0.0,6939.473999999999,-0.01962,Match
9681.1999,0.0,6976.022999999999,-0.01962,Match
9724.7999,0.0,7012.670999999999,-0.014715,Match
9768.4999,0.0,7049.417,-0.00981,Match
9812.2999,0.0,7086.262999999999,-0.043164,Match
9856.1999,0.0,7123.206999999999,-0.014715,Match
9900.1999,0.0,7160.249999999999,-0.00981,Match
9944.2999,0.0,7197.391999999999,-0.014715,Match
9988.4999,0.0,7234.632999999999,-0.00981,Match
10032.799,0.0,7271.972999999999,-0.014715,Match
10077.199,0.0,7309.410999999999,-0.014715,Match
10121.699,0.0,7346.947999999999,0.0,Match
10166.299,0.0,7384.584,-0.01962,Match
10210.999,0.0,7422.318999999999,-0.00981,Match
10255.798,0.0,7460.152999999999,-0.023544,Match
10300.698,0.0,7498.085999999999,-0.023544,Match
10345.698,-0.1,7536.116999999999,-0.114777,Match
10390.798,-0.2,7574.271,-0.224649,Match
10435.998,-0.3,7612.5,-0.368856,Match
10481.297,-0.4,7650.828,-0.483633,Match
10526.697,-0.5,7689.255,-0.589581,Match
10572.197,-0.6,7727.798,-0.632745,Match
10617.797,-0.7,7766.422,-0.790686,Match
10663.497,-0.7,7805.143999999999,-0.732807,Match
10709.296,-0.7,7843.964999999999,-0.756351,Match
10755.196,-0.7,7882.885999999999,-0.704358,Match
10801.196,-0.7,7921.906,-0.732807,Match
10847.296,-0.7,7961.024,-0.742617,Match
10893.496,-0.7,8000.240000000001,-0.674928,Match
10939.795,-0.7,8039.595,-0.714168,Match
10986.195,-0.628571,8079.009,-0.651384,Match
11032.695,-0.528571,8118.522,-0.560151,Match
11079.295,-0.428571,8158.134,-0.426735,Match
11125.995,-0.328571,8197.882,-0.340407,Match
11172.795,-0.228571,8237.690999999999,-0.191295,Match
11219.695,-0.128571,8277.598999999998,-0.104967,Match
11266.695,-0.028571,8317.605999999998,-0.023544,Match
11313.795,0.0,-,-,Deletion
11360.995,0.0,-,-,Deletion
11408.295,0.0,-,-,Deletion
11455.695,0.0,8357.711999999998,-0.014715,Match
11503.195,0.0,8397.916999999998,-0.004905,Match
11550.795,0.0,8438.219999999998,0.014715,Match
11598.495,0.0,8478.621999999998,-0.01962,Match
11646.295,0.0,8519.122999999998,-0.052974,Match
11694.195,0.0,8559.722999999998,0.023544,Match
11742.195,0.0,8600.421999999999,-0.057879,Match
11790.295,0.0,8641.22,-0.004905,Match
11838.495,0.0,8682.117,-0.01962,Match
11886.795,0.0,8723.139000000001,-0.004905,Match
11935.195,0.0,8764.233,-0.004905,Match
11983.695,0.0,8805.425,-0.033354,Match
12032.295,0.0,8846.716999999999,-0.00981,Match
12080.995,0.0,8888.122,-0.028449,Match
12129.795,0.0,8929.612,0.014715,Match
12178.695,0.0,8971.238,-0.076518,Match
12227.695,0.02,9012.925,0.028449,Match
12276.795,0.12,9054.718,0.043164,Match
12325.995,0.22,9096.602,0.201105,Match
12375.295,0.32,9138.607999999998,0.220725,Match
12424.695,0.42,9180.69,0.41202,Match
12474.195,0.52,9222.871,0.455184,Match
12523.795,0.62,9265.151,0.62784,Match
12573.495,0.7,9307.53,0.737712,Match
12623.295,0.7,9350.007,0.679833,Match
12673.195,0.7,9392.601,0.732807,Match
12723.195,0.7,9435.276,0.646479,Match
12773.295,0.7,9478.09,0.709263,Match
12823.495,0.7,9520.962,0.666099,Match
12873.795,0.7,9563.934,0.742617,Match
12924.195,0.7,9607.004,0.671004,Match
12974.695,0.608571,9650.173,0.593505,Match
13025.295,0.508571,9693.441,0.397305,Match
13075.995,0.408571,9736.808,0.354141,Match
13126.795,0.308571,9780.273,0.20601,Match
13177.695,0.208571,9823.838,0.167751,Match
13228.695,0.108571,9867.511,0.014715,Match
13279.795,0.008571,9911.272,0.0,Match
13330.995,0.0,9955.132,-0.071613,Match
-,-,9999.091000000002,0.057879,Insertion
-,-,10043.160000000002,-0.033354,Insertion
-,-,10087.317,-0.014715,Insertion
13382.295,0.0,10131.572,-0.033354,Match
13433.695,0.0,10175.927,0.01962,Match
13485.195,0.0,10220.38,0.004905,Match
13536.795,0.0,10264.932,-0.014715,Match
13588.495,0.0,10309.598999999998,-0.048069,Match
13640.295,0.0,10354.347999999998,0.01962,Match
13692.195,0.0,10399.232999999998,-0.023544,Match
13744.195,0.0,10444.179999999998,-0.004905,Match
13796.295,0.0,10489.227,-0.052974,Match
13848.495,0.0,10534.371,-0.004905,Match
13900.795,0.0,10579.643999999998,0.004905,Match
13953.195,0.0,10624.985,-0.004905,Match
14005.695,0.0,10670.425,-0.028449,Match
14058.295,0.0,10715.963,-0.023544,Match
14110.995,0.0,10761.62,0.028449,Match
14163.795,0.0,10807.356999999998,0.01962,Match
14216.695,0.0,10853.230999999998,-0.043164,Match
14269.695,0.0,10899.164999999995,0.0,Match
14322.795,0.0,10945.207999999997,-0.00981,Match
14375.995,0.0,10991.339999999997,0.014715,Match
14429.295,0.0,11037.598999999997,0.01962,Match
14482.695,0.0,11083.927999999996,0.119682,Match
-,-,11130.355999999996,0.20601,Insertion
-,-,11176.881999999996,0.153036,Insertion
-,-,11223.526999999996,0.101043,Insertion
14536.195,0.0,11270.250999999997,0.014715,Match
14589.795,0.0,11317.114999999996,-0.00981,Match
14643.495,0.0,11364.035999999996,-0.004905,Match
14697.295,0.0,11411.055999999997,-0.004905,Match
14751.195,0.0,11458.174999999996,-0.00981,Match
14805.195,0.0,11505.391999999998,-0.00981,Match
14859.295,0.0,11552.708,-0.014715,Match
14913.495,0.0,11600.167999999998,-0.048069,Match
14967.795,0.0,11647.681,-0.01962,Match
15022.195,0.0,11695.292999999998,-0.01962,Match
15076.695,0.0,11743.002999999995,-0.00981,Match
15131.295,0.0,11790.812999999996,-0.01962,Match
15185.995,0.0,11838.721999999996,-0.014715,Match
15240.795,0.0,11886.728999999996,-0.004905,Match
15295.695,0.0,11934.857999999997,-0.004905,Match
15350.695,0.0,11983.062999999996,-0.014715,Match
15405.795,0.0,12031.366999999997,-0.00981,Match
15460.995,0.0,12079.768999999997,-0.014715,Match
15516.295,0.0,12128.278999999997,-0.01962,Match
15571.695,0.0,12176.878999999995,-0.004905,Match
15627.195,0.0,12225.608999999997,-0.00981,Match
15682.795,0.0,12274.405999999995,-0.004905,Match
15738.495,0.0,12323.301999999998,-0.014715,Match
15794.295,0.0,12372.297,0.004905,Match
15850.195,0.0,12421.396,0.0,Match
15906.195,0.0,12470.587999999998,-0.023544,Match
15962.295,0.0,12519.902999999998,-0.01962,Match
16018.495,0.0,12569.292999999998,-0.004905,Match
16074.795,0.0,12618.780999999995,-0.028449,Match
16131.195,0.0,12668.367999999997,-0.023544,Match
16187.695,0.0,12718.053999999996,0.028449,Match
16244.295,0.0,12767.837999999996,-0.004905,Match
16300.995,0.0,12817.721999999996,-0.00981,Match
16357.795,0.0,12867.703999999996,-0.01962,Match
16414.695,0.0,12917.822999999997,-0.004905,Match
16471.695,0.0,12968.002999999995,-0.01962,Match
16528.795,0.0,13018.281999999996,-0.00981,Match
16585.995,0.0,13068.658999999998,-0.014715,Match
16643.295,0.0,13119.134999999998,0.0,Match
16700.695,0.0,13169.713999999998,-0.014715,Match
16758.195,0.0,13220.387,0.004905,Match
16815.795,0.0,13271.164,-0.004905,Match
16873.495,0.0,13322.034999999998,-0.01962,Match
16931.295,0.0,13373.025999999998,-0.01962,Match
16989.195,0.0,13424.093999999996,-0.01962,Match
17047.195,0.0,13475.260999999997,-0.014715,Match
17105.295,0.0,13526.526999999996,-0.014715,Match
17163.495,0.0,13577.891999999996,-0.004905,Match
17221.795,0.0,13629.355999999996,-0.004905,Match
17280.195,0.0,13680.937999999996,0.0,Match
17338.695,0.0,13732.598999999997,0.0,Match
17397.295,0.0,13784.357999999997,-0.014715,Match
17455.995,0.0,13836.216999999995,-0.00981,Match
17514.795,0.0,13888.173999999995,-0.004905,Match
17573.695,0.0,13940.229999999998,-0.00981,Match
17632.695,0.0,13992.401999999998,-0.01962,Match
17691.795,0.0,14044.656,-0.033354,Match
17750.995,0.0,14097.044999999998,-0.023544,Match
17810.295,0.0,14149.496999999998,-0.01962,Match
17869.695,0.0,14202.046999999997,0.0,Match
17929.195,0.0,14254.695999999996,-0.00981,Match
17988.795,0.0,14307.468999999996,-0.01962,Match
18048.495,0.0,14360.314999999997,-0.014715,Match
18108.295,0.0,14413.259999999997,-0.014715,Match
18168.195,0.0,14466.303999999996,-0.01962,Match
18228.195,0.0,14519.446999999996,-0.00981,Match
18288.295,0.0,14572.687999999996,-0.004905,Match
18348.495,0.0,14626.060999999994,-0.004905,Match
18408.795,0.0,14679.499999999996,-0.004905,Match
18469.195,0.0,14733.037999999997,-0.014715,Match
18529.695,0.0,14786.673999999995,-0.00981,Match
18590.295,0.0,14840.408999999996,-0.014715,Match
18650.995,0.0,14894.241999999997,-0.014715,Match
18711.795,0.0,14948.174999999996,-0.014715,Match
18772.695,0.0,15002.205999999998,-0.004905,Match
18833.695,0.0,15056.335,-0.004905,Match
18894.795,0.0,15110.584,-0.004905,Match
18955.995,0.0,15164.910999999998,-0.01962,Match
19017.295,0.0,15219.335999999998,-0.014715,Match
19078.695,0.0,15273.859999999995,-0.014715,Match
19140.195,0.0,15328.494999999995,0.0,Match
19201.795,0.0,15383.216999999995,-0.00981,Match
19263.495,0.0,15438.037999999997,0.0,Match
19325.295,0.0,15492.956999999997,-0.023544,Match
19387.195,0.0,15547.977999999996,-0.014715,Match
19449.195,0.0,15603.094999999998,-0.00981,Match
19511.295,0.0,15658.334999999995,0.00981,Match
19573.495,0.0,15713.649999999998,-0.023544,Match
19635.795,0.0,15769.063999999998,-0.004905,Match
19698.195,0.0,15824.576,-0.004905,Match
19760.695,0.0,15880.191,-0.014715,Match
19823.295,0.0,15935.900999999998,-0.01962,Match
19885.995,0.0,15991.744,-0.014715,Match
19948.795,0.0,16047.651999999998,-0.023544,Match
20011.695,0.0,16103.657999999998,0.00981,Match
20074.695,0.0,16159.761999999995,0.004905,Match
20137.795,0.0,16215.987999999998,-0.01962,Match
20200.995,0.0,16272.289999999995,-0.00981,Match
20264.295,0.0,16328.690999999995,-0.01962,Match
20327.695,0.0,16385.191999999995,-0.023544,Match
20391.195,0.0,16441.817999999996,0.014715,Match
20454.795,0.0,16498.515999999996,-0.00981,Match
20518.495,0.0,16555.312999999995,-0.01962,Match
20582.295,0.0,16612.208999999995,-0.028449,Match
20646.195,0.0,16669.202999999994,-0.023544,Match
20710.195,0.0,16726.294999999995,0.0,Match
20774.295,0.0,16783.486999999994,0.0,Match
20838.495,0.0,16840.784999999993,0.0,Match
20902.795,0.0,16898.17399999999,-0.01962,Match
20967.195,0.0,16955.660999999993,0.004905,Match
21031.695,0.0,17013.247999999992,0.0,Match
21096.295,0.0,17070.933999999994,-0.014715,Match
21160.995,0.0,17128.717999999993,-0.014715,Match
21225.795,0.0,17186.600999999995,-0.028449,Match
21290.695,0.0,17244.583999999995,-0.014715,Match
21355.695,0.0,17302.664999999994,-0.004905,Match
21420.795,0.0,17360.844999999994,-0.01962,Match
21485.995,0.0,17419.122999999992,-0.00981,Match
21551.295,0.0,17477.499999999993,-0.00981,Match
21616.695,0.0,17535.97599999999,-0.00981,Match
21682.195,0.0,17594.550999999992,-0.01962,Match
21747.795,0.0,17653.24199999999,-0.004905,Match
21813.495,0.0,17712.013999999992,-0.00981,Match
21879.295,0.0,17770.91599999999,-0.01962,Match
21945.195,0.0,17829.88599999999,0.0,Match
22011.195,0.0,17888.95399999999,-0.004905,Match
22077.295,0.0,17948.11999999999,0.0,Match
22143.495,0.0,18007.410999999993,0.0,Match
22209.795,0.0,18066.775999999994,-0.004905,Match
22276.195,0.0,18126.239999999994,-0.004905,Match
22342.695,0.0,18185.802,0.0,Match
22409.295,0.0,18245.48,-0.004905,Match
22475.995,0.0,18305.239999999994,0.0,Match
22542.795,0.0,18365.14,-0.00981,Match
22609.695,0.0,18425.097999999994,-0.004905,Match
22676.695,0.0,18485.153999999995,-0.01962,Match
22743.795,0.0,18545.308999999997,-0.014715,Match
22810.995,0.0,18605.606999999996,0.0,Match
22878.295,0.0,18665.95899999999,-0.014715,Match
22945.695,0.0,18726.409999999996,-0.004905,Match
23013.195,0.0,18786.959999999992,-0.014715,Match
23080.795,0.0,18847.63599999999,-0.004905,Match
23148.495,0.0,18908.38299999999,0.0,Match
23216.295,0.0,18969.228999999992,0.0,Match
23284.195,0.0,19030.17399999999,-0.014715,Match
23352.195,0.0,19091.216999999997,-0.004905,Match
23420.295,0.0,19152.358999999997,0.004905,Match
23488.495,0.0,19213.598999999995,-0.00981,Match
23556.795,0.0,19274.938999999995,0.0,Match
23625.195,0.0,19336.376999999997,-0.01962,Match
23693.695,0.0,19397.918999999994,0.00981,Match
23762.295,0.0,19459.554999999997,0.0,Match
23830.995,0.0,19521.288999999997,0.004905,Match
23899.795,0.0,19583.122999999992,-0.004905,Match
23968.695,0.0,19645.054999999997,-0.014715,Match
24037.695,0.0,19707.084999999992,0.0,Match
24106.795,0.0,19769.214999999997,-0.004905,Match
24175.995,0.0,19831.442999999992,-0.004905,Match
24245.295,0.0,19893.79599999999,-0.01962,Match
24314.695,0.0,19956.22099999999,-0.01962,Match
24384.195,-0.1,20018.74499999999,-0.114777,Match
24453.795,-0.2,20081.36799999999,-0.254079,Match
24523.495,-0.3,20144.089999999997,-0.325692,Match
24593.295,-0.4,20206.910999999996,-0.546417,Match
24663.195,-0.5,20269.85099999999,-0.565056,Match
24733.195,-0.6,20332.86899999999,-0.671004,Match
24803.295,-0.7,20395.98599999999,-0.709263,Match
24873.495,-0.7,20459.20199999999,-0.722997,Match
24943.795,-0.7,20522.51799999999,-0.666099,Match
25014.195,-0.7,20585.93099999999,-0.699453,Match
25084.695,-0.7,20649.46199999999,-0.694548,Match
25155.295,-0.7,20713.07299999999,-0.694548,Match
25225.995,-0.7,20776.82399999999,-0.694548,Match
25296.795,-0.7,20840.63199999999,-0.699453,Match
25367.695,-0.628571,20904.53899999999,-0.62784,Match
25438.695,-0.528571,20968.54399999999,-0.464994,Match
25509.795,-0.428571,21032.68199999999,-0.455184,Match
25580.995,-0.328571,21096.88499999999,-0.302148,Match
25652.295,-0.228571,21161.18699999999,-0.1962,Match
25723.695,-0.128571,21225.587999999992,-0.104967,Match
25795.195,-0.028571,-,-,Deletion
25866.795,0.0,-,-,Deletion
25938.495,0.0,-,-,Deletion
26010.295,0.0,21290.086999999992,0.023544,Match
26082.195,0.0,21354.684999999998,-0.081423,Match
26154.195,0.0,21419.381999999998,0.004905,Match
26226.295,0.0,21484.177999999996,-0.01962,Match
26298.495,0.0,21549.072999999997,0.048069,Match
26370.795,0.0,21614.06599999999,-0.071613,Match
26443.195,0.0,21679.157999999992,0.033354,Match
26515.695,0.0,21744.34899999999,-0.086328,Match
26588.295,0.0,21809.63799999999,0.081423,Match
26660.995,0.0,21875.037999999997,-0.071613,Match
26733.795,0.0,21940.524999999998,0.00981,Match
26806.695,0.0,22006.146999999997,-0.071613,Match
26879.695,0.0,22071.830999999995,0.0,Match
26952.795,0.0,22137.613999999998,-0.023544,Match
27025.995,0.0,22203.496,-0.01962,Match
27099.295,0.0,22269.490999999995,-0.028449,Match
27172.695,0.0,22335.571,0.033354,Match
27246.195,0.02,22401.749,-0.081423,Match
27319.795,0.12,22468.025999999994,0.043164,Match
27393.495,0.22,22534.432999999997,0.239364,Match
27467.295,0.32,22600.906999999992,0.258984,Match
27541.195,0.42,22667.479999999992,0.430659,Match
27615.195,0.52,22734.15199999999,0.473823,Match
27689.295,0.62,22800.92299999999,0.622935,Match
27763.495,0.7,22867.79199999999,0.714168,Match
27837.795,0.7,22934.75999999999,0.679833,Match
27912.195,0.7,23001.82599999999,0.684738,Match
27986.695,0.7,23069.01099999999,0.709263,Match
28061.295,0.7,23136.27499999999,0.704358,Match
28135.995,0.7,23203.67199999999,0.704358,Match
28210.795,0.7,23271.13399999999,0.674928,Match
28285.695,0.7,23338.693999999992,0.656289,Match
28360.695,0.608571,23406.352999999992,0.469899,Match
28435.795,0.508571,23474.110999999997,0.464994,Match
28510.995,0.408571,23541.967999999997,0.302148,Match
28586.295,0.308571,23609.922999999995,0.267813,Match
28661.695,0.208571,23677.976999999995,0.139302,Match
28737.195,0.108571,23746.129999999997,0.00981,Match
28812.795,0.008571,23814.381999999998,-0.014715,Match
28888.495,0.0,23882.732999999997,0.0,Match
28964.295,0.0,23951.181999999997,0.004905,Match
29040.195,0.0,24019.729999999992,-0.052974,Match
29116.195,0.0,24088.375999999997,0.0,Match
29192.295,0.0,24157.120999999992,0.0,Match
29268.495,0.0,24225.963999999996,0.00981,Match
29344.795,0.0,24294.906999999992,-0.043164,Match
29421.195,0.0,24363.96999999999,-0.01962,Match
29497.695,0.0,24433.10999999999,0.00981,Match
29574.295,0.0,24502.34899999999,0.0,Match
29650.995,0.0,24571.68699999999,-0.023544,Match
29727.795,0.0,24641.13599999999,-0.033354,Match
29804.695,0.0,24710.67099999999,-0.004905,Match
29881.695,0.0,24780.336999999992,0.023544,Match
29958.795,0.0,24850.068999999992,-0.023544,Match
30035.995,0.0,24919.89999999999,-0.028449,Match
30113.295,0.0,24989.82999999999,-0.033354,Match
30190.695,0.0,25059.871999999992,0.038259,Match
30268.195,0.0,25129.998999999996,-0.028449,Match
30345.795,0.0,25200.26099999999,-0.043164,Match
30423.495,0.0,25270.585999999992,-0.014715,Match
30501.295,0.0,25341.00899999999,0.014715,Match
30579.195,0.0,25411.531999999992,0.0,Match
30657.195,0.0,25482.15299999999,-0.033354,Match
-,-,25552.871999999992,0.104967,Insertion
-,-,25623.729999999992,0.201105,Insertion
-,-,25694.646999999997,0.244269,Insertion
-,-,25765.662999999997,0.143226,Insertion
-,-,25836.777999999995,0.038259,Insertion
30735.295,0.0,25907.990999999995,0.004905,Match
30813.495,0.0,25979.302,-0.023544,Match
30891.795,0.0,26050.712,0.0,Match
30970.195,0.0,26122.220999999998,0.0,Match
31048.695,0.0,26193.829999999994,-0.014715,Match
31127.295,0.0,26265.536999999997,-0.01962,Match
31205.995,0.0,26337.341999999997,0.01962,Match
31284.795,0.0,26409.245999999992,-0.023544,Match
31363.695,0.0,26481.248999999996,-0.00981,Match
31442.695,0.0,26553.35099999999,-0.01962,Match
31521.795,0.0,26625.551999999992,-0.01962,Match
31600.995,0.0,26697.85099999999,0.00981,Match
31680.295,0.0,26770.248999999996,-0.01962,Match
31759.695,0.0,26842.746999999992,-0.00981,Match
31839.195,0.0,26915.342999999997,-0.01962,Match
31918.795,0.0,26988.059999999998,-0.00981,Match
31998.495,0.0,27060.853,-0.00981,Match
32078.295,0.0,27133.744999999995,-0.004905,Match
32158.195,0.0,27206.735,0.0,Match
32238.195,0.0,27279.828,-0.01962,Match
32318.295,0.0,27353.016,-0.004905,Match
32398.495,0.0,27426.327,-0.023544,Match
32478.795,0.0,27499.713,-0.01962,Match
32559.195,0.0,27573.198,-0.043164,Match
32639.695,0.0,27646.780999999995,-0.004905,Match
32720.295,0.0,27720.481,0.014715,Match
32800.994,0.0,27794.260999999995,-0.01962,Match
32881.794,0.0,27868.14,-0.014715,Match
32962.694,0.0,27942.117999999995,-0.033354,Match
33043.694,0.0,28016.201999999997,-0.01962,Match
33124.794,0.0,28090.376999999997,-0.004905,Match
33205.994,0.0,28164.678999999996,-0.028449,Match
33287.294,0.0,28239.051999999992,0.0,Match
33368.694,0.0,28313.523999999998,-0.043164,Match
33450.194,0.0,28388.094999999998,-0.004905,Match
33531.794,0.0,28462.764999999992,-0.01962,Match
33613.494,0.0,28537.532999999992,-0.004905,Match
33695.294,0.0,28612.432999999997,-0.014715,Match
33777.194,0.0,28687.398999999998,0.0,Match
33859.194,0.0,28762.463999999996,-0.004905,Match
33941.294,0.0,28837.627999999997,-0.00981,Match
34023.494,0.0,28912.931999999997,-0.004905,Match
34105.794,0.0,28988.292999999994,-0.004905,Match
34188.194,0.0,29063.752999999997,-0.00981,Match
34270.694,0.0,29139.310999999994,-0.014715,Match
34353.294,0.0,29214.968999999997,-0.023544,Match
34435.994,0.0,29290.731999999996,-0.01962,Match
34518.794,0.0,29366.586999999992,-0.014715,Match
34601.694,0.0,29442.569999999992,-0.01962,Match
34684.694,0.0,29518.621999999992,-0.004905,Match
34767.794,0.0,29594.77399999999,-0.00981,Match
34850.994,0.0,29671.02399999999,-0.00981,Match
34934.294,0.0,29747.39099999999,-0.004905,Match
35017.694,0.0,29823.83799999999,-0.014715,Match
35101.194,0.0,29900.419999999987,-0.00981,Match
35184.794,0.0,29977.064999999988,-0.014715,Match
35268.494,0.0,30053.808999999987,-0.014715,Match
35352.294,0.0,30130.650999999987,-0.00981,Match
35436.194,0.0,30207.606999999985,0.004905,Match
35520.194,0.0,30284.646999999983,-0.00981,Match
35604.294,0.0,30361.822999999986,-0.004905,Match
35688.494,0.0,30439.060999999987,-0.00981,Match
35772.794,0.0,30516.396999999983,0.0,Match
35857.194,0.0,30593.832999999988,-0.014715,Match
35941.694,0.0,30671.38999999999,-0.014715,Match
36026.294,0.0,30749.02299999999,0.0,Match
36110.994,0.0,30826.75499999999,-0.00981,Match
36195.794,0.0,30904.58599999999,-0.01962,Match
36280.694,0.0,30982.545999999988,-0.00981,Match
36365.694,0.0,31060.573999999982,-0.014715,Match
36450.794,0.0,31138.700999999983,-0.014715,Match
36535.994,0.0,31216.926999999985,-0.014715,Match
36621.294,0.0,31295.250999999986,-0.01962,Match
36706.694,0.0,31373.673999999985,-0.004905,Match
36792.194,0.0,31452.236999999983,-0.00981,Match
36877.794,0.0,31530.857999999986,-0.01962,Match
36963.494,0.0,31609.577999999983,-0.01962,Match
37049.294,0.0,31688.395999999982,-0.01962,Match
37135.194,0.0,31767.312999999984,-0.014715,Match
37221.194,0.0,31846.328999999983,-0.014715,Match
37307.294,0.0,31925.443999999985,-0.00981,Match
37393.494,0.0,32004.656999999985,-0.014715,Match
37479.794,0.0,32083.968999999983,-0.01962,Match
37566.194,0.0,32163.379999999983,-0.023544,Match
37652.694,0.0,32242.888999999985,-0.004905,Match
37739.294,0.0,32322.502999999982,-0.028449,Match
37825.994,0.0,32402.209999999985,-0.01962,Match
37912.794,0.0,32482.014999999985,0.004905,Match
37999.694,0.0,32561.919999999984,-0.004905,Match
38086.694,0.0,32641.922999999984,-0.00981,Match
38173.794,0.0,32722.024999999983,-0.028449,Match
38260.994,0.0,32802.23599999998,-0.023544,Match
38348.294,0.0,32882.535999999986,0.01962,Match
38435.694,0.0,32962.96899999998,-0.00981,Match
38523.194,0.0,33043.465999999986,-0.00981,Match
38610.794,0.0,33124.06299999999,0.0,Match
38698.494,0.0,33204.75799999999,0.004905,Match
38786.294,0.0,33285.57899999999,0.004905,Match
38874.194,0.0,33366.47199999999,-0.038259,Match
38962.194,0.0,33447.46299999999,-0.023544,Match
39050.294,0.0,33528.552999999985,-0.014715,Match
39138.494,0.0,33609.74099999999,-0.01962,Match
39226.794,0.0,33691.027999999984,-0.01962,Match
39315.194,0.0,33772.43999999998,0.0,Match
39403.694,0.0,33853.92499999998,-0.004905,Match
39492.294,0.0,33935.50799999998,-0.023544,Match
39580.994,0.0,34017.18999999998,-0.004905,Match
39669.794,0.0,34098.97099999998,-0.014715,Match
39758.694,0.0,34180.85099999998,-0.014715,Match
39847.694,0.0,34262.85299999998,0.004905,Match
39936.794,0.0,34344.92999999998,-0.028449,Match
40025.994,0.0,34427.10599999998,0.004905,Match
40115.294,0.0,34509.38099999998,-0.004905,Match
40204.694,0.0,34591.75399999998,0.0,Match
40294.194,0.0,34674.22699999998,-0.00981,Match
40383.794,0.0,34756.79799999998,0.004905,Match
40473.494,0.0,34839.46799999998,-0.004905,Match
40563.294,0.0,34922.235999999975,0.0,Match
40653.194,0.0,35005.12699999998,-0.033354,Match
40743.194,0.0,35088.09299999998,-0.004905,Match
40833.294,0.0,35171.15699999998,-0.004905,Match
40923.494,0.0,35254.320999999974,0.0,Match
41013.794,0.0,35337.591999999975,-0.00981,Match
41104.194,0.0,35420.95299999997,-0.014715,Match
41194.694,0.0,35504.45399999997,-0.00981,Match
41285.294,0.0,35588.01299999997,-0.014715,Match
41375.994,0.0,35671.68199999997,-0.014715,Match
41466.794,0.0,35755.43799999997,-0.01962,Match
41557.694,0.0,35839.324999999975,-0.014715,Match
41648.694,0.0,35923.27899999997,-0.004905,Match
41739.794,0.0,36007.33099999998,-0.028449,Match
41830.994,0.0,36091.481999999975,-0.004905,Match
41922.294,0.0,36175.731999999975,0.0,Match
42013.694,0.0,36260.08099999998,-0.01962,Match
42105.194,0.0,36344.56099999998,-0.004905,Match
42196.794,0.0,36429.10699999998,-0.00981,Match
42288.494,0.0,36513.75199999998,-0.004905,Match
42380.294,0.0,36598.49599999998,-0.00981,Match
42472.194,0.0,36683.33899999998,0.0,Match
42564.194,0.0,36768.27999999998,-0.00981,Match
42656.294,0.0,36853.341999999975,-0.014715,Match
42748.494,0.0,36938.48099999998,-0.023544,Match
42840.794,0.0,37023.71799999998,-0.01962,Match
42933.194,0.0,37109.05399999998,-0.014715,Match
43025.694,0.0,37194.48899999998,-0.004905,Match
43118.294,0.0,37280.02299999998,-0.004905,Match
43210.994,0.0,37365.65499999998,-0.00981,Match
43303.794,0.0,37451.38999999998,-0.00981,Match
43396.694,0.0,37537.220999999976,-0.014715,Match
43489.694,0.0,37623.14999999997,-0.014715,Match
43582.794,0.0,37709.17799999997,-0.014715,Match
43675.994,0.0,37795.30399999997,-0.01962,Match
43769.294,0.0,37881.528999999966,0.0,Match
43862.694,0.0,37967.88799999996,-0.00981,Match
43956.194,0.0,38054.310999999965,-0.014715,Match
44049.794,-0.1,38140.833999999966,-0.043164,Match
44143.494,-0.2,38227.454999999965,-0.244269,Match
44237.294,-0.3,38314.19799999997,-0.306072,Match
44331.194,-0.4,38401.01699999997,-0.455184,Match
44425.194,-0.5,38487.93499999997,-0.565056,Match
44519.294,-0.6,38574.95099999997,-0.541512,Match
44613.494,-0.7,38662.07399999997,-0.775971,Match
44707.794,-0.7,38749.28799999997,-0.694548,Match
44802.194,-0.7,38836.62799999997,-0.737712,Match
44896.694,-0.7,38924.03899999997,-0.714168,Match
44991.294,-0.7,39011.54899999997,-0.699453,Match
45085.994,-0.7,39099.15799999997,-0.709263,Match
45180.794,-0.7,39186.86499999997,-0.694548,Match
45275.694,-0.7,39274.67199999997,-0.704358,Match
45370.694,-0.628571,39362.57699999997,-0.714168,Match
45465.794,-0.528571,39450.58099999997,-0.521892,Match
45560.994,-0.428571,39538.68399999997,-0.455184,Match
45656.294,-0.328571,39626.88499999997,-0.354141,Match
45751.694,-0.228571,39715.184999999976,-0.272718,Match
45847.194,-0.128571,39803.58499999998,-0.162846,Match
45942.794,-0.028571,39892.08299999998,-0.01962,Match
46038.494,0.0,-,-,Deletion
46134.294,0.0,-,-,Deletion
46230.194,0.0,39980.67999999998,0.004905,Match
46326.194,0.0,40069.37599999998,-0.00981,Match
46422.294,0.0,40158.17499999998,-0.066708,Match
46518.494,0.0,40247.06799999998,0.061803,Match
46614.794,0.0,40336.059999999976,-0.101043,Match
46711.194,0.0,40425.150999999976,0.048069,Match
46807.694,0.0,40514.341999999975,-0.066708,Match
46904.294,0.0,40603.629999999976,-0.01962,Match
47000.994,0.0,40693.03199999998,-0.004905,Match
47097.794,0.0,40782.51699999998,-0.071613,Match
47194.694,0.0,40872.10199999998,0.023544,Match
47291.694,0.0,40961.78599999998,-0.048069,Match
47388.794,0.0,41051.56799999998,0.033354,Match
47485.994,0.0,41141.44899999998,-0.043164,Match
47583.294,0.0,41231.451999999976,-0.033354,Match
47680.694,0.0,41321.52999999998,0.023544,Match
47778.194,0.0,41411.70699999998,0.01962,Match
47875.794,0.02,41501.98199999998,0.01962,Match
47973.494,0.12,-,-,Deletion
48071.294,0.22,41592.36999999998,0.148131,Match
48169.194,0.32,41682.84199999998,0.315882,Match
48267.194,0.42,41773.44599999998,0.349236,Match
48365.294,0.52,41864.11499999998,0.469899,Match
48463.494,0.62,41954.88299999998,0.555246,Match
48561.794,0.7,42045.74999999998,0.709263,Match
48660.194,0.7,42136.74599999998,0.661194,Match
48758.694,0.7,42227.81099999998,0.742617,Match
48857.294,0.7,42318.97399999998,0.661194,Match
48955.994,0.7,42410.23599999998,0.718092,Match
49054.794,0.7,42501.62699999999,0.666099,Match
49153.694,0.7,42593.08599999999,0.704358,Match
49252.694,0.7,42684.64299999999,0.679833,Match
49351.794,0.608571,42776.29999999999,0.560151,Match
49450.994,0.508571,42868.05499999999,0.464994,Match
49550.294,0.408571,42959.90799999999,0.335502,Match
49649.694,0.308571,43051.86099999999,0.292338,Match
49749.194,0.208571,43143.91199999999,0.119682,Match
49848.794,0.108571,43236.06199999999,0.057879,Match
-,-,43328.311,-0.043164,Insertion
49948.494,0.008571,43420.658,0.048069,Match
50048.294,0.0,43513.12,-0.052974,Match
50148.194,0.0,43605.664,-0.004905,Match
50248.194,0.0,43698.30699999999,-0.004905,Match
50348.294,0.0,43791.04899999999,0.028449,Match
50448.494,0.0,43883.88999999999,-0.028449,Match
50548.794,0.0,43976.82899999999,-0.038259,Match
50649.194,0.0,44069.87899999999,0.00981,Match
50749.694,0.0,44163.016,0.014715,Match
50850.294,0.0,44256.287,-0.01962,Match
50950.994,0.0,44349.621,-0.023544,Match
51051.794,0.0,44443.054,-0.033354,Match
51152.694,0.0,44536.585,0.014715,Match
51253.694,0.0,44630.222,-0.004905,Match
51354.794,0.0,44723.951,-0.033354,Match
51455.994,0.0,44817.808000000005,-0.023544,Match
51557.294,0.0,44911.73500000001,0.004905,Match
51658.694,0.0,45005.76000000001,0.028449,Match
51760.194,0.0,45099.88300000001,-0.048069,Match
51861.794,0.0,45194.11000000001,-0.01962,Match
51963.494,0.0,45288.43100000001,-0.00981,Match
52065.294,0.0,45382.877000000015,0.023544,Match
52167.194,0.0,45477.39500000001,-0.038259,Match
52269.194,0.0,45572.01200000001,-0.048069,Match
52371.294,0.0,45666.727000000006,0.023544,Match
-,-,45761.566000000006,0.153036,Insertion
-,-,45856.478,0.162846,Insertion
-,-,45951.490000000005,0.224649,Insertion
-,-,46046.601,0.066708,Insertion
-,-,46141.810000000005,0.066708,Insertion
52473.494,0.0,46237.119000000006,-0.023544,Match
52575.794,0.0,46332.526000000005,0.004905,Match
52678.194,0.0,46428.031,-0.00981,Match
52780.694,0.0,46523.635,0.0,Match
52883.294,0.0,46619.338,-0.014715,Match
52985.994,0.0,46715.139,-0.00981,Match
53088.794,0.0,46811.04,-0.00981,Match
53191.694,0.0,46907.039,-0.01962,Match
53294.694,0.0,47003.14400000001,-0.01962,Match
53397.794,0.0,47099.34100000001,-0.014715,Match
53500.994,0.0,47195.66200000001,-0.014715,Match
53604.294,0.0,47292.05600000001,-0.014715,Match
53707.694,0.0,47388.54900000001,-0.01962,Match
53811.194,0.0,47485.14100000001,0.0,Match
53914.794,0.0,47581.83300000001,-0.00981,Match
54018.494,0.0,47678.62200000001,-0.028449,Match
54122.294,0.0,47775.53600000001,0.0,Match
54226.194,0.0,47872.52300000001,-0.014715,Match
54330.194,0.0,47969.60900000001,-0.023544,Match
54434.294,0.0,48066.79400000001,-0.00981,Match
54538.494,0.0,48164.08400000001,-0.057879,Match
54642.794,0.0,48261.46600000001,-0.01962,Match
54747.194,0.0,48358.99300000001,-0.00981,Match
54851.694,0.0,48456.57300000001,-0.033354,Match
54956.294,0.0,48554.26300000001,-0.014715,Match
55060.994,0.0,48652.04100000001,-0.014715,Match
55165.794,0.0,48749.947000000015,-0.033354,Match
55270.694,0.0,48847.92200000001,-0.00981,Match
55375.694,0.0,48945.99500000001,0.00981,Match
55480.794,0.0,49044.16800000001,-0.014715,Match
55585.994,0.0,49142.44000000001,-0.033354,Match
55691.294,0.0,49240.81000000001,-0.028449,Match
55796.694,0.0,49339.27800000001,0.023544,Match
55902.194,0.0,49437.845000000016,-0.028449,Match
56007.794,0.0,49536.51100000001,-0.048069,Match
56113.494,0.0,49635.27600000001,-0.01962,Match
56219.294,0.0,49734.140000000014,-0.014715,Match
56325.194,0.0,49833.10300000002,0.004905,Match
56431.194,0.0,49932.165000000015,-0.028449,Match
56537.294,0.0,50031.32500000002,-0.028449,Match
56643.494,0.0,50130.58400000002,-0.014715,Match
56749.794,0.0,50229.949000000015,-0.023544,Match
56856.194,0.0,50329.40500000001,-0.004905,Match
56962.694,0.0,50428.960000000014,-0.00981,Match
57069.294,0.0,50528.61300000001,-0.01962,Match
57175.994,0.0,50628.37000000001,-0.014715,Match
57282.794,0.0,50728.22100000001,-0.01962,Match
57389.694,0.0,50828.19800000001,-0.014715,Match
57496.694,0.0,50928.24700000001,-0.01962,Match
57603.794,0.0,51028.39600000001,-0.014715,Match
57710.994,0.0,51128.64200000001,-0.00981,Match
57818.294,0.0,51228.99300000001,-0.00981,Match
57925.694,0.0,51329.43700000001,-0.014715,Match
58033.194,0.0,51430.01300000001,-0.014715,Match
58140.794,0.0,51530.65500000001,-0.004905,Match
58248.494,0.0,51631.39500000001,0.01962,Match
58356.294,0.0,51732.23500000001,-0.014715,Match
58464.194,0.0,51833.19900000001,-0.00981,Match
58572.194,0.0,51934.236,-0.01962,Match
58680.294,0.0,52035.372,-0.00981,Match
58788.494,0.0,52136.607,-0.004905,Match
58896.794,0.0,52237.953,-0.004905,Match
59005.194,0.0,52339.385,-0.023544,Match
59113.694,0.0,52440.95,0.0,Match
59222.294,0.0,52542.58,0.0,Match
59330.994,0.0,52644.309,-0.00981,Match
59439.794,0.0,52746.137,-0.00981,Match
59548.694,0.0,52848.064000000006,-0.01962,Match
59657.694,0.0,52950.08900000001,-0.01962,Match
59766.794,0.0,53052.21300000001,-0.014715,Match
59875.994,0.0,53154.43600000001,0.004905,Match
59985.294,0.0,53256.75700000001,-0.00981,Match
60094.694,0.0,53359.17700000001,-0.00981,Match
60204.194,0.0,53461.69700000001,-0.014715,Match
60313.794,0.0,53564.31500000001,-0.014715,Match
60423.494,0.0,53667.03100000001,0.0,Match
60533.294,0.0,53769.84600000001,-0.00981,Match
60643.194,0.0,53872.76000000001,-0.00981,Match
60753.194,0.0,53975.77300000001,-0.014715,Match
60863.294,0.0,54078.886000000006,-0.014715,Match
60973.494,0.0,54182.101,-0.014715,Match
61083.794,0.0,54285.411,-0.023544,Match
61194.194,0.0,54388.85,-0.00981,Match
61304.694,0.0,54492.357,-0.043164,Match
61415.294,0.0,54595.963,-0.023544,Match
61525.994,0.0,54699.667,-0.028449,Match
61636.794,0.0,54803.49399999999,-0.048069,Match
61747.694,0.0,54907.39599999999,-0.028449,Match
61858.694,0.0,55011.39599999999,-0.028449,Match
61969.794,0.0,55115.49599999999,-0.00981,Match
62080.994,0.0,55219.728,-0.00981,Match
62192.294,0.0,55324.025,-0.01962,Match
62303.694,0.0,55428.425,-0.028449,Match
62415.194,0.0,55532.92,-0.00981,Match
62526.794,0.0,55637.551,-0.004905,Match
62638.494,0.0,55742.243,-0.023544,Match
62750.294,0.0,55847.034,-0.038259,Match
62862.194,0.0,55951.924,-0.028449,Match
62974.194,0.0,56056.928,-0.01962,Match
63086.294,0.0,56162.016,-0.004905,Match
63198.494,0.0,56267.234,0.014715,Match
63310.794,0.0,56372.51900000001,-0.00981,Match
63423.194,0.0,56477.903000000006,-0.004905,Match
63535.694,0.0,56583.38500000001,-0.014715,Match
63648.294,0.0,56688.96700000001,-0.028449,Match
63760.994,0.0,56794.64700000001,-0.014715,Match
63873.794,0.0,56900.426000000014,0.0,Match
63986.694,0.0,57006.30400000001,-0.033354,Match
64099.694,0.0,57112.28100000001,0.004905,Match
64212.794,0.0,57218.35600000001,-0.028449,Match
64325.994,0.0,57324.530000000006,-0.00981,Match
64439.294,0.0,57430.80300000001,0.004905,Match
64552.694,0.0,57537.17500000001,-0.004905,Match
64666.194,0.0,57643.64600000001,-0.004905,Match
64779.794,0.0,57750.21500000001,-0.038259,Match
64893.494,0.0,57856.90600000001,-0.01962,Match
65007.294,0.0,57963.67200000001,-0.004905,Match
65121.194,0.0,58070.53700000001,0.0,Match
65235.194,0.0,58177.50100000001,-0.014715,Match
65349.294,0.0,58284.56400000001,-0.014715,Match
65463.494,0.0,58391.72600000001,-0.004905,Match
65577.794,0.0,58499.01000000001,0.0,Match
65692.193,0.0,58606.369000000006,-0.004905,Match
65806.693,0.0,58713.827000000005,-0.014715,Match
65921.293,0.0,58821.383,-0.00981,Match
66035.993,0.0,58929.056,0.0,Match
66150.793,0.0,59036.811,-0.004905,Match
66265.693,0.0,59144.664,-0.00981,Match
66380.693,0.0,59252.615000000005,-0.01962,Match
66495.793,0.0,59360.66500000001,-0.00981,Match
66610.993,0.0,59468.81500000001,-0.004905,Match
66726.293,0.0,59577.09100000001,-0.00981,Match
66841.693,0.0,59685.43800000001,-0.01962,Match
66957.193,0.0,59793.88300000001,-0.01962,Match
67072.793,0.0,59902.42700000001,-0.00981,Match
67188.493,0.0,60011.07000000001,-0.00981,Match
67304.293,0.0,60119.812000000005,-0.01962,Match
67420.193,0.0,60228.68200000001,-0.028449,Match
67536.193,0.0,60337.62100000001,-0.014715,Match
67652.293,0.0,60446.66,-0.014715,Match
67768.493,0.0,60555.796,-0.00981,Match
67884.793,0.0,60665.032,-0.01962,Match
68001.193,0.0,60774.367,-0.014715,Match
68117.693,0.0,60883.8,0.014715,Match
68234.293,0.0,60993.348,-0.00981,Match
68350.993,0.0,61102.98,0.0,Match
68467.793,0.0,61212.709,0.0,Match
68584.693,0.0,61322.537,-0.014715,Match
68701.693,0.0,61432.47,-0.00981,Match
68818.793,0.0,61542.49599999999,-0.01962,Match
68935.993,0.0,61652.64899999999,-0.014715,Match
69053.293,0.0,61762.87299999999,-0.023544,Match
69170.693,0.0,61873.19499999999,-0.01962,Match
69288.193,0.0,61983.616,-0.00981,Match
69405.793,0.0,62094.158,-0.00981,Match
69523.493,0.0,62204.777,-0.00981,Match
69641.293,0.0,62315.495,-0.014715,Match
69759.193,0.0,62426.312,-0.004905,Match
69877.193,0.1,62537.233,-0.00981,Match
69995.293,0.2,62648.247,0.119682,Match
70113.493,0.3,62759.391,0.244269,Match
70231.793,0.4,62870.603,0.354141,Match
70350.193,0.5,62981.913,0.503253,Match
70468.693,0.6,63093.323,0.536607,Match
70587.293,0.7,63204.83700000001,0.737712,Match
70705.993,0.7,63316.44400000001,0.714168,Match
70824.793,0.7,63428.176000000014,0.722997,Match
70943.693,0.7,63539.981000000014,0.709263,Match
71062.693,0.7,63651.88400000001,0.699453,Match
71181.793,0.7,63763.88600000001,0.699453,Match
71300.993,0.7,63875.987000000016,0.699453,Match
71420.293,0.7,63988.186000000016,0.694548,Match
71539.693,0.628571,64100.50900000001,0.737712,Match
71659.193,0.528571,64212.90600000001,0.61803,Match
71778.793,0.428571,64325.40200000001,0.455184,Match
71898.493,0.328571,64437.99600000001,0.407115,Match
72018.293,0.228571,64550.69000000001,0.244269,Match
72138.193,0.128571,64663.48100000001,0.172656,Match
72258.193,0.028571,64776.37200000001,0.134397,Match
72378.293,0.0,-,-,Deletion
72498.493,0.0,-,-,Deletion
72618.793,0.0,-,-,Deletion
72739.193,0.0,64889.36300000001,-0.086328,Match
72859.693,0.0,65002.451000000015,0.00981,Match
72980.293,0.0,65115.65400000002,0.023544,Match
73100.993,0.0,65228.94000000002,-0.023544,Match
73221.793,0.0,65342.32500000002,0.0,Match
73342.693,0.0,65455.80800000002,-0.052974,Match
73463.693,0.0,65569.39900000002,-0.004905,Match
73584.793,0.0,65683.08100000002,0.028449,Match
73705.993,0.0,65796.89100000002,-0.038259,Match
73827.293,0.0,65910.76900000001,-0.066708,Match
73948.693,0.0,66024.74600000001,-0.023544,Match
74070.193,0.0,66138.82200000001,-0.028449,Match
74191.793,0.0,66253.01700000002,0.014715,Match
74313.493,0.0,66367.29100000003,-0.033354,Match
74435.293,0.0,66481.66300000003,0.00981,Match
74557.193,0.0,66596.13400000003,-0.081423,Match
74679.193,-0.02,66710.70600000003,0.076518,Match
74801.293,-0.12,66825.37400000004,-0.104967,Match
74923.493,-0.22,66940.17800000004,-0.162846,Match
75045.793,-0.32,67055.04300000005,-0.349236,Match
75168.193,-0.42,67170.00900000005,-0.368856,Match
75290.693,-0.52,67285.07200000004,-0.503253,Match
75413.293,-0.62,67400.26900000004,-0.61803,Match
75535.993,-0.7,67515.53000000004,-0.666099,Match
75658.793,-0.7,67630.89000000004,-0.732807,Match
75781.693,-0.7,67746.34800000004,-0.646479,Match
75904.693,-0.7,67861.93600000005,-0.709263,Match
76027.793,-0.7,67977.59200000005,-0.714168,Match
76150.993,-0.7,68093.34600000005,-0.714168,Match
76274.293,-0.7,68209.20000000006,-0.704358,Match
76397.693,-0.7,68325.15200000006,-0.718092,Match
76521.193,-0.608571,68441.20200000006,-0.60822,Match
76644.793,-0.508571,68557.35200000006,-0.478728,Match
76768.493,-0.408571,68673.60100000005,-0.388476,Match
76892.293,-0.308571,68789.94800000005,-0.277623,Match
77016.193,-0.208571,68906.39300000005,-0.191295,Match
77140.193,-0.108571,69022.93700000005,-0.048069,Match
77264.293,-0.008571,69139.58000000005,-0.01962,Match
77388.493,0.0,69256.32200000004,0.004905,Match
-,-,69373.17000000004,-0.076518,Insertion
-,-,69490.11000000004,0.038259,Insertion
77512.793,0.0,69607.14800000004,-0.004905,Match
77637.193,0.0,69724.28500000005,0.0,Match
77761.693,0.0,69841.52000000005,-0.048069,Match
77886.293,0.0,69958.85400000005,-0.00981,Match
78010.993,0.0,70076.29300000005,0.00981,Match
78135.793,0.0,70193.82500000006,0.0,Match
78260.693,0.0,70311.45500000006,-0.043164,Match
78385.693,0.0,70429.18500000006,-0.004905,Match
78510.793,0.0,70547.01300000005,-0.004905,Match
78635.993,0.0,70664.94000000005,0.023544,Match
78761.293,0.0,70782.97600000004,-0.038259,Match
78886.693,0.0,70901.10000000003,-0.014715,Match
79012.193,0.0,71019.35800000004,0.004905,Match
79137.793,0.0,71137.68000000004,-0.014715,Match
79263.493,0.0,71256.10100000004,-0.028449,Match
79389.293,0.0,71374.62100000004,-0.043164,Match
79515.193,0.0,71493.26100000004,0.00981,Match
79641.193,0.0,71611.97800000005,0.004905,Match
79767.293,0.0,71730.79400000005,0.00981,Match
79893.493,0.0,71849.70900000005,-0.052974,Match
80019.793,0.0,71968.72200000005,-0.014715,Match
80146.193,0.0,72087.83400000005,0.01962,Match
80272.693,0.0,72207.04500000004,-0.023544,Match
80399.293,0.0,72326.35400000004,-0.043164,Match
-,-,72445.76200000003,-0.119682,Insertion
-,-,72565.26900000003,-0.177561,Insertion
-,-,72684.87400000003,-0.258984,Insertion
-,-,72804.57800000002,-0.157941,Insertion
-,-,72924.38100000002,-0.096138,Insertion
80525.993,0.0,73044.28300000002,-0.01962,Match
80652.793,0.0,73164.28400000003,-0.014715,Match
80779.693,0.0,73284.38300000003,-0.028449,Match
80906.693,0.0,73404.58100000003,-0.01962,Match
81033.793,0.0,73524.87800000004,-0.01962,Match
81160.993,0.0,73645.27400000003,-0.014715,Match
81288.293,0.0,73765.78300000004,-0.00981,Match
81415.693,0.0,73886.37600000003,-0.004905,Match
81543.193,0.0,74007.06800000003,-0.023544,Match
81670.793,0.0,74127.85800000002,-0.01962,Match
81798.493,0.0,74248.74700000002,-0.00981,Match
81926.293,0.0,74369.73500000002,-0.014715,Match
82054.193,0.0,74490.82800000001,-0.00981,Match
82182.193,0.0,74612.01400000001,-0.023544,Match
82310.293,0.0,74733.33000000002,-0.023544,Match
82438.493,0.0,74854.71200000001,-0.014715,Match
82566.793,0.0,74976.19800000002,-0.023544,Match
82695.193,0.0,75097.77900000002,-0.01962,Match
82823.693,0.0,75219.49700000002,-0.00981,Match
82952.293,0.0,75341.27500000002,-0.01962,Match
83080.993,0.0,75463.15200000002,0.0,Match
83209.793,0.0,75585.12800000001,-0.01962,Match
83338.693,0.0,75707.20900000002,-0.038259,Match
83467.693,0.0,75829.38200000001,-0.00981,Match
83596.793,0.0,75951.67800000001,-0.014715,Match
83725.993,0.0,76074.04800000001,-0.023544,Match
83855.293,0.0,76196.51800000001,-0.023544,Match
83984.693,0.0,76319.08600000001,0.004905,Match
84114.193,0.0,76441.75300000001,0.0,Match
84243.793,0.0,76564.51900000001,0.00981,Match
84373.493,0.0,76687.38300000002,-0.014715,Match
84503.293,0.0,76810.34600000002,-0.00981,Match
84633.193,0.0,76933.40800000002,0.014715,Match
84763.193,0.0,77056.57400000002,-0.014715,Match
84893.293,0.0,77179.83300000003,-0.014715,Match
85023.493,0.0,77303.19100000002,-0.023544,Match
85153.793,0.0,77426.64800000002,-0.023544,Match
85284.193,0.0,77550.20300000001,-0.01962,Match
85414.693,0.0,77673.857,-0.00981,Match
85545.293,0.0,77797.61600000001,0.00981,Match
85675.993,0.0,77921.467,0.0,Match
85806.793,0.0,78045.458,-0.014715,Match
85937.693,0.0,78169.507,-0.00981,Match
86068.693,0.0,78293.656,-0.004905,Match
86199.793,0.0,78417.903,-0.004905,Match
86330.993,0.0,78542.263,-0.014715,Match
86462.293,0.0,78666.70700000001,0.004905,Match
86593.693,0.0,78791.24900000001,-0.00981,Match
86725.193,0.0,78915.88900000001,-0.004905,Match
86856.793,0.0,79040.63900000001,-0.01962,Match
86988.493,0.0,79165.47800000002,0.0,Match
87120.293,0.0,79290.45100000002,-0.004905,Match
87252.193,0.0,79415.48900000002,-0.014715,Match
87384.193,0.0,79540.63000000002,-0.01962,Match
87516.293,0.0,79665.86300000001,-0.014715,Match
87648.493,0.0,79791.22600000001,-0.023544,Match
87780.793,0.0,79916.656,-0.014715,Match
87913.193,0.0,80042.185,-0.00981,Match
88045.693,0.0,80167.81199999999,-0.014715,Match
88178.293,0.0,80293.53799999999,-0.00981,Match
88310.993,0.0,80419.36299999998,-0.00981,Match
88443.793,0.0,80545.32499999998,-0.014715,Match
88576.693,0.0,80671.34699999998,-0.014715,Match
88709.693,0.0,80797.46799999998,-0.014715,Match
88842.793,0.0,80923.68799999998,-0.014715,Match
88975.993,0.0,81050.04099999998,-0.004905,Match
89109.293,0.0,81176.45799999998,-0.00981,Match
89242.693,0.0,81302.97399999999,-0.014715,Match
89376.193,0.0,81429.58799999999,-0.00981,Match
89509.793,0.0,81556.30099999999,-0.00981,Match
89643.493,0.0,81683.113,-0.00981,Match
89777.293,0.0,81810.02399999999,-0.014715,Match
89911.193,0.0,81937.033,-0.00981,Match
90045.193,0.0,82064.14099999999,-0.014715,Match
90179.293,0.0,82191.34799999998,-0.014715,Match
90313.493,0.0,82318.65399999998,-0.014715,Match
90447.793,0.0,82446.05799999998,-0.014715,Match
90582.193,0.0,82573.56099999997,-0.01962,Match
90716.693,0.0,82701.19099999998,-0.014715,Match
90851.293,0.0,82828.89199999998,0.0,Match
90985.993,0.0,82956.69099999998,-0.014715,Match
91120.793,0.0,83084.58899999998,-0.00981,Match
91255.693,0.0,83212.59199999998,-0.01962,Match
91390.693,0.0,83340.68699999998,-0.048069,Match
91525.793,0.0,83468.90999999997,-0.01962,Match
91660.993,0.0,83597.20299999998,-0.023544,Match
91796.293,0.0,83725.59399999998,0.01962,Match
91931.693,0.0,83854.08399999999,0.00981,Match
92067.193,0.0,83982.673,-0.023544,Match
92202.793,0.0,84111.36,-0.014715,Match
92338.493,0.0,84240.17,-0.004905,Match
92474.293,0.0,84369.055,-0.00981,Match
92610.193,0.0,84498.03899999999,-0.00981,Match
92746.193,0.0,84627.12099999998,0.0,Match
92882.293,0.0,84756.30099999998,-0.004905,Match
93018.493,0.0,84885.57999999997,-0.028449,Match
93154.793,0.0,85014.95799999997,-0.004905,Match
93291.193,0.0,85144.43499999997,-0.004905,Match
93427.693,0.0,85274.01099999997,-0.01962,Match
93564.293,0.0,85403.68499999997,-0.00981,Match
93700.993,0.0,85533.45799999997,-0.00981,Match
93837.793,0.0,85663.32999999997,0.0,Match
93974.693,0.0,85793.29999999997,-0.004905,Match
94111.693,0.0,85923.37999999998,0.0,Match
94248.793,0.0,86053.54799999998,-0.033354,Match
94385.993,0.0,86183.81399999998,-0.023544,Match
94523.293,0.0,86314.17899999999,-0.01962,Match
94660.693,0.0,86444.64899999999,-0.00981,Match
94798.193,0.0,86575.211,-0.01962,Match
94935.793,0.0,86705.897,-0.004905,Match
95073.493,0.0,86836.65699999999,-0.014715,Match
95211.293,0.0,86967.51499999998,-0.004905,Match
95349.193,0.0,87098.47199999998,-0.01962,Match
95487.193,0.0,87229.54899999998,-0.00981,Match
95625.293,0.0,87360.70299999998,0.004905,Match
95763.493,0.0,87491.95599999998,-0.00981,Match
95901.793,0.0,87623.30699999997,0.0,Match
96040.193,0.0,87754.75699999997,-0.023544,Match
96178.693,0.0,87886.30599999997,-0.014715,Match
96317.293,0.0,88017.97699999997,-0.00981,Match
96455.993,0.0,88149.72299999997,-0.01962,Match
96594.793,0.0,88281.56699999997,-0.028449,Match
96733.693,0.0,88413.50999999997,-0.023544,Match
96872.693,0.0,88545.57599999997,-0.01962,Match
97011.793,0.0,88677.71699999998,-0.023544,Match
97150.993,0.0,88809.95599999998,-0.00981,Match
97290.293,0.0,88942.29399999998,-0.01962,Match
97429.693,0.0,89074.72999999998,-0.01962,Match
97569.193,0.0,89207.26499999998,-0.004905,Match
97708.793,0.0,89339.89999999998,0.0,Match
97848.493,0.0,89472.63299999997,-0.01962,Match
97988.293,0.0,89605.46399999998,-0.00981,Match
98128.193,0.0,89738.39799999997,0.004905,Match
98268.193,0.0,89871.42699999997,-0.004905,Match
98408.293,0.0,90004.55499999996,-0.014715,Match
98548.493,0.0,90137.78099999996,-0.004905,Match
98688.793,0.0,90271.10499999997,-0.01962,Match
98829.193,0.0,90404.52799999996,-0.014715,Match
98969.693,0.0,90538.07099999997,-0.004905,Match
99110.293,0.0,90671.69199999997,-0.014715,Match
99250.993,0.0,90805.41099999996,-0.00981,Match
99391.793,0.0,90939.22799999994,-0.00981,Match
99532.693,0.0,91073.15599999994,-0.00981,Match
99673.693,0.0,91207.17099999994,-0.014715,Match
99814.793,0.0,91341.28499999996,-0.01962,Match
99955.993,0.0,91475.49799999996,-0.014715,Match
100097.29,0.0,91609.80999999995,-0.023544,Match
100238.68,0.0,91744.21999999996,-0.00981,Match
100380.18,0.0,91878.73099999996,-0.01962,Match
100521.78,0.0,92013.33999999995,-0.004905,Match
100663.48,0.0,92148.06699999997,-0.004905,Match
100805.28,0.0,92282.87299999996,-0.038259,Match
100947.18,0.0,92417.77699999994,-0.038259,Match
101089.18,0.0,92552.77999999994,0.0,Match
101231.28,0.0,92687.88299999994,-0.01962,Match
101373.48,0.0,92823.08399999994,0.0,Match
101515.78,0.1,92958.40799999994,0.057879,Match
101658.18,0.2,93093.80699999994,0.220725,Match
101800.68,0.3,93229.30399999996,0.272718,Match
101943.28,0.4,93364.89999999997,0.435564,Match
102085.98,0.5,93500.62799999995,0.551322,Match
102228.78,0.6,93636.42099999996,0.61803,Match
102371.68,0.7,93772.31299999997,0.761256,Match
102514.68,0.7,93908.30399999996,0.671004,Match
102657.78,0.7,94044.39399999996,0.737712,Match
102800.98,0.7,94180.58199999997,0.679833,Match
102944.28,0.7,94316.89999999997,0.722997,Match
103087.68,0.7,94453.28699999995,0.689643,Match
103231.18,0.7,94589.77199999995,0.661194,Match
103374.78,0.7,94726.35599999996,0.709263,Match
103518.48,0.628571,94863.03799999996,0.641574,Match
103662.28,0.528571,94999.81899999996,0.498348,Match
103806.18,0.428571,95136.69899999996,0.42183,Match
103950.18,0.328571,95273.67799999996,0.320787,Match
104094.28,0.228571,95410.75499999998,0.201105,Match
104238.48,0.128571,95547.93899999995,0.109872,Match
104382.78,0.028571,-,-,Deletion
104527.18,0.0,-,-,Deletion
104671.68,0.0,95685.21399999996,0.014715,Match
104816.28,0.0,95822.61899999996,-0.023544,Match
104960.98,0.0,95960.09199999996,-0.01962,Match
105105.78,0.0,96097.66299999996,-0.01962,Match
105250.68,0.0,96235.33299999996,-0.004905,Match
105395.68,0.0,96373.12499999996,-0.033354,Match
105540.78,0.0,96510.99299999996,0.01962,Match
105685.98,0.0,96648.99799999996,-0.101043,Match
105831.28,0.0,96787.06299999997,0.043164,Match
105976.68,0.0,96925.22699999996,-0.048069,Match
106122.18,0.0,97063.48999999998,0.086328,Match
106267.78,0.0,97201.86899999998,-0.091233,Match
106413.48,0.0,97340.32999999996,0.004905,Match
106559.28,0.0,97478.88899999997,-0.043164,Match
106705.18,0.0,97617.54699999996,0.023544,Match
106851.18,0.0,97756.32099999997,-0.028449,Match
106997.28,0.0,97895.17699999997,-0.01962,Match
107143.48,0.0,98034.17399999996,0.0,Match
107289.78,-0.02,-,-,Deletion
107436.18,-0.12,98173.22699999996,-0.048069,Match
107582.68,-0.22,98312.38599999995,-0.234459,Match
107729.28,-0.32,98451.63699999996,-0.277623,Match
107875.98,-0.42,98591.01699999998,-0.40221,Match
108022.78,-0.52,98730.46599999996,-0.503253,Match
108169.68,-0.62,98870.01299999998,-0.569961,Match
108316.68,-0.7,99009.65899999996,-0.732807,Match
108463.78,-0.7,99149.40399999997,-0.679833,Match
108610.98,-0.7,99289.24799999996,-0.679833,Match
108758.28,-0.7,99429.19099999996,-0.694548,Match
108905.68,-0.7,99569.23199999996,-0.709263,Match
109053.18,-0.7,99709.37199999996,-0.679833,Match
109200.78,-0.7,99849.60999999996,-0.684738,Match
109348.48,-0.7,99989.94699999996,-0.666099,Match
109496.28,-0.608571,100130.38399999996,-0.551322,Match
109644.18,-0.508571,100270.91899999997,-0.460089,Match
109792.18,-0.408571,100411.55399999996,-0.363951,Match
109940.28,-0.308571,100552.28699999995,-0.267813,Match
110088.48,-0.208571,100693.11899999996,-0.096138,Match
110236.78,-0.108571,100834.04999999994,-0.086328,Match
110385.18,-0.008571,100975.08299999994,0.004905,Match
110533.68,0.0,101116.21099999994,-0.043164,Match
-,-,101257.43799999994,0.052974,Insertion
110682.28,0.0,101398.76399999994,-0.043164,Match
110830.98,0.0,101540.19299999994,-0.01962,Match
110979.78,0.0,101681.71599999994,-0.014715,Match
111128.68,0.0,101823.36199999994,0.01962,Match
111277.68,0.0,101965.08299999994,0.0,Match
111426.78,0.0,102106.90299999996,-0.048069,Match
111575.98,0.0,102248.82199999994,-0.023544,Match
111725.28,0.0,102390.84199999996,0.023544,Match
111874.68,0.0,102532.95799999994,0.00981,Match
112024.18,0.0,102675.19799999996,-0.01962,Match
112173.78,0.0,102817.51199999994,-0.048069,Match
112323.48,0.0,102959.92499999994,0.023544,Match
112473.28,0.0,103102.43599999994,0.014715,Match
112623.18,0.0,103245.04599999994,-0.004905,Match
112773.18,0.0,103387.75499999996,-0.033354,Match
112923.28,0.0,103530.59899999994,0.00981,Match
113073.48,0.0,103673.50599999996,0.028449,Match
113223.78,0.0,103816.51199999994,-0.023544,Match
113374.18,0.0,103959.61599999997,-0.028449,Match
113524.68,0.0,104102.81899999994,-0.00981,Match
113675.28,0.0,104246.12099999994,0.038259,Match
113825.98,0.0,104389.55899999994,-0.01962,Match
113976.78,0.0,104533.05799999992,-0.052974,Match
-,-,104676.65599999992,-0.086328,Insertion
-,-,104820.35199999993,-0.148131,Insertion
-,-,104964.14699999992,-0.20601,Insertion
-,-,105108.04099999992,-0.162846,Insertion
-,-,105252.03299999992,-0.104967,Insertion
114127.68,0.0,105396.12499999993,-0.043164,Match
114278.68,0.0,105540.31499999992,-0.004905,Match
114429.78,0.0,105684.60399999992,-0.01962,Match
114580.98,0.0,105828.99099999994,-0.00981,Match
114732.28,0.0,105973.50099999992,-0.004905,Match
114883.68,0.0,106118.08599999994,-0.014715,Match
115035.18,0.0,106262.77099999994,0.0,Match
115186.78,0.0,106407.55299999994,-0.004905,Match
115338.48,0.0,106552.43799999994,-0.00981,Match
115490.28,0.0,106697.41799999992,-0.00981,Match
115642.18,0.0,106842.52999999993,-0.004905,Match
115794.18,0.0,106987.70799999993,-0.014715,Match
115946.28,0.0,107132.98499999991,-0.004905,Match
116098.48,0.0,107278.35999999991,-0.004905,Match
116250.78,0.0,107423.84699999992,-0.033354,Match
116403.18,0.0,107569.41999999993,-0.00981,Match
116555.68,0.0,107715.12699999992,-0.00981,Match
116708.28,0.0,107860.89799999991,-0.023544,Match
116860.98,0.0,108006.76699999992,-0.004905,Match
117013.78,0.0,108152.73499999991,-0.014715,Match
117166.68,0.0,108298.82499999992,0.004905,Match
117319.68,0.0,108444.9909999999,-0.00981,Match
117472.78,0.0,108591.2549999999,-0.014715,Match
117625.98,0.0,108737.6179999999,0.0,Match
117779.28,0.0,108884.0799999999,-0.004905,Match
117932.68,0.0,109030.6409999999,0.004905,Match
118086.18,0.0,109177.3009999999,-0.004905,Match
118239.78,0.0,109324.05999999992,-0.023544,Match
118393.48,0.0,109470.94999999992,-0.023544,Match
118547.28,0.0,109617.90599999992,-0.01962,Match
118701.18,0.0,109764.96099999992,-0.014715,Match
118855.18,0.0,109912.11299999992,-0.033354,Match
119009.28,0.0,110059.3649999999,0.038259,Match
119163.48,0.0,110206.7159999999,0.004905,Match
119317.78,0.0,110354.20299999988,0.0,Match
119472.18,0.0,110501.75099999987,0.004905,Match
119626.68,0.0,110649.39799999988,0.004905,Match
119781.28,0.0,110797.16599999988,-0.004905,Match
119935.98,0.0,110945.01099999988,0.0,Match
120090.78,0.0,111092.95399999988,-0.014715,Match
120245.68,0.0,111240.99599999988,-0.028449,Match
120400.68,0.0,111389.13999999988,-0.014715,Match
120555.78,0.0,111537.37999999987,-0.014715,Match
120710.98,0.0,111685.75499999987,-0.004905,Match
120866.28,0.0,111834.19299999988,-0.014715,Match
121021.68,0.0,111982.74299999989,-0.00981,Match
121177.18,0.0,112131.37799999988,0.004905,Match
121332.78,0.0,112280.11099999987,-0.014715,Match
121488.48,0.0,112428.94299999988,-0.00981,Match
121644.28,0.0,112577.87599999987,-0.014715,Match
121800.18,0.0,112726.90599999989,-0.014715,Match
121956.18,0.0,112876.06599999988,-0.014715,Match
122112.28,0.0,113025.29399999988,-0.014715,Match
122268.48,0.0,113174.61999999988,-0.01962,Match
122424.78,0.0,113324.04499999988,-0.028449,Match
122581.18,0.0,113473.59499999988,-0.00981,Match
122737.68,0.0,113623.21799999988,0.0,Match
122894.28,0.0,113772.93999999989,-0.014715,Match
123050.98,0.0,113922.7599999999,-0.004905,Match
123207.78,0.0,114072.6779999999,-0.014715,Match
123364.68,0.0,114222.6959999999,-0.023544,Match
123521.68,0.0,114372.8129999999,-0.014715,Match
123678.78,0.0,114523.02799999987,-0.014715,Match
123835.98,0.0,114673.34199999987,-0.01962,Match
123993.28,0.0,114823.75399999988,-0.014715,Match
124150.68,0.0,114974.30599999988,-0.00981,Match
124308.18,0.0,115124.91599999988,-0.01962,Match
124465.78,0.0,115275.62399999988,-0.014715,Match
124623.48,0.0,115426.43199999988,-0.00981,Match
124781.28,0.0,115577.33799999989,-0.01962,Match
124939.18,0.0,115728.34299999988,-0.004905,Match
125097.18,0.0,115879.4469999999,-0.023544,Match
125255.28,0.0,116030.6669999999,-0.00981,Match
125413.48,0.0,116181.9679999999,-0.00981,Match
125571.78,0.0,116333.36699999993,-0.00981,Match
125730.18,0.0,116484.86499999992,-0.01962,Match
125888.68,0.0,116636.47899999992,-0.01962,Match
126047.28,0.0,116788.17599999992,-0.00981,Match
126205.98,0.0,116939.97099999992,-0.014715,Match
126364.78,0.0,117091.86499999992,-0.01962,Match
126523.68,0.0,117243.85799999992,-0.004905,Match
126682.68,0.0,117395.94899999992,-0.014715,Match
126841.78,0.0,117548.16299999991,-0.01962,Match
127000.98,0.0,117700.45199999992,-0.00981,Match
127160.28,0.0,117852.83799999992,0.014715,Match
127319.68,0.0,118005.32299999992,-0.014715,Match
127479.18,0.0,118157.91399999992,-0.014715,Match
127638.78,0.0,118310.59699999994,-0.01962,Match
127798.48,0.0,118463.40799999994,-0.014715,Match
127958.28,0.0,118616.28899999992,-0.023544,Match
128118.18,0.0,118769.26799999994,-0.004905,Match
128278.18,0.0,118922.34599999992,0.0,Match
128438.28,0.0,119075.52299999991,-0.023544,Match
128598.48,0.0,119228.79899999993,-0.038259,Match
128758.78,0.0,119382.20299999992,-0.023544,Match
128919.18,0.0,119535.67599999992,-0.01962,Match
129079.68,0.0,119689.24799999992,-0.00981,Match
129240.28,0.0,119842.91899999992,-0.00981,Match
129400.98,0.0,119996.68899999993,-0.01962,Match
129561.78,0.0,120150.55699999991,0.0,Match
129722.68,0.0,120304.52399999992,-0.004905,Match
129883.68,0.0,120458.58899999992,-0.014715,Match
130044.78,0.0,120612.75199999992,0.014715,Match
130205.98,0.0,120767.01599999992,-0.014715,Match
130367.28,0.0,120921.37799999992,-0.00981,Match
130528.68,0.0,121075.86199999992,-0.014715,Match
130690.18,0.0,121230.42099999991,-0.00981,Match
130851.78,0.0,121385.07899999993,-0.00981,Match
131013.48,0.0,121539.83599999992,-0.00981,Match
131175.28,0.0,121694.7179999999,-0.014715,Match
131337.18,0.0,121849.6719999999,0.0,Match
131499.18,0.0,122004.7249999999,-0.00981,Match
131661.28,0.0,122159.8759999999,-0.028449,Match
131823.48,0.0,122315.1309999999,-0.01962,Match
131985.78,0.0,122470.48099999993,-0.014715,Match
132148.18,0.0,122625.95099999991,-0.004905,Match
132310.68,0.0,122781.49799999992,0.00981,Match
132473.28,0.0,122937.18299999992,-0.033354,Match
132635.98,0.0,123092.92799999993,-0.00981,Match
132798.78,0.0,123248.77199999992,-0.00981,Match
132961.68,0.0,123404.7139999999,-0.004905,Match
133124.68,0.0,123560.77899999992,-0.00981,Match
133287.78,0.0,123716.9189999999,-0.00981,Match
133450.98,0.0,123873.15799999992,-0.004905,Match
133614.28,0.0,124029.49499999992,-0.004905,Match
133777.68,0.0,124185.9599999999,0.0,Match
133941.18,0.0,124342.49499999992,0.004905,Match
134104.78,0.0,124499.12899999991,-0.004905,Match
134268.48,0.0,124655.8619999999,-0.00981,Match
134432.28,0.0,124812.6939999999,-0.01962,Match
134596.18,0.0,124969.6239999999,-0.00981,Match
134760.18,0.0,125126.6739999999,-0.004905,Match
134924.28,0.0,125283.8019999999,-0.004905,Match
135088.48,0.0,125441.0289999999,-0.01962,Match
135252.78,0.0,125598.35399999988,-0.01962,Match
135417.18,0.0,125755.77799999987,-0.014715,Match
135581.68,0.0,125913.29999999989,-0.043164,Match
135746.28,0.0,126070.92199999987,-0.033354,Match
135910.98,0.0,126228.6429999999,-0.014715,Match
136075.78,0.0,126386.4619999999,-0.01962,Match
136240.68,0.0,126544.3839999999,-0.014715,Match
136405.68,0.0,126702.40099999993,-0.00981,Match
136570.78,0.0,126860.5169999999,-0.014715,Match
136735.98,0.0,127018.73099999993,-0.014715,Match
136901.28,0.0,127177.0439999999,-0.004905,Match
137066.68,0.0,127335.4559999999,-0.00981,Match
137232.18,0.0,127493.97999999992,-0.014715,Match
137397.78,0.0,127652.5889999999,-0.00981,Match
137563.48,0.0,127811.2969999999,-0.01962,Match
137729.28,0.0,127970.1039999999,-0.071613,Match
137895.18,0.0,128129.01099999993,-0.048069,Match
138061.18,0.0,128288.01499999993,-0.023544,Match
138227.28,0.0,128447.1419999999,-0.01962,Match
138393.48,0.0,128606.34399999992,-0.01962,Match
138559.78,0.0,128765.64399999991,-0.014715,Match
138726.18,0.0,128925.04299999992,-0.01962,Match
138892.68,0.0,129084.55599999992,-0.014715,Match
139059.28,0.0,129244.15299999992,-0.00981,Match
139225.98,0.0,129403.89199999992,-0.00981,Match
139392.78,0.0,129563.68599999991,-0.00981,Match
139559.68,0.1,129723.57899999993,0.004905,Match
139726.68,0.2,129883.57099999992,0.234459,Match
139893.78,0.3,130043.6609999999,0.272718,Match
140060.98,0.4,130203.85099999992,0.430659,Match
140228.28,0.5,130364.13899999992,0.526797,Match
140395.68,0.6,130524.52599999993,0.593505,Match
140563.18,0.7,130685.01199999992,0.752427,Match
140730.78,0.7,130845.59599999992,0.671004,Match
140898.48,0.7,131006.27899999992,0.704358,Match
141066.28,0.7,131167.06099999993,0.709263,Match
141234.18,0.7,131327.94199999992,0.661194,Match
141402.18,0.7,131488.92199999993,0.737712,Match
141570.28,0.7,131650.00099999993,0.709263,Match
141738.48,0.7,131811.17799999993,0.714168,Match
141906.78,0.628571,131972.45399999994,0.656289,Match
142075.18,0.528571,132133.82899999994,0.574866,Match
142243.68,0.428571,132295.30299999993,0.435564,Match
142412.28,0.328571,132456.87799999994,0.359046,Match
142580.98,0.228571,132618.54999999993,0.263889,Match
142749.78,0.128571,132780.33699999994,0.109872,Match
142918.68,0.028571,132942.20599999995,0.076518,Match
143087.68,0.0,-,-,Deletion
143256.78,0.0,-,-,Deletion
143425.98,0.0,133104.21199999994,-0.038259,Match
143595.28,0.0,133266.27799999993,-0.028449,Match
143764.68,0.0,133428.44299999994,0.052974,Match
143934.18,0.0,133590.70699999994,-0.014715,Match
144103.78,0.0,133753.08699999994,0.043164,Match
144273.48,0.0,133915.54899999994,-0.048069,Match
144443.28,0.0,134078.14899999995,-0.033354,Match
144613.18,0.0,134240.80899999995,0.01962,Match
144783.18,0.0,134403.57699999996,-0.033354,Match
144953.28,0.0,134566.43399999995,0.048069,Match
145123.48,0.0,134729.42199999996,-0.076518,Match
145293.78,0.0,134892.47699999996,0.028449,Match
145464.18,0.0,135055.63099999996,-0.01962,Match
145634.68,0.0,135218.88299999997,0.033354,Match
145805.28,0.0,135382.23399999997,-0.01962,Match
145975.98,0.0,135545.68399999998,-0.028449,Match
146146.78,0.0,135709.23299999998,-0.043164,Match
146317.68,-0.02,135872.87999999998,-0.014715,Match
146488.68,-0.12,-,-,Deletion
146659.78,-0.22,136036.62699999998,-0.162846,Match
146830.98,-0.32,136200.47199999998,-0.277623,Match
147002.28,-0.42,136364.41599999997,-0.407115,Match
147173.68,-0.52,136528.45899999997,-0.464994,Match
147345.18,-0.62,136692.64199999996,-0.569961,Match
147516.78,-0.7,136856.88199999995,-0.709263,Match
147688.48,-0.7,137021.22099999996,-0.732807,Match
147860.28,-0.7,137185.65799999997,-0.727902,Match
148032.18,-0.7,137350.19499999998,-0.766161,Match
148204.18,-0.7,137514.83,-0.709263,Match
148376.28,-0.7,137679.56399999998,-0.694548,Match
148548.48,-0.7,137844.39599999998,-0.714168,Match
148720.78,-0.7,138009.327,-0.699453,Match
148893.18,-0.608571,138174.356,-0.569961,Match
149065.68,-0.508571,138339.485,-0.464994,Match
149238.28,-0.408571,138504.712,-0.430659,Match
149410.98,-0.308571,138670.038,-0.244269,Match
149583.78,-0.208571,138835.462,-0.210915,Match
149756.68,-0.108571,139000.985,-0.057879,Match
149929.68,-0.008571,139166.63999999998,-0.033354,Match
150102.78,0.0,139332.36099999998,0.004905,Match
-,-,139498.18299999996,0.038259,Insertion
-,-,139664.10199999996,-0.081423,Insertion
150275.98,0.0,139830.14499999996,0.014715,Match
150449.28,0.0,139996.25999999995,-0.023544,Match
150622.68,0.0,140162.47499999995,0.033354,Match
150796.18,0.0,140328.78799999994,-0.061803,Match
150969.78,0.0,140495.21499999994,-0.014715,Match
151143.48,0.0,140661.72599999994,0.0,Match
151317.28,0.0,140828.37499999994,0.0,Match
151491.18,0.0,140995.08399999994,-0.028449,Match
151665.18,0.0,141161.90099999995,-0.043164,Match
151839.28,0.0,141328.80799999996,0.00981,Match
152013.48,0.0,141495.84099999996,0.0,Match
152187.78,0.0,141662.94499999995,-0.014715,Match
152362.18,0.0,141830.14699999994,-0.023544,Match
152536.68,0.0,141997.44799999995,-0.00981,Match
152711.28,0.0,142164.84799999994,0.028449,Match
152885.98,0.0,142332.34699999995,-0.01962,Match
153060.78,0.0,142499.97899999996,-0.028449,Match
153235.68,0.0,142667.67599999995,-0.00981,Match
153410.68,0.0,142835.47099999996,0.004905,Match
153585.78,0.0,143003.36499999996,0.004905,Match
153760.98,0.0,143171.35799999995,-0.052974,Match
153936.28,0.0,143339.44999999995,-0.004905,Match
-,-,143507.63999999996,-0.086328,Insertion
-,-,143675.92799999996,-0.1962,Insertion
-,-,143844.31599999996,-0.282528,Insertion
-,-,144012.81699999995,-0.182466,Insertion
-,-,144181.40199999994,-0.091233,Insertion
154111.68,0.0,144350.08599999995,-0.023544,Match
154287.18,0.0,144518.86899999995,-0.01962,Match
154462.78,0.0,144687.75099999996,-0.023544,Match
154638.48,0.0,144856.73099999997,-0.00981,Match
154814.28,0.0,145025.82299999995,-0.00981,Match
154990.18,0.0,145195.001,-0.00981,Match
155166.18,0.0,145364.277,-0.014715,Match
155342.28,0.0,145533.652,-0.014715,Match
155518.48,0.0,145703.141,-0.004905,Match
155694.78,0.0,145872.715,-0.00981,Match
155871.18,0.0,146042.421,-0.014715,Match
156047.68,0.0,146212.191,-0.004905,Match
156224.28,0.0,146382.06,-0.00981,Match
156400.98,0.0,146552.028,-0.00981,Match
156577.78,0.0,146722.095,0.0,Match
156754.68,0.0,146892.261,-0.014715,Match
156931.68,0.0,147062.559,-0.004905,Match
157108.78,0.0,147232.92200000002,-0.01962,Match
157285.98,0.0,147403.38400000002,-0.00981,Match
157463.28,0.0,147573.945,-0.004905,Match
157640.68,0.0,147744.60400000002,-0.004905,Match
157818.18,0.0,147915.363,-0.014715,Match
157995.78,0.0,148086.22,-0.01962,Match
158173.48,0.0,148257.175,-0.028449,Match
158351.28,0.0,148428.229,-0.01962,Match
158529.18,0.0,148599.39299999998,-0.004905,Match
158707.18,0.0,148770.645,-0.00981,Match
158885.28,0.0,148941.99599999998,0.01962,Match
159063.48,0.0,149113.446,-0.004905,Match
159241.78,0.0,149284.995,-0.023544,Match
159420.18,0.0,149456.64299999998,0.0,Match
159598.68,0.0,149628.39699999997,0.004905,Match
159777.28,0.0,149800.24199999997,-0.014715,Match
159955.98,0.0,149972.20799999996,0.0,Match
160134.78,0.0,150144.25099999996,0.0,Match
160313.68,0.0,150316.39199999996,0.00981,Match
160492.68,0.0,150488.63199999995,0.004905,Match
160671.78,0.0,150660.97599999997,-0.00981,Match
160850.98,0.0,150833.41299999997,-0.014715,Match
161030.28,0.0,151005.97699999998,-0.023544,Match
161209.68,0.0,151178.612,-0.00981,Match
161389.18,0.0,151351.346,-0.01962,Match
161568.78,0.0,151524.178,0.00981,Match
161748.48,0.0,151697.109,-0.01962,Match
161928.28,0.0,151870.138,-0.00981,Match
162108.18,0.0,152043.29200000002,0.004905,Match
162288.18,0.0,152216.51900000003,-0.004905,Match
162468.28,0.0,152389.84500000003,-0.00981,Match
162648.48,0.0,152563.27000000002,-0.01962,Match
162828.78,0.0,152736.80700000003,-0.014715,Match
163009.18,0.0,152910.43000000002,-0.00981,Match
163189.68,0.0,153084.18700000003,-0.00981,Match
163370.28,0.0,153258.00600000002,0.004905,Match
163550.98,0.0,153431.92500000002,-0.014715,Match
163731.78,0.0,153605.942,-0.014715,Match
163912.68,0.0,153780.05800000002,-0.01962,Match
164093.68,0.0,153954.27300000002,-0.023544,Match
164274.78,0.0,154128.619,-0.004905,Match
164455.98,0.0,154303.03100000002,0.0,Match
164637.28,0.0,154477.54200000002,-0.004905,Match
164818.68,0.0,154652.152,-0.014715,Match
165000.18,0.0,154826.861,-0.004905,Match
165181.78,0.0,155001.668,-0.004905,Match
165363.48,0.0,155176.574,-0.00981,Match
165545.28,0.0,155351.58,-0.004905,Match
165727.18,0.0,155526.683,-0.00981,Match
165909.18,0.0,155701.89899999998,-0.004905,Match
166091.28,0.0,155877.19999999998,-0.00981,Match
166273.48,0.0,156052.63599999997,-0.004905,Match
166455.78,0.0,156228.13399999996,0.0,Match
166638.18,0.0,156403.73099999997,-0.00981,Match
166820.68,0.0,156579.42599999998,0.0,Match
167003.28,0.0,156755.24599999998,-0.00981,Match
167185.98,0.0,156931.139,0.0,Match
167368.78,0.0,157107.131,-0.004905,Match
167551.68,0.0,157283.22199999998,-0.014715,Match
167734.68,0.0,157459.41499999998,-0.00981,Match
167917.78,0.0,157635.70299999998,-0.004905,Match
168100.98,0.0,157812.11899999998,-0.00981,Match
168284.28,0.0,157988.60399999996,-0.004905,Match
168467.68,0.0,158165.18799999997,-0.004905,Match
168651.18,0.0,158341.87099999996,-0.004905,Match
168834.78,0.0,158518.65199999994,-0.00981,Match
169018.48,0.0,158695.53299999994,-0.023544,Match
169202.28,0.0,158872.53899999993,-0.004905,Match
169386.18,0.0,159049.61799999993,-0.023544,Match
169570.18,0.0,159226.79499999993,-0.01962,Match
169754.28,0.0,159404.06999999992,-0.023544,Match
169938.48,0.0,159581.44399999993,-0.00981,Match
170122.78,0.0,159758.91699999993,0.004905,Match
170307.18,0.0,159936.5269999999,-0.004905,Match
170491.68,0.0,160114.19799999992,0.004905,Match
170676.28,0.0,160291.96699999992,-0.014715,Match
170860.98,0.0,160469.83399999992,0.004905,Match
171045.78,0.0,160647.80099999992,-0.004905,Match
171230.68,0.0,160825.86599999992,-0.033354,Match
171415.68,0.0,161004.0299999999,-0.004905,Match
171600.78,0.0,161182.31699999992,0.014715,Match
171785.98,0.0,161360.67799999993,-0.023544,Match
171971.28,0.0,161539.13899999994,-0.01962,Match
172156.68,0.0,161717.69799999995,-0.014715,Match
172342.18,0.0,161896.38899999994,0.01962,Match
172527.78,0.0,162075.14499999993,-0.00981,Match
172713.48,0.0,162253.99899999992,0.0,Match
172899.28,0.0,162432.95299999992,-0.004905,Match
173085.18,0.0,162612.02899999992,-0.014715,Match
173271.18,0.0,162791.1799999999,-0.023544,Match
173457.28,0.0,162970.4299999999,-0.00981,Match
173643.48,0.0,163149.77899999992,0.004905,Match
173829.78,0.0,163329.2259999999,-0.01962,Match
174016.18,0.0,163508.7729999999,-0.00981,Match
174202.68,0.0,163688.4329999999,-0.004905,Match
174389.28,0.0,163868.1769999999,0.0,Match
174575.98,0.0,164048.0599999999,-0.00981,Match
174762.78,0.0,164228.0009999999,-0.023544,Match
174949.68,0.0,164408.0409999999,-0.01962,Match
175136.68,0.0,164588.1799999999,-0.028449,Match
175323.78,0.0,164768.4359999999,-0.00981,Match
175510.98,0.0,164948.7719999999,0.004905,Match
175698.28,0.0,165129.24399999992,-0.01962,Match
175885.68,0.0,165309.77799999993,-0.01962,Match
176073.18,0.0,165490.4109999999,0.0,Match
176260.78,0.0,165671.14199999993,-0.01962,Match
176448.48,0.0,165851.97199999992,-0.014715,Match
176636.28,0.0,166032.90099999993,-0.00981,Match
176824.18,0.0,166213.95999999993,-0.014715,Match
177012.18,0.0,166395.08599999992,-0.00981,Match
177200.28,0.0,166576.3099999999,-0.01962,Match
177388.48,0.0,166757.6329999999,-0.014715,Match
177576.78,0.0,166939.0549999999,0.0,Match
177765.18,0.0,167120.5759999999,-0.014715,Match
177953.68,0.0,167302.1959999999,-0.014715,Match
178142.28,0.0,167483.92599999992,-0.01962,Match
178330.98,0.0,167665.74299999993,-0.014715,Match
178519.78,0.0,167847.65899999993,0.0,Match
178708.68,0.0,168029.67399999994,0.0,Match
178897.68,0.0,168211.79599999994,-0.038259,Match
179086.78,0.0,168394.00799999994,-0.014715,Match
179275.98,0.0,168576.31899999993,0.0,Match
179465.28,0.0,168758.72799999994,-0.00981,Match
179654.68,0.0,168941.23599999995,-0.014715,Match
179844.18,0.0,169123.84299999994,-0.00981,Match
180033.78,0.0,169306.56899999993,-0.014715,Match
180223.48,0.0,169489.37399999992,-0.043164,Match
180413.28,0.0,169672.2769999999,-0.023544,Match
180603.18,0.0,169855.27899999992,-0.004905,Match
180793.18,0.0,170038.3889999999,-0.004905,Match
180983.28,0.0,170221.58899999992,-0.028449,Match
181173.48,0.0,170404.8859999999,-0.014715,Match
181363.78,0.0,170588.2829999999,-0.014715,Match
181554.18,0.0,170771.77899999992,-0.004905,Match
181744.68,0.0,170955.37299999993,-0.014715,Match
181935.28,0.0,171139.08999999994,-0.01962,Match
182125.98,0.0,171322.88099999994,-0.00981,Match
182316.78,0.0,171506.77099999995,-0.023544,Match
182507.68,0.0,171690.75999999995,-0.00981,Match
182698.68,0.0,171874.84799999994,-0.00981,Match
182889.78,0.0,172059.03399999993,-0.00981,Match
183080.98,0.0,172243.35699999993,-0.00981,Match
183272.28,0.0,172427.74099999992,-0.014715,Match
183463.68,0.0,172612.22399999993,-0.004905,Match
183655.18,0.1,172796.80599999992,0.129492,Match
183846.78,0.2,172981.48599999992,0.229554,Match
184038.48,0.3,173166.26499999993,0.320787,Match
184230.28,0.4,173351.14299999992,0.488538,Match
184422.18,0.5,173536.11999999994,0.555246,Match
184614.18,0.6,173721.19599999994,0.62784,Match
184806.28,0.7,173906.37099999993,0.694548,Match
184998.48,0.7,174091.6439999999,0.727902,Match
185190.78,0.7,174277.01599999992,0.646479,Match
185383.18,0.7,174462.48599999992,0.727902,Match
185575.68,0.7,174648.06099999993,0.661194,Match
185768.28,0.7,174833.72899999993,0.679833,Match
185960.98,0.7,175019.52399999995,0.684738,Match
186153.78,0.7,175205.38999999996,0.694548,Match
186346.68,0.628571,175391.35499999995,0.61803,Match
186539.68,0.528571,-,-,Deletion
186732.78,0.428571,175577.41899999997,0.445374,Match
186925.98,0.328571,175763.58499999996,0.340407,Match
187119.28,0.228571,175949.84599999996,0.307053,Match
187312.68,0.128571,176136.23099999997,0.162846,Match
187506.18,0.028571,176322.68999999997,0.043164,Match
187699.78,0.0,-,-,Deletion
187893.48,0.0,176509.24799999996,0.00981,Match
188087.28,0.0,176695.90499999997,-0.023544,Match
188281.18,0.0,176882.67199999996,0.023544,Match
188475.18,0.0,177069.52699999997,-0.014715,Match
188669.28,0.0,177256.51699999996,-0.043164,Match
188863.48,0.0,177443.56899999996,0.023544,Match
189057.78,0.0,177630.71899999995,-0.014715,Match
189252.18,0.0,177817.96799999996,0.071613,Match
189446.68,0.0,178005.34899999996,-0.057879,Match
189641.28,0.0,178192.79699999996,0.00981,Match
189835.98,0.0,178380.34299999996,-0.023544,Match
190030.78,0.0,178567.98799999995,-0.01962,Match
190225.68,0.0,178755.73199999996,-0.00981,Match
190420.68,0.0,178943.57399999996,-0.028449,Match
190615.78,0.0,179131.55499999996,-0.00981,Match
190810.98,0.0,179319.59499999997,0.0,Match
191006.28,0.0,179507.73399999997,-0.01962,Match
191201.68,0.0,179695.97199999998,0.0,Match
191397.18,-0.02,179884.335,-0.048069,Match
191592.78,-0.12,180072.77,-0.114777,Match
191788.48,-0.22,180261.304,-0.258984,Match
191984.28,-0.32,180449.937,-0.363951,Match
192180.18,-0.42,180638.668,-0.464994,Match
192376.18,-0.52,180827.498,-0.555246,Match
192572.28,-0.62,-,-,Deletion
192768.48,-0.7,181016.427,-0.679833,Match
192964.78,-0.7,181205.461,-0.709263,Match
193161.18,-0.7,181394.588,-0.727902,Match
193357.68,-0.7,181583.813,-0.699453,Match
193554.28,-0.7,181773.13800000004,-0.761256,Match
193750.98,-0.7,181962.56200000003,-0.684738,Match
193947.78,-0.7,182152.08400000003,-0.709263,Match
194144.68,-0.7,182341.72700000004,-0.756351,Match
194341.68,-0.608571,182531.44600000005,-0.613125,Match
194538.78,-0.508571,182721.26400000005,-0.455184,Match
194735.98,-0.408571,182911.18100000004,-0.440469,Match
194933.28,-0.308571,183101.20700000005,-0.287433,Match
195130.68,-0.208571,183291.32200000004,-0.244269,Match
195328.18,-0.108571,183481.56500000003,-0.109872,Match
195525.78,-0.008571,-,-,Deletion
195723.48,0.0,-,-,Deletion
195921.28,0.0,-,-,Deletion
196119.18,0.0,-,-,Deletion
196317.18,0.0,-,-,Deletion
196515.28,0.0,-,-,Deletion
196713.48,0.0,-,-,Deletion
196713.48,0.0,-,-,Deletion
196713.58,0.0,-,-,Deletion
196713.78,0.0,-,-,Deletion
196714.08,0.0,-,-,Deletion
196714.47,0.0,-,-,Deletion
196714.97,0.0,-,-,Deletion
196715.57,0.0,-,-,Deletion
196716.27,0.0,-,-,Deletion
196717.06,0.0,-,-,Deletion
196717.96,0.0,-,-,Deletion
196718.96,0.0,-,-,Deletion
196720.06,0.0,-,-,Deletion
196721.26,0.0,-,-,Deletion
196722.56,0.0,-,-,Deletion
196723.96,0.0,-,-,Deletion
196725.46,0.0,183671.87700000004,-0.004905,Match
196727.06,0.0,183862.28800000003,0.004905,Match
196728.76,0.0,184052.79900000003,-0.028449,Match
196730.56,0.0,184243.42600000004,-0.023544,Match
196732.46,0.0,184434.13400000005,0.014715,Match
196734.46,0.0,184624.98000000004,-0.014715,Match
196736.56,0.0,184815.88600000003,-0.043164,Match
196738.76,0.0,185006.89,-0.014715,Match
196741.06,0.0,185197.993,-0.00981,Match
196743.46,0.0,185389.23400000003,0.01962,Match
196745.96,0.0,185580.53500000003,-0.028449,Match
196748.56,0.0,185771.93400000004,-0.066708,Match
196751.26,0.0,185963.43100000004,0.023544,Match
196754.06,0.0,186155.05600000004,0.0,Match
196756.96,0.0,186346.75100000005,-0.01962,Match
196759.96,0.0,186538.54500000004,-0.038259,Match
196763.06,0.0,186730.43800000005,0.00981,Match
196766.26,0.0,186922.43000000005,0.004905,Match
196769.56,0.0,187114.52100000004,-0.038259,Match
196772.96,0.0,187306.71000000005,-0.014715,Match
196776.46,0.0,187498.99800000005,-0.028449,Match
196780.06,0.0,187691.38500000004,0.057879,Match
196783.76,0.0,187883.88200000004,-0.033354,Match
196787.56,0.0,188076.46600000004,-0.00981,Match
196791.46,0.0,188269.14900000003,-0.028449,Match
196795.46,0.0,188461.93100000004,0.00981,Match
196799.56,0.0,188654.81200000003,-0.043164,Match
196803.76,0.0,188847.79100000003,-0.167751,Mismatch
196808.06,0.0,189040.87400000004,-0.244269,Mismatch
196812.46,0.0,189234.05100000004,-0.157941,Mismatch
196816.96,0.0,189427.32600000003,-0.139302,Match
196821.56,0.0,189620.70000000004,-0.01962,Match
196826.26,0.0,189814.17300000004,-0.023544,Match
196831.06,0.0,190007.74400000004,-0.004905,Match
196835.96,0.0,190201.44000000003,-0.004905,Match
196840.96,0.0,190395.21,-0.00981,Match
196846.06,0.0,190589.07900000003,-0.004905,Match
196851.26,0.0,190783.04600000003,-0.014715,Match
196856.56,0.0,190977.12700000004,-0.00981,Match
196861.96,0.0,191171.29200000004,-0.00981,Match
196867.46,0.0,191365.59300000005,-0.014715,Match
196873.06,0.0,191559.9560000001,-0.00981,Match
196878.76,0.0,191754.4180000001,-0.014715,Match
196884.56,0.0,191948.9780000001,-0.014715,Match
196890.46,0.0,192143.63700000008,-0.033354,Match
196896.46,0.0,192338.39600000007,-0.004905,Match
196902.56,0.0,192533.27800000008,-0.00981,Match
196908.76,0.0,192728.23300000007,-0.00981,Match
196915.06,0.0,192923.28700000007,0.0,Match
196921.46,0.0,193118.43900000007,-0.00981,Match
196927.96,0.0,193313.69100000008,-0.014715,Match
196934.56,0.0,193509.04200000007,-0.014715,Match
196941.26,0.0,193704.49000000008,-0.00981,Match
196948.06,0.0,193900.0380000001,-0.01962,Match
196954.96,0.0,194095.6840000001,-0.014715,Match
196961.96,0.0,194095.6840000001,-0.014715,Match
196969.06,0.0,194095.7820000001,0.0,Match
196976.26,0.0,194095.97900000008,-0.004905,Match
196983.56,0.0,194096.30300000007,-0.023544,Match
196990.96,0.0,194096.69600000008,-0.004905,Match
196998.46,0.0,194097.18900000007,-0.028449,Match
197006.06,0.0,194097.78100000008,-0.00981,Match
197013.76,0.0,194098.48500000007,-0.014715,Match
197021.56,0.0,194099.2740000001,-0.00981,Match
197029.46,0.0,194100.20000000007,-0.014715,Match
197037.46,0.0,194101.1870000001,-0.00981,Match
197045.56,0.0,194102.27300000007,-0.004905,Match
197053.76,0.0,194103.45700000008,-0.004905,Match
197062.06,0.0,194104.7550000001,-0.01962,Match
197070.46,0.0,194106.1360000001,0.0,Match
197078.96,0.0,194107.6170000001,-0.01962,Match
197087.56,0.0,194109.19600000008,-0.00981,Match
197096.26,0.0,194110.8740000001,-0.01962,Match
197105.06,0.0,194112.6520000001,-0.014715,Match
197113.96,0.0,194114.5670000001,-0.014715,Match
197122.96,0.0,194116.54100000008,-0.014715,Match
197132.06,0.0,194118.6140000001,-0.00981,Match
197141.26,0.0,194120.78600000008,-0.004905,Match
197150.56,0.0,194123.0570000001,-0.00981,Match
197159.96,0.0,194125.4280000001,-0.00981,Match
197169.46,0.0,194127.8960000001,-0.004905,Match
197179.06,0.0,194130.4620000001,-0.004905,Match
197188.76,0.0,194133.12900000007,-0.01962,Match
197198.56,0.0,194135.89300000007,-0.014715,Match
197208.46,0.0,194138.75600000008,-0.00981,Match
197218.46,0.0,194141.71800000008,-0.014715,Match
197228.56,0.0,194144.77800000008,-0.00981,Match
197238.76,0.0,194147.94600000008,-0.00981,Match
197249.06,0.0,194151.20500000007,-0.004905,Match
197259.46,0.0,194154.56300000008,-0.01962,Match
197269.96,0.0,194158.0190000001,-0.014715,Match
197280.56,0.0,194161.5730000001,-0.00981,Match
197291.26,0.0,194165.22600000008,-0.014715,Match
197302.06,0.0,194168.97900000008,-0.004905,Match
197312.96,0.0,194172.83000000007,-0.01962,Match
197323.96,0.0,194176.80900000007,-0.014715,Match
197335.06,0.0,194180.85800000007,-0.004905,Match
197346.26,0.0,194185.00600000005,-0.004905,Match
197357.56,0.0,194189.25200000007,-0.004905,Match
197368.96,0.0,194193.6220000001,-0.00981,Match
197380.46,0.0,194198.0650000001,-0.00981,Match
197392.06,0.0,194202.60700000005,-0.00981,Match
197403.76,0.0,194207.2470000001,-0.014715,Match
197415.56,0.0,194212.0160000001,-0.004905,Match
197427.46,0.0,194216.85500000007,-0.00981,Match
197439.46,0.0,194221.79200000007,-0.014715,Match
197451.56,0.0,194226.82800000007,-0.00981,Match
197463.76,0.0,194231.9670000001,-0.00981,Match
197476.06,0.0,194237.20000000007,-0.014715,Match
197488.46,0.0,194242.55600000007,-0.00981,Match
197500.96,0.0,194247.98700000008,-0.00981,Match
197513.56,0.0,194253.5160000001,-0.014715,Match
197526.26,0.0,194259.1440000001,-0.014715,Match
197539.06,0.0,194264.8710000001,-0.004905,Match
197551.96,0.0,194270.6970000001,-0.00981,Match
197564.96,0.0,194276.6210000001,0.004905,Match
197578.06,0.0,194282.6440000001,-0.014715,Match
197591.26,0.0,194288.7650000001,-0.023544,Match
197604.56,0.0,194294.9860000001,-0.033354,Match
197617.96,0.0,194301.30500000008,-0.00981,Match
197631.46,0.0,194307.7230000001,-0.023544,Match
197645.06,0.0,194314.24000000008,0.004905,Match
197658.76,0.0,194320.86200000008,-0.00981,Match
197672.56,0.0,194327.5760000001,-0.01962,Match
197686.46,0.0,194334.38900000008,0.0,Match
197700.46,0.0,194341.3010000001,-0.014715,Match
197714.56,0.0,194348.3120000001,0.0,Match
197728.76,0.0,194355.4210000001,-0.014715,Match
197743.06,0.0,194362.6490000001,0.0,Match
197757.46,0.0,194369.9560000001,-0.023544,Match
197771.96,0.0,194377.36200000008,-0.014715,Match
197786.56,0.0,194384.8670000001,0.004905,Match
197801.26,0.0,194392.47400000007,-0.01962,Match
197816.06,0.0,194400.17700000008,-0.028449,Match
197830.96,0.0,194408.0050000001,-0.01962,Match
197845.96,0.0,194415.9050000001,-0.01962,Match
197861.06,0.0,194423.9040000001,-0.00981,Match
197876.26,0.0,194432.0010000001,0.0,Match
197891.56,0.0,194440.2190000001,-0.004905,Match
197906.96,0.0,194448.5170000001,-0.00981,Match
197922.46,0.0,194456.9110000001,0.0,Match
197938.06,0.0,194465.4030000001,-0.00981,Match
197953.76,0.0,194473.9950000001,0.0,Match
197969.56,0.0,194482.6850000001,-0.023544,Match
197985.46,0.0,194491.4920000001,-0.014715,Match
198001.46,0.0,194500.3800000001,-0.038259,Match
198017.56,0.0,194509.4030000001,0.0,Match
198033.76,0.0,194518.4880000001,0.004905,Match
198050.06,0.0,194527.6720000001,-0.023544,Match
198066.46,0.0,194536.9550000001,-0.048069,Match
198082.96,0.0,194546.3650000001,-0.01962,Match
198099.56,0.0,194555.8450000001,-0.00981,Match
198116.26,0.0,194565.4240000001,-0.01962,Match
198133.06,0.0,194575.10200000013,0.0,Match
198149.96,0.0,194584.8780000001,-0.01962,Match
198166.96,0.0,194594.7530000001,-0.023544,Match
198184.06,0.0,194604.7260000001,-0.00981,Match
198201.26,0.0,194614.79800000013,-0.004905,Match
198218.56,0.0,194624.9700000001,0.0,Match
198235.96,0.0,194635.2400000001,-0.00981,Match
198253.46,0.0,194645.6080000001,-0.01962,Match
198271.06,0.0,194656.0840000001,-0.00981,Match
198288.76,0.0,194666.65000000008,-0.014715,Match
198306.56,0.0,194677.35500000007,-0.00981,Match
198324.46,0.0,194688.1190000001,-0.004905,Match
198342.46,0.0,194698.98200000008,-0.023544,Match
198360.56,0.0,194709.94200000007,-0.01962,Match
198378.76,0.0,194721.02100000007,-0.00981,Match
198397.06,0.0,194732.18000000008,-0.043164,Match
198415.46,0.0,194743.4780000001,-0.00981,Match
198433.96,0.0,194754.8340000001,-0.00981,Match
198452.56,0.0,194766.28900000008,-0.023544,Match
198471.26,0.0,194777.8420000001,-0.00981,Match
198490.06,0.0,194789.49500000008,-0.014715,Match
198508.96,0.0,194801.24600000007,-0.00981,Match
198527.96,0.0,194813.13400000008,0.00981,Match
198547.06,0.0,194825.08300000007,-0.033354,Match
198566.26,0.0,194837.1300000001,0.0,Match
198585.56,0.0,194849.2770000001,-0.004905,Match
198604.96,0.0,194861.5510000001,0.004905,Match
198624.46,0.0,194873.89500000008,-0.004905,Match
198644.06,0.0,194886.3370000001,-0.01962,Match
198663.76,0.0,194898.87800000008,-0.004905,Match
198683.56,0.0,194911.5180000001,-0.00981,Match
198703.46,0.0,194924.2570000001,-0.00981,Match
198723.46,0.0,194937.0950000001,-0.004905,Match
198743.56,0.0,194950.03100000008,-0.004905,Match
198763.76,0.0,194963.06600000008,-0.004905,Match
198784.06,0.0,194976.20000000007,-0.014715,Match
198804.46,0.0,194989.4320000001,-0.00981,Match
198824.96,0.0,195002.7630000001,-0.014715,Match
198845.56,-0.1,195016.1930000001,-0.071613,Match
198866.26,-0.2,195029.72200000007,-0.162846,Match
198887.06,-0.3,195043.3500000001,-0.297243,Match
198907.96,-0.4,195057.07700000008,-0.363951,Match
198928.96,-0.5,195070.9020000001,-0.512082,Match
198950.06,-0.6,195084.8360000001,-0.671004,Match
198971.26,-0.7,195098.85900000008,-0.656289,Match
198992.56,-0.7,195113.0130000001,-0.756351,Match
199013.96,-0.7,195127.2330000001,-0.704358,Match
199035.46,-0.7,195141.55200000008,-0.684738,Match
199057.06,-0.7,195155.9700000001,-0.747522,Match
199078.76,-0.7,195170.5000000001,-0.718092,Match
199100.56,-0.7,195185.1160000001,-0.742617,Match
199122.46,-0.7,195199.8620000001,-0.661194,Match
199144.46,-0.628571,195214.6750000001,-0.727902,Match
199166.56,-0.528571,195229.5870000001,-0.536607,Match
199188.76,-0.428571,195244.59700000013,-0.473823,Match
199211.06,-0.328571,195259.7370000001,-0.363951,Match
199233.46,-0.228571,195274.94500000012,-0.325692,Match
199255.96,-0.128571,195290.25200000012,-0.101043,Match
199278.56,-0.028571,195305.6580000001,-0.091233,Match
199301.26,0.0,-,-,Deletion
199324.06,0.0,-,-,Deletion
199346.96,0.0,195321.1990000001,-0.033354,Match
199369.96,0.0,195336.80300000013,0.0,Match
199393.06,0.0,195352.5050000001,-0.00981,Match
199416.26,0.0,195368.30600000013,-0.004905,Match
199439.56,0.0,195384.20500000013,-0.038259,Match
199462.96,0.0,195400.2040000001,0.023544,Match
199486.46,0.0,195416.3020000001,-0.038259,Match
199510.06,0.0,195432.4980000001,0.00981,Match
199533.76,0.0,195448.79300000012,-0.057879,Match
199557.56,0.0,195465.18700000012,-0.01962,Match
199581.46,0.0,195481.67900000012,-0.038259,Match
199605.46,0.0,195498.27100000012,-0.014715,Match
199629.56,0.0,195514.96200000012,-0.043164,Match
199653.76,0.0,195531.7510000001,-0.00981,Match
199678.06,0.0,195548.6390000001,-0.00981,Match
199702.46,0.0,195565.6260000001,0.004905,Match
199726.96,0.0,195582.71100000013,-0.028449,Match
199751.56,0.02,195599.8970000001,0.043164,Match
199776.26,0.12,195617.1800000001,0.061803,Match
199801.06,0.22,195634.5850000001,0.220725,Match
199825.96,0.32,195652.0650000001,0.287433,Match
199850.96,0.42,195669.6440000001,0.363951,Match
199876.06,0.52,195687.32200000013,0.555246,Match
199901.26,0.62,195705.1260000001,0.584676,Match
199926.56,0.7,195723.0010000001,0.732807,Match
199951.96,0.7,195740.9750000001,0.666099,Match
199977.46,0.7,195759.04800000013,0.752427,Match
200003.06,0.7,195777.23000000013,0.679833,Match
200028.76,0.7,195795.5000000001,0.732807,Match
200054.56,0.7,195813.91200000013,0.641574,Match
200080.46,0.7,195832.3800000001,0.709263,Match
200106.46,0.7,195850.96900000013,0.694548,Match
200132.56,0.608571,195869.63500000013,0.555246,Match
200158.76,0.508571,195888.3990000001,0.3924,Match
200185.06,0.408571,195907.26200000013,0.40221,Match
200211.46,0.308571,195926.2480000001,0.18639,Match
200237.96,0.208571,195945.3080000001,0.143226,Match
200264.56,0.108571,195964.50800000012,0.057879,Match
200291.26,0.008571,195983.76600000012,-0.023544,Match
200318.06,0.0,196003.12200000012,0.0,Match
200344.96,0.0,196022.5770000001,-0.048069,Match
200371.96,0.0,196042.1310000001,0.0,Match
200399.06,0.0,196061.78400000013,0.014715,Match
200426.26,0.0,196081.5770000001,-0.033354,Match
200453.56,0.0,196101.42800000013,-0.01962,Match
200480.96,0.0,196121.3780000001,-0.00981,Match
200508.46,0.0,196141.4270000001,0.014715,Match
200536.06,0.0,196161.5740000001,-0.00981,Match
200563.76,0.0,196181.82000000012,-0.052974,Match
200591.56,0.0,196202.16500000012,0.014715,Match
200619.46,0.0,196222.60800000012,-0.004905,Match
200647.46,0.0,196243.1500000001,0.004905,Match
-,-,196263.7910000001,-0.061803,Insertion
-,-,196284.53100000013,0.00981,Insertion
200675.56,0.0,196305.3700000001,0.0,Match
200703.76,0.0,196326.30700000012,-0.023544,Match
200732.06,0.0,196347.3430000001,-0.01962,Match
200760.46,0.0,196368.47800000012,-0.028449,Match
200788.96,0.0,196389.7510000001,0.014715,Match
200817.56,0.0,196411.08400000012,0.00981,Match
200846.26,0.0,196432.5220000001,-0.038259,Match
200875.06,0.0,196454.0520000001,-0.00981,Match
200903.96,0.0,196475.70900000012,-0.01962,Match
-,-,196497.43700000012,0.096138,Insertion
-,-,196519.2640000001,0.114777,Insertion
-,-,196541.18900000013,0.177561,Insertion
-,-,196563.2140000001,0.191295,Insertion
-,-,196585.3370000001,0.086328,Insertion
200932.96,0.0,196607.55900000007,0.00981,Match
200962.06,0.0,196629.87900000013,0.004905,Match
200991.26,0.0,196652.29800000013,-0.00981,Match
201020.56,0.0,196674.8320000001,0.014715,Match
201049.96,0.0,196697.44800000012,0.0,Match
201079.46,0.0,196720.16300000012,-0.004905,Match
201109.06,0.0,196742.97700000016,-0.00981,Match
201138.76,0.0,196765.89900000012,-0.061803,Match
201168.56,0.0,196788.9110000001,0.004905,Match
201198.46,0.0,196812.0220000001,-0.00981,Match
201228.46,0.0,196835.23100000012,-0.014715,Match
201258.56,0.0,196858.53800000012,-0.01962,Match
201288.76,0.0,196881.94500000012,-0.00981,Match
201319.06,0.0,196905.45000000016,-0.01962,Match
201349.46,0.0,196929.05400000012,-0.014715,Match
201379.96,0.0,196952.75800000012,-0.014715,Match
201410.56,0.0,196976.5600000001,-0.00981,Match
201441.26,0.0,197000.47400000013,-0.014715,Match
201472.06,0.0,197024.47400000013,-0.004905,Match
201502.96,0.0,197048.60500000013,-0.014715,Match
201533.96,0.0,197072.8020000001,-0.014715,Match
201565.06,0.0,197097.0980000001,-0.023544,Match
201596.26,0.0,197121.4920000001,0.0,Match
201627.56,0.0,197145.9960000001,-0.00981,Match
201658.96,0.0,197170.5880000001,-0.023544,Match
201690.46,0.0,197195.3140000001,-0.004905,Match
201722.06,0.0,197220.1030000001,-0.004905,Match
201753.76,0.0,197244.9910000001,-0.00981,Match
201785.56,0.0,197269.9780000001,0.004905,Match
201817.46,0.0,197295.0640000001,0.0,Match
201849.46,0.0,197320.2490000001,-0.033354,Match
201881.56,0.0,197345.5330000001,-0.028449,Match
201913.76,0.0,197370.91500000007,-0.004905,Match
201946.06,0.0,197396.39600000007,-0.00981,Match
201978.46,0.0,197421.9760000001,-0.004905,Match
202010.96,0.0,197447.6550000001,-0.014715,Match
202043.56,0.0,197473.43400000007,0.0,Match
202076.26,0.0,197499.3100000001,0.004905,Match
202109.06,0.0,197525.2850000001,-0.00981,Match
202141.96,0.0,197551.3590000001,-0.004905,Match
202174.96,0.0,197577.5310000001,-0.004905,Match
202208.06,0.0,197603.8020000001,0.004905,Match
202241.26,0.0,197630.1720000001,-0.00981,Match
202274.56,0.0,197656.6410000001,-0.00981,Match
202307.96,0.0,197683.2090000001,-0.014715,Match
202341.46,0.0,197709.8750000001,0.0,Match
202375.06,0.0,197736.64000000013,-0.01962,Match
202408.76,0.0,197763.50400000013,-0.014715,Match
202442.56,0.0,197790.4790000001,-0.014715,Match
202476.46,0.0,197817.5410000001,-0.014715,Match
202510.46,0.0,197844.7020000001,-0.00981,Match
202544.56,0.0,197871.96200000012,-0.01962,Match
202578.76,0.0,197899.33400000012,-0.004905,Match
202613.06,0.0,197926.79200000016,-0.014715,Match
202647.46,0.0,197954.34900000016,-0.00981,Match
202681.96,0.0,197982.00400000016,-0.028449,Match
202716.56,0.0,198009.75800000012,0.0,Match
202751.26,0.0,198037.61100000012,0.0,Match
202786.06,0.0,198065.58800000016,-0.01962,Match
202820.96,0.0,198093.63900000017,-0.004905,Match
202855.96,0.0,198121.78900000016,-0.00981,Match
202891.06,0.0,198150.03700000016,-0.01962,Match
202926.26,0.0,198178.40600000016,-0.004905,Match
202961.56,0.0,198206.85200000016,-0.014715,Match
202996.96,0.0,198235.39700000017,-0.014715,Match
203032.46,0.0,198264.04100000017,-0.00981,Match
203068.06,0.0,198292.79300000015,-0.00981,Match
203103.76,0.0,198321.63400000017,-0.00981,Match
203139.56,0.0,198350.60400000017,-0.004905,Match
203175.46,0.0,198379.64300000016,-0.014715,Match
203211.46,0.0,198408.78100000016,-0.014715,Match
203247.56,0.0,198438.01800000016,-0.004905,Match
203283.76,0.0,198467.35400000017,-0.023544,Match
203320.06,0.0,198496.78800000015,-0.01962,Match
203356.46,0.0,198526.32100000017,-0.004905,Match
203392.96,0.0,198555.95300000015,-0.00981,Match
203429.56,0.0,198585.68400000015,-0.023544,Match
203466.26,0.0,198615.51400000017,-0.014715,Match
203503.06,0.0,198645.44200000016,-0.004905,Match
203539.96,0.0,198675.4690000002,-0.004905,Match
203576.96,0.0,198705.59500000015,-0.004905,Match
203614.06,0.0,198735.82100000017,-0.01962,Match
203651.26,0.0,198766.14500000016,0.014715,Match
203688.56,0.0,198796.59400000016,0.00981,Match
203725.96,0.0,198827.11500000017,0.004905,Match
203763.46,0.0,198857.73500000016,0.00981,Match
203801.06,0.0,198888.45400000017,-0.014715,Match
203838.76,0.0,198919.27800000017,0.0,Match
203876.56,0.0,198950.19400000016,0.004905,Match
203914.46,0.0,198981.24300000016,-0.028449,Match
203952.46,0.0,199012.35800000012,0.0,Match
203990.56,0.0,199043.5710000001,0.014715,Match
204028.76,0.0,199074.88300000012,0.0,Match
204067.06,0.0,199106.30700000012,-0.052974,Match
204105.46,0.0,199137.81700000016,-0.033354,Match
204143.96,0.0,199169.4650000001,-0.023544,Match
204182.56,0.0,199201.1720000001,-0.023544,Match
204221.26,0.0,199232.97800000012,-0.028449,Match
204260.06,0.0,199264.88300000012,-0.014715,Match
204298.96,0.0,199296.90400000016,-0.004905,Match
204337.96,0.0,199329.00700000016,-0.00981,Match
204377.06,0.0,199361.20800000016,0.004905,Match
204416.26,0.0,199393.50900000017,-0.004905,Match
204455.56,0.0,199425.90800000017,-0.00981,Match
204494.96,0.0,199458.40600000016,-0.00981,Match
204534.46,0.0,199491.03000000017,-0.01962,Match
204574.06,0.0,199523.72600000017,-0.038259,Match
204613.76,0.0,199556.52000000016,-0.014715,Match
204653.56,0.0,199589.41300000015,-0.028449,Match
204693.46,0.0,199622.40400000016,-0.033354,Match
204733.46,0.0,199655.49400000015,0.0,Match
204773.56,0.0,199688.6830000002,-0.00981,Match
204813.76,0.0,199721.9710000002,-0.004905,Match
204854.06,0.0,199755.3570000002,-0.01962,Match
204894.46,0.0,199788.84200000015,0.004905,Match
204934.96,0.0,199822.42600000015,-0.014715,Match
204975.56,0.0,199856.11100000015,-0.00981,Match
205016.26,0.0,199889.8930000002,-0.004905,Match
205057.06,0.0,199923.8020000002,-0.014715,Match
205097.96,0.0,199957.7820000002,-0.00981,Match
205138.96,0.0,199991.86000000025,0.0,Match
205180.06,0.0,200026.0370000002,-0.00981,Match
205221.26,0.0,200060.34300000023,-0.004905,Match
205262.56,0.0,200094.71800000023,-0.00981,Match
205303.96,0.0,200129.19400000025,-0.00981,Match
205345.46,0.0,200163.7660000002,-0.004905,Match
205387.06,0.0,200198.4480000002,-0.004905,Match
205428.76,0.0,200233.2180000002,-0.00981,Match
205470.56,0.0,200268.1150000002,-0.014715,Match
205512.46,0.0,200303.0830000002,-0.014715,Match
205554.46,0.0,200338.14900000015,-0.004905,Match
205596.56,0.0,200373.3140000002,-0.01962,Match
205638.76,0.0,200408.5820000002,-0.01962,Match
205681.06,0.0,200443.9450000002,-0.033354,Match
205723.46,0.0,200479.4350000002,-0.01962,Match
205765.96,0.0,200514.9960000002,0.0,Match
205808.56,0.0,200550.6550000002,-0.033354,Match
205851.26,0.0,200586.4130000002,-0.01962,Match
205894.06,0.0,200622.2940000002,-0.00981,Match
205936.96,0.0,200658.2500000002,-0.014715,Match
205979.96,0.0,200694.3050000002,-0.00981,Match
206023.06,0.0,200730.4590000002,-0.004905,Match
206066.26,0.0,200766.7110000002,-0.01962,Match
206109.56,0.0,200803.0620000002,-0.023544,Match
206152.96,0.0,200839.51200000025,-0.01962,Match
206196.46,0.0,200876.06100000025,-0.01962,Match
206240.06,0.0,200912.7090000002,-0.014715,Match
206283.76,0.0,200949.45500000025,-0.00981,Match
206327.56,0.0,200986.3010000002,-0.043164,Match
206371.46,0.0,201023.2450000002,-0.014715,Match
206415.46,0.0,201060.2880000002,-0.00981,Match
206459.56,0.0,201097.4300000002,-0.014715,Match
206503.76,0.0,201134.6710000002,-0.00981,Match
206548.06,0.0,201172.0110000002,-0.014715,Match
206592.46,0.0,201209.4490000002,-0.014715,Match
206636.96,0.0,201246.9860000002,0.0,Match
206681.56,0.0,201284.6220000002,-0.01962,Match
206726.26,0.0,201322.3570000002,-0.00981,Match
206771.06,0.0,201360.1910000002,-0.023544,Match
206815.96,0.0,201398.12400000016,-0.023544,Match
206860.96,-0.1,201436.15500000017,-0.114777,Match
206906.06,-0.2,201474.30900000015,-0.224649,Match
206951.26,-0.3,201512.53800000015,-0.368856,Match
206996.56,-0.4,201550.86600000015,-0.483633,Match
207041.96,-0.5,201589.29300000015,-0.589581,Match
207087.46,-0.6,201627.83600000016,-0.632745,Match
207133.06,-0.7,201666.4600000002,-0.790686,Match
207178.76,-0.7,201705.1820000002,-0.732807,Match
207224.56,-0.7,201744.0030000002,-0.756351,Match
207270.46,-0.7,201782.9240000002,-0.704358,Match
207316.46,-0.7,201821.9440000002,-0.732807,Match
207362.56,-0.7,201861.06200000015,-0.742617,Match
207408.76,-0.7,201900.27800000017,-0.674928,Match
207455.06,-0.7,201939.63300000015,-0.714168,Match
207501.46,-0.628571,201979.04700000017,-0.651384,Match
207547.96,-0.528571,202018.56000000017,-0.560151,Match
207594.56,-0.428571,202058.17200000017,-0.426735,Match
207641.26,-0.328571,202097.92000000016,-0.340407,Match
207688.06,-0.228571,202137.72900000017,-0.191295,Match
207734.96,-0.128571,202177.63700000016,-0.104967,Match
207781.96,-0.028571,202217.64400000015,-0.023544,Match
207829.06,0.0,-,-,Deletion
207876.26,0.0,-,-,Deletion
207923.56,0.0,-,-,Deletion
207970.96,0.0,202257.75000000015,-0.014715,Match
208018.46,0.0,202297.95500000016,-0.004905,Match
208066.06,0.0,202338.25800000015,0.014715,Match
208113.76,0.0,202378.66000000015,-0.01962,Match
208161.56,0.0,202419.16100000017,-0.052974,Match
208209.46,0.0,202459.76100000017,0.023544,Match
208257.46,0.0,202500.46000000017,-0.057879,Match
208305.56,0.0,202541.25800000015,-0.004905,Match
208353.76,0.0,202582.15500000017,-0.01962,Match
208402.06,0.0,202623.17700000017,-0.004905,Match
208450.46,0.0,202664.27100000015,-0.004905,Match
208498.96,0.0,202705.4630000002,-0.033354,Match
208547.56,0.0,202746.75500000015,-0.00981,Match
208596.26,0.0,202788.16000000015,-0.028449,Match
208645.06,0.0,202829.65000000017,0.014715,Match
208693.96,0.0,202871.27600000016,-0.076518,Match
208742.96,0.02,202912.96300000016,0.028449,Match
208792.06,0.12,202954.75600000017,0.043164,Match
208841.26,0.22,202996.64000000016,0.201105,Match
208890.56,0.32,203038.64600000012,0.220725,Match
208939.96,0.42,203080.72800000012,0.41202,Match
208989.46,0.52,203122.90900000016,0.455184,Match
209039.06,0.62,203165.18900000016,0.62784,Match
209088.76,0.7,203207.56800000012,0.737712,Match
209138.56,0.7,203250.04500000016,0.679833,Match
209188.46,0.7,203292.63900000017,0.732807,Match
209238.46,0.7,203335.31400000016,0.646479,Match
209288.56,0.7,203378.12800000017,0.709263,Match
209338.76,0.7,203421.00000000015,0.666099,Match
209389.06,0.7,203463.97200000015,0.742617,Match
209439.46,0.7,203507.0420000002,0.671004,Match
209489.96,0.608571,203550.21100000016,0.593505,Match
209540.56,0.508571,203593.4790000002,0.397305,Match
209591.26,0.408571,203636.8460000002,0.354141,Match
209642.06,0.308571,203680.3110000002,0.20601,Match
209692.96,0.208571,203723.8760000002,0.167751,Match
209743.96,0.108571,203767.5490000002,0.014715,Match
209795.06,0.008571,203811.3100000002,0.0,Match
209846.26,0.0,203855.1700000002,-0.071613,Match
-,-,203899.1290000002,0.057879,Insertion
-,-,203943.19800000015,-0.033354,Insertion
-,-,203987.35500000016,-0.014715,Insertion
209897.56,0.0,204031.6100000002,-0.033354,Match
209948.96,0.0,204075.9650000002,0.01962,Match
210000.46,0.0,204120.4180000002,0.004905,Match
210052.06,0.0,204164.9700000002,-0.014715,Match
210103.76,0.0,204209.6370000002,-0.048069,Match
210155.56,0.0,204254.3860000002,0.01962,Match
210207.46,0.0,204299.2710000002,-0.023544,Match
210259.46,0.0,204344.2180000002,-0.004905,Match
210311.56,0.0,204389.2650000002,-0.052974,Match
210363.76,0.0,204434.4090000002,-0.004905,Match
210416.06,0.0,204479.68200000015,0.004905,Match
210468.46,0.0,204525.02300000016,-0.004905,Match
210520.96,0.0,204570.46300000016,-0.028449,Match
210573.56,0.0,204616.00100000016,-0.023544,Match
210626.26,0.0,204661.65800000017,0.028449,Match
210679.06,0.0,204707.39500000016,0.01962,Match
210731.96,0.0,204753.26900000015,-0.043164,Match
210784.96,0.0,204799.20300000015,0.0,Match
210838.06,0.0,204845.2460000002,-0.00981,Match
210891.26,0.0,204891.3780000002,0.014715,Match
210944.56,0.0,204937.6370000002,0.01962,Match
210997.96,0.0,204983.9660000002,0.119682,Match
-,-,205030.3940000002,0.20601,Insertion
-,-,205076.92000000025,0.153036,Insertion
-,-,205123.5650000002,0.101043,Insertion
211051.46,0.0,205170.2890000002,0.014715,Match
211105.06,0.0,205217.1530000002,-0.00981,Match
211158.76,0.0,205264.0740000002,-0.004905,Match
211212.56,0.0,205311.0940000002,-0.004905,Match
211266.46,0.0,205358.2130000002,-0.00981,Match
211320.46,0.0,205405.4300000002,-0.00981,Match
211374.56,0.0,205452.7460000002,-0.014715,Match
211428.76,0.0,205500.20600000015,-0.048069,Match
211483.06,0.0,205547.7190000002,-0.01962,Match
211537.46,0.0,205595.33100000015,-0.01962,Match
211591.96,0.0,205643.04100000017,-0.00981,Match
211646.56,0.0,205690.85100000017,-0.01962,Match
211701.26,0.0,205738.76000000015,-0.014715,Match
211756.06,0.0,205786.7670000002,-0.004905,Match
211810.96,0.0,205834.89600000015,-0.004905,Match
211865.96,0.0,205883.10100000017,-0.014715,Match
211921.06,0.0,205931.40500000017,-0.00981,Match
211976.26,0.0,205979.80700000015,-0.014715,Match
212031.56,0.0,206028.31700000016,-0.01962,Match
212086.96,0.0,206076.9170000002,-0.004905,Match
212142.46,0.0,206125.6470000002,-0.00981,Match
212198.06,0.0,206174.4440000002,-0.004905,Match
212253.76,0.0,206223.3400000002,-0.014715,Match
212309.56,0.0,206272.3350000002,0.004905,Match
212365.46,0.0,206321.43400000015,0.0,Match
212421.46,0.0,206370.6260000002,-0.023544,Match
212477.56,0.0,206419.9410000002,-0.01962,Match
212533.76,0.0,206469.3310000002,-0.004905,Match
212590.06,0.0,206518.81900000025,-0.028449,Match
212646.46,0.0,206568.40600000025,-0.023544,Match
212702.96,0.0,206618.0920000002,0.028449,Match
212759.56,0.0,206667.87600000025,-0.004905,Match
212816.26,0.0,206717.7600000002,-0.00981,Match
212873.06,0.0,206767.7420000002,-0.01962,Match
212929.96,0.0,206817.8610000002,-0.004905,Match
212986.96,0.0,206868.0410000002,-0.01962,Match
213044.06,0.0,206918.3200000002,-0.00981,Match
213101.26,0.0,206968.69700000025,-0.014715,Match
213158.56,0.0,207019.1730000002,0.0,Match
213215.96,0.0,207069.7520000002,-0.014715,Match
213273.46,0.0,207120.42500000025,0.004905,Match
213331.06,0.0,207171.20200000025,-0.004905,Match
213388.76,0.0,207222.07300000024,-0.01962,Match
213446.56,0.0,207273.06400000025,-0.01962,Match
213504.46,0.0,207324.13200000025,-0.01962,Match
213562.46,0.0,207375.29900000023,-0.014715,Match
213620.56,0.0,207426.56500000024,-0.014715,Match
213678.76,0.0,207477.93000000023,-0.004905,Match
213737.06,0.0,207529.39400000023,-0.004905,Match
213795.46,0.0,207580.97600000023,0.0,Match
213853.96,0.0,207632.63700000025,0.0,Match
213912.56,0.0,207684.3960000002,-0.014715,Match
213971.26,0.0,207736.2550000002,-0.00981,Match
214030.06,0.0,207788.2120000002,-0.004905,Match
214088.96,0.0,207840.2680000002,-0.00981,Match
214147.96,0.0,207892.4400000002,-0.01962,Match
214207.06,0.0,207944.6940000002,-0.033354,Match
214266.26,0.0,207997.0830000002,-0.023544,Match
214325.56,0.0,208049.53500000015,-0.01962,Match
214384.96,0.0,208102.08500000017,0.0,Match
214444.46,0.0,208154.73400000017,-0.00981,Match
214504.06,0.0,208207.50700000016,-0.01962,Match
214563.76,0.0,208260.35300000012,-0.014715,Match
214623.56,0.0,208313.29800000016,-0.014715,Match
214683.46,0.0,208366.34200000012,-0.01962,Match
214743.46,0.0,208419.48500000016,-0.00981,Match
214803.56,0.0,208472.72600000017,-0.004905,Match
214863.76,0.0,208526.09900000016,-0.004905,Match
214924.06,0.0,208579.53800000015,-0.004905,Match
214984.46,0.0,208633.07600000015,-0.014715,Match
215044.96,0.0,208686.71200000017,-0.00981,Match
215105.56,0.0,208740.44700000016,-0.014715,Match
215166.26,0.0,208794.28000000017,-0.014715,Match
215227.06,0.0,208848.21300000016,-0.014715,Match
215287.96,0.0,208902.24400000012,-0.004905,Match
215348.96,0.0,208956.3730000001,-0.004905,Match
215410.06,0.0,209010.62200000012,-0.004905,Match
215471.26,0.0,209064.9490000001,-0.01962,Match
215532.56,0.0,209119.37400000013,-0.014715,Match
215593.96,0.0,209173.89800000013,-0.014715,Match
215655.46,0.0,209228.5330000001,0.0,Match
215717.06,0.0,209283.25500000012,-0.00981,Match
215778.76,0.0,209338.07600000012,0.0,Match
215840.56,0.0,209392.9950000001,-0.023544,Match
215902.46,0.0,209448.01600000012,-0.014715,Match
215964.46,0.0,209503.13300000012,-0.00981,Match
216026.56,0.0,209558.3730000001,0.00981,Match
216088.76,0.0,209613.6880000001,-0.023544,Match
216151.06,0.0,209669.10200000013,-0.004905,Match
216213.46,0.0,209724.6140000001,-0.004905,Match
216275.96,0.0,209780.2290000001,-0.014715,Match
216338.56,0.0,209835.9390000001,-0.01962,Match
216401.26,0.0,209891.7820000001,-0.014715,Match
216464.06,0.0,209947.6900000001,-0.023544,Match
216526.96,0.0,210003.69600000008,0.00981,Match
216589.96,0.0,210059.80000000008,0.004905,Match
216653.06,0.0,210116.02600000007,-0.01962,Match
216716.26,0.0,210172.32800000007,-0.00981,Match
216779.56,0.0,210228.72900000008,-0.01962,Match
216842.96,0.0,210285.23000000007,-0.023544,Match
216906.46,0.0,210341.8560000001,0.014715,Match
216970.06,0.0,210398.5540000001,-0.00981,Match
217033.76,0.0,210455.35100000005,-0.01962,Match
217097.56,0.0,210512.2470000001,-0.028449,Match
217161.46,0.0,210569.24100000007,-0.023544,Match
217225.46,0.0,210626.33300000007,0.0,Match
217289.56,0.0,210683.52500000008,0.0,Match
217353.76,0.0,210740.8230000001,0.0,Match
217418.06,0.0,210798.2120000001,-0.01962,Match
217482.46,0.0,210855.69900000008,0.004905,Match
217546.96,0.0,210913.28600000008,0.0,Match
217611.56,0.0,210970.97200000007,-0.014715,Match
217676.26,0.0,211028.75600000008,-0.014715,Match
217741.06,0.0,211086.63900000008,-0.028449,Match
217805.96,0.0,211144.6220000001,-0.014715,Match
217870.96,0.0,211202.7030000001,-0.004905,Match
217936.06,0.0,211260.8830000001,-0.01962,Match
218001.26,0.0,211319.16100000008,-0.00981,Match
218066.56,0.0,211377.5380000001,-0.00981,Match
218131.96,0.0,211436.01400000008,-0.00981,Match
218197.46,0.0,211494.5890000001,-0.01962,Match
218263.06,0.0,211553.2800000001,-0.004905,Match
218328.76,0.0,211612.05200000008,-0.00981,Match
218394.56,0.0,211670.95400000009,-0.01962,Match
218460.46,0.0,211729.9240000001,0.0,Match
218526.46,0.0,211788.9920000001,-0.004905,Match
218592.56,0.0,211848.15800000008,0.0,Match
218658.76,0.0,211907.44900000008,0.0,Match
218725.06,0.0,211966.81400000007,-0.004905,Match
218791.46,0.0,212026.27800000008,-0.004905,Match
218857.96,0.0,212085.84000000008,0.0,Match
218924.56,0.0,212145.5180000001,-0.004905,Match
218991.26,0.0,212205.2780000001,0.0,Match
219058.06,0.0,212265.1780000001,-0.00981,Match
219124.96,0.0,212325.1360000001,-0.004905,Match
219191.96,0.0,212385.19200000013,-0.01962,Match
219259.06,0.0,212445.34700000013,-0.014715,Match
219326.26,0.0,212505.6450000001,0.0,Match
219393.56,0.0,212565.99700000012,-0.014715,Match
219460.96,0.0,212626.44800000012,-0.004905,Match
219528.46,0.0,212686.9980000001,-0.014715,Match
219596.06,0.0,212747.67400000012,-0.004905,Match
219663.76,0.0,212808.42100000012,0.0,Match
219731.56,0.0,212869.2670000001,0.0,Match
219799.46,0.0,212930.21200000012,-0.014715,Match
219867.46,0.0,212991.25500000012,-0.004905,Match
219935.56,0.0,213052.3970000001,0.004905,Match
220003.76,0.0,213113.63700000013,-0.00981,Match
220072.06,0.0,213174.97700000013,0.0,Match
220140.46,0.0,213236.41500000007,-0.01962,Match
220208.96,0.0,213297.9570000001,0.00981,Match
220277.56,0.0,213359.5930000001,0.0,Match
220346.26,0.0,213421.3270000001,0.004905,Match
220415.06,0.0,213483.1610000001,-0.004905,Match
220483.96,0.0,213545.0930000001,-0.014715,Match
220552.96,0.0,213607.1230000001,0.0,Match
220622.06,0.0,213669.2530000001,-0.004905,Match
220691.26,0.0,213731.4810000001,-0.004905,Match
220760.56,0.0,213793.8340000001,-0.01962,Match
220829.96,0.0,213856.2590000001,-0.01962,Match
220899.46,-0.1,213918.7830000001,-0.114777,Match
220969.06,-0.2,213981.4060000001,-0.254079,Match
221038.76,-0.3,214044.1280000001,-0.325692,Match
221108.56,-0.4,214106.9490000001,-0.546417,Match
221178.46,-0.5,214169.8890000001,-0.565056,Match
221248.46,-0.6,214232.9070000001,-0.671004,Match
221318.56,-0.7,214296.0240000001,-0.709263,Match
221388.76,-0.7,214359.2400000001,-0.722997,Match
221459.06,-0.7,214422.5560000001,-0.666099,Match
221529.46,-0.7,214485.9690000001,-0.699453,Match
221599.96,-0.7,214549.5000000001,-0.694548,Match
221670.56,-0.7,214613.1110000001,-0.694548,Match
221741.26,-0.7,214676.86200000008,-0.694548,Match
221812.06,-0.7,214740.67000000007,-0.699453,Match
221882.96,-0.628571,214804.57700000008,-0.62784,Match
221953.96,-0.528571,214868.58200000008,-0.464994,Match
222025.06,-0.428571,214932.7200000001,-0.455184,Match
222096.26,-0.328571,214996.9230000001,-0.302148,Match
222167.56,-0.228571,215061.2250000001,-0.1962,Match
222238.96,-0.128571,215125.6260000001,-0.104967,Match
222310.46,-0.028571,-,-,Deletion
222382.06,0.0,-,-,Deletion
222453.76,0.0,-,-,Deletion
222525.56,0.0,215190.1250000001,0.023544,Match
222597.46,0.0,215254.7230000001,-0.081423,Match
222669.46,0.0,215319.4200000001,0.004905,Match
222741.56,0.0,215384.2160000001,-0.01962,Match
222813.76,0.0,215449.1110000001,0.048069,Match
222886.06,0.0,215514.10400000008,-0.071613,Match
222958.46,0.0,215579.19600000008,0.033354,Match
223030.96,0.0,215644.38700000008,-0.086328,Match
223103.56,0.0,215709.6760000001,0.081423,Match
223176.26,0.0,215775.0760000001,-0.071613,Match
223249.06,0.0,215840.56300000005,0.00981,Match
223321.96,0.0,215906.18500000008,-0.071613,Match
223394.96,0.0,215971.8690000001,0.0,Match
223468.06,0.0,216037.6520000001,-0.023544,Match
223541.26,0.0,216103.53400000007,-0.01962,Match
223614.56,0.0,216169.52900000007,-0.028449,Match
223687.96,0.0,216235.60900000003,0.033354,Match
223761.46,0.02,216301.78700000007,-0.081423,Match
223835.06,0.12,216368.06400000007,0.043164,Match
223908.76,0.22,216434.47100000008,0.239364,Match
223982.56,0.32,216500.9450000001,0.258984,Match
224056.46,0.42,216567.51800000007,0.430659,Match
224130.46,0.52,216634.1900000001,0.473823,Match
224204.56,0.62,216700.96100000007,0.622935,Match
224278.76,0.7,216767.83000000007,0.714168,Match
224353.06,0.7,216834.79800000007,0.679833,Match
224427.46,0.7,216901.8640000001,0.684738,Match
224501.96,0.7,216969.0490000001,0.709263,Match
224576.56,0.7,217036.31300000005,0.704358,Match
224651.26,0.7,217103.71000000005,0.704358,Match
224726.06,0.7,217171.17200000005,0.674928,Match
224800.96,0.7,217238.73200000005,0.656289,Match
224875.96,0.608571,217306.3910000001,0.469899,Match
224951.06,0.508571,217374.1490000001,0.464994,Match
225026.26,0.408571,217442.00600000005,0.302148,Match
225101.56,0.308571,217509.96100000004,0.267813,Match
225176.96,0.208571,217578.01500000004,0.139302,Match
225252.46,0.108571,217646.16800000003,0.00981,Match
225328.06,0.008571,217714.42000000004,-0.014715,Match
225403.76,0.0,217782.77100000004,0.0,Match
225479.56,0.0,217851.22000000003,0.004905,Match
225555.46,0.0,217919.76800000004,-0.052974,Match
225631.46,0.0,217988.41400000005,0.0,Match
225707.56,0.0,218057.15900000004,0.0,Match
225783.76,0.0,218126.00200000004,0.00981,Match
225860.06,0.0,218194.94500000004,-0.043164,Match
225936.46,0.0,218264.00800000003,-0.01962,Match
226012.96,0.0,218333.14800000004,0.00981,Match
226089.56,0.0,218402.38700000005,0.0,Match
226166.26,0.0,218471.72500000003,-0.023544,Match
226243.06,0.0,218541.17400000003,-0.033354,Match
226319.96,0.0,218610.70900000003,-0.004905,Match
226396.96,0.0,218680.37500000003,0.023544,Match
226474.06,0.0,218750.107,-0.023544,Match
226551.26,0.0,218819.938,-0.028449,Match
226628.56,0.0,218889.868,-0.033354,Match
226705.96,0.0,218959.91,0.038259,Match
226783.46,0.0,219030.037,-0.028449,Match
226861.06,0.0,219100.299,-0.043164,Match
226938.76,0.0,219170.624,-0.014715,Match
227016.56,0.0,219241.047,0.014715,Match
227094.46,0.0,219311.57,0.0,Match
227172.46,0.0,219382.191,-0.033354,Match
-,-,219452.91000000003,0.104967,Insertion
-,-,219523.76800000004,0.201105,Insertion
-,-,219594.68500000003,0.244269,Insertion
-,-,219665.70100000003,0.143226,Insertion
-,-,219736.816,0.038259,Insertion
227250.56,0.0,219808.029,0.004905,Match
227328.76,0.0,219879.34,-0.023544,Match
227407.06,0.0,219950.75,0.0,Match
227485.46,0.0,220022.259,0.0,Match
227563.96,0.0,220093.868,-0.014715,Match
227642.56,0.0,220165.575,-0.01962,Match
227721.26,0.0,220237.38,0.01962,Match
227800.06,0.0,220309.284,-0.023544,Match
227878.96,0.0,220381.287,-0.00981,Match
227957.96,0.0,220453.389,-0.01962,Match
228037.06,0.0,220525.59,-0.01962,Match
228116.26,0.0,220597.889,0.00981,Match
228195.56,0.0,220670.287,-0.01962,Match
228274.96,0.0,220742.785,-0.00981,Match
228354.46,0.0,220815.381,-0.01962,Match
228434.06,0.0,220888.098,-0.00981,Match
228513.76,0.0,220960.891,-0.00981,Match
228593.56,0.0,221033.783,-0.004905,Match
228673.46,0.0,221106.773,0.0,Match
228753.46,0.0,221179.86599999995,-0.01962,Match
228833.56,0.0,221253.05399999995,-0.004905,Match
228913.76,0.0,221326.36499999996,-0.023544,Match
228994.06,0.0,221399.75099999996,-0.01962,Match
229074.46,0.0,221473.23599999992,-0.043164,Match
229154.96,0.0,221546.81899999996,-0.004905,Match
229235.56,0.0,221620.51899999997,0.014715,Match
229316.26,0.0,221694.29899999997,-0.01962,Match
229397.06,0.0,221768.17799999996,-0.014715,Match
229477.96,0.0,221842.15599999996,-0.033354,Match
229558.96,0.0,221916.23999999996,-0.01962,Match
229640.06,0.0,221990.41499999992,-0.004905,Match
229721.26,0.0,222064.71699999992,-0.028449,Match
229802.56,0.0,222139.0899999999,0.0,Match
229883.96,0.0,222213.56199999992,-0.043164,Match
229965.46,0.0,222288.1329999999,-0.004905,Match
230047.06,0.0,222362.80299999996,-0.01962,Match
230128.76,0.0,222437.57099999997,-0.004905,Match
230210.56,0.0,222512.47099999996,-0.014715,Match
230292.46,0.0,222587.43699999992,0.0,Match
230374.46,0.0,222662.50199999992,-0.004905,Match
230456.56,0.0,222737.6659999999,-0.00981,Match
230538.76,0.0,222812.9699999999,-0.004905,Match
230621.06,0.0,222888.33099999992,-0.004905,Match
230703.46,0.0,222963.7909999999,-0.00981,Match
230785.96,0.0,223039.3489999999,-0.014715,Match
230868.56,0.0,223115.0069999999,-0.023544,Match
230951.26,0.0,223190.7699999999,-0.01962,Match
231034.06,0.0,223266.6249999999,-0.014715,Match
231116.96,0.0,223342.60799999992,-0.01962,Match
231199.96,0.0,223418.65999999992,-0.004905,Match
231283.06,0.0,223494.81199999992,-0.00981,Match
231366.26,0.0,223571.06199999992,-0.00981,Match
231449.56,0.0,223647.42899999992,-0.004905,Match
231532.96,0.0,223723.8759999999,-0.014715,Match
231616.46,0.0,223800.4579999999,-0.00981,Match
231700.06,0.0,223877.1029999999,-0.014715,Match
231783.76,0.0,223953.8469999999,-0.014715,Match
231867.56,0.0,224030.6889999999,-0.00981,Match
231951.46,0.0,224107.6449999999,0.004905,Match
232035.46,0.0,224184.6849999999,-0.00981,Match
232119.56,0.0,224261.86099999992,-0.004905,Match
232203.76,0.0,224339.09899999996,-0.00981,Match
232288.06,0.0,224416.43499999997,0.0,Match
232372.46,0.0,224493.87099999996,-0.014715,Match
232456.96,0.0,224571.42799999996,-0.014715,Match
232541.56,0.0,224649.06099999996,0.0,Match
232626.26,0.0,224726.79299999992,-0.00981,Match
232711.06,0.0,224804.62399999992,-0.01962,Match
232795.96,0.0,224882.58399999992,-0.00981,Match
232880.96,0.0,224960.6119999999,-0.014715,Match
232966.06,0.0,225038.7389999999,-0.014715,Match
233051.26,0.0,225116.9649999999,-0.014715,Match
233136.56,0.0,225195.2889999999,-0.01962,Match
233221.96,0.0,225273.7119999999,-0.004905,Match
233307.46,0.0,225352.2749999999,-0.00981,Match
233393.06,0.0,225430.89599999992,-0.01962,Match
233478.76,0.0,225509.61599999992,-0.01962,Match
233564.56,0.0,225588.43399999992,-0.01962,Match
233650.46,0.0,225667.3509999999,-0.014715,Match
233736.46,0.0,225746.3669999999,-0.014715,Match
233822.56,0.0,225825.4819999999,-0.00981,Match
233908.76,0.0,225904.6949999999,-0.014715,Match
233995.06,0.0,225984.0069999999,-0.01962,Match
234081.46,0.0,226063.4179999999,-0.023544,Match
234167.96,0.0,226142.92699999988,-0.004905,Match
234254.56,0.0,226222.54099999988,-0.028449,Match
234341.26,0.0,226302.24799999988,-0.01962,Match
234428.06,0.0,226382.05299999987,0.004905,Match
234514.96,0.0,226461.95799999987,-0.004905,Match
234601.96,0.0,226541.96099999984,-0.00981,Match
234689.06,0.0,226622.06299999988,-0.028449,Match
234776.26,0.0,226702.2739999999,-0.023544,Match
234863.56,0.0,226782.57399999988,0.01962,Match
234950.96,0.0,226863.00699999987,-0.00981,Match
235038.46,0.0,226943.50399999987,-0.00981,Match
235126.06,0.0,227024.10099999988,0.0,Match
235213.76,0.0,227104.7959999999,0.004905,Match
235301.56,0.0,227185.61699999988,0.004905,Match
235389.46,0.0,227266.5099999999,-0.038259,Match
235477.46,0.0,227347.5009999999,-0.023544,Match
235565.56,0.0,227428.5909999999,-0.014715,Match
235653.76,0.0,227509.7789999999,-0.01962,Match
235742.06,0.0,227591.0659999999,-0.01962,Match
235830.46,0.0,227672.47799999992,0.0,Match
235918.96,0.0,227753.9629999999,-0.004905,Match
236007.56,0.0,227835.54599999991,-0.023544,Match
236096.26,0.0,227917.22799999992,-0.004905,Match
236185.06,0.0,227999.0089999999,-0.014715,Match
236273.96,0.0,228080.8889999999,-0.014715,Match
236362.96,0.0,228162.89099999992,0.004905,Match
236452.06,0.0,228244.9679999999,-0.028449,Match
236541.26,0.0,228327.1439999999,0.004905,Match
236630.56,0.0,228409.4189999999,-0.004905,Match
236719.96,0.0,228491.7919999999,0.0,Match
236809.46,0.0,228574.2649999999,-0.00981,Match
236899.06,0.0,228656.8359999999,0.004905,Match
236988.76,0.0,228739.5059999999,-0.004905,Match
237078.56,0.0,228822.27399999992,0.0,Match
237168.46,0.0,228905.16499999992,-0.033354,Match
237258.46,0.0,228988.1309999999,-0.004905,Match
237348.56,0.0,229071.19499999992,-0.004905,Match
237438.76,0.0,229154.3589999999,0.0,Match
237529.06,0.0,229237.62999999992,-0.00981,Match
237619.46,0.0,229320.99099999992,-0.014715,Match
237709.96,0.0,229404.4919999999,-0.00981,Match
237800.56,0.0,229488.05099999992,-0.014715,Match
237891.26,0.0,229571.7199999999,-0.014715,Match
237982.06,0.0,229655.4759999999,-0.01962,Match
238072.96,0.0,229739.3629999999,-0.014715,Match
238163.96,0.0,229823.3169999999,-0.004905,Match
238255.06,0.0,229907.3689999999,-0.028449,Match
238346.26,0.0,229991.5199999999,-0.004905,Match
238437.56,0.0,230075.7699999999,0.0,Match
238528.96,0.0,230160.1189999999,-0.01962,Match
238620.46,0.0,230244.5989999999,-0.004905,Match
238712.06,0.0,230329.1449999999,-0.00981,Match
238803.76,0.0,230413.7899999999,-0.004905,Match
238895.56,0.0,230498.5339999999,-0.00981,Match
238987.46,0.0,230583.3769999999,0.0,Match
239079.46,0.0,230668.31799999988,-0.00981,Match
239171.56,0.0,230753.3799999999,-0.014715,Match
239263.76,0.0,230838.51899999988,-0.023544,Match
239356.06,0.0,230923.75599999988,-0.01962,Match
239448.46,0.0,231009.0919999999,-0.014715,Match
239540.96,0.0,231094.52699999989,-0.004905,Match
239633.56,0.0,231180.0609999999,-0.004905,Match
239726.26,0.0,231265.6929999999,-0.00981,Match
239819.06,0.0,231351.4279999999,-0.00981,Match
239911.96,0.0,231437.2589999999,-0.014715,Match
240004.96,0.0,231523.1879999999,-0.014715,Match
240098.06,0.0,231609.2159999999,-0.014715,Match
240191.26,0.0,231695.3419999999,-0.01962,Match
240284.56,0.0,231781.5669999999,0.0,Match
240377.96,0.0,231867.9259999999,-0.00981,Match
240471.46,0.0,231954.3489999999,-0.014715,Match
240565.06,-0.1,232040.8719999999,-0.043164,Match
240658.76,-0.2,232127.4929999999,-0.244269,Match
240752.56,-0.3,232214.2359999999,-0.306072,Match
240846.46,-0.4,232301.05499999988,-0.455184,Match
240940.46,-0.5,232387.97299999988,-0.565056,Match
241034.56,-0.6,232474.98899999988,-0.541512,Match
241128.76,-0.7,232562.11199999988,-0.775971,Match
241223.06,-0.7,232649.32599999988,-0.694548,Match
241317.46,-0.7,232736.66599999988,-0.737712,Match
241411.96,-0.7,232824.07699999987,-0.714168,Match
241506.56,-0.7,232911.58699999988,-0.699453,Match
241601.26,-0.7,232999.19599999988,-0.709263,Match
241696.06,-0.7,233086.90299999987,-0.694548,Match
241790.96,-0.7,233174.70999999988,-0.704358,Match
241885.96,-0.628571,233262.61499999987,-0.714168,Match
241981.06,-0.528571,233350.61899999983,-0.521892,Match
242076.26,-0.428571,233438.72199999983,-0.455184,Match
242171.56,-0.328571,233526.92299999984,-0.354141,Match
242266.96,-0.228571,233615.22299999985,-0.272718,Match
242362.46,-0.128571,233703.62299999985,-0.162846,Match
242458.06,-0.028571,233792.12099999984,-0.01962,Match
242553.76,0.0,-,-,Deletion
242649.56,0.0,-,-,Deletion
242745.46,0.0,233880.71799999985,0.004905,Match
242841.46,0.0,233969.41399999984,-0.00981,Match
242937.56,0.0,234058.21299999984,-0.066708,Match
243033.76,0.0,234147.10599999985,0.061803,Match
243130.06,0.0,234236.09799999985,-0.101043,Match
243226.46,0.0,234325.18899999984,0.048069,Match
243322.96,0.0,234414.37999999983,-0.066708,Match
243419.56,0.0,234503.66799999983,-0.01962,Match
243516.26,0.0,234593.06999999983,-0.004905,Match
243613.06,0.0,234682.55499999985,-0.071613,Match
243709.96,0.0,234772.1399999998,0.023544,Match
243806.96,0.0,234861.82399999985,-0.048069,Match
243904.06,0.0,234951.60599999985,0.033354,Match
244001.26,0.0,235041.48699999985,-0.043164,Match
244098.56,0.0,235131.48999999985,-0.033354,Match
244195.96,0.0,235221.56799999985,0.023544,Match
244293.46,0.0,235311.74499999985,0.01962,Match
244391.06,0.02,235402.0199999998,0.01962,Match
244488.76,0.12,-,-,Deletion
244586.56,0.22,235492.40799999985,0.148131,Match
244684.46,0.32,235582.87999999983,0.315882,Match
244782.46,0.42,235673.48399999985,0.349236,Match
244880.56,0.52,235764.15299999985,0.469899,Match
244978.76,0.62,235854.92099999983,0.555246,Match
245077.06,0.7,235945.78799999983,0.709263,Match
245175.46,0.7,236036.78399999984,0.661194,Match
245273.96,0.7,236127.84899999984,0.742617,Match
245372.56,0.7,236219.01199999984,0.661194,Match
245471.26,0.7,236310.27399999983,0.718092,Match
245570.06,0.7,236401.66499999983,0.666099,Match
245668.96,0.7,236493.12399999984,0.704358,Match
245767.96,0.7,236584.68099999984,0.679833,Match
245867.06,0.608571,236676.33799999984,0.560151,Match
245966.26,0.508571,236768.09299999985,0.464994,Match
246065.56,0.408571,236859.94599999985,0.335502,Match
246164.96,0.308571,236951.89899999983,0.292338,Match
246264.46,0.208571,237043.94999999987,0.119682,Match
246364.06,0.108571,237136.09999999983,0.057879,Match
-,-,237228.34899999987,-0.043164,Insertion
246463.76,0.008571,237320.69599999988,0.048069,Match
246563.56,0.0,237413.15799999988,-0.052974,Match
246663.46,0.0,237505.70199999987,-0.004905,Match
246763.46,0.0,237598.34499999988,-0.004905,Match
246863.56,0.0,237691.08699999988,0.028449,Match
246963.76,0.0,237783.92799999987,-0.028449,Match
247064.06,0.0,237876.86699999988,-0.038259,Match
247164.46,0.0,237969.91699999987,0.00981,Match
247264.96,0.0,238063.05399999983,0.014715,Match
247365.56,0.0,238156.32499999987,-0.01962,Match
247466.26,0.0,238249.65899999987,-0.023544,Match
247567.06,0.0,238343.09199999983,-0.033354,Match
247667.96,0.0,238436.62299999985,0.014715,Match
247768.96,0.0,238530.25999999983,-0.004905,Match
247870.06,0.0,238623.98899999983,-0.033354,Match
247971.26,0.0,238717.84599999984,-0.023544,Match
248072.56,0.0,238811.7729999998,0.004905,Match
248173.96,0.0,238905.7979999998,0.028449,Match
248275.46,0.0,238999.9209999998,-0.048069,Match
248377.06,0.0,239094.1479999998,-0.01962,Match
248478.76,0.0,239188.4689999998,-0.00981,Match
248580.56,0.0,239282.9149999998,0.023544,Match
248682.46,0.0,239377.43299999984,-0.038259,Match
248784.46,0.0,239472.0499999998,-0.048069,Match
248886.56,0.0,239566.7649999998,0.023544,Match
-,-,239661.60399999985,0.153036,Insertion
-,-,239756.51599999983,0.162846,Insertion
-,-,239851.52799999985,0.224649,Insertion
-,-,239946.63899999985,0.066708,Insertion
-,-,240041.84799999985,0.066708,Insertion
248988.76,0.0,240137.15699999983,-0.023544,Match
249091.06,0.0,240232.56399999984,0.004905,Match
249193.46,0.0,240328.06899999984,-0.00981,Match
249295.96,0.0,240423.67299999984,0.0,Match
249398.56,0.0,240519.37599999984,-0.014715,Match
249501.26,0.0,240615.17699999985,-0.00981,Match
249604.06,0.0,240711.07799999983,-0.00981,Match
249706.96,0.0,240807.07699999987,-0.01962,Match
249809.96,0.0,240903.18199999988,-0.01962,Match
249913.06,0.0,240999.37899999987,-0.014715,Match
250016.26,0.0,241095.69999999987,-0.014715,Match
250119.56,0.0,241192.09399999987,-0.014715,Match
250222.96,0.0,241288.58699999985,-0.01962,Match
250326.46,0.0,241385.17899999983,0.0,Match
250430.06,0.0,241481.87099999987,-0.00981,Match
250533.76,0.0,241578.65999999983,-0.028449,Match
250637.56,0.0,241675.57399999985,0.0,Match
250741.46,0.0,241772.56099999984,-0.014715,Match
250845.46,0.0,241869.64699999985,-0.023544,Match
250949.56,0.0,241966.83199999985,-0.00981,Match
251053.76,0.0,242064.12199999983,-0.057879,Match
251158.06,0.0,242161.50399999987,-0.01962,Match
251262.46,0.0,242259.03099999987,-0.00981,Match
251366.96,0.0,242356.61099999983,-0.033354,Match
251471.56,0.0,242454.30099999983,-0.014715,Match
251576.26,0.0,242552.07899999985,-0.014715,Match
251681.06,0.0,242649.98499999984,-0.033354,Match
251785.96,0.0,242747.95999999985,-0.00981,Match
251890.96,0.0,242846.03299999985,0.00981,Match
251996.06,0.0,242944.20599999983,-0.014715,Match
252101.26,0.0,243042.47799999983,-0.033354,Match
252206.56,0.0,243140.84799999985,-0.028449,Match
252311.96,0.0,243239.31599999985,0.023544,Match
252417.46,0.0,243337.88299999983,-0.028449,Match
252523.06,0.0,243436.54899999985,-0.048069,Match
252628.76,0.0,243535.31399999987,-0.01962,Match
252734.56,0.0,243634.17799999987,-0.014715,Match
252840.46,0.0,243733.14099999983,0.004905,Match
252946.46,0.0,243832.20299999983,-0.028449,Match
253052.56,0.0,243931.36299999987,-0.028449,Match
253158.76,0.0,244030.62199999983,-0.014715,Match
253265.06,0.0,244129.98699999985,-0.023544,Match
253371.46,0.0,244229.44299999985,-0.004905,Match
253477.96,0.0,244328.99799999985,-0.00981,Match
253584.56,0.0,244428.65099999984,-0.01962,Match
253691.26,0.0,244528.40799999985,-0.014715,Match
253798.06,0.0,244628.25899999985,-0.01962,Match
253904.96,0.0,244728.23599999983,-0.014715,Match
254011.96,0.0,244828.28499999983,-0.01962,Match
254119.06,0.0,244928.43399999983,-0.014715,Match
254226.26,0.0,245028.67999999988,-0.00981,Match
254333.56,0.0,245129.03099999987,-0.00981,Match
254440.96,0.0,245229.47499999983,-0.014715,Match
254548.46,0.0,245330.05099999983,-0.014715,Match
254656.06,0.0,245430.69299999985,-0.004905,Match
254763.76,0.0,245531.43299999984,0.01962,Match
254871.56,0.0,245632.27299999984,-0.014715,Match
254979.46,0.0,245733.23699999985,-0.00981,Match
255087.46,0.0,245834.27399999983,-0.01962,Match
255195.56,0.0,245935.40999999983,-0.00981,Match
255303.76,0.0,246036.64499999984,-0.004905,Match
255412.06,0.0,246137.99099999983,-0.004905,Match
255520.46,0.0,246239.42299999984,-0.023544,Match
255628.96,0.0,246340.98799999984,0.0,Match
255737.56,0.0,246442.61799999984,0.0,Match
255846.26,0.0,246544.34699999983,-0.00981,Match
255955.06,0.0,246646.17499999984,-0.00981,Match
256063.96,0.0,246748.10199999984,-0.01962,Match
256172.96,0.0,246850.12699999983,-0.01962,Match
256282.06,0.0,246952.25099999984,-0.014715,Match
256391.26,0.0,247054.47399999984,0.004905,Match
256500.56,0.0,247156.79499999984,-0.00981,Match
256609.96,0.0,247259.21499999985,-0.00981,Match
256719.46,0.0,247361.73499999984,-0.014715,Match
256829.06,0.0,247464.35299999983,-0.014715,Match
256938.76,0.0,247567.0689999998,0.0,Match
257048.56,0.0,247669.88399999985,-0.00981,Match
257158.46,0.0,247772.7979999998,-0.00981,Match
257268.46,0.0,247875.8109999998,-0.014715,Match
257378.56,0.0,247978.92399999985,-0.014715,Match
257488.76,0.0,248082.13899999985,-0.014715,Match
257599.06,0.0,248185.44899999985,-0.023544,Match
257709.46,0.0,248288.88799999983,-0.00981,Match
257819.96,0.0,248392.39499999984,-0.043164,Match
257930.56,0.0,248496.00099999984,-0.023544,Match
258041.26,0.0,248599.70499999984,-0.028449,Match
258152.06,0.0,248703.53199999983,-0.048069,Match
258262.96,0.0,248807.43399999983,-0.028449,Match
258373.96,0.0,248911.43399999983,-0.028449,Match
258485.06,0.0,249015.53399999984,-0.00981,Match
258596.26,0.0,249119.76599999983,-0.00981,Match
258707.56,0.0,249224.06299999985,-0.01962,Match
258818.96,0.0,249328.4629999998,-0.028449,Match
258930.46,0.0,249432.9579999998,-0.00981,Match
259042.06,0.0,249537.5889999998,-0.004905,Match
259153.76,0.0,249642.2809999998,-0.023544,Match
259265.56,0.0,249747.0719999998,-0.038259,Match
259377.46,0.0,249851.96199999985,-0.028449,Match
259489.46,0.0,249956.9659999998,-0.01962,Match
259601.56,0.0,250062.0539999998,-0.004905,Match
259713.76,0.0,250167.2719999998,0.014715,Match
259826.06,0.0,250272.5569999998,-0.00981,Match
259938.46,0.0,250377.9409999998,-0.004905,Match
260050.96,0.0,250483.42299999975,-0.014715,Match
260163.56,0.0,250589.00499999977,-0.028449,Match
260276.26,0.0,250694.68499999976,-0.014715,Match
260389.06,0.0,250800.46399999977,0.0,Match
260501.96,0.0,250906.34199999977,-0.033354,Match
260614.96,0.0,251012.31899999976,0.004905,Match
260728.06,0.0,251118.3939999998,-0.028449,Match
260841.26,0.0,251224.5679999998,-0.00981,Match
260954.56,0.0,251330.84099999975,0.004905,Match
261067.96,0.0,251437.21299999976,-0.004905,Match
261181.46,0.0,251543.68399999975,-0.004905,Match
261295.06,0.0,251650.25299999976,-0.038259,Match
261408.76,0.0,251756.94399999976,-0.01962,Match
261522.56,0.0,251863.70999999976,-0.004905,Match
261636.46,0.0,251970.57499999972,0.0,Match
261750.46,0.0,252077.53899999976,-0.014715,Match
261864.56,0.0,252184.60199999972,-0.014715,Match
261978.76,0.0,252291.76399999976,-0.004905,Match
262093.06,0.0,252399.04799999975,0.0,Match
262207.46,0.0,252506.40699999977,-0.004905,Match
262321.96,0.0,252613.8649999998,-0.014715,Match
262436.56,0.0,252721.4209999998,-0.00981,Match
262551.26,0.0,252829.0939999998,0.0,Match
262666.06,0.0,252936.8489999998,-0.004905,Match
262780.96,0.0,253044.70199999984,-0.00981,Match
262895.96,0.0,253152.65299999985,-0.01962,Match
263011.06,0.0,253260.7029999998,-0.00981,Match
263126.26,0.0,253368.8529999998,-0.004905,Match
263241.56,0.0,253477.1289999998,-0.00981,Match
263356.96,0.0,253585.47599999985,-0.01962,Match
263472.46,0.0,253693.92099999983,-0.01962,Match
263588.06,0.0,253802.46499999985,-0.00981,Match
263703.76,0.0,253911.10799999983,-0.00981,Match
263819.56,0.0,254019.84999999983,-0.01962,Match
263935.46,0.0,254128.71999999983,-0.028449,Match
264051.46,0.0,254237.65899999984,-0.014715,Match
264167.56,0.0,254346.69799999983,-0.014715,Match
264283.76,0.0,254455.83399999983,-0.00981,Match
264400.06,0.0,254565.06999999983,-0.01962,Match
264516.46,0.0,254674.40499999985,-0.014715,Match
264632.96,0.0,254783.8379999998,0.014715,Match
264749.56,0.0,254893.38599999985,-0.00981,Match
264866.26,0.0,255003.01799999984,0.0,Match
264983.06,0.0,255112.74699999983,0.0,Match
265099.96,0.0,255222.57499999984,-0.014715,Match
265216.96,0.0,255332.50799999983,-0.00981,Match
265334.06,0.0,255442.53399999984,-0.01962,Match
265451.26,0.0,255552.68699999983,-0.014715,Match
265568.56,0.0,255662.91099999985,-0.023544,Match
265685.96,0.0,255773.2329999998,-0.01962,Match
265803.46,0.0,255883.6539999998,-0.00981,Match
265921.06,0.0,255994.1959999998,-0.00981,Match
266038.76,0.0,256104.8149999998,-0.00981,Match
266156.56,0.0,256215.5329999998,-0.014715,Match
266274.46,0.0,256326.3499999998,-0.004905,Match
266392.46,0.1,256437.2709999998,-0.00981,Match
266510.56,0.2,256548.2849999998,0.119682,Match
266628.76,0.3,256659.4289999998,0.244269,Match
266747.06,0.4,256770.6409999998,0.354141,Match
266865.46,0.5,256881.9509999998,0.503253,Match
266983.96,0.6,256993.3609999998,0.536607,Match
267102.56,0.7,257104.8749999998,0.737712,Match
267221.26,0.7,257216.48199999976,0.714168,Match
267340.06,0.7,257328.21399999977,0.722997,Match
267458.96,0.7,257440.01899999977,0.709263,Match
267577.96,0.7,257551.92199999976,0.699453,Match
267697.06,0.7,257663.92399999977,0.699453,Match
267816.26,0.7,257776.02499999976,0.699453,Match
267935.56,0.7,257888.22399999973,0.694548,Match
268054.96,0.628571,258000.54699999976,0.737712,Match
268174.46,0.528571,258112.94399999976,0.61803,Match
268294.06,0.428571,258225.43999999977,0.455184,Match
268413.76,0.328571,258338.03399999975,0.407115,Match
268533.56,0.228571,258450.72799999977,0.244269,Match
268653.46,0.128571,258563.51899999977,0.172656,Match
268773.46,0.028571,258676.40999999977,0.134397,Match
268893.56,0.0,-,-,Deletion
269013.76,0.0,-,-,Deletion
269134.06,0.0,-,-,Deletion
269254.46,0.0,258789.40099999975,-0.086328,Match
269374.96,0.0,258902.48899999977,0.00981,Match
269495.56,0.0,259015.69199999975,0.023544,Match
269616.26,0.0,259128.97799999977,-0.023544,Match
269737.06,0.0,259242.36299999975,0.0,Match
269857.96,0.0,259355.8459999998,-0.052974,Match
269978.96,0.0,259469.43699999977,-0.004905,Match
270100.06,0.0,259583.11899999977,0.028449,Match
270221.26,0.0,259696.92899999977,-0.038259,Match
270342.56,0.0,259810.80699999977,-0.066708,Match
270463.96,0.0,259924.78399999975,-0.023544,Match
270585.46,0.0,260038.85999999975,-0.028449,Match
270707.06,0.0,260153.0549999998,0.014715,Match
270828.76,0.0,260267.3289999998,-0.033354,Match
270950.56,0.0,260381.7009999998,0.00981,Match
271072.46,0.0,260496.1719999998,-0.081423,Match
271194.46,-0.02,260610.74399999977,0.076518,Match
271316.56,-0.12,260725.41199999975,-0.104967,Match
271438.76,-0.22,260840.21599999975,-0.162846,Match
271561.06,-0.32,260955.08099999977,-0.349236,Match
271683.46,-0.42,261070.04699999976,-0.368856,Match
271805.96,-0.52,261185.10999999972,-0.503253,Match
271928.56,-0.62,261300.3069999997,-0.61803,Match
272051.26,-0.7,261415.5679999997,-0.666099,Match
272174.06,-0.7,261530.9279999997,-0.732807,Match
272296.96,-0.7,261646.3859999997,-0.646479,Match
272419.96,-0.7,261761.97399999973,-0.709263,Match
272543.06,-0.7,261877.6299999997,-0.714168,Match
272666.26,-0.7,261993.3839999997,-0.714168,Match
272789.56,-0.7,262109.2379999997,-0.704358,Match
272912.96,-0.7,262225.1899999997,-0.718092,Match
273036.46,-0.608571,262341.2399999997,-0.60822,Match
273160.06,-0.508571,262457.3899999997,-0.478728,Match
273283.76,-0.408571,262573.63899999973,-0.388476,Match
273407.56,-0.308571,262689.98599999974,-0.277623,Match
273531.46,-0.208571,262806.4309999997,-0.191295,Match
273655.46,-0.108571,262922.97499999974,-0.048069,Match
273779.56,-0.008571,263039.6179999997,-0.01962,Match
273903.76,0.0,263156.3599999997,0.004905,Match
-,-,263273.2079999997,-0.076518,Insertion
-,-,263390.1479999997,0.038259,Insertion
274028.06,0.0,263507.1859999997,-0.004905,Match
274152.46,0.0,263624.32299999974,0.0,Match
274276.96,0.0,263741.5579999997,-0.048069,Match
274401.56,0.0,263858.8919999997,-0.00981,Match
274526.26,0.0,263976.3309999997,0.00981,Match
274651.06,0.0,264093.8629999997,0.0,Match
274775.96,0.0,264211.4929999997,-0.043164,Match
274900.96,0.0,264329.2229999997,-0.004905,Match
275026.06,0.0,264447.0509999997,-0.004905,Match
275151.26,0.0,264564.9779999997,0.023544,Match
275276.56,0.0,264683.01399999973,-0.038259,Match
275401.96,0.0,264801.13799999974,-0.014715,Match
275527.46,0.0,264919.3959999997,0.004905,Match
275653.06,0.0,265037.7179999997,-0.014715,Match
275778.76,0.0,265156.1389999997,-0.028449,Match
275904.56,0.0,265274.6589999997,-0.043164,Match
276030.46,0.0,265393.2989999997,0.00981,Match
276156.46,0.0,265512.0159999997,0.004905,Match
276282.56,0.0,265630.8319999997,0.00981,Match
276408.76,0.0,265749.7469999997,-0.052974,Match
276535.06,0.0,265868.75999999966,-0.014715,Match
276661.46,0.0,265987.8719999997,0.01962,Match
276787.96,0.0,266107.0829999997,-0.023544,Match
276914.56,0.0,266226.3919999997,-0.043164,Match
-,-,266345.7999999997,-0.119682,Insertion
-,-,266465.3069999997,-0.177561,Insertion
-,-,266584.91199999966,-0.258984,Insertion
-,-,266704.6159999997,-0.157941,Insertion
-,-,266824.4189999997,-0.096138,Insertion
277041.26,0.0,266944.3209999997,-0.01962,Match
277168.06,0.0,267064.3219999997,-0.014715,Match
277294.96,0.0,267184.4209999997,-0.028449,Match
277421.96,0.0,267304.61899999966,-0.01962,Match
277549.06,0.0,267424.9159999997,-0.01962,Match
277676.26,0.0,267545.3119999997,-0.014715,Match
277803.56,0.0,267665.8209999997,-0.00981,Match
277930.96,0.0,267786.4139999997,-0.004905,Match
278058.46,0.0,267907.1059999997,-0.023544,Match
278186.06,0.0,268027.89599999966,-0.01962,Match
278313.76,0.0,268148.7849999997,-0.00981,Match
278441.56,0.0,268269.7729999997,-0.014715,Match
278569.46,0.0,268390.8659999997,-0.00981,Match
278697.46,0.0,268512.0519999997,-0.023544,Match
278825.56,0.0,268633.36799999967,-0.023544,Match
278953.76,0.0,268754.74999999965,-0.014715,Match
279082.06,0.0,268876.2359999996,-0.023544,Match
279210.46,0.0,268997.81699999963,-0.01962,Match
279338.96,0.0,269119.5349999996,-0.00981,Match
279467.56,0.0,269241.3129999996,-0.01962,Match
279596.26,0.0,269363.1899999996,0.0,Match
279725.06,0.0,269485.1659999996,-0.01962,Match
279853.96,0.0,269607.2469999996,-0.038259,Match
279982.96,0.0,269729.41999999963,-0.00981,Match
280112.06,0.0,269851.7159999996,-0.014715,Match
280241.26,0.0,269974.0859999996,-0.023544,Match
280370.56,0.0,270096.5559999996,-0.023544,Match
280499.96,0.0,270219.1239999996,0.004905,Match
280629.46,0.0,270341.7909999996,0.0,Match
280759.06,0.0,270464.5569999996,0.00981,Match
280888.76,0.0,270587.4209999996,-0.014715,Match
281018.56,0.0,270710.3839999996,-0.00981,Match
281148.46,0.0,270833.4459999996,0.014715,Match
281278.46,0.0,270956.6119999996,-0.014715,Match
281408.56,0.0,271079.87099999964,-0.014715,Match
281538.76,0.0,271203.22899999964,-0.023544,Match
281669.06,0.0,271326.68599999964,-0.023544,Match
281799.46,0.0,271450.24099999963,-0.01962,Match
281929.96,0.0,271573.8949999996,-0.00981,Match
282060.56,0.0,271697.65399999963,0.00981,Match
282191.26,0.0,271821.50499999966,0.0,Match
282322.06,0.0,271945.49599999964,-0.014715,Match
282452.96,0.0,272069.54499999963,-0.00981,Match
282583.96,0.0,272193.6939999996,-0.004905,Match
282715.06,0.0,272317.9409999996,-0.004905,Match
282846.26,0.0,272442.3009999996,-0.014715,Match
282977.56,0.0,272566.7449999996,0.004905,Match
283108.96,0.0,272691.2869999996,-0.00981,Match
283240.46,0.0,272815.9269999996,-0.004905,Match
283372.06,0.0,272940.6769999996,-0.01962,Match
283503.76,0.0,273065.5159999996,0.0,Match
283635.56,0.0,273190.4889999996,-0.004905,Match
283767.46,0.0,273315.5269999996,-0.014715,Match
283899.46,0.0,273440.6679999996,-0.01962,Match
284031.56,0.0,273565.9009999996,-0.014715,Match
284163.76,0.0,273691.2639999996,-0.023544,Match
284296.06,0.0,273816.6939999996,-0.014715,Match
284428.46,0.0,273942.2229999996,-0.00981,Match
284560.96,0.0,274067.8499999996,-0.014715,Match
284693.56,0.0,274193.5759999996,-0.00981,Match
284826.26,0.0,274319.4009999996,-0.00981,Match
284959.06,0.0,274445.3629999996,-0.014715,Match
285091.96,0.0,274571.3849999996,-0.014715,Match
285224.96,0.0,274697.5059999996,-0.014715,Match
285358.06,0.0,274823.7259999996,-0.014715,Match
285491.26,0.0,274950.0789999996,-0.004905,Match
285624.56,0.0,275076.4959999996,-0.00981,Match
285757.96,0.0,275203.0119999996,-0.014715,Match
285891.46,0.0,275329.6259999996,-0.00981,Match
286025.06,0.0,275456.3389999996,-0.00981,Match
286158.76,0.0,275583.15099999955,-0.00981,Match
286292.56,0.0,275710.0619999996,-0.014715,Match
286426.46,0.0,275837.0709999996,-0.00981,Match
286560.46,0.0,275964.1789999996,-0.014715,Match
286694.56,0.0,276091.3859999996,-0.014715,Match
286828.76,0.0,276218.6919999996,-0.014715,Match
286963.06,0.0,276346.09599999955,-0.014715,Match
287097.46,0.0,276473.5989999996,-0.01962,Match
287231.96,0.0,276601.2289999996,-0.014715,Match
287366.56,0.0,276728.9299999996,0.0,Match
287501.26,0.0,276856.7289999996,-0.014715,Match
287636.06,0.0,276984.6269999996,-0.00981,Match
287770.96,0.0,277112.6299999996,-0.01962,Match
287905.96,0.0,277240.7249999996,-0.048069,Match
288041.06,0.0,277368.9479999996,-0.01962,Match
288176.26,0.0,277497.2409999996,-0.023544,Match
288311.56,0.0,277625.6319999996,0.01962,Match
288446.96,0.0,277754.1219999996,0.00981,Match
288582.46,0.0,277882.71099999954,-0.023544,Match
288718.06,0.0,278011.3979999995,-0.014715,Match
288853.76,0.0,278140.2079999995,-0.004905,Match
288989.56,0.0,278269.0929999995,-0.00981,Match
289125.46,0.0,278398.0769999995,-0.00981,Match
289261.46,0.0,278527.1589999995,0.0,Match
289397.56,0.0,278656.3389999995,-0.004905,Match
289533.76,0.0,278785.6179999995,-0.028449,Match
289670.06,0.0,278914.9959999995,-0.004905,Match
289806.46,0.0,279044.47299999953,-0.004905,Match
289942.96,0.0,279174.04899999953,-0.01962,Match
290079.56,0.0,279303.72299999953,-0.00981,Match
290216.26,0.0,279433.4959999995,-0.00981,Match
290353.06,0.0,279563.3679999995,0.0,Match
290489.96,0.0,279693.33799999946,-0.004905,Match
290626.96,0.0,279823.4179999995,0.0,Match
290764.06,0.0,279953.5859999995,-0.033354,Match
290901.26,0.0,280083.8519999995,-0.023544,Match
291038.56,0.0,280214.2169999995,-0.01962,Match
291175.96,0.0,280344.68699999945,-0.00981,Match
291313.46,0.0,280475.2489999994,-0.01962,Match
291451.06,0.0,280605.9349999994,-0.004905,Match
291588.76,0.0,280736.6949999994,-0.014715,Match
291726.56,0.0,280867.55299999943,-0.004905,Match
291864.46,0.0,280998.5099999994,-0.01962,Match
292002.46,0.0,281129.5869999994,-0.00981,Match
292140.56,0.0,281260.7409999994,0.004905,Match
292278.76,0.0,281391.9939999994,-0.00981,Match
292417.06,0.0,281523.34499999945,0.0,Match
292555.46,0.0,281654.79499999946,-0.023544,Match
292693.96,0.0,281786.34399999946,-0.014715,Match
292832.56,0.0,281918.01499999943,-0.00981,Match
292971.26,0.0,282049.7609999994,-0.01962,Match
293110.06,0.0,282181.6049999994,-0.028449,Match
293248.96,0.0,282313.5479999994,-0.023544,Match
293387.96,0.0,282445.6139999994,-0.01962,Match
293527.06,0.0,282577.7549999994,-0.023544,Match
293666.26,0.0,282709.9939999994,-0.00981,Match
293805.56,0.0,282842.3319999994,-0.01962,Match
293944.96,0.0,282974.7679999994,-0.01962,Match
294084.46,0.0,283107.3029999994,-0.004905,Match
294224.06,0.0,283239.9379999994,0.0,Match
294363.76,0.0,283372.6709999994,-0.01962,Match
294503.56,0.0,283505.5019999994,-0.00981,Match
294643.46,0.0,283638.4359999994,0.004905,Match
294783.46,0.0,283771.4649999994,-0.004905,Match
294923.56,0.0,283904.5929999994,-0.014715,Match
295063.76,0.0,284037.81899999944,-0.004905,Match
295204.06,0.0,284171.14299999946,-0.01962,Match
295344.46,0.0,284304.56599999947,-0.014715,Match
295484.96,0.0,284438.1089999995,-0.004905,Match
295625.56,0.0,284571.72999999946,-0.014715,Match
295766.26,0.0,284705.44899999944,-0.00981,Match
295907.06,0.0,284839.2659999994,-0.00981,Match
296047.96,0.0,284973.19399999944,-0.00981,Match
296188.96,0.0,285107.20899999945,-0.014715,Match
296330.06,0.0,285241.32299999945,-0.01962,Match
296471.26,0.0,285375.53599999944,-0.014715,Match
296612.56,0.0,285509.8479999994,-0.023544,Match
296753.96,0.0,285644.2579999994,-0.00981,Match
296895.46,0.0,285778.7689999994,-0.01962,Match
297037.06,0.0,285913.3779999994,-0.004905,Match
297178.76,0.0,286048.1049999994,-0.004905,Match
297320.56,0.0,286182.9109999994,-0.038259,Match
297462.46,0.0,286317.81499999936,-0.038259,Match
297604.46,0.0,286452.8179999994,0.0,Match
297746.56,0.0,286587.9209999994,-0.01962,Match
297888.76,0.0,286723.1219999994,0.0,Match
298031.06,0.1,286858.4459999994,0.057879,Match
298173.46,0.2,286993.8449999994,0.220725,Match
298315.96,0.3,287129.34199999936,0.272718,Match
298458.56,0.4,287264.9379999994,0.435564,Match
298601.26,0.5,287400.6659999994,0.551322,Match
298744.06,0.6,287536.4589999994,0.61803,Match
298886.96,0.7,287672.3509999994,0.761256,Match
299029.96,0.7,287808.34199999936,0.671004,Match
299173.06,0.7,287944.4319999994,0.737712,Match
299316.26,0.7,288080.6199999994,0.679833,Match
299459.56,0.7,288216.93799999944,0.722997,Match
299602.96,0.7,288353.32499999943,0.689643,Match
299746.46,0.7,288489.8099999994,0.661194,Match
299890.06,0.7,288626.3939999994,0.709263,Match
300033.76,0.628571,288763.07599999936,0.641574,Match
300177.56,0.528571,288899.8569999994,0.498348,Match
300321.46,0.428571,289036.7369999994,0.42183,Match
300465.46,0.328571,289173.7159999994,0.320787,Match
300609.56,0.228571,289310.79299999936,0.201105,Match
300753.76,0.128571,289447.9769999994,0.109872,Match
300898.06,0.028571,-,-,Deletion
301042.46,0.0,-,-,Deletion
301186.96,0.0,289585.2519999994,0.014715,Match
301331.56,0.0,289722.6569999994,-0.023544,Match
301476.26,0.0,289860.1299999994,-0.01962,Match
301621.06,0.0,289997.7009999994,-0.01962,Match
301765.96,0.0,290135.3709999994,-0.004905,Match
301910.96,0.0,290273.1629999994,-0.033354,Match
302056.06,0.0,290411.03099999944,0.01962,Match
302201.26,0.0,290549.03599999944,-0.101043,Match
302346.56,0.0,290687.10099999944,0.043164,Match
302491.96,0.0,290825.26499999943,-0.048069,Match
302637.46,0.0,290963.5279999994,0.086328,Match
302783.06,0.0,291101.9069999994,-0.091233,Match
302928.76,0.0,291240.36799999943,0.004905,Match
303074.56,0.0,291378.92699999944,-0.043164,Match
303220.46,0.0,291517.58499999944,0.023544,Match
303366.46,0.0,291656.3589999994,-0.028449,Match
303512.56,0.0,291795.21499999944,-0.01962,Match
303658.76,0.0,291934.2119999994,0.0,Match
303805.06,-0.02,-,-,Deletion
303951.46,-0.12,292073.26499999943,-0.048069,Match
304097.96,-0.22,292212.4239999994,-0.234459,Match
304244.56,-0.32,292351.6749999994,-0.277623,Match
304391.26,-0.42,292491.0549999994,-0.40221,Match
304538.06,-0.52,292630.50399999943,-0.503253,Match
304684.96,-0.62,292770.05099999945,-0.569961,Match
304831.96,-0.7,292909.69699999946,-0.732807,Match
304979.06,-0.7,293049.44199999946,-0.679833,Match
305126.26,-0.7,293189.28599999944,-0.679833,Match
305273.56,-0.7,293329.22899999947,-0.694548,Match
305420.96,-0.7,293469.2699999995,-0.709263,Match
305568.46,-0.7,293609.4099999995,-0.679833,Match
305716.06,-0.7,293749.6479999995,-0.684738,Match
305863.76,-0.7,293889.9849999995,-0.666099,Match
306011.56,-0.608571,294030.4219999995,-0.551322,Match
306159.46,-0.508571,294170.9569999995,-0.460089,Match
306307.46,-0.408571,294311.5919999995,-0.363951,Match
306455.56,-0.308571,294452.3249999995,-0.267813,Match
306603.76,-0.208571,294593.1569999995,-0.096138,Match
306752.06,-0.108571,294734.08799999946,-0.086328,Match
306900.46,-0.008571,294875.12099999946,0.004905,Match
307048.96,0.0,295016.2489999995,-0.043164,Match
-,-,295157.4759999995,0.052974,Insertion
307197.56,0.0,295298.8019999995,-0.043164,Match
307346.26,0.0,295440.2309999995,-0.01962,Match
307495.06,0.0,295581.7539999995,-0.014715,Match
307643.96,0.0,295723.3999999995,0.01962,Match
307792.96,0.0,295865.1209999995,0.0,Match
307942.06,0.0,296006.9409999995,-0.048069,Match
308091.26,0.0,296148.8599999995,-0.023544,Match
308240.56,0.0,296290.87999999954,0.023544,Match
308389.96,0.0,296432.9959999995,0.00981,Match
308539.46,0.0,296575.2359999995,-0.01962,Match
308689.06,0.0,296717.5499999995,-0.048069,Match
308838.76,0.0,296859.9629999995,0.023544,Match
308988.56,0.0,297002.4739999995,0.014715,Match
309138.46,0.0,297145.0839999995,-0.004905,Match
309288.46,0.0,297287.7929999995,-0.033354,Match
309438.56,0.0,297430.63699999946,0.00981,Match
309588.76,0.0,297573.54399999947,0.028449,Match
309739.06,0.0,297716.54999999946,-0.023544,Match
309889.46,0.0,297859.65399999946,-0.028449,Match
310039.96,0.0,298002.85699999944,-0.00981,Match
310190.56,0.0,298146.15899999946,0.038259,Match
310341.26,0.0,298289.5969999995,-0.01962,Match
310492.06,0.0,298433.0959999995,-0.052974,Match
-,-,298576.6939999995,-0.086328,Insertion
-,-,298720.3899999995,-0.148131,Insertion
-,-,298864.1849999995,-0.20601,Insertion
-,-,299008.07899999944,-0.162846,Insertion
-,-,299152.0709999995,-0.104967,Insertion
310642.96,0.0,299296.1629999995,-0.043164,Match
310793.96,0.0,299440.3529999995,-0.004905,Match
310945.06,0.0,299584.64199999947,-0.01962,Match
311096.26,0.0,299729.02899999946,-0.00981,Match
311247.56,0.0,299873.53899999947,-0.004905,Match
311398.96,0.0,300018.1239999995,-0.014715,Match
311550.46,0.0,300162.8089999995,0.0,Match
311702.06,0.0,300307.5909999995,-0.004905,Match
311853.76,0.0,300452.4759999995,-0.00981,Match
312005.56,0.0,300597.4559999995,-0.00981,Match
312157.46,0.0,300742.5679999995,-0.004905,Match
312309.46,0.0,300887.7459999995,-0.014715,Match
312461.56,0.0,301033.0229999995,-0.004905,Match
312613.76,0.0,301178.3979999995,-0.004905,Match
312766.06,0.0,301323.88499999954,-0.033354,Match
312918.46,0.0,301469.4579999995,-0.00981,Match
313070.96,0.0,301615.1649999995,-0.00981,Match
313223.56,0.0,301760.9359999995,-0.023544,Match
313376.26,0.0,301906.8049999995,-0.004905,Match
313529.06,0.0,302052.7729999995,-0.014715,Match
313681.96,0.0,302198.86299999955,0.004905,Match
313834.96,0.0,302345.0289999996,-0.00981,Match
313988.06,0.0,302491.2929999996,-0.014715,Match
314141.26,0.0,302637.6559999996,0.0,Match
314294.56,0.0,302784.1179999996,-0.004905,Match
314447.96,0.0,302930.6789999996,0.004905,Match
314601.46,0.0,303077.3389999996,-0.004905,Match
314755.06,0.0,303224.0979999996,-0.023544,Match
314908.76,0.0,303370.9879999996,-0.023544,Match
315062.56,0.0,303517.9439999996,-0.01962,Match
315216.46,0.0,303664.9989999996,-0.014715,Match
315370.46,0.0,303812.1509999996,-0.033354,Match
315524.56,0.0,303959.4029999996,0.038259,Match
315678.76,0.0,304106.7539999996,0.004905,Match
315833.06,0.0,304254.24099999963,0.0,Match
315987.46,0.0,304401.78899999964,0.004905,Match
316141.96,0.0,304549.43599999964,0.004905,Match
316296.56,0.0,304697.2039999996,-0.004905,Match
316451.26,0.0,304845.0489999996,0.0,Match
316606.06,0.0,304992.9919999996,-0.014715,Match
316760.96,0.0,305141.03399999964,-0.028449,Match
316915.96,0.0,305289.1779999996,-0.014715,Match
317071.06,0.0,305437.4179999996,-0.014715,Match
317226.26,0.0,305585.7929999996,-0.004905,Match
317381.56,0.0,305734.2309999996,-0.014715,Match
317536.96,0.0,305882.7809999996,-0.00981,Match
317692.46,0.0,306031.4159999996,0.004905,Match
317848.06,0.0,306180.1489999996,-0.014715,Match
318003.76,0.0,306328.9809999996,-0.00981,Match
318159.56,0.0,306477.91399999964,-0.014715,Match
318315.46,0.0,306626.94399999967,-0.014715,Match
318471.46,0.0,306776.10399999964,-0.014715,Match
318627.56,0.0,306925.33199999965,-0.014715,Match
318783.76,0.0,307074.65799999965,-0.01962,Match
318940.06,0.0,307224.08299999963,-0.028449,Match
319096.46,0.0,307373.6329999996,-0.00981,Match
319252.96,0.0,307523.25599999964,0.0,Match
319409.56,0.0,307672.97799999965,-0.014715,Match
319566.26,0.0,307822.79799999966,-0.004905,Match
319723.06,0.0,307972.71599999967,-0.014715,Match
319879.96,0.0,308122.73399999965,-0.023544,Match
320036.96,0.0,308272.8509999997,-0.014715,Match
320194.06,0.0,308423.0659999997,-0.014715,Match
320351.26,0.0,308573.3799999997,-0.01962,Match
320508.56,0.0,308723.7919999997,-0.014715,Match
320665.96,0.0,308874.3439999997,-0.00981,Match
320823.46,0.0,309024.95399999974,-0.01962,Match
320981.06,0.0,309175.6619999997,-0.014715,Match
321138.76,0.0,309326.46999999974,-0.00981,Match
321296.56,0.0,309477.37599999976,-0.01962,Match
321454.46,0.0,309628.38099999976,-0.004905,Match
321612.46,0.0,309779.4849999997,-0.023544,Match
321770.56,0.0,309930.7049999997,-0.00981,Match
321928.76,0.0,310082.0059999997,-0.00981,Match
322087.06,0.0,310233.4049999997,-0.00981,Match
322245.46,0.0,310384.9029999997,-0.01962,Match
322403.96,0.0,310536.5169999997,-0.01962,Match
322562.56,0.0,310688.2139999997,-0.00981,Match
322721.26,0.0,310840.00899999967,-0.014715,Match
322880.06,0.0,310991.90299999964,-0.01962,Match
323038.96,0.0,311143.89599999966,-0.004905,Match
323197.96,0.0,311295.9869999997,-0.014715,Match
323357.06,0.0,311448.20099999965,-0.01962,Match
323516.26,0.0,311600.48999999964,-0.00981,Match
323675.56,0.0,311752.87599999964,0.014715,Match
323834.96,0.0,311905.3609999996,-0.014715,Match
323994.46,0.0,312057.95199999964,-0.014715,Match
324154.06,0.0,312210.63499999966,-0.01962,Match
324313.76,0.0,312363.44599999965,-0.014715,Match
324473.56,0.0,312516.32699999964,-0.023544,Match
324633.46,0.0,312669.30599999963,-0.004905,Match
324793.46,0.0,312822.3839999996,0.0,Match
324953.56,0.0,312975.56099999964,-0.023544,Match
325113.76,0.0,313128.83699999965,-0.038259,Match
325274.06,0.0,313282.24099999963,-0.023544,Match
325434.46,0.0,313435.7139999996,-0.01962,Match
325594.96,0.0,313589.2859999996,-0.00981,Match
325755.56,0.0,313742.9569999996,-0.00981,Match
325916.26,0.0,313896.7269999996,-0.01962,Match
326077.06,0.0,314050.5949999996,0.0,Match
326237.96,0.0,314204.5619999996,-0.004905,Match
326398.96,0.0,314358.62699999963,-0.014715,Match
326560.06,0.0,314512.78999999963,0.014715,Match
326721.26,0.0,314667.05399999965,-0.014715,Match
326882.56,0.0,314821.4159999997,-0.00981,Match
327043.96,0.0,314975.8999999997,-0.014715,Match
327205.46,0.0,315130.4589999997,-0.00981,Match
327367.06,0.0,315285.1169999997,-0.00981,Match
327528.76,0.0,315439.87399999966,-0.00981,Match
327690.56,0.0,315594.75599999964,-0.014715,Match
327852.46,0.0,315749.7099999997,0.0,Match
328014.46,0.0,315904.7629999997,-0.00981,Match
328176.56,0.0,316059.9139999997,-0.028449,Match
328338.76,0.0,316215.1689999997,-0.01962,Match
328501.06,0.0,316370.5189999997,-0.014715,Match
328663.46,0.0,316525.98899999965,-0.004905,Match
328825.96,0.0,316681.5359999997,0.00981,Match
328988.56,0.0,316837.22099999967,-0.033354,Match
329151.26,0.0,316992.96599999967,-0.00981,Match
329314.06,0.0,317148.80999999965,-0.00981,Match
329476.96,0.0,317304.75199999963,-0.004905,Match
329639.96,0.0,317460.81699999963,-0.00981,Match
329803.06,0.0,317616.95699999965,-0.00981,Match
329966.26,0.0,317773.19599999965,-0.004905,Match
330129.56,0.0,317929.53299999965,-0.004905,Match
330292.96,0.0,318085.9979999997,0.0,Match
330456.46,0.0,318242.53299999965,0.004905,Match
330620.06,0.0,318399.16699999967,-0.004905,Match
330783.76,0.0,318555.8999999997,-0.00981,Match
330947.56,0.0,318712.73199999967,-0.01962,Match
331111.46,0.0,318869.66199999966,-0.00981,Match
331275.46,0.0,319026.71199999965,-0.004905,Match
331439.56,0.0,319183.8399999997,-0.004905,Match
331603.76,0.0,319341.0669999997,-0.01962,Match
331768.06,0.0,319498.3919999997,-0.01962,Match
331932.46,0.0,319655.8159999997,-0.014715,Match
332096.96,0.0,319813.3379999997,-0.043164,Match
332261.56,0.0,319970.9599999997,-0.033354,Match
332426.26,0.0,320128.6809999997,-0.014715,Match
332591.06,0.0,320286.4999999997,-0.01962,Match
332755.96,0.0,320444.42199999973,-0.014715,Match
332920.96,0.0,320602.4389999997,-0.00981,Match
333086.06,0.0,320760.5549999997,-0.014715,Match
333251.26,0.0,320918.7689999997,-0.014715,Match
333416.56,0.0,321077.0819999997,-0.004905,Match
333581.96,0.0,321235.4939999997,-0.00981,Match
333747.46,0.0,321394.0179999997,-0.014715,Match
333913.06,0.0,321552.6269999997,-0.00981,Match
334078.76,0.0,321711.3349999997,-0.01962,Match
334244.56,0.0,321870.14199999964,-0.071613,Match
334410.46,0.0,322029.04899999965,-0.048069,Match
334576.46,0.0,322188.05299999967,-0.023544,Match
334742.56,0.0,322347.17999999964,-0.01962,Match
334908.76,0.0,322506.38199999963,-0.01962,Match
335075.06,0.0,322665.6819999996,-0.014715,Match
335241.46,0.0,322825.0809999996,-0.01962,Match
335407.96,0.0,322984.5939999996,-0.014715,Match
335574.56,0.0,323144.1909999996,-0.00981,Match
335741.26,0.0,323303.9299999996,-0.00981,Match
335908.06,0.0,323463.7239999996,-0.00981,Match
336074.96,0.1,323623.6169999996,0.004905,Match
336241.96,0.2,323783.6089999996,0.234459,Match
336409.06,0.3,323943.6989999996,0.272718,Match
336576.26,0.4,324103.8889999996,0.430659,Match
336743.56,0.5,324264.1769999996,0.526797,Match
336910.96,0.6,324424.5639999996,0.593505,Match
337078.46,0.7,324585.0499999996,0.752427,Match
337246.06,0.7,324745.63399999955,0.671004,Match
337413.76,0.7,324906.3169999996,0.704358,Match
337581.56,0.7,325067.0989999996,0.709263,Match
337749.46,0.7,325227.9799999996,0.661194,Match
337917.46,0.7,325388.9599999996,0.737712,Match
338085.56,0.7,325550.0389999996,0.709263,Match
338253.76,0.7,325711.2159999996,0.714168,Match
338422.06,0.628571,325872.4919999996,0.656289,Match
338590.46,0.528571,326033.8669999996,0.574866,Match
338758.96,0.428571,326195.3409999996,0.435564,Match
338927.56,0.328571,326356.9159999996,0.359046,Match
339096.26,0.228571,326518.58799999964,0.263889,Match
339265.06,0.128571,326680.37499999965,0.109872,Match
339433.96,0.028571,326842.24399999966,0.076518,Match
339602.96,0.0,-,-,Deletion
339772.06,0.0,-,-,Deletion
339941.26,0.0,327004.24999999965,-0.038259,Match
340110.56,0.0,327166.31599999964,-0.028449,Match
340279.96,0.0,327328.4809999996,0.052974,Match
340449.46,0.0,327490.74499999965,-0.014715,Match
340619.06,0.0,327653.12499999965,0.043164,Match
340788.76,0.0,327815.58699999965,-0.048069,Match
340958.56,0.0,327978.1869999996,-0.033354,Match
341128.46,0.0,328140.8469999996,0.01962,Match
341298.46,0.0,328303.6149999996,-0.033354,Match
341468.56,0.0,328466.4719999996,0.048069,Match
341638.76,0.0,328629.4599999996,-0.076518,Match
341809.06,0.0,328792.5149999996,0.028449,Match
341979.46,0.0,328955.6689999996,-0.01962,Match
342149.96,0.0,329118.9209999996,0.033354,Match
342320.56,0.0,329282.2719999996,-0.01962,Match
342491.26,0.0,329445.7219999996,-0.028449,Match
342662.06,0.0,329609.2709999996,-0.043164,Match
342832.96,-0.02,329772.9179999996,-0.014715,Match
343003.96,-0.12,-,-,Deletion
343175.06,-0.22,329936.6649999996,-0.162846,Match
343346.26,-0.32,330100.50999999954,-0.277623,Match
343517.56,-0.42,330264.4539999996,-0.407115,Match
343688.96,-0.52,330428.4969999996,-0.464994,Match
343860.46,-0.62,330592.6799999996,-0.569961,Match
344032.06,-0.7,330756.9199999996,-0.709263,Match
344203.76,-0.7,330921.25899999955,-0.732807,Match
344375.56,-0.7,331085.6959999996,-0.727902,Match
344547.46,-0.7,331250.23299999954,-0.766161,Match
344719.46,-0.7,331414.86799999955,-0.709263,Match
344891.56,-0.7,331579.60199999955,-0.694548,Match
345063.76,-0.7,331744.43399999954,-0.714168,Match
345236.06,-0.7,331909.3649999995,-0.699453,Match
345408.46,-0.608571,332074.3939999995,-0.569961,Match
345580.96,-0.508571,332239.5229999995,-0.464994,Match
345753.56,-0.408571,332404.74999999953,-0.430659,Match
345926.26,-0.308571,332570.07599999954,-0.244269,Match
346099.06,-0.208571,332735.49999999953,-0.210915,Match
346271.96,-0.108571,332901.0229999995,-0.057879,Match
346444.96,-0.008571,333066.67799999955,-0.033354,Match
346618.06,0.0,333232.3989999996,0.004905,Match
-,-,333398.22099999955,0.038259,Insertion
-,-,333564.13999999955,-0.081423,Insertion
346791.26,0.0,333730.18299999955,0.014715,Match
346964.56,0.0,333896.29799999954,-0.023544,Match
347137.96,0.0,334062.5129999996,0.033354,Match
347311.46,0.0,334228.8259999996,-0.061803,Match
347485.06,0.0,334395.2529999996,-0.014715,Match
347658.76,0.0,334561.7639999996,0.0,Match
347832.56,0.0,334728.4129999996,0.0,Match
348006.46,0.0,334895.1219999996,-0.028449,Match
348180.46,0.0,335061.93899999955,-0.043164,Match
348354.56,0.0,335228.84599999955,0.00981,Match
348528.76,0.0,335395.87899999955,0.0,Match
348703.06,0.0,335562.98299999954,-0.014715,Match
348877.46,0.0,335730.18499999953,-0.023544,Match
349051.96,0.0,335897.4859999995,-0.00981,Match
349226.56,0.0,336064.88599999953,0.028449,Match
349401.26,0.0,336232.38499999954,-0.01962,Match
349576.06,0.0,336400.0169999995,-0.028449,Match
349750.96,0.0,336567.7139999995,-0.00981,Match
349925.96,0.0,336735.5089999995,0.004905,Match
350101.06,0.0,336903.40299999947,0.004905,Match
350276.26,0.0,337071.3959999995,-0.052974,Match
350451.56,0.0,337239.4879999995,-0.004905,Match
-,-,337407.6779999995,-0.086328,Insertion
-,-,337575.9659999995,-0.1962,Insertion
-,-,337744.35399999947,-0.282528,Insertion
-,-,337912.85499999946,-0.182466,Insertion
-,-,338081.4399999995,-0.091233,Insertion
350626.96,0.0,338250.1239999995,-0.023544,Match
350802.46,0.0,338418.9069999995,-0.01962,Match
350978.06,0.0,338587.78899999947,-0.023544,Match
351153.76,0.0,338756.76899999945,-0.00981,Match
351329.56,0.0,338925.86099999945,-0.00981,Match
351505.46,0.0,339095.03899999947,-0.00981,Match
351681.46,0.0,339264.3149999995,-0.014715,Match
351857.56,0.0,339433.6899999995,-0.014715,Match
352033.76,0.0,339603.1789999995,-0.004905,Match
352210.06,0.0,339772.7529999995,-0.00981,Match
352386.46,0.0,339942.4589999995,-0.014715,Match
352562.96,0.0,340112.2289999995,-0.004905,Match
352739.56,0.0,340282.09799999953,-0.00981,Match
352916.26,0.0,340452.0659999995,-0.00981,Match
353093.06,0.0,340622.1329999995,0.0,Match
353269.96,0.0,340792.29899999953,-0.014715,Match
353446.96,0.0,340962.59699999954,-0.004905,Match
353624.06,0.0,341132.9599999996,-0.01962,Match
353801.26,0.0,341303.42199999955,-0.00981,Match
353978.56,0.0,341473.98299999954,-0.004905,Match
354155.96,0.0,341644.6419999995,-0.004905,Match
354333.46,0.0,341815.40099999955,-0.014715,Match
354511.06,0.0,341986.2579999996,-0.01962,Match
354688.76,0.0,342157.2129999996,-0.028449,Match
354866.56,0.0,342328.2669999996,-0.01962,Match
355044.46,0.0,342499.4309999996,-0.004905,Match
355222.46,0.0,342670.68299999955,-0.00981,Match
355400.56,0.0,342842.0339999996,0.01962,Match
355578.76,0.0,343013.4839999996,-0.004905,Match
355757.06,0.0,343185.0329999996,-0.023544,Match
355935.46,0.0,343356.6809999996,0.0,Match
356113.96,0.0,343528.4349999996,0.004905,Match
356292.56,0.0,343700.2799999996,-0.014715,Match
356471.26,0.0,343872.2459999996,0.0,Match
356650.06,0.0,344044.2889999996,0.0,Match
356828.96,0.0,344216.4299999996,0.00981,Match
357007.96,0.0,344388.6699999996,0.004905,Match
357187.06,0.0,344561.0139999996,-0.00981,Match
357366.26,0.0,344733.45099999954,-0.014715,Match
357545.56,0.0,344906.01499999955,-0.023544,Match
357724.96,0.0,345078.6499999996,-0.00981,Match
357904.46,0.0,345251.38399999955,-0.01962,Match
358084.06,0.0,345424.21599999955,0.00981,Match
358263.76,0.0,345597.14699999953,-0.01962,Match
358443.56,0.0,345770.1759999995,-0.00981,Match
358623.46,0.0,345943.3299999995,0.004905,Match
358803.46,0.0,346116.5569999995,-0.004905,Match
358983.56,0.0,346289.8829999995,-0.00981,Match
359163.76,0.0,346463.3079999995,-0.01962,Match
359344.06,0.0,346636.8449999995,-0.014715,Match
359524.46,0.0,346810.4679999995,-0.00981,Match
359704.96,0.0,346984.2249999995,-0.00981,Match
359885.56,0.0,347158.0439999995,0.004905,Match
360066.26,0.0,347331.9629999995,-0.014715,Match
360247.06,0.0,347505.9799999995,-0.014715,Match
360427.96,0.0,347680.0959999995,-0.01962,Match
360608.96,0.0,347854.3109999995,-0.023544,Match
360790.06,0.0,348028.65699999954,-0.004905,Match
360971.26,0.0,348203.06899999955,0.0,Match
361152.56,0.0,348377.57999999955,-0.004905,Match
361333.96,0.0,348552.18999999954,-0.014715,Match
361515.46,0.0,348726.8989999995,-0.004905,Match
361697.06,0.0,348901.7059999995,-0.004905,Match
361878.76,0.0,349076.6119999995,-0.00981,Match
362060.56,0.0,349251.6179999995,-0.004905,Match
362242.46,0.0,349426.7209999995,-0.00981,Match
362424.46,0.0,349601.9369999995,-0.004905,Match
362606.56,0.0,349777.2379999995,-0.00981,Match
362788.76,0.0,349952.6739999995,-0.004905,Match
362971.06,0.0,350128.1719999995,0.0,Match
363153.46,0.0,350303.7689999995,-0.00981,Match
363335.96,0.0,350479.4639999995,0.0,Match
363518.56,0.0,350655.2839999995,-0.00981,Match
363701.26,0.0,350831.1769999995,0.0,Match
363884.06,0.0,351007.1689999995,-0.004905,Match
364066.96,0.0,351183.25999999954,-0.014715,Match
364249.96,0.0,351359.4529999996,-0.00981,Match
364433.06,0.0,351535.7409999996,-0.004905,Match
364616.26,0.0,351712.1569999996,-0.00981,Match
364799.56,0.0,351888.6419999996,-0.004905,Match
364982.96,0.0,352065.2259999996,-0.004905,Match
365166.46,0.0,352241.9089999996,-0.004905,Match
365350.06,0.0,352418.6899999996,-0.00981,Match
365533.76,0.0,352595.5709999996,-0.023544,Match
365717.56,0.0,352772.5769999996,-0.004905,Match
365901.46,0.0,352949.6559999996,-0.023544,Match
366085.46,0.0,353126.83299999963,-0.01962,Match
366269.56,0.0,353304.10799999966,-0.023544,Match
366453.76,0.0,353481.48199999967,-0.00981,Match
366638.06,0.0,353658.95499999967,0.004905,Match
366822.46,0.0,353836.56499999965,-0.004905,Match
367006.96,0.0,354014.2359999996,0.004905,Match
367191.56,0.0,354192.0049999996,-0.014715,Match
367376.26,0.0,354369.8719999996,0.004905,Match
367561.06,0.0,354547.8389999996,-0.004905,Match
367745.96,0.0,354725.90399999963,-0.033354,Match
367930.96,0.0,354904.0679999996,-0.004905,Match
368116.06,0.0,355082.35499999963,0.014715,Match
368301.26,0.0,355260.7159999996,-0.023544,Match
368486.56,0.0,355439.1769999996,-0.01962,Match
368671.96,0.0,355617.7359999996,-0.014715,Match
368857.46,0.0,355796.4269999996,0.01962,Match
369043.06,0.0,355975.1829999996,-0.00981,Match
369228.76,0.0,356154.0369999996,0.0,Match
369414.56,0.0,356332.99099999963,-0.004905,Match
369600.46,0.0,356512.06699999963,-0.014715,Match
369786.46,0.0,356691.21799999964,-0.023544,Match
369972.56,0.0,356870.46799999964,-0.00981,Match
370158.76,0.0,357049.81699999963,0.004905,Match
370345.06,0.0,357229.2639999996,-0.01962,Match
370531.46,0.0,357408.81099999964,-0.00981,Match
370717.96,0.0,357588.4709999996,-0.004905,Match
370904.56,0.0,357768.2149999996,0.0,Match
371091.26,0.0,357948.0979999996,-0.00981,Match
371278.06,0.0,358128.0389999996,-0.023544,Match
371464.96,0.0,358308.0789999996,-0.01962,Match
371651.96,0.0,358488.2179999996,-0.028449,Match
371839.06,0.0,358668.4739999996,-0.00981,Match
372026.26,0.0,358848.8099999996,0.004905,Match
372213.56,0.0,359029.2819999996,-0.01962,Match
372400.96,0.0,359209.8159999996,-0.01962,Match
372588.46,0.0,359390.4489999996,0.0,Match
372776.06,0.0,359571.1799999996,-0.01962,Match
372963.76,0.0,359752.0099999996,-0.014715,Match
373151.56,0.0,359932.9389999996,-0.00981,Match
373339.46,0.0,360113.9979999996,-0.014715,Match
373527.46,0.0,360295.1239999996,-0.00981,Match
373715.56,0.0,360476.3479999996,-0.01962,Match
373903.76,0.0,360657.6709999996,-0.014715,Match
374092.06,0.0,360839.0929999996,0.0,Match
374280.46,0.0,361020.6139999996,-0.014715,Match
374468.96,0.0,361202.2339999996,-0.014715,Match
374657.56,0.0,361383.9639999996,-0.01962,Match
374846.26,0.0,361565.7809999996,-0.014715,Match
375035.06,0.0,361747.6969999996,0.0,Match
375223.96,0.0,361929.7119999996,0.0,Match
375412.96,0.0,362111.8339999996,-0.038259,Match
375602.06,0.0,362294.0459999996,-0.014715,Match
375791.26,0.0,362476.3569999996,0.0,Match
375980.56,0.0,362658.76599999954,-0.00981,Match
376169.96,0.0,362841.2739999995,-0.014715,Match
376359.46,0.0,363023.8809999995,-0.00981,Match
376549.06,0.0,363206.6069999996,-0.014715,Match
376738.76,0.0,363389.4119999996,-0.043164,Match
376928.56,0.0,363572.31499999954,-0.023544,Match
377118.46,0.0,363755.3169999995,-0.004905,Match
377308.46,0.0,363938.4269999995,-0.004905,Match
377498.56,0.0,364121.6269999995,-0.028449,Match
377688.76,0.0,364304.92399999953,-0.014715,Match
377879.06,0.0,364488.32099999953,-0.014715,Match
378069.46,0.0,364671.8169999995,-0.004905,Match
378259.96,0.0,364855.4109999995,-0.014715,Match
378450.56,0.0,365039.1279999995,-0.01962,Match
378641.26,0.0,365222.9189999995,-0.00981,Match
378832.06,0.0,365406.80899999954,-0.023544,Match
379022.96,0.0,365590.79799999954,-0.00981,Match
379213.96,0.0,365774.88599999953,-0.00981,Match
379405.06,0.0,365959.0719999995,-0.00981,Match
379596.26,0.0,366143.3949999995,-0.00981,Match
379787.56,0.0,366327.7789999995,-0.014715,Match
379978.96,0.0,366512.2619999995,-0.004905,Match
380170.46,0.1,366696.8439999995,0.129492,Match
380362.06,0.2,366881.5239999995,0.229554,Match
380553.76,0.3,367066.3029999995,0.320787,Match
380745.56,0.4,367251.1809999995,0.488538,Match
380937.46,0.5,367436.15799999953,0.555246,Match
381129.46,0.6,367621.23399999953,0.62784,Match
381321.56,0.7,367806.4089999995,0.694548,Match
381513.76,0.7,367991.6819999995,0.727902,Match
381706.06,0.7,368177.0539999995,0.646479,Match
381898.46,0.7,368362.52399999945,0.727902,Match
382090.96,0.7,368548.09899999946,0.661194,Match
382283.56,0.7,368733.76699999947,0.679833,Match
382476.26,0.7,368919.56199999945,0.684738,Match
382669.06,0.7,369105.4279999994,0.694548,Match
382861.96,0.628571,369291.39299999946,0.61803,Match
383054.96,0.528571,-,-,Deletion
383248.06,0.428571,369477.4569999995,0.445374,Match
383441.26,0.328571,369663.6229999995,0.340407,Match
383634.56,0.228571,369849.8839999995,0.307053,Match
383827.96,0.128571,370036.2689999995,0.162846,Match
384021.46,0.028571,370222.7279999995,0.043164,Match
384215.06,0.0,-,-,Deletion
384408.76,0.0,370409.2859999995,0.00981,Match
384602.56,0.0,370595.9429999995,-0.023544,Match
384796.46,0.0,370782.7099999995,0.023544,Match
384990.46,0.0,370969.5649999995,-0.014715,Match
385184.56,0.0,371156.5549999994,-0.043164,Match
385378.76,0.0,371343.6069999995,0.023544,Match
385573.06,0.0,371530.7569999995,-0.014715,Match
385767.46,0.0,371718.0059999995,0.071613,Match
385961.96,0.0,371905.3869999995,-0.057879,Match
386156.56,0.0,372092.8349999995,0.00981,Match
386351.26,0.0,372280.3809999994,-0.023544,Match
386546.06,0.0,372468.0259999995,-0.01962,Match
386740.96,0.0,372655.7699999995,-0.00981,Match
386935.96,0.0,372843.6119999995,-0.028449,Match
387131.06,0.0,373031.5929999995,-0.00981,Match
387326.26,0.0,373219.6329999995,0.0,Match
387521.56,0.0,373407.77199999953,-0.01962,Match
387716.96,0.0,373596.00999999954,0.0,Match
387912.46,-0.02,373784.3729999996,-0.048069,Match
388108.06,-0.12,373972.8079999996,-0.114777,Match
388303.76,-0.22,374161.34199999954,-0.258984,Match
388499.56,-0.32,374349.9749999995,-0.363951,Match
388695.46,-0.42,374538.70599999954,-0.464994,Match
388891.46,-0.52,374727.5359999996,-0.555246,Match
389087.56,-0.62,-,-,Deletion
389283.76,-0.7,374916.4649999996,-0.679833,Match
389480.06,-0.7,375105.4989999996,-0.709263,Match
389676.46,-0.7,375294.6259999995,-0.727902,Match
389872.96,-0.7,375483.8509999995,-0.699453,Match
390069.56,-0.7,375673.1759999995,-0.761256,Match
390266.26,-0.7,375862.5999999995,-0.684738,Match
390463.06,-0.7,376052.1219999995,-0.709263,Match
390659.96,-0.7,376241.7649999995,-0.756351,Match
390856.96,-0.608571,376431.4839999995,-0.613125,Match
391054.06,-0.508571,376621.3019999995,-0.455184,Match
391251.26,-0.408571,376811.2189999995,-0.440469,Match
391448.56,-0.308571,377001.24499999953,-0.287433,Match
391645.96,-0.208571,377191.3599999995,-0.244269,Match
391843.46,-0.108571,377381.60299999954,-0.109872,Match
392041.06,-0.008571,-,-,Deletion
392238.76,0.0,-,-,Deletion
392436.56,0.0,-,-,Deletion
392634.46,0.0,-,-,Deletion
392832.46,0.0,-,-,Deletion
393030.56,0.0,-,-,Deletion
393228.76,0.0,-,-,Deletion
393228.76,0.0,-,-,Deletion
393228.86,0.0,-,-,Deletion
393229.06,0.0,-,-,Deletion
393229.36,0.0,-,-,Deletion
393229.76,0.0,-,-,Deletion
393230.26,0.0,-,-,Deletion
393230.86,0.0,-,-,Deletion
393231.56,0.0,-,-,Deletion
393232.36,0.0,-,-,Deletion
393233.26,0.0,-,-,Deletion
393234.26,0.0,-,-,Deletion
393235.36,0.0,-,-,Deletion
393236.56,0.0,-,-,Deletion
393237.86,0.0,-,-,Deletion
393239.26,0.0,-,-,Deletion
393240.76,0.0,377571.9149999995,-0.004905,Match
393242.36,0.0,377762.32599999954,0.004905,Match
393244.06,0.0,377952.83699999953,-0.028449,Match
393245.86,0.0,378143.4639999995,-0.023544,Match
393247.76,0.0,378334.1719999995,0.014715,Match
393249.76,0.0,378525.0179999995,-0.014715,Match
393251.86,0.0,378715.92399999953,-0.043164,Match
393254.06,0.0,378906.9279999996,-0.014715,Match
393256.36,0.0,379098.0309999996,-0.00981,Match
393258.76,0.0,379289.27199999953,0.01962,Match
393261.26,0.0,379480.5729999995,-0.028449,Match
393263.86,0.0,379671.9719999995,-0.066708,Match
393266.56,0.0,379863.46899999946,0.023544,Match
393269.36,0.0,380055.09399999946,0.0,Match
393272.26,0.0,380246.78899999947,-0.01962,Match
393275.26,0.0,380438.58299999946,-0.038259,Match
393278.36,0.0,380630.4759999994,0.00981,Match
393281.56,0.0,380822.4679999994,0.004905,Match
393284.86,0.0,381014.5589999995,-0.038259,Match
393288.26,0.0,381206.7479999995,-0.014715,Match
393291.76,0.0,381399.0359999995,-0.028449,Match
393295.36,0.0,381591.4229999995,0.057879,Match
393299.06,0.0,381783.91999999946,-0.033354,Match
393302.86,0.0,381976.5039999994,-0.00981,Match
393306.76,0.0,382169.18699999945,-0.028449,Match
393310.76,0.0,382361.96899999946,0.00981,Match
393314.86,0.0,382554.84999999945,-0.043164,Match
393319.06,0.0,382747.8289999994,-0.167751,Mismatch
393323.36,0.0,382940.9119999994,-0.244269,Mismatch
393327.76,0.0,383134.08899999945,-0.157941,Mismatch
393332.26,0.0,383327.3639999995,-0.139302,Match
393336.86,0.0,383520.7379999995,-0.01962,Match
393341.56,0.0,383714.2109999995,-0.023544,Match
393346.36,0.0,383907.7819999995,-0.004905,Match
393351.26,0.0,384101.4779999995,-0.004905,Match
393356.26,0.0,384295.2479999995,-0.00981,Match
393361.36,0.0,384489.1169999995,-0.004905,Match
393366.56,0.0,384683.0839999995,-0.014715,Match
393371.86,0.0,384877.1649999995,-0.00981,Match
393377.26,0.0,385071.3299999995,-0.00981,Match
393382.76,0.0,385265.6309999994,-0.014715,Match
393388.36,0.0,385459.9939999995,-0.00981,Match
393394.06,0.0,385654.4559999995,-0.014715,Match
393399.86,0.0,385849.0159999995,-0.014715,Match
393405.76,0.0,386043.67499999946,-0.033354,Match
393411.76,0.0,386238.4339999995,-0.004905,Match
393417.86,0.0,386433.31599999947,-0.00981,Match
393424.06,0.0,386628.2709999995,-0.00981,Match
393430.36,0.0,386823.3249999995,0.0,Match
393436.76,0.0,387018.4769999995,-0.00981,Match
393443.26,0.0,387213.72899999947,-0.014715,Match
393449.86,0.0,387409.0799999995,-0.014715,Match
393456.56,0.0,387604.52799999947,-0.00981,Match
393463.36,0.0,387800.0759999995,-0.01962,Match
393470.26,0.0,387995.7219999995,-0.014715,Match
393477.26,0.0,387995.7219999995,-0.014715,Match
393484.36,0.0,387995.8199999995,0.0,Match
393491.56,0.0,387996.01699999947,-0.004905,Match
393498.86,0.0,387996.3409999995,-0.023544,Match
393506.26,0.0,387996.7339999995,-0.004905,Match
393513.76,0.0,387997.2269999995,-0.028449,Match
393521.36,0.0,387997.8189999995,-0.00981,Match
393529.06,0.0,387998.5229999995,-0.014715,Match
393536.86,0.0,387999.3119999995,-0.00981,Match
393544.76,0.0,388000.2379999995,-0.014715,Match
393552.76,0.0,388001.2249999995,-0.00981,Match
393560.86,0.0,388002.3109999995,-0.004905,Match
393569.06,0.0,388003.49499999953,-0.004905,Match
393577.36,0.0,388004.79299999954,-0.01962,Match
393585.76,0.0,388006.17399999953,0.0,Match
393594.26,0.0,388007.6549999996,-0.01962,Match
393602.86,0.0,388009.2339999996,-0.00981,Match
393611.56,0.0,388010.9119999996,-0.01962,Match
393620.36,0.0,388012.6899999996,-0.014715,Match
393629.26,0.0,388014.6049999996,-0.014715,Match
393638.26,0.0,388016.5789999996,-0.014715,Match
393647.36,0.0,388018.65199999954,-0.00981,Match
393656.56,0.0,388020.8239999996,-0.004905,Match
393665.86,0.0,388023.0949999996,-0.00981,Match
393675.26,0.0,388025.4659999996,-0.00981,Match
393684.76,0.0,388027.93399999954,-0.004905,Match
393694.36,0.0,388030.49999999953,-0.004905,Match
393704.06,0.0,388033.1669999996,-0.01962,Match
393713.86,0.0,388035.9309999996,-0.014715,Match
393723.76,0.0,388038.7939999996,-0.00981,Match
393733.76,0.0,388041.7559999996,-0.014715,Match
393743.86,0.0,388044.8159999996,-0.00981,Match
393754.06,0.0,388047.9839999996,-0.00981,Match
393764.36,0.0,388051.2429999996,-0.004905,Match
393774.76,0.0,388054.6009999996,-0.01962,Match
393785.26,0.0,388058.0569999996,-0.014715,Match
393795.86,0.0,388061.6109999996,-0.00981,Match
393806.56,0.0,388065.2639999996,-0.014715,Match
393817.36,0.0,388069.0169999997,-0.004905,Match
393828.26,0.0,388072.86799999967,-0.01962,Match
393839.26,0.0,388076.84699999966,-0.014715,Match
393850.36,0.0,388080.89599999966,-0.004905,Match
393861.56,0.0,388085.0439999997,-0.004905,Match
393872.86,0.0,388089.2899999996,-0.004905,Match
393884.26,0.0,388093.6599999996,-0.00981,Match
393895.76,0.0,388098.10299999965,-0.00981,Match
393907.36,0.0,388102.64499999967,-0.00981,Match
393919.06,0.0,388107.2849999997,-0.014715,Match
393930.86,0.0,388112.05399999965,-0.004905,Match
393942.76,0.0,388116.8929999996,-0.00981,Match
393954.76,0.0,388121.8299999996,-0.014715,Match
393966.86,0.0,388126.8659999996,-0.00981,Match
393979.06,0.0,388132.00499999966,-0.00981,Match
393991.36,0.0,388137.23799999966,-0.014715,Match
394003.76,0.0,388142.5939999997,-0.00981,Match
394016.26,0.0,388148.0249999997,-0.00981,Match
394028.86,0.0,388153.55399999965,-0.014715,Match
394041.56,0.0,388159.1819999997,-0.014715,Match
394054.36,0.0,388164.9089999997,-0.004905,Match
394067.26,0.0,388170.7349999997,-0.00981,Match
394080.26,0.0,388176.6589999997,0.004905,Match
394093.36,0.0,388182.6819999997,-0.014715,Match
394106.56,0.0,388188.80299999967,-0.023544,Match
394119.86,0.0,388195.0239999997,-0.033354,Match
394133.26,0.0,388201.3429999997,-0.00981,Match
394146.76,0.0,388207.7609999997,-0.023544,Match
394160.36,0.0,388214.2779999997,0.004905,Match
394174.06,0.0,388220.8999999997,-0.00981,Match
394187.86,0.0,388227.61399999965,-0.01962,Match
394201.76,0.0,388234.4269999997,0.0,Match
394215.76,0.0,388241.3389999997,-0.014715,Match
394229.86,0.0,388248.3499999997,0.0,Match
394244.06,0.0,388255.4589999997,-0.014715,Match
394258.36,0.0,388262.6869999997,0.0,Match
394272.76,0.0,388269.99399999966,-0.023544,Match
394287.26,0.0,388277.3999999997,-0.014715,Match
394301.86,0.0,388284.9049999997,0.004905,Match
394316.56,0.0,388292.5119999997,-0.01962,Match
394331.36,0.0,388300.2149999997,-0.028449,Match
394346.26,0.0,388308.04299999966,-0.01962,Match
394361.26,0.0,388315.9429999997,-0.01962,Match
394376.36,0.0,388323.9419999997,-0.00981,Match
394391.56,0.0,388332.0389999997,0.0,Match
394406.86,0.0,388340.2569999997,-0.004905,Match
394422.26,0.0,388348.5549999997,-0.00981,Match
394437.76,0.0,388356.9489999997,0.0,Match
394453.36,0.0,388365.4409999997,-0.00981,Match
394469.06,0.0,388374.0329999997,0.0,Match
394484.86,0.0,388382.7229999997,-0.023544,Match
394500.76,0.0,388391.5299999997,-0.014715,Match
394516.76,0.0,388400.41799999966,-0.038259,Match
394532.86,0.0,388409.4409999997,0.0,Match
394549.06,0.0,388418.52599999966,0.004905,Match
394565.36,0.0,388427.7099999997,-0.023544,Match
394581.76,0.0,388436.99299999967,-0.048069,Match
394598.26,0.0,388446.4029999997,-0.01962,Match
394614.86,0.0,388455.8829999996,-0.00981,Match
394631.56,0.0,388465.4619999997,-0.01962,Match
394648.36,0.0,388475.13999999966,0.0,Match
394665.26,0.0,388484.9159999997,-0.01962,Match
394682.26,0.0,388494.7909999997,-0.023544,Match
394699.36,0.0,388504.7639999997,-0.00981,Match
394716.56,0.0,388514.83599999966,-0.004905,Match
394733.86,0.0,388525.0079999997,0.0,Match
394751.26,0.0,388535.2779999997,-0.00981,Match
394768.76,0.0,388545.6459999997,-0.01962,Match
394786.36,0.0,388556.1219999997,-0.00981,Match
394804.06,0.0,388566.6879999997,-0.014715,Match
394821.86,0.0,388577.39299999975,-0.00981,Match
394839.76,0.0,388588.1569999998,-0.004905,Match
394857.76,0.0,388599.0199999998,-0.023544,Match
394875.86,0.0,388609.9799999998,-0.01962,Match
394894.06,0.0,388621.05899999983,-0.00981,Match
394912.36,0.0,388632.2179999998,-0.043164,Match
394930.76,0.0,388643.5159999998,-0.00981,Match
394949.26,0.0,388654.8719999999,-0.00981,Match
394967.86,0.0,388666.3269999999,-0.023544,Match
394986.56,0.0,388677.8799999999,-0.00981,Match
395005.36,0.0,388689.5329999999,-0.014715,Match
395024.26,0.0,388701.2839999999,-0.00981,Match
395043.26,0.0,388713.1719999999,0.00981,Match
395062.36,0.0,388725.1209999999,-0.033354,Match
395081.56,0.0,388737.1679999999,0.0,Match
395100.86,0.0,388749.3149999999,-0.004905,Match
395120.26,0.0,388761.5889999999,0.004905,Match
395139.76,0.0,388773.93299999984,-0.004905,Match
395159.36,0.0,388786.3749999998,-0.01962,Match
395179.06,0.0,388798.9159999999,-0.004905,Match
395198.86,0.0,388811.5559999999,-0.00981,Match
395218.76,0.0,388824.2949999999,-0.00981,Match
395238.76,0.0,388837.1329999999,-0.004905,Match
395258.86,0.0,388850.06899999984,-0.004905,Match
395279.06,0.0,388863.1039999998,-0.004905,Match
395299.36,0.0,388876.23799999984,-0.014715,Match
395319.76,0.0,388889.4699999999,-0.00981,Match
395340.26,0.0,388902.8009999999,-0.014715,Match
395360.86,-0.1,388916.2309999999,-0.071613,Match
395381.56,-0.2,388929.75999999983,-0.162846,Match
395402.36,-0.3,388943.3879999999,-0.297243,Match
395423.26,-0.4,388957.1149999999,-0.363951,Match
395444.26,-0.5,388970.9399999999,-0.512082,Match
395465.36,-0.6,388984.8739999999,-0.671004,Match
395486.56,-0.7,388998.8969999999,-0.656289,Match
395507.86,-0.7,389013.0509999999,-0.756351,Match
395529.26,-0.7,389027.27099999983,-0.704358,Match
395550.76,-0.7,389041.5899999999,-0.684738,Match
395572.36,-0.7,389056.0079999999,-0.747522,Match
395594.06,-0.7,389070.5379999999,-0.718092,Match
395615.86,-0.7,389085.1539999999,-0.742617,Match
395637.76,-0.7,389099.8999999999,-0.661194,Match
395659.76,-0.628571,389114.7129999999,-0.727902,Match
395681.86,-0.528571,389129.6249999999,-0.536607,Match
395704.06,-0.428571,389144.6349999999,-0.473823,Match
395726.36,-0.328571,389159.7749999999,-0.363951,Match
395748.76,-0.228571,389174.9829999999,-0.325692,Match
395771.26,-0.128571,389190.2899999999,-0.101043,Match
395793.86,-0.028571,389205.6959999999,-0.091233,Match
395816.56,0.0,-,-,Deletion
395839.36,0.0,-,-,Deletion
395862.26,0.0,389221.2369999999,-0.033354,Match
395885.26,0.0,389236.8409999999,0.0,Match
395908.36,0.0,389252.5429999999,-0.00981,Match
395931.56,0.0,389268.3439999999,-0.004905,Match
395954.86,0.0,389284.24299999984,-0.038259,Match
395978.26,0.0,389300.2419999999,0.023544,Match
396001.76,0.0,389316.3399999999,-0.038259,Match
396025.36,0.0,389332.5359999999,0.00981,Match
396049.06,0.0,389348.83099999983,-0.057879,Match
396072.86,0.0,389365.2249999998,-0.01962,Match
396096.76,0.0,389381.71699999983,-0.038259,Match
396120.76,0.0,389398.30899999983,-0.014715,Match
396144.86,0.0,389414.9999999998,-0.043164,Match
396169.06,0.0,389431.7889999998,-0.00981,Match
396193.36,0.0,389448.6769999998,-0.00981,Match
396217.76,0.0,389465.6639999998,0.004905,Match
396242.26,0.0,389482.74899999984,-0.028449,Match
396266.86,0.02,389499.9349999998,0.043164,Match
396291.56,0.12,389517.2179999998,0.061803,Match
396316.36,0.22,389534.6229999999,0.220725,Match
396341.26,0.32,389552.1029999998,0.287433,Match
396366.26,0.42,389569.6819999999,0.363951,Match
396391.36,0.52,389587.3599999999,0.555246,Match
396416.56,0.62,389605.1639999999,0.584676,Match
396441.86,0.7,389623.0389999999,0.732807,Match
396467.26,0.7,389641.0129999999,0.666099,Match
396492.76,0.7,389659.08599999984,0.752427,Match
396518.36,0.7,389677.2679999998,0.679833,Match
396544.06,0.7,389695.5379999998,0.732807,Match
396569.86,0.7,389713.94999999984,0.641574,Match
396595.76,0.7,389732.41799999983,0.709263,Match
396621.76,0.7,389751.0069999998,0.694548,Match
396647.86,0.608571,389769.67299999984,0.555246,Match
396674.06,0.508571,389788.4369999999,0.3924,Match
396700.36,0.408571,389807.2999999999,0.40221,Match
396726.76,0.308571,389826.2859999999,0.18639,Match
396753.26,0.208571,389845.34599999984,0.143226,Match
396779.86,0.108571,389864.5459999999,0.057879,Match
396806.56,0.008571,389883.8039999998,-0.023544,Match
396833.36,0.0,389903.1599999999,0.0,Match
396860.26,0.0,389922.6149999999,-0.048069,Match
396887.26,0.0,389942.1689999999,0.0,Match
396914.36,0.0,389961.8219999999,0.014715,Match
396941.56,0.0,389981.6149999999,-0.033354,Match
396968.86,0.0,390001.4659999999,-0.01962,Match
396996.26,0.0,390021.4159999999,-0.00981,Match
397023.76,0.0,390041.4649999999,0.014715,Match
397051.36,0.0,390061.6119999999,-0.00981,Match
397079.06,0.0,390081.8579999999,-0.052974,Match
397106.86,0.0,390102.2029999999,0.014715,Match
397134.76,0.0,390122.6459999999,-0.004905,Match
397162.76,0.0,390143.1879999999,0.004905,Match
-,-,390163.8289999999,-0.061803,Insertion
-,-,390184.5689999999,0.00981,Insertion
397190.86,0.0,390205.4079999999,0.0,Match
397219.06,0.0,390226.3449999999,-0.023544,Match
397247.36,0.0,390247.3809999999,-0.01962,Match
397275.76,0.0,390268.5159999999,-0.028449,Match
397304.26,0.0,390289.7889999999,0.014715,Match
397332.86,0.0,390311.1219999999,0.00981,Match
397361.56,0.0,390332.5599999999,-0.038259,Match
397390.36,0.0,390354.0899999999,-0.00981,Match
397419.26,0.0,390375.7469999999,-0.01962,Match
-,-,390397.4749999999,0.096138,Insertion
-,-,390419.3019999999,0.114777,Insertion
-,-,390441.2269999999,0.177561,Insertion
-,-,390463.2519999999,0.191295,Insertion
-,-,390485.375,0.086328,Insertion
397448.26,0.0,390507.597,0.00981,Match
397477.36,0.0,390529.917,0.004905,Match
397506.56,0.0,390552.336,-0.00981,Match
397535.86,0.0,390574.87,0.014715,Match
397565.26,0.0,390597.4859999999,0.0,Match
397594.76,0.0,390620.201,-0.004905,Match
397624.36,0.0,390643.015,-0.00981,Match
397654.06,0.0,390665.937,-0.061803,Match
397683.86,0.0,390688.949,0.004905,Match
397713.76,0.0,390712.06,-0.00981,Match
397743.76,0.0,390735.2689999999,-0.014715,Match
397773.86,0.0,390758.5759999999,-0.01962,Match
397804.06,0.0,390781.9829999999,-0.00981,Match
397834.36,0.0,390805.4879999999,-0.01962,Match
397864.76,0.0,390829.0919999999,-0.014715,Match
397895.26,0.0,390852.7959999999,-0.014715,Match
397925.86,0.0,390876.598,-0.00981,Match
397956.56,0.0,390900.51199999993,-0.014715,Match
397987.36,0.0,390924.51199999993,-0.004905,Match
398018.26,0.0,390948.6429999999,-0.014715,Match
398049.26,0.0,390972.8399999999,-0.014715,Match
398080.36,0.0,390997.1359999999,-0.023544,Match
398111.56,0.0,391021.5299999999,0.0,Match
398142.86,0.0,391046.0339999999,-0.00981,Match
398174.26,0.0,391070.6259999999,-0.023544,Match
398205.76,0.0,391095.3519999999,-0.004905,Match
398237.36,0.0,391120.1409999999,-0.004905,Match
398269.06,0.0,391145.0289999999,-0.00981,Match
398300.86,0.0,391170.0159999999,0.004905,Match
398332.76,0.0,391195.1019999999,0.0,Match
398364.76,0.0,391220.2869999999,-0.033354,Match
398396.86,0.0,391245.5709999999,-0.028449,Match
398429.06,0.0,391270.9529999999,-0.004905,Match
398461.36,0.0,391296.4339999999,-0.00981,Match
398493.76,0.0,391322.0139999999,-0.004905,Match
398526.26,0.0,391347.6929999999,-0.014715,Match
398558.86,0.0,391373.4719999999,0.0,Match
398591.56,0.0,391399.3479999999,0.004905,Match
398624.36,0.0,391425.3229999999,-0.00981,Match
398657.26,0.0,391451.3969999999,-0.004905,Match
398690.26,0.0,391477.5689999999,-0.004905,Match
398723.36,0.0,391503.8399999999,0.004905,Match
398756.56,0.0,391530.2099999999,-0.00981,Match
398789.86,0.0,391556.6789999999,-0.00981,Match
398823.26,0.0,391583.2469999999,-0.014715,Match
398856.76,0.0,391609.913,0.0,Match
398890.36,0.0,391636.678,-0.01962,Match
398924.06,0.0,391663.542,-0.014715,Match
398957.86,0.0,391690.51699999993,-0.014715,Match
398991.76,0.0,391717.5789999999,-0.014715,Match
399025.76,0.0,391744.73999999993,-0.00981,Match
399059.86,0.0,391772.0,-0.01962,Match
399094.06,0.0,391799.3719999999,-0.004905,Match
399128.36,0.0,391826.8299999999,-0.014715,Match
399162.76,0.0,391854.3869999999,-0.00981,Match
399197.26,0.0,391882.0419999999,-0.028449,Match
399231.86,0.0,391909.7959999999,0.0,Match
399266.56,0.0,391937.6489999999,0.0,Match
399301.36,0.0,391965.62599999993,-0.01962,Match
399336.26,0.0,391993.6769999999,-0.004905,Match
399371.26,0.0,392021.82699999993,-0.00981,Match
399406.36,0.0,392050.075,-0.01962,Match
399441.56,0.0,392078.444,-0.004905,Match
399476.86,0.0,392106.89,-0.014715,Match
399512.26,0.0,392135.435,-0.014715,Match
399547.76,0.0,392164.0789999999,-0.00981,Match
399583.36,0.0,392192.8309999999,-0.00981,Match
399619.06,0.0,392221.6719999999,-0.00981,Match
399654.86,0.0,392250.6419999999,-0.004905,Match
399690.76,0.0,392279.6809999999,-0.014715,Match
399726.76,0.0,392308.81899999984,-0.014715,Match
399762.86,0.0,392338.0559999999,-0.004905,Match
399799.06,0.0,392367.3919999999,-0.023544,Match
399835.36,0.0,392396.8259999999,-0.01962,Match
399871.76,0.0,392426.3589999999,-0.004905,Match
399908.26,0.0,392455.9909999999,-0.00981,Match
399944.86,0.0,392485.7219999999,-0.023544,Match
399981.56,0.0,392515.5519999999,-0.014715,Match
400018.36,0.0,392545.4799999999,-0.004905,Match
400055.26,0.0,392575.5069999999,-0.004905,Match
400092.26,0.0,392605.6329999999,-0.004905,Match
400129.36,0.0,392635.859,-0.01962,Match
400166.56,0.0,392666.183,0.014715,Match
400203.86,0.0,392696.632,0.00981,Match
400241.26,0.0,392727.153,0.004905,Match
400278.76,0.0,392757.773,0.00981,Match
400316.36,0.0,392788.492,-0.014715,Match
400354.06,0.0,392819.316,0.0,Match
400391.86,0.0,392850.232,0.004905,Match
400429.76,0.0,392881.281,-0.028449,Match
400467.76,0.0,392912.396,0.0,Match
400505.86,0.0,392943.609,0.014715,Match
400544.06,0.0,392974.921,0.0,Match
400582.36,0.0,393006.345,-0.052974,Match
400620.76,0.0,393037.855,-0.033354,Match
400659.26,0.0,393069.503,-0.023544,Match
400697.86,0.0,393101.21,-0.023544,Match
400736.56,0.0,393133.016,-0.028449,Match
400775.36,0.0,393164.921,-0.014715,Match
400814.26,0.0,393196.942,-0.004905,Match
400853.26,0.0,393229.045,-0.00981,Match
400892.36,0.0,393261.246,0.004905,Match
400931.56,0.0,393293.547,-0.004905,Match
400970.86,0.0,393325.946,-0.00981,Match
401010.26,0.0,393358.444,-0.00981,Match
401049.76,0.0,393391.068,-0.01962,Match
401089.36,0.0,393423.764,-0.038259,Match
401129.06,0.0,393456.558,-0.014715,Match
401168.86,0.0,393489.451,-0.028449,Match
401208.76,0.0,393522.4419999999,-0.033354,Match
401248.76,0.0,393555.532,0.0,Match
401288.86,0.0,393588.721,-0.00981,Match
401329.06,0.0,393622.009,-0.004905,Match
401369.36,0.0,393655.395,-0.01962,Match
401409.76,0.0,393688.88,0.004905,Match
401450.26,0.0,393722.4639999999,-0.014715,Match
401490.86,0.0,393756.1489999999,-0.00981,Match
401531.56,0.0,393789.9309999999,-0.004905,Match
401572.36,0.0,393823.8399999999,-0.014715,Match
401613.26,0.0,393857.8199999999,-0.00981,Match
401654.26,0.0,393891.8979999999,0.0,Match
401695.36,0.0,393926.0749999999,-0.00981,Match
401736.56,0.0,393960.3809999999,-0.004905,Match
401777.86,0.0,393994.7559999999,-0.00981,Match
401819.26,0.0,394029.2319999999,-0.00981,Match
401860.76,0.0,394063.8039999999,-0.004905,Match
401902.36,0.0,394098.4859999999,-0.004905,Match
401944.06,0.0,394133.2559999999,-0.00981,Match
401985.86,0.0,394168.1529999999,-0.014715,Match
402027.76,0.0,394203.1209999999,-0.014715,Match
402069.76,0.0,394238.1869999999,-0.004905,Match
402111.86,0.0,394273.35199999984,-0.01962,Match
402154.06,0.0,394308.6199999998,-0.01962,Match
402196.36,0.0,394343.98299999983,-0.033354,Match
402238.76,0.0,394379.4729999998,-0.01962,Match
402281.26,0.0,394415.0339999998,0.0,Match
402323.86,0.0,394450.6929999998,-0.033354,Match
402366.56,0.0,394486.45099999977,-0.01962,Match
402409.36,0.0,394522.33199999976,-0.00981,Match
402452.26,0.0,394558.28799999977,-0.014715,Match
402495.26,0.0,394594.34299999976,-0.00981,Match
402538.36,0.0,394630.4969999997,-0.004905,Match
402581.56,0.0,394666.7489999997,-0.01962,Match
402624.86,0.0,394703.0999999997,-0.023544,Match
402668.26,0.0,394739.54999999976,-0.01962,Match
402711.76,0.0,394776.09899999975,-0.01962,Match
402755.36,0.0,394812.7469999997,-0.014715,Match
402799.06,0.0,394849.4929999997,-0.00981,Match
402842.86,0.0,394886.33899999975,-0.043164,Match
402886.76,0.0,394923.28299999976,-0.014715,Match
402930.76,0.0,394960.32599999977,-0.00981,Match
402974.86,0.0,394997.46799999976,-0.014715,Match
403019.06,0.0,395034.7089999997,-0.00981,Match
403063.36,0.0,395072.04899999977,-0.014715,Match
403107.76,0.0,395109.4869999998,-0.014715,Match
403152.26,0.0,395147.0239999998,0.0,Match
403196.86,0.0,395184.6599999998,-0.01962,Match
403241.56,0.0,395222.3949999998,-0.00981,Match
403286.36,0.0,395260.22899999976,-0.023544,Match
403331.26,0.0,395298.1619999998,-0.023544,Match
403376.26,-0.1,395336.1929999998,-0.114777,Match
403421.36,-0.2,395374.3469999998,-0.224649,Match
403466.56,-0.3,395412.57599999977,-0.368856,Match
403511.86,-0.4,395450.90399999975,-0.483633,Match
403557.26,-0.5,395489.3309999998,-0.589581,Match
403602.76,-0.6,395527.8739999998,-0.632745,Match
403648.36,-0.7,395566.4979999998,-0.790686,Match
403694.06,-0.7,395605.2199999998,-0.732807,Match
403739.86,-0.7,395644.0409999998,-0.756351,Match
403785.76,-0.7,395682.96199999977,-0.704358,Match
403831.76,-0.7,395721.9819999998,-0.732807,Match
403877.86,-0.7,395761.0999999998,-0.742617,Match
403924.06,-0.7,395800.3159999998,-0.674928,Match
403970.36,-0.7,395839.6709999998,-0.714168,Match
404016.76,-0.628571,395879.0849999998,-0.651384,Match
404063.26,-0.528571,395918.59799999977,-0.560151,Match
404109.86,-0.428571,395958.2099999998,-0.426735,Match
404156.56,-0.328571,395997.9579999998,-0.340407,Match
404203.36,-0.228571,396037.7669999998,-0.191295,Match
404250.26,-0.128571,396077.6749999998,-0.104967,Match
404297.26,-0.028571,396117.6819999998,-0.023544,Match
404344.36,0.0,-,-,Deletion
404391.56,0.0,-,-,Deletion
404438.86,0.0,-,-,Deletion
404486.26,0.0,396157.7879999998,-0.014715,Match
404533.76,0.0,396197.99299999984,-0.004905,Match
404581.36,0.0,396238.2959999999,0.014715,Match
404629.06,0.0,396278.6979999999,-0.01962,Match
404676.86,0.0,396319.1989999999,-0.052974,Match
404724.76,0.0,396359.7989999998,0.023544,Match
404772.76,0.0,396400.4979999999,-0.057879,Match
404820.86,0.0,396441.2959999999,-0.004905,Match
404869.06,0.0,396482.1929999999,-0.01962,Match
404917.36,0.0,396523.2149999999,-0.004905,Match
404965.76,0.0,396564.30899999983,-0.004905,Match
405014.26,0.0,396605.5009999998,-0.033354,Match
405062.86,0.0,396646.79299999983,-0.00981,Match
405111.56,0.0,396688.1979999999,-0.028449,Match
405160.36,0.0,396729.6879999999,0.014715,Match
405209.26,0.0,396771.31399999984,-0.076518,Match
405258.26,0.02,396813.0009999998,0.028449,Match
405307.36,0.12,396854.7939999998,0.043164,Match
405356.56,0.22,396896.67799999984,0.201105,Match
405405.86,0.32,396938.68399999983,0.220725,Match
405455.26,0.42,396980.7659999998,0.41202,Match
405504.76,0.52,397022.9469999998,0.455184,Match
405554.36,0.62,397065.22699999984,0.62784,Match
405604.06,0.7,397107.6059999999,0.737712,Match
405653.86,0.7,397150.0829999999,0.679833,Match
405703.76,0.7,397192.6769999999,0.732807,Match
405753.76,0.7,397235.35199999984,0.646479,Match
405803.86,0.7,397278.1659999999,0.709263,Match
405854.06,0.7,397321.0379999998,0.666099,Match
405904.36,0.7,397364.00999999983,0.742617,Match
405954.76,0.7,397407.07999999984,0.671004,Match
406005.26,0.608571,397450.24899999984,0.593505,Match
406055.86,0.508571,397493.5169999998,0.397305,Match
406106.56,0.408571,397536.8839999999,0.354141,Match
406157.36,0.308571,397580.3489999999,0.20601,Match
406208.26,0.208571,397623.9139999999,0.167751,Match
406259.26,0.108571,397667.5869999999,0.014715,Match
406310.36,0.008571,397711.3479999999,0.0,Match
406361.56,0.0,397755.2079999999,-0.071613,Match
-,-,397799.16699999984,0.057879,Insertion
-,-,397843.2359999999,-0.033354,Insertion
-,-,397887.3929999999,-0.014715,Insertion
406412.86,0.0,397931.6479999999,-0.033354,Match
406464.26,0.0,397976.0029999999,0.01962,Match
406515.76,0.0,398020.45599999983,0.004905,Match
406567.36,0.0,398065.0079999999,-0.014715,Match
406619.06,0.0,398109.6749999999,-0.048069,Match
406670.86,0.0,398154.4239999999,0.01962,Match
406722.76,0.0,398199.3089999999,-0.023544,Match
406774.76,0.0,398244.2559999999,-0.004905,Match
406826.86,0.0,398289.3029999999,-0.052974,Match
406879.06,0.0,398334.4469999999,-0.004905,Match
406931.36,0.0,398379.7199999999,0.004905,Match
406983.76,0.0,398425.0609999999,-0.004905,Match
407036.26,0.0,398470.5009999999,-0.028449,Match
407088.86,0.0,398516.0389999999,-0.023544,Match
407141.56,0.0,398561.6959999999,0.028449,Match
407194.36,0.0,398607.4329999999,0.01962,Match
407247.26,0.0,398653.3069999999,-0.043164,Match
407300.26,0.0,398699.2409999999,0.0,Match
407353.36,0.0,398745.2839999999,-0.00981,Match
407406.56,0.0,398791.4159999999,0.014715,Match
407459.86,0.0,398837.67499999993,0.01962,Match
407513.26,0.0,398884.004,0.119682,Match
-,-,398930.432,0.20601,Insertion
-,-,398976.958,0.153036,Insertion
-,-,399023.603,0.101043,Insertion
407566.76,0.0,399070.327,0.014715,Match
407620.36,0.0,399117.191,-0.00981,Match
407674.06,0.0,399164.112,-0.004905,Match
407727.86,0.0,399211.132,-0.004905,Match
407781.76,0.0,399258.251,-0.00981,Match
407835.76,0.0,399305.468,-0.00981,Match
407889.86,0.0,399352.784,-0.014715,Match
407944.06,0.0,399400.244,-0.048069,Match
407998.36,0.0,399447.757,-0.01962,Match
408052.76,0.0,399495.369,-0.01962,Match
408107.26,0.0,399543.079,-0.00981,Match
408161.86,0.0,399590.889,-0.01962,Match
408216.56,0.0,399638.798,-0.014715,Match
408271.36,0.0,399686.805,-0.004905,Match
408326.26,0.0,399734.934,-0.004905,Match
408381.26,0.0,399783.139,-0.014715,Match
408436.36,0.0,399831.443,-0.00981,Match
408491.56,0.0,399879.845,-0.014715,Match
408546.86,0.0,399928.355,-0.01962,Match
408602.26,0.0,399976.955,-0.004905,Match
408657.76,0.0,400025.685,-0.00981,Match
408713.36,0.0,400074.482,-0.004905,Match
408769.06,0.0,400123.378,-0.014715,Match
408824.86,0.0,400172.373,0.004905,Match
408880.76,0.0,400221.472,0.0,Match
408936.76,0.0,400270.664,-0.023544,Match
408992.86,0.0,400319.979,-0.01962,Match
409049.06,0.0,400369.369,-0.004905,Match
409105.36,0.0,400418.857,-0.028449,Match
409161.76,0.0,400468.444,-0.023544,Match
409218.26,0.0,400518.13,0.028449,Match
409274.86,0.0,400567.914,-0.004905,Match
409331.56,0.0,400617.798,-0.00981,Match
409388.36,0.0,400667.78,-0.01962,Match
409445.26,0.0,400717.899,-0.004905,Match
409502.26,0.0,400768.079,-0.01962,Match
409559.36,0.0,400818.358,-0.00981,Match
409616.56,0.0,400868.735,-0.014715,Match
409673.86,0.0,400919.211,0.0,Match
409731.26,0.0,400969.79,-0.014715,Match
409788.76,0.0,401020.4630000001,0.004905,Match
409846.36,0.0,401071.2400000001,-0.004905,Match
409904.06,0.0,401122.111,-0.01962,Match
409961.86,0.0,401173.102,-0.01962,Match
410019.76,0.0,401224.17,-0.01962,Match
410077.76,0.0,401275.33700000006,-0.014715,Match
410135.86,0.0,401326.60300000006,-0.014715,Match
410194.06,0.0,401377.96800000005,-0.004905,Match
410252.36,0.0,401429.432,-0.004905,Match
410310.76,0.0,401481.014,0.0,Match
410369.26,0.0,401532.6750000001,0.0,Match
410427.86,0.0,401584.43400000007,-0.014715,Match
410486.56,0.0,401636.29300000006,-0.00981,Match
410545.36,0.0,401688.25000000006,-0.004905,Match
410604.26,0.0,401740.306,-0.00981,Match
410663.26,0.0,401792.47800000006,-0.01962,Match
410722.36,0.0,401844.7320000001,-0.033354,Match
410781.56,0.0,401897.1210000001,-0.023544,Match
410840.86,0.0,401949.5730000001,-0.01962,Match
410900.26,0.0,402002.1230000001,0.0,Match
410959.76,0.0,402054.77200000006,-0.00981,Match
411019.36,0.0,402107.545,-0.01962,Match
411079.06,0.0,402160.39100000006,-0.014715,Match
411138.86,0.0,402213.33600000007,-0.014715,Match
411198.76,0.0,402266.38000000006,-0.01962,Match
411258.76,0.0,402319.523,-0.00981,Match
411318.86,0.0,402372.764,-0.004905,Match
411379.06,0.0,402426.1370000001,-0.004905,Match
411439.36,0.0,402479.57600000006,-0.004905,Match
411499.76,0.0,402533.11400000006,-0.014715,Match
411560.26,0.0,402586.75000000006,-0.00981,Match
411620.86,0.0,402640.485,-0.014715,Match
411681.56,0.0,402694.318,-0.014715,Match
411742.36,0.0,402748.2510000001,-0.014715,Match
411803.26,0.0,402802.28200000006,-0.004905,Match
411864.26,0.0,402856.4110000001,-0.004905,Match
411925.36,0.0,402910.6600000001,-0.004905,Match
411986.56,0.0,402964.9870000001,-0.01962,Match
412047.86,0.0,403019.41200000007,-0.014715,Match
412109.26,0.0,403073.9360000001,-0.014715,Match
412170.76,0.0,403128.57100000005,0.0,Match
412232.36,0.0,403183.29300000006,-0.00981,Match
412294.06,0.0,403238.11400000006,0.0,Match
412355.86,0.0,403293.03300000005,-0.023544,Match
412417.76,0.0,403348.05400000006,-0.014715,Match
412479.76,0.0,403403.1710000001,-0.00981,Match
412541.86,0.0,403458.4110000001,0.00981,Match
412604.06,0.0,403513.7260000001,-0.023544,Match
412666.36,0.0,403569.1400000001,-0.004905,Match
412728.76,0.0,403624.65200000006,-0.004905,Match
412791.26,0.0,403680.2670000001,-0.014715,Match
412853.86,0.0,403735.9770000001,-0.01962,Match
412916.56,0.0,403791.82000000007,-0.014715,Match
412979.36,0.0,403847.72800000006,-0.023544,Match
413042.26,0.0,403903.73400000005,0.00981,Match
413105.26,0.0,403959.8380000001,0.004905,Match
413168.36,0.0,404016.0640000001,-0.01962,Match
413231.56,0.0,404072.3660000001,-0.00981,Match
413294.86,0.0,404128.7670000001,-0.01962,Match
413358.26,0.0,404185.2680000001,-0.023544,Match
413421.76,0.0,404241.8940000001,0.014715,Match
413485.36,0.0,404298.59200000006,-0.00981,Match
413549.06,0.0,404355.3890000001,-0.01962,Match
413612.86,0.0,404412.2850000001,-0.028449,Match
413676.76,0.0,404469.2790000001,-0.023544,Match
413740.76,0.0,404526.3710000001,0.0,Match
413804.86,0.0,404583.5630000001,0.0,Match
413869.06,0.0,404640.8610000001,0.0,Match
413933.36,0.0,404698.2500000001,-0.01962,Match
413997.76,0.0,404755.73700000014,0.004905,Match
414062.26,0.0,404813.32400000014,0.0,Match
414126.86,0.0,404871.0100000001,-0.014715,Match
414191.56,0.0,404928.7940000001,-0.014715,Match
414256.36,0.0,404986.6770000001,-0.028449,Match
414321.26,0.0,405044.6600000001,-0.014715,Match
414386.26,0.0,405102.7410000001,-0.004905,Match
414451.36,0.0,405160.9210000001,-0.01962,Match
414516.56,0.0,405219.1990000001,-0.00981,Match
414581.86,0.0,405277.57600000006,-0.00981,Match
414647.26,0.0,405336.0520000001,-0.00981,Match
414712.76,0.0,405394.6270000001,-0.01962,Match
414778.36,0.0,405453.3180000001,-0.004905,Match
414844.06,0.0,405512.0900000001,-0.00981,Match
414909.86,0.0,405570.9920000001,-0.01962,Match
414975.76,0.0,405629.96200000006,0.0,Match
415041.76,0.0,405689.0300000001,-0.004905,Match
415107.86,0.0,405748.1960000001,0.0,Match
415174.06,0.0,405807.48700000014,0.0,Match
415240.36,0.0,405866.8520000001,-0.004905,Match
415306.76,0.0,405926.3160000001,-0.004905,Match
415373.26,0.0,405985.8780000001,0.0,Match
415439.86,0.0,406045.5560000001,-0.004905,Match
415506.56,0.0,406105.3160000001,0.0,Match
415573.36,0.0,406165.2160000001,-0.00981,Match
415640.26,0.0,406225.1740000001,-0.004905,Match
415707.26,0.0,406285.2300000001,-0.01962,Match
415774.36,0.0,406345.3850000001,-0.014715,Match
415841.56,0.0,406405.68300000014,0.0,Match
415908.86,0.0,406466.03500000015,-0.014715,Match
415976.26,0.0,406526.48600000015,-0.004905,Match
416043.76,0.0,406587.03600000014,-0.014715,Match
416111.36,0.0,406647.7120000001,-0.004905,Match
416179.06,0.0,406708.4590000001,0.0,Match
416246.86,0.0,406769.3050000001,0.0,Match
416314.76,0.0,406830.2500000001,-0.014715,Match
416382.76,0.0,406891.2930000001,-0.004905,Match
416450.86,0.0,406952.4350000001,0.004905,Match
416519.06,0.0,407013.6750000001,-0.00981,Match
416587.36,0.0,407075.0150000001,0.0,Match
416655.76,0.0,407136.45300000015,-0.01962,Match
416724.26,0.0,407197.99500000017,0.00981,Match
416792.86,0.0,407259.63100000017,0.0,Match
416861.56,0.0,407321.36500000017,0.004905,Match
416930.36,0.0,407383.19900000014,-0.004905,Match
416999.26,0.0,407445.1310000001,-0.014715,Match
417068.26,0.0,407507.16100000014,0.0,Match
417137.36,0.0,407569.29100000014,-0.004905,Match
417206.56,0.0,407631.51900000015,-0.004905,Match
417275.86,0.0,407693.87200000015,-0.01962,Match
417345.26,0.0,407756.29700000014,-0.01962,Match
417414.76,-0.1,407818.8210000001,-0.114777,Match
417484.36,-0.2,407881.4440000001,-0.254079,Match
417554.06,-0.3,407944.16600000014,-0.325692,Match
417623.86,-0.4,408006.98700000014,-0.546417,Match
417693.76,-0.5,408069.92700000014,-0.565056,Match
417763.76,-0.6,408132.9450000001,-0.671004,Match
417833.86,-0.7,408196.06200000015,-0.709263,Match
417904.06,-0.7,408259.27800000017,-0.722997,Match
417974.36,-0.7,408322.59400000016,-0.666099,Match
418044.76,-0.7,408386.00700000016,-0.699453,Match
418115.26,-0.7,408449.5380000002,-0.694548,Match
418185.86,-0.7,408513.14900000015,-0.694548,Match
418256.56,-0.7,408576.90000000014,-0.694548,Match
418327.36,-0.7,408640.70800000016,-0.699453,Match
418398.26,-0.628571,408704.61500000017,-0.62784,Match
418469.26,-0.528571,408768.62000000017,-0.464994,Match
418540.36,-0.428571,408832.75800000015,-0.455184,Match
418611.56,-0.328571,408896.9610000001,-0.302148,Match
418682.86,-0.228571,408961.26300000015,-0.1962,Match
418754.26,-0.128571,409025.66400000016,-0.104967,Match
418825.76,-0.028571,-,-,Deletion
418897.36,0.0,-,-,Deletion
418969.06,0.0,-,-,Deletion
419040.86,0.0,409090.1630000002,0.023544,Match
419112.76,0.0,409154.7610000002,-0.081423,Match
419184.76,0.0,409219.45800000016,0.004905,Match
419256.86,0.0,409284.2540000001,-0.01962,Match
419329.06,0.0,409349.14900000015,0.048069,Match
419401.36,0.0,409414.14200000017,-0.071613,Match
419473.76,0.0,409479.2340000002,0.033354,Match
419546.26,0.0,409544.42500000016,-0.086328,Match
419618.86,0.0,409609.71400000015,0.081423,Match
419691.56,0.0,409675.1140000002,-0.071613,Match
419764.36,0.0,409740.6010000002,0.00981,Match
419837.26,0.0,409806.2230000002,-0.071613,Match
419910.26,0.0,409871.9070000002,0.0,Match
419983.36,0.0,409937.6900000002,-0.023544,Match
420056.56,0.0,410003.57200000016,-0.01962,Match
420129.86,0.0,410069.56700000016,-0.028449,Match
420203.26,0.0,410135.6470000002,0.033354,Match
420276.76,0.02,410201.8250000002,-0.081423,Match
420350.36,0.12,410268.1020000002,0.043164,Match
420424.06,0.22,410334.5090000002,0.239364,Match
420497.86,0.32,410400.9830000002,0.258984,Match
420571.76,0.42,410467.55600000016,0.430659,Match
420645.76,0.52,410534.2280000002,0.473823,Match
420719.86,0.62,410600.9990000002,0.622935,Match
420794.06,0.7,410667.8680000002,0.714168,Match
420868.36,0.7,410734.8360000002,0.679833,Match
420942.76,0.7,410801.9020000002,0.684738,Match
421017.26,0.7,410869.0870000002,0.709263,Match
421091.86,0.7,410936.3510000002,0.704358,Match
421166.56,0.7,411003.7480000002,0.704358,Match
421241.36,0.7,411071.2100000002,0.674928,Match
421316.26,0.7,411138.7700000002,0.656289,Match
421391.26,0.608571,411206.4290000002,0.469899,Match
421466.36,0.508571,411274.18700000015,0.464994,Match
421541.56,0.408571,411342.04400000017,0.302148,Match
421616.86,0.308571,411409.9990000002,0.267813,Match
421692.26,0.208571,411478.0530000002,0.139302,Match
421767.76,0.108571,411546.2060000002,0.00981,Match
421843.36,0.008571,411614.45800000016,-0.014715,Match
421919.06,0.0,411682.8090000002,0.0,Match
421994.86,0.0,411751.2580000002,0.004905,Match
422070.76,0.0,411819.8060000002,-0.052974,Match
422146.76,0.0,411888.4520000002,0.0,Match
422222.86,0.0,411957.1970000002,0.0,Match
422299.06,0.0,412026.0400000002,0.00981,Match
422375.36,0.0,412094.9830000002,-0.043164,Match
422451.76,0.0,412164.04600000026,-0.01962,Match
422528.26,0.0,412233.1860000003,0.00981,Match
422604.86,0.0,412302.4250000003,0.0,Match
422681.56,0.0,412371.76300000027,-0.023544,Match
422758.36,0.0,412441.2120000003,-0.033354,Match
422835.26,0.0,412510.74700000026,-0.004905,Match
422912.26,0.0,412580.4130000003,0.023544,Match
422989.36,0.0,412650.1450000003,-0.023544,Match
423066.56,0.0,412719.9760000003,-0.028449,Match
423143.86,0.0,412789.9060000003,-0.033354,Match
423221.26,0.0,412859.9480000003,0.038259,Match
423298.76,0.0,412930.0750000003,-0.028449,Match
423376.36,0.0,413000.3370000003,-0.043164,Match
423454.06,0.0,413070.6620000003,-0.014715,Match
423531.86,0.0,413141.0850000003,0.014715,Match
423609.76,0.0,413211.6080000003,0.0,Match
423687.76,0.0,413282.2290000003,-0.033354,Match
-,-,413352.94800000027,0.104967,Insertion
-,-,413423.8060000003,0.201105,Insertion
-,-,413494.7230000003,0.244269,Insertion
-,-,413565.7390000003,0.143226,Insertion
-,-,413636.8540000003,0.038259,Insertion
423765.86,0.0,413708.0670000003,0.004905,Match
423844.06,0.0,413779.37800000026,-0.023544,Match
423922.36,0.0,413850.7880000002,0.0,Match
424000.76,0.0,413922.29700000025,0.0,Match
424079.26,0.0,413993.90600000025,-0.014715,Match
424157.86,0.0,414065.6130000002,-0.01962,Match
424236.56,0.0,414137.4180000002,0.01962,Match
424315.36,0.0,414209.3220000002,-0.023544,Match
424394.26,0.0,414281.3250000002,-0.00981,Match
424473.26,0.0,414353.42700000026,-0.01962,Match
424552.36,0.0,414425.62800000026,-0.01962,Match
424631.56,0.0,414497.92700000026,0.00981,Match
424710.86,0.0,414570.3250000002,-0.01962,Match
424790.26,0.0,414642.82300000027,-0.00981,Match
424869.76,0.0,414715.4190000003,-0.01962,Match
424949.36,0.0,414788.1360000003,-0.00981,Match
425029.06,0.0,414860.9290000003,-0.00981,Match
425108.86,0.0,414933.8210000003,-0.004905,Match
425188.76,0.0,415006.8110000003,0.0,Match
425268.76,0.0,415079.9040000003,-0.01962,Match
425348.86,0.0,415153.0920000003,-0.004905,Match
425429.06,0.0,415226.4030000003,-0.023544,Match
425509.36,0.0,415299.7890000003,-0.01962,Match
425589.76,0.0,415373.27400000027,-0.043164,Match
425670.26,0.0,415446.85700000025,-0.004905,Match
425750.86,0.0,415520.55700000026,0.014715,Match
425831.56,0.0,415594.3370000003,-0.01962,Match
425912.36,0.0,415668.2160000003,-0.014715,Match
425993.26,0.0,415742.1940000003,-0.033354,Match
426074.26,0.0,415816.2780000003,-0.01962,Match
426155.36,0.0,415890.4530000002,-0.004905,Match
426236.56,0.0,415964.7550000003,-0.028449,Match
426317.86,0.0,416039.1280000003,0.0,Match
426399.26,0.0,416113.6000000003,-0.043164,Match
426480.76,0.0,416188.1710000003,-0.004905,Match
426562.36,0.0,416262.8410000003,-0.01962,Match
426644.06,0.0,416337.6090000003,-0.004905,Match
426725.86,0.0,416412.5090000003,-0.014715,Match
426807.76,0.0,416487.4750000003,0.0,Match
426889.76,0.0,416562.5400000003,-0.004905,Match
426971.86,0.0,416637.7040000003,-0.00981,Match
427054.06,0.0,416713.0080000003,-0.004905,Match
427136.36,0.0,416788.3690000003,-0.004905,Match
427218.76,0.0,416863.8290000003,-0.00981,Match
427301.26,0.0,416939.38700000034,-0.014715,Match
427383.86,0.0,417015.04500000033,-0.023544,Match
427466.56,0.0,417090.8080000003,-0.01962,Match
427549.36,0.0,417166.6630000003,-0.014715,Match
427632.26,0.0,417242.6460000003,-0.01962,Match
427715.26,0.0,417318.6980000003,-0.004905,Match
427798.36,0.0,417394.8500000003,-0.00981,Match
427881.56,0.0,417471.1000000003,-0.00981,Match
427964.86,0.0,417547.4670000004,-0.004905,Match
428048.26,0.0,417623.91400000034,-0.014715,Match
428131.76,0.0,417700.49600000033,-0.00981,Match
428215.36,0.0,417777.1410000004,-0.014715,Match
428299.06,0.0,417853.8850000004,-0.014715,Match
428382.86,0.0,417930.7270000004,-0.00981,Match
428466.76,0.0,418007.6830000004,0.004905,Match
428550.76,0.0,418084.7230000004,-0.00981,Match
428634.86,0.0,418161.8990000003,-0.004905,Match
428719.06,0.0,418239.13700000034,-0.00981,Match
428803.36,0.0,418316.4730000004,0.0,Match
428887.76,0.0,418393.90900000033,-0.014715,Match
428972.26,0.0,418471.4660000003,-0.014715,Match
429056.86,0.0,418549.0990000003,0.0,Match
429141.56,0.0,418626.8310000003,-0.00981,Match
429226.36,0.0,418704.6620000003,-0.01962,Match
429311.26,0.0,418782.6220000003,-0.00981,Match
429396.26,0.0,418860.6500000003,-0.014715,Match
429481.36,0.0,418938.7770000003,-0.014715,Match
429566.56,0.0,419017.0030000003,-0.014715,Match
429651.86,0.0,419095.32700000034,-0.01962,Match
429737.26,0.0,419173.7500000004,-0.004905,Match
429822.76,0.0,419252.3130000004,-0.00981,Match
429908.36,0.0,419330.9340000004,-0.01962,Match
429994.06,0.0,419409.65400000033,-0.01962,Match
430079.86,0.0,419488.4720000004,-0.01962,Match
430165.76,0.0,419567.3890000004,-0.014715,Match
430251.76,0.0,419646.4050000004,-0.014715,Match
430337.86,0.0,419725.5200000004,-0.00981,Match
430424.06,0.0,419804.7330000004,-0.014715,Match
430510.36,0.0,419884.04500000033,-0.01962,Match
430596.76,0.0,419963.4560000004,-0.023544,Match
430683.26,0.0,420042.9650000004,-0.004905,Match
430769.86,0.0,420122.5790000004,-0.028449,Match
430856.56,0.0,420202.2860000004,-0.01962,Match
430943.36,0.0,420282.0910000004,0.004905,Match
431030.26,0.0,420361.9960000004,-0.004905,Match
431117.26,0.0,420441.9990000004,-0.00981,Match
431204.36,0.0,420522.1010000004,-0.028449,Match
431291.56,0.0,420602.3120000005,-0.023544,Match
431378.86,0.0,420682.6120000004,0.01962,Match
431466.26,0.0,420763.0450000005,-0.00981,Match
431553.76,0.0,420843.5420000004,-0.00981,Match
431641.36,0.0,420924.1390000004,0.0,Match
431729.06,0.0,421004.8340000005,0.004905,Match
431816.86,0.0,421085.6550000005,0.004905,Match
431904.76,0.0,421166.5480000004,-0.038259,Match
431992.76,0.0,421247.5390000004,-0.023544,Match
432080.86,0.0,421328.6290000004,-0.014715,Match
432169.06,0.0,421409.8170000005,-0.01962,Match
432257.36,0.0,421491.10400000046,-0.01962,Match
432345.76,0.0,421572.51600000047,0.0,Match
432434.26,0.0,421654.00100000045,-0.004905,Match
432522.86,0.0,421735.5840000005,-0.023544,Match
432611.56,0.0,421817.2660000004,-0.004905,Match
432700.36,0.0,421899.0470000004,-0.014715,Match
432789.26,0.0,421980.9270000004,-0.014715,Match
432878.26,0.0,422062.9290000004,0.004905,Match
432967.36,0.0,422145.0060000004,-0.028449,Match
433056.56,0.0,422227.1820000004,0.004905,Match
433145.86,0.0,422309.4570000004,-0.004905,Match
433235.26,0.0,422391.8300000004,0.0,Match
433324.76,0.0,422474.3030000004,-0.00981,Match
433414.36,0.0,422556.8740000004,0.004905,Match
433504.06,0.0,422639.5440000004,-0.004905,Match
433593.86,0.0,422722.3120000004,0.0,Match
433683.76,0.0,422805.2030000004,-0.033354,Match
433773.76,0.0,422888.1690000004,-0.004905,Match
433863.86,0.0,422971.2330000004,-0.004905,Match
433954.06,0.0,423054.3970000004,0.0,Match
434044.36,0.0,423137.6680000004,-0.00981,Match
434134.76,0.0,423221.0290000004,-0.014715,Match
434225.26,0.0,423304.5300000004,-0.00981,Match
434315.86,0.0,423388.0890000004,-0.014715,Match
434406.56,0.0,423471.7580000004,-0.014715,Match
434497.36,0.0,423555.5140000004,-0.01962,Match
434588.26,0.0,423639.4010000004,-0.014715,Match
434679.26,0.0,423723.3550000004,-0.004905,Match
434770.36,0.0,423807.4070000004,-0.028449,Match
434861.56,0.0,423891.5580000004,-0.004905,Match
434952.86,0.0,423975.8080000004,0.0,Match
435044.26,0.0,424060.1570000004,-0.01962,Match
435135.76,0.0,424144.6370000004,-0.004905,Match
435227.36,0.0,424229.1830000004,-0.00981,Match
435319.06,0.0,424313.8280000004,-0.004905,Match
435410.86,0.0,424398.5720000004,-0.00981,Match
435502.76,0.0,424483.4150000004,0.0,Match
435594.76,0.0,424568.3560000004,-0.00981,Match
435686.86,0.0,424653.4180000004,-0.014715,Match
435779.06,0.0,424738.5570000004,-0.023544,Match
435871.36,0.0,424823.7940000004,-0.01962,Match
435963.76,0.0,424909.1300000004,-0.014715,Match
436056.26,0.0,424994.5650000004,-0.004905,Match
436148.86,0.0,425080.0990000004,-0.004905,Match
436241.56,0.0,425165.7310000004,-0.00981,Match
436334.36,0.0,425251.4660000004,-0.00981,Match
436427.26,0.0,425337.2970000004,-0.014715,Match
436520.26,0.0,425423.2260000004,-0.014715,Match
436613.36,0.0,425509.2540000004,-0.014715,Match
436706.56,0.0,425595.3800000004,-0.01962,Match
436799.86,0.0,425681.60500000033,0.0,Match
436893.26,0.0,425767.9640000003,-0.00981,Match
436986.76,0.0,425854.38700000034,-0.014715,Match
437080.36,-0.1,425940.9100000003,-0.043164,Match
437174.06,-0.2,426027.5310000003,-0.244269,Match
437267.86,-0.3,426114.2740000003,-0.306072,Match
437361.76,-0.4,426201.09300000034,-0.455184,Match
437455.76,-0.5,426288.0110000004,-0.565056,Match
437549.86,-0.6,426375.0270000004,-0.541512,Match
437644.06,-0.7,426462.1500000004,-0.775971,Match
437738.36,-0.7,426549.3640000004,-0.694548,Match
437832.76,-0.7,426636.7040000004,-0.737712,Match
437927.26,-0.7,426724.1150000004,-0.714168,Match
438021.86,-0.7,426811.6250000004,-0.699453,Match
438116.56,-0.7,426899.2340000004,-0.709263,Match
438211.36,-0.7,426986.9410000004,-0.694548,Match
438306.26,-0.7,427074.7480000004,-0.704358,Match
438401.26,-0.628571,427162.6530000004,-0.714168,Match
438496.36,-0.528571,427250.6570000004,-0.521892,Match
438591.56,-0.428571,427338.7600000004,-0.455184,Match
438686.86,-0.328571,427426.9610000004,-0.354141,Match
438782.26,-0.228571,427515.2610000004,-0.272718,Match
438877.76,-0.128571,427603.6610000004,-0.162846,Match
438973.36,-0.028571,427692.1590000005,-0.01962,Match
439069.06,0.0,-,-,Deletion
439164.86,0.0,-,-,Deletion
439260.76,0.0,427780.75600000046,0.004905,Match
439356.76,0.0,427869.45200000046,-0.00981,Match
439452.86,0.0,427958.25100000045,-0.066708,Match
439549.06,0.0,428047.1440000005,0.061803,Match
439645.36,0.0,428136.13600000046,-0.101043,Match
439741.76,0.0,428225.2270000005,0.048069,Match
439838.26,0.0,428314.41800000047,-0.066708,Match
439934.86,0.0,428403.7060000005,-0.01962,Match
440031.56,0.0,428493.1080000005,-0.004905,Match
440128.36,0.0,428582.59300000046,-0.071613,Match
440225.26,0.0,428672.1780000005,0.023544,Match
440322.26,0.0,428761.8620000005,-0.048069,Match
440419.36,0.0,428851.6440000005,0.033354,Match
440516.56,0.0,428941.5250000005,-0.043164,Match
440613.86,0.0,429031.5280000005,-0.033354,Match
440711.26,0.0,429121.6060000005,0.023544,Match
440808.76,0.0,429211.7830000005,0.01962,Match
440906.36,0.02,429302.0580000005,0.01962,Match
441004.06,0.12,-,-,Deletion
441101.86,0.22,429392.4460000005,0.148131,Match
441199.76,0.32,429482.9180000005,0.315882,Match
441297.76,0.42,429573.5220000005,0.349236,Match
441395.86,0.52,429664.1910000005,0.469899,Match
441494.06,0.62,429754.9590000005,0.555246,Match
441592.36,0.7,429845.8260000005,0.709263,Match
441690.76,0.7,429936.8220000005,0.661194,Match
441789.26,0.7,430027.8870000005,0.742617,Match
441887.86,0.7,430119.0500000005,0.661194,Match
441986.56,0.7,430210.3120000005,0.718092,Match
442085.36,0.7,430301.7030000005,0.666099,Match
442184.26,0.7,430393.1620000005,0.704358,Match
442283.26,0.7,430484.7190000005,0.679833,Match
442382.36,0.608571,430576.37600000045,0.560151,Match
442481.56,0.508571,430668.13100000046,0.464994,Match
442580.86,0.408571,430759.98400000046,0.335502,Match
442680.26,0.308571,430851.9370000005,0.292338,Match
442779.76,0.208571,430943.9880000004,0.119682,Match
442879.36,0.108571,431036.1380000005,0.057879,Match
-,-,431128.38700000045,-0.043164,Insertion
442979.06,0.008571,431220.73400000046,0.048069,Match
443078.86,0.0,431313.19600000046,-0.052974,Match
443178.76,0.0,431405.74000000046,-0.004905,Match
443278.76,0.0,431498.3830000005,-0.004905,Match
443378.86,0.0,431591.12500000047,0.028449,Match
443479.06,0.0,431683.9660000005,-0.028449,Match
443579.36,0.0,431776.9050000005,-0.038259,Match
443679.76,0.0,431869.9550000005,0.00981,Match
443780.26,0.0,431963.09200000047,0.014715,Match
443880.86,0.0,432056.3630000005,-0.01962,Match
443981.56,0.0,432149.69700000045,-0.023544,Match
444082.36,0.0,432243.13000000047,-0.033354,Match
444183.26,0.0,432336.6610000005,0.014715,Match
444284.26,0.0,432430.2980000005,-0.004905,Match
444385.36,0.0,432524.02700000047,-0.033354,Match
444486.56,0.0,432617.8840000005,-0.023544,Match
444587.86,0.0,432711.8110000005,0.004905,Match
444689.26,0.0,432805.8360000005,0.028449,Match
444790.76,0.0,432899.95900000056,-0.048069,Match
444892.36,0.0,432994.18600000057,-0.01962,Match
444994.06,0.0,433088.50700000057,-0.00981,Match
445095.86,0.0,433182.95300000056,0.023544,Match
445197.76,0.0,433277.4710000005,-0.038259,Match
445299.76,0.0,433372.0880000006,-0.048069,Match
445401.86,0.0,433466.8030000006,0.023544,Match
-,-,433561.6420000006,0.153036,Insertion
-,-,433656.5540000006,0.162846,Insertion
-,-,433751.5660000006,0.224649,Insertion
-,-,433846.67700000055,0.066708,Insertion
-,-,433941.8860000005,0.066708,Insertion
445504.06,0.0,434037.1950000005,-0.023544,Match
445606.36,0.0,434132.6020000005,0.004905,Match
445708.76,0.0,434228.1070000005,-0.00981,Match
445811.26,0.0,434323.7110000005,0.0,Match
445913.86,0.0,434419.4140000005,-0.014715,Match
446016.56,0.0,434515.2150000005,-0.00981,Match
446119.36,0.0,434611.1160000005,-0.00981,Match
446222.26,0.0,434707.1150000005,-0.01962,Match
446325.26,0.0,434803.2200000005,-0.01962,Match
446428.36,0.0,434899.4170000005,-0.014715,Match
446531.56,0.0,434995.7380000005,-0.014715,Match
446634.86,0.0,435092.1320000005,-0.014715,Match
446738.26,0.0,435188.62500000047,-0.01962,Match
446841.76,0.0,435285.21700000047,0.0,Match
446945.36,0.0,435381.9090000005,-0.00981,Match
447049.06,0.0,435478.6980000005,-0.028449,Match
447152.86,0.0,435575.6120000004,0.0,Match
447256.76,0.0,435672.59900000045,-0.014715,Match
447360.76,0.0,435769.68500000046,-0.023544,Match
447464.86,0.0,435866.87000000046,-0.00981,Match
447569.06,0.0,435964.1600000005,-0.057879,Match
447673.36,0.0,436061.5420000004,-0.01962,Match
447777.76,0.0,436159.0690000004,-0.00981,Match
447882.26,0.0,436256.6490000005,-0.033354,Match
447986.86,0.0,436354.3390000005,-0.014715,Match
448091.56,0.0,436452.1170000004,-0.014715,Match
448196.36,0.0,436550.02300000045,-0.033354,Match
448301.26,0.0,436647.9980000004,-0.00981,Match
448406.26,0.0,436746.0710000004,0.00981,Match
448511.36,0.0,436844.2440000004,-0.014715,Match
448616.56,0.0,436942.5160000004,-0.033354,Match
448721.86,0.0,437040.8860000004,-0.028449,Match
448827.26,0.0,437139.3540000004,0.023544,Match
448932.76,0.0,437237.9210000004,-0.028449,Match
449038.36,0.0,437336.5870000004,-0.048069,Match
449144.06,0.0,437435.3520000004,-0.01962,Match
449249.86,0.0,437534.2160000004,-0.014715,Match
449355.76,0.0,437633.1790000004,0.004905,Match
449461.76,0.0,437732.2410000004,-0.028449,Match
449567.86,0.0,437831.4010000004,-0.028449,Match
449674.06,0.0,437930.6600000004,-0.014715,Match
449780.36,0.0,438030.0250000004,-0.023544,Match
449886.76,0.0,438129.4810000004,-0.004905,Match
449993.26,0.0,438229.0360000004,-0.00981,Match
450099.86,0.0,438328.6890000004,-0.01962,Match
450206.56,0.0,438428.4460000004,-0.014715,Match
450313.36,0.0,438528.2970000004,-0.01962,Match
450420.26,0.0,438628.2740000004,-0.014715,Match
450527.26,0.0,438728.3230000004,-0.01962,Match
450634.36,0.0,438828.4720000004,-0.014715,Match
450741.56,0.0,438928.71800000034,-0.00981,Match
450848.86,0.0,439029.0690000004,-0.00981,Match
450956.26,0.0,439129.5130000004,-0.014715,Match
451063.76,0.0,439230.0890000004,-0.014715,Match
451171.36,0.0,439330.7310000004,-0.004905,Match
451279.06,0.0,439431.4710000004,0.01962,Match
451386.86,0.0,439532.3110000004,-0.014715,Match
451494.76,0.0,439633.2750000004,-0.00981,Match
451602.76,0.0,439734.3120000004,-0.01962,Match
451710.86,0.0,439835.4480000004,-0.00981,Match
451819.06,0.0,439936.6830000004,-0.004905,Match
451927.36,0.0,440038.0290000004,-0.004905,Match
452035.76,0.0,440139.4610000004,-0.023544,Match
452144.26,0.0,440241.0260000004,0.0,Match
452252.86,0.0,440342.6560000004,0.0,Match
452361.56,0.0,440444.3850000004,-0.00981,Match
452470.36,0.0,440546.21300000034,-0.00981,Match
452579.26,0.0,440648.1400000004,-0.01962,Match
452688.26,0.0,440750.1650000004,-0.01962,Match
452797.36,0.0,440852.2890000004,-0.014715,Match
452906.56,0.0,440954.5120000004,0.004905,Match
453015.86,0.0,441056.8330000004,-0.00981,Match
453125.26,0.0,441159.2530000004,-0.00981,Match
453234.76,0.0,441261.7730000004,-0.014715,Match
453344.36,0.0,441364.3910000004,-0.014715,Match
453454.06,0.0,441467.1070000004,0.0,Match
453563.86,0.0,441569.9220000004,-0.00981,Match
453673.76,0.0,441672.8360000004,-0.00981,Match
453783.76,0.0,441775.8490000004,-0.014715,Match
453893.86,0.0,441878.9620000004,-0.014715,Match
454004.06,0.0,441982.1770000004,-0.014715,Match
454114.36,0.0,442085.4870000004,-0.023544,Match
454224.76,0.0,442188.9260000005,-0.00981,Match
454335.26,0.0,442292.4330000004,-0.043164,Match
454445.86,0.0,442396.03900000046,-0.023544,Match
454556.56,0.0,442499.7430000005,-0.028449,Match
454667.36,0.0,442603.5700000005,-0.048069,Match
454778.26,0.0,442707.4720000005,-0.028449,Match
454889.26,0.0,442811.4720000005,-0.028449,Match
455000.36,0.0,442915.57200000045,-0.00981,Match
455111.56,0.0,443019.80400000047,-0.00981,Match
455222.86,0.0,443124.1010000005,-0.01962,Match
455334.26,0.0,443228.5010000005,-0.028449,Match
455445.76,0.0,443332.9960000005,-0.00981,Match
455557.36,0.0,443437.6270000005,-0.004905,Match
455669.06,0.0,443542.3190000005,-0.023544,Match
455780.86,0.0,443647.1100000005,-0.038259,Match
455892.76,0.0,443752.0000000005,-0.028449,Match
456004.76,0.0,443857.0040000005,-0.01962,Match
456116.86,0.0,443962.0920000005,-0.004905,Match
456229.06,0.0,444067.3100000005,0.014715,Match
456341.36,0.0,444172.5950000005,-0.00981,Match
456453.76,0.0,444277.9790000005,-0.004905,Match
456566.26,0.0,444383.4610000005,-0.014715,Match
456678.86,0.0,444489.0430000005,-0.028449,Match
456791.56,0.0,444594.7230000005,-0.014715,Match
456904.36,0.0,444700.5020000005,0.0,Match
457017.26,0.0,444806.3800000005,-0.033354,Match
457130.26,0.0,444912.3570000005,0.004905,Match
457243.36,0.0,445018.43200000055,-0.028449,Match
457356.56,0.0,445124.60600000055,-0.00981,Match
457469.86,0.0,445230.8790000005,0.004905,Match
457583.26,0.0,445337.2510000005,-0.004905,Match
457696.76,0.0,445443.7220000005,-0.004905,Match
457810.36,0.0,445550.29100000055,-0.038259,Match
457924.06,0.0,445656.9820000005,-0.01962,Match
458037.86,0.0,445763.74800000055,-0.004905,Match
458151.76,0.0,445870.6130000005,0.0,Match
458265.76,0.0,445977.5770000005,-0.014715,Match
458379.86,0.0,446084.6400000005,-0.014715,Match
458494.06,0.0,446191.80200000055,-0.004905,Match
458608.36,0.0,446299.0860000005,0.0,Match
458722.76,0.0,446406.4450000005,-0.004905,Match
458837.26,0.0,446513.9030000005,-0.014715,Match
458951.86,0.0,446621.4590000005,-0.00981,Match
459066.56,0.0,446729.1320000005,0.0,Match
459181.36,0.0,446836.8870000005,-0.004905,Match
459296.26,0.0,446944.7400000005,-0.00981,Match
459411.26,0.0,447052.6910000005,-0.01962,Match
459526.36,0.0,447160.7410000005,-0.00981,Match
459641.56,0.0,447268.8910000005,-0.004905,Match
459756.86,0.0,447377.1670000005,-0.00981,Match
459872.26,0.0,447485.51400000055,-0.01962,Match
459987.76,0.0,447593.95900000056,-0.01962,Match
460103.36,0.0,447702.50300000055,-0.00981,Match
460219.06,0.0,447811.1460000005,-0.00981,Match
460334.86,0.0,447919.88800000056,-0.01962,Match
460450.76,0.0,448028.75800000055,-0.028449,Match
460566.76,0.0,448137.69700000057,-0.014715,Match
460682.86,0.0,448246.73600000056,-0.014715,Match
460799.06,0.0,448355.87200000056,-0.00981,Match
460915.36,0.0,448465.1080000005,-0.01962,Match
461031.76,0.0,448574.44300000055,-0.014715,Match
461148.26,0.0,448683.8760000006,0.014715,Match
461264.86,0.0,448793.4240000006,-0.00981,Match
461381.56,0.0,448903.05600000056,0.0,Match
461498.36,0.0,449012.78500000056,0.0,Match
461615.26,0.0,449122.6130000005,-0.014715,Match
461732.26,0.0,449232.54600000056,-0.00981,Match
461849.36,0.0,449342.57200000057,-0.01962,Match
461966.56,0.0,449452.72500000056,-0.014715,Match
462083.86,0.0,449562.94900000055,-0.023544,Match
462201.26,0.0,449673.2710000005,-0.01962,Match
462318.76,0.0,449783.6920000005,-0.00981,Match
462436.36,0.0,449894.2340000005,-0.00981,Match
462554.06,0.0,450004.8530000005,-0.00981,Match
462671.86,0.0,450115.5710000005,-0.014715,Match
462789.76,0.0,450226.3880000005,-0.004905,Match
462907.76,0.1,450337.3090000005,-0.00981,Match
463025.86,0.2,450448.3230000005,0.119682,Match
463144.06,0.3,450559.46700000047,0.244269,Match
463262.36,0.4,450670.67900000047,0.354141,Match
463380.76,0.5,450781.98900000047,0.503253,Match
463499.26,0.6,450893.3990000005,0.536607,Match
463617.86,0.7,451004.91300000047,0.737712,Match
463736.56,0.7,451116.5200000005,0.714168,Match
463855.36,0.7,451228.2520000005,0.722997,Match
463974.26,0.7,451340.0570000005,0.709263,Match
464093.26,0.7,451451.9600000005,0.699453,Match
464212.36,0.7,451563.96200000047,0.699453,Match
464331.56,0.7,451676.0630000005,0.699453,Match
464450.86,0.7,451788.2620000005,0.694548,Match
464570.26,0.628571,451900.5850000005,0.737712,Match
464689.76,0.528571,452012.9820000005,0.61803,Match
464809.36,0.428571,452125.47800000047,0.455184,Match
464929.06,0.328571,452238.07200000045,0.407115,Match
465048.86,0.228571,452350.76600000047,0.244269,Match
465168.76,0.128571,452463.5570000005,0.172656,Match
465288.76,0.028571,452576.4480000005,0.134397,Match
465408.86,0.0,-,-,Deletion
465529.06,0.0,-,-,Deletion
465649.36,0.0,-,-,Deletion
465769.76,0.0,452689.4390000005,-0.086328,Match
465890.26,0.0,452802.52700000047,0.00981,Match
466010.86,0.0,452915.7300000005,0.023544,Match
466131.56,0.0,453029.01600000047,-0.023544,Match
466252.36,0.0,453142.4010000005,0.0,Match
466373.26,0.0,453255.8840000005,-0.052974,Match
466494.26,0.0,453369.4750000005,-0.004905,Match
466615.36,0.0,453483.1570000005,0.028449,Match
466736.56,0.0,453596.96700000047,-0.038259,Match
466857.86,0.0,453710.8450000005,-0.066708,Match
466979.26,0.0,453824.8220000005,-0.023544,Match
467100.76,0.0,453938.8980000005,-0.028449,Match
467222.36,0.0,454053.0930000005,0.014715,Match
467344.06,0.0,454167.3670000005,-0.033354,Match
467465.86,0.0,454281.73900000047,0.00981,Match
467587.76,0.0,454396.2100000005,-0.081423,Match
467709.76,-0.02,454510.7820000005,0.076518,Match
467831.86,-0.12,454625.4500000005,-0.104967,Match
467954.06,-0.22,454740.2540000005,-0.162846,Match
468076.36,-0.32,454855.1190000005,-0.349236,Match
468198.76,-0.42,454970.0850000005,-0.368856,Match
468321.26,-0.52,455085.1480000005,-0.503253,Match
468443.86,-0.62,455200.3450000005,-0.61803,Match
468566.56,-0.7,455315.6060000005,-0.666099,Match
468689.36,-0.7,455430.9660000005,-0.732807,Match
468812.26,-0.7,455546.42400000046,-0.646479,Match
468935.26,-0.7,455662.01200000045,-0.709263,Match
469058.36,-0.7,455777.66800000047,-0.714168,Match
469181.56,-0.7,455893.4220000005,-0.714168,Match
469304.86,-0.7,456009.2760000005,-0.704358,Match
469428.26,-0.7,456125.22800000047,-0.718092,Match
469551.76,-0.608571,456241.27800000046,-0.60822,Match
469675.36,-0.508571,456357.4280000005,-0.478728,Match
469799.06,-0.408571,456473.6770000005,-0.388476,Match
469922.86,-0.308571,456590.0240000005,-0.277623,Match
470046.76,-0.208571,456706.4690000005,-0.191295,Match
470170.76,-0.108571,456823.0130000005,-0.048069,Match
470294.86,-0.008571,456939.6560000005,-0.01962,Match
470419.06,0.0,457056.3980000005,0.004905,Match
-,-,457173.2460000005,-0.076518,Insertion
-,-,457290.1860000005,0.038259,Insertion
470543.36,0.0,457407.2240000005,-0.004905,Match
470667.76,0.0,457524.3610000005,0.0,Match
470792.26,0.0,457641.5960000005,-0.048069,Match
470916.86,0.0,457758.93000000046,-0.00981,Match
471041.56,0.0,457876.3690000005,0.00981,Match
471166.36,0.0,457993.9010000005,0.0,Match
471291.26,0.0,458111.5310000005,-0.043164,Match
471416.26,0.0,458229.26100000046,-0.004905,Match
471541.36,0.0,458347.0890000005,-0.004905,Match
471666.56,0.0,458465.01600000047,0.023544,Match
471791.86,0.0,458583.0520000005,-0.038259,Match
471917.26,0.0,458701.1760000005,-0.014715,Match
472042.76,0.0,458819.4340000005,0.004905,Match
472168.36,0.0,458937.75600000046,-0.014715,Match
472294.06,0.0,459056.1770000004,-0.028449,Match
472419.86,0.0,459174.69700000045,-0.043164,Match
472545.76,0.0,459293.33700000047,0.00981,Match
472671.76,0.0,459412.05400000047,0.004905,Match
472797.86,0.0,459530.87000000046,0.00981,Match
472924.06,0.0,459649.7850000005,-0.052974,Match
473050.36,0.0,459768.7980000004,-0.014715,Match
473176.76,0.0,459887.9100000005,0.01962,Match
473303.26,0.0,460007.1210000005,-0.023544,Match
473429.86,0.0,460126.43000000046,-0.043164,Match
-,-,460245.83800000045,-0.119682,Insertion
-,-,460365.3450000005,-0.177561,Insertion
-,-,460484.9500000004,-0.258984,Insertion
-,-,460604.6540000005,-0.157941,Insertion
-,-,460724.45700000046,-0.096138,Insertion
473556.56,0.0,460844.35900000046,-0.01962,Match
473683.36,0.0,460964.36000000045,-0.014715,Match
473810.26,0.0,461084.4590000005,-0.028449,Match
473937.26,0.0,461204.6570000004,-0.01962,Match
474064.36,0.0,461324.9540000004,-0.01962,Match
474191.56,0.0,461445.3500000005,-0.014715,Match
474318.86,0.0,461565.85900000046,-0.00981,Match
474446.26,0.0,461686.45200000046,-0.004905,Match
474573.76,0.0,461807.1440000005,-0.023544,Match
474701.36,0.0,461927.9340000004,-0.01962,Match
474829.06,0.0,462048.8230000005,-0.00981,Match
474956.86,0.0,462169.81100000045,-0.014715,Match
475084.76,0.0,462290.9040000005,-0.00981,Match
475212.76,0.0,462412.0900000004,-0.023544,Match
475340.86,0.0,462533.4060000004,-0.023544,Match
475469.06,0.0,462654.7880000004,-0.014715,Match
475597.36,0.0,462776.2740000004,-0.023544,Match
475725.76,0.0,462897.8550000004,-0.01962,Match
475854.26,0.0,463019.5730000004,-0.00981,Match
475982.86,0.0,463141.3510000004,-0.01962,Match
476111.56,0.0,463263.2280000004,0.0,Match
476240.36,0.0,463385.2040000004,-0.01962,Match
476369.26,0.0,463507.2850000004,-0.038259,Match
476498.26,0.0,463629.4580000004,-0.00981,Match
476627.36,0.0,463751.7540000004,-0.014715,Match
476756.56,0.0,463874.1240000004,-0.023544,Match
476885.86,0.0,463996.59400000033,-0.023544,Match
477015.26,0.0,464119.1620000004,0.004905,Match
477144.76,0.0,464241.8290000004,0.0,Match
477274.36,0.0,464364.5950000004,0.00981,Match
477404.06,0.0,464487.4590000004,-0.014715,Match
477533.86,0.0,464610.4220000004,-0.00981,Match
477663.76,0.0,464733.4840000004,0.014715,Match
477793.76,0.0,464856.6500000004,-0.014715,Match
477923.86,0.0,464979.9090000004,-0.014715,Match
478054.06,0.0,465103.2670000004,-0.023544,Match
478184.36,0.0,465226.7240000004,-0.023544,Match
478314.76,0.0,465350.2790000004,-0.01962,Match
478445.26,0.0,465473.9330000004,-0.00981,Match
478575.86,0.0,465597.6920000004,0.00981,Match
478706.56,0.0,465721.5430000004,0.0,Match
478837.36,0.0,465845.5340000004,-0.014715,Match
478968.26,0.0,465969.5830000004,-0.00981,Match
479099.26,0.0,466093.7320000004,-0.004905,Match
479230.36,0.0,466217.97900000034,-0.004905,Match
479361.56,0.0,466342.3390000003,-0.014715,Match
479492.86,0.0,466466.7830000004,0.004905,Match
479624.26,0.0,466591.3250000004,-0.00981,Match
479755.76,0.0,466715.9650000004,-0.004905,Match
479887.36,0.0,466840.7150000004,-0.01962,Match
480019.06,0.0,466965.5540000004,0.0,Match
480150.86,0.0,467090.5270000004,-0.004905,Match
480282.76,0.0,467215.5650000004,-0.014715,Match
480414.76,0.0,467340.7060000004,-0.01962,Match
480546.86,0.0,467465.9390000004,-0.014715,Match
480679.06,0.0,467591.3020000004,-0.023544,Match
480811.36,0.0,467716.7320000004,-0.014715,Match
480943.76,0.0,467842.2610000004,-0.00981,Match
481076.26,0.0,467967.8880000003,-0.014715,Match
481208.86,0.0,468093.6140000004,-0.00981,Match
481341.56,0.0,468219.4390000004,-0.00981,Match
481474.36,0.0,468345.4010000004,-0.014715,Match
481607.26,0.0,468471.4230000004,-0.014715,Match
481740.26,0.0,468597.54400000034,-0.014715,Match
481873.36,0.0,468723.7640000003,-0.014715,Match
482006.56,0.0,468850.1170000003,-0.004905,Match
482139.86,0.0,468976.53400000033,-0.00981,Match
482273.26,0.0,469103.05000000034,-0.014715,Match
482406.76,0.0,469229.66400000034,-0.00981,Match
482540.36,0.0,469356.3770000003,-0.00981,Match
482674.06,0.0,469483.1890000003,-0.00981,Match
482807.86,0.0,469610.1000000003,-0.014715,Match
482941.76,0.0,469737.1090000004,-0.00981,Match
483075.76,0.0,469864.2170000004,-0.014715,Match
483209.86,0.0,469991.4240000004,-0.014715,Match
483344.06,0.0,470118.73000000033,-0.014715,Match
483478.36,0.0,470246.1340000003,-0.014715,Match
483612.76,0.0,470373.63700000034,-0.01962,Match
483747.26,0.0,470501.26700000034,-0.014715,Match
483881.86,0.0,470628.96800000034,0.0,Match
484016.56,0.0,470756.76700000034,-0.014715,Match
484151.36,0.0,470884.6650000003,-0.00981,Match
484286.26,0.0,471012.6680000004,-0.01962,Match
484421.26,0.0,471140.7630000003,-0.048069,Match
484556.36,0.0,471268.9860000003,-0.01962,Match
484691.56,0.0,471397.27900000033,-0.023544,Match
484826.86,0.0,471525.67000000033,0.01962,Match
484962.26,0.0,471654.1600000003,0.00981,Match
485097.76,0.0,471782.7490000003,-0.023544,Match
485233.36,0.0,471911.4360000003,-0.014715,Match
485369.06,0.0,472040.2460000003,-0.004905,Match
485504.86,0.0,472169.1310000003,-0.00981,Match
485640.76,0.0,472298.1150000003,-0.00981,Match
485776.76,0.0,472427.1970000003,0.0,Match
485912.86,0.0,472556.3770000002,-0.004905,Match
486049.06,0.0,472685.65600000025,-0.028449,Match
486185.36,0.0,472815.0340000003,-0.004905,Match
486321.76,0.0,472944.5110000003,-0.004905,Match
486458.26,0.0,473074.0870000003,-0.01962,Match
486594.86,0.0,473203.7610000003,-0.00981,Match
486731.56,0.0,473333.5340000003,-0.00981,Match
486868.36,0.0,473463.40600000025,0.0,Match
487005.26,0.0,473593.3760000002,-0.004905,Match
487142.26,0.0,473723.4560000002,0.0,Match
487279.36,0.0,473853.6240000002,-0.033354,Match
487416.56,0.0,473983.89000000025,-0.023544,Match
487553.86,0.0,474114.2550000002,-0.01962,Match
487691.26,0.0,474244.7250000002,-0.00981,Match
487828.76,0.0,474375.2870000002,-0.01962,Match
487966.36,0.0,474505.9730000002,-0.004905,Match
488104.06,0.0,474636.7330000002,-0.014715,Match
488241.86,0.0,474767.5910000002,-0.004905,Match
488379.76,0.0,474898.5480000002,-0.01962,Match
488517.76,0.0,475029.6250000002,-0.00981,Match
488655.86,0.0,475160.77900000016,0.004905,Match
488794.06,0.0,475292.0320000002,-0.00981,Match
488932.36,0.0,475423.3830000002,0.0,Match
489070.76,0.0,475554.8330000002,-0.023544,Match
489209.26,0.0,475686.3820000002,-0.014715,Match
489347.86,0.0,475818.0530000002,-0.00981,Match
489486.56,0.0,475949.7990000002,-0.01962,Match
489625.36,0.0,476081.64300000016,-0.028449,Match
489764.26,0.0,476213.5860000002,-0.023544,Match
489903.26,0.0,476345.6520000002,-0.01962,Match
490042.36,0.0,476477.7930000002,-0.023544,Match
490181.56,0.0,476610.0320000002,-0.00981,Match
490320.86,0.0,476742.37000000017,-0.01962,Match
490460.26,0.0,476874.80600000016,-0.01962,Match
490599.76,0.0,477007.3410000001,-0.004905,Match
490739.36,0.0,477139.97600000014,0.0,Match
490879.06,0.0,477272.70900000015,-0.01962,Match
491018.86,0.0,477405.54000000015,-0.00981,Match
491158.76,0.0,477538.47400000016,0.004905,Match
491298.76,0.0,477671.50300000014,-0.004905,Match
491438.86,0.0,477804.63100000017,-0.014715,Match
491579.06,0.0,477937.8570000002,-0.004905,Match
491719.36,0.0,478071.1810000002,-0.01962,Match
491859.76,0.0,478204.6040000002,-0.014715,Match
492000.26,0.0,478338.1470000002,-0.004905,Match
492140.86,0.0,478471.7680000002,-0.014715,Match
492281.56,0.0,478605.4870000002,-0.00981,Match
492422.36,0.0,478739.3040000002,-0.00981,Match
492563.26,0.0,478873.2320000002,-0.00981,Match
492704.26,0.0,479007.2470000002,-0.014715,Match
492845.36,0.0,479141.3610000002,-0.01962,Match
492986.56,0.0,479275.5740000002,-0.014715,Match
493127.86,0.0,479409.8860000002,-0.023544,Match
493269.26,0.0,479544.29600000015,-0.00981,Match
493410.76,0.0,479678.80700000015,-0.01962,Match
493552.36,0.0,479813.41600000014,-0.004905,Match
493694.06,0.0,479948.14300000016,-0.004905,Match
493835.86,0.0,480082.94900000014,-0.038259,Match
493977.76,0.0,480217.8530000001,-0.038259,Match
494119.76,0.0,480352.85600000015,0.0,Match
494261.86,0.0,480487.95900000015,-0.01962,Match
494404.06,0.0,480623.16000000015,0.0,Match
494546.36,0.1,480758.4840000002,0.057879,Match
494688.76,0.2,480893.88300000015,0.220725,Match
494831.26,0.3,481029.3800000001,0.272718,Match
494973.86,0.4,481164.97600000014,0.435564,Match
495116.56,0.5,481300.70400000014,0.551322,Match
495259.36,0.6,481436.49700000015,0.61803,Match
495402.26,0.7,481572.38900000014,0.761256,Match
495545.26,0.7,481708.3800000001,0.671004,Match
495688.36,0.7,481844.47000000015,0.737712,Match
495831.56,0.7,481980.65800000017,0.679833,Match
495974.86,0.7,482116.9760000002,0.722997,Match
496118.26,0.7,482253.3630000002,0.689643,Match
496261.76,0.7,482389.8480000002,0.661194,Match
496405.36,0.7,482526.43200000015,0.709263,Match
496549.06,0.628571,482663.1140000001,0.641574,Match
496692.86,0.528571,482799.89500000014,0.498348,Match
496836.76,0.428571,482936.77500000014,0.42183,Match
496980.76,0.328571,483073.7540000001,0.320787,Match
497124.86,0.228571,483210.8310000001,0.201105,Match
497269.06,0.128571,483348.0150000001,0.109872,Match
497413.36,0.028571,-,-,Deletion
497557.76,0.0,-,-,Deletion
497702.26,0.0,483485.29000000015,0.014715,Match
497846.86,0.0,483622.6950000002,-0.023544,Match
497991.56,0.0,483760.1680000002,-0.01962,Match
498136.36,0.0,483897.7390000002,-0.01962,Match
498281.26,0.0,484035.40900000016,-0.004905,Match
498426.26,0.0,484173.2010000002,-0.033354,Match
498571.36,0.0,484311.0690000002,0.01962,Match
498716.56,0.0,484449.0740000002,-0.101043,Match
498861.86,0.0,484587.1390000002,0.043164,Match
499007.26,0.0,484725.3030000002,-0.048069,Match
499152.76,0.0,484863.56600000017,0.086328,Match
499298.36,0.0,485001.9450000002,-0.091233,Match
499444.06,0.0,485140.4060000002,0.004905,Match
499589.86,0.0,485278.9650000002,-0.043164,Match
499735.76,0.0,485417.6230000002,0.023544,Match
499881.76,0.0,485556.3970000002,-0.028449,Match
500027.86,0.0,485695.2530000002,-0.01962,Match
500174.06,0.0,485834.2500000002,0.0,Match
500320.36,-0.02,-,-,Deletion
500466.76,-0.12,485973.3030000002,-0.048069,Match
500613.26,-0.22,486112.4620000002,-0.234459,Match
500759.86,-0.32,486251.71300000016,-0.277623,Match
500906.56,-0.42,486391.09300000017,-0.40221,Match
501053.36,-0.52,486530.5420000002,-0.503253,Match
501200.26,-0.62,486670.0890000002,-0.569961,Match
501347.26,-0.7,486809.7350000002,-0.732807,Match
501494.36,-0.7,486949.4800000002,-0.679833,Match
501641.56,-0.7,487089.3240000002,-0.679833,Match
501788.86,-0.7,487229.2670000002,-0.694548,Match
501936.26,-0.7,487369.30800000025,-0.709263,Match
502083.76,-0.7,487509.44800000027,-0.679833,Match
502231.36,-0.7,487649.6860000003,-0.684738,Match
502379.06,-0.7,487790.0230000003,-0.666099,Match
502526.86,-0.608571,487930.46000000025,-0.551322,Match
502674.76,-0.508571,488070.9950000002,-0.460089,Match
502822.76,-0.408571,488211.6300000002,-0.363951,Match
502970.86,-0.308571,488352.3630000002,-0.267813,Match
503119.06,-0.208571,488493.1950000002,-0.096138,Match
503267.36,-0.108571,488634.1260000002,-0.086328,Match
503415.76,-0.008571,488775.1590000002,0.004905,Match
503564.26,0.0,488916.2870000002,-0.043164,Match
-,-,489057.51400000026,0.052974,Insertion
503712.86,0.0,489198.84000000026,-0.043164,Match
503861.56,0.0,489340.26900000026,-0.01962,Match
504010.36,0.0,489481.79200000025,-0.014715,Match
504159.26,0.0,489623.43800000026,0.01962,Match
504308.26,0.0,489765.1590000003,0.0,Match
504457.36,0.0,489906.9790000003,-0.048069,Match
504606.56,0.0,490048.8980000003,-0.023544,Match
504755.86,0.0,490190.9180000003,0.023544,Match
504905.26,0.0,490333.0340000003,0.00981,Match
505054.76,0.0,490475.27400000027,-0.01962,Match
505204.36,0.0,490617.5880000003,-0.048069,Match
505354.06,0.0,490760.0010000003,0.023544,Match
505503.86,0.0,490902.5120000003,0.014715,Match
505653.76,0.0,491045.12200000026,-0.004905,Match
505803.76,0.0,491187.8310000002,-0.033354,Match
505953.86,0.0,491330.6750000002,0.00981,Match
506104.06,0.0,491473.5820000002,0.028449,Match
506254.36,0.0,491616.5880000002,-0.023544,Match
506404.76,0.0,491759.6920000002,-0.028449,Match
506555.26,0.0,491902.8950000002,-0.00981,Match
506705.86,0.0,492046.1970000002,0.038259,Match
506856.56,0.0,492189.6350000002,-0.01962,Match
507007.36,0.0,492333.13400000025,-0.052974,Match
-,-,492476.73200000025,-0.086328,Insertion
-,-,492620.42800000025,-0.148131,Insertion
-,-,492764.2230000002,-0.20601,Insertion
-,-,492908.1170000002,-0.162846,Insertion
-,-,493052.1090000002,-0.104967,Insertion
507158.26,0.0,493196.2010000002,-0.043164,Match
507309.26,0.0,493340.3910000002,-0.004905,Match
507460.36,0.0,493484.6800000002,-0.01962,Match
507611.56,0.0,493629.0670000002,-0.00981,Match
507762.86,0.0,493773.5770000002,-0.004905,Match
507914.26,0.0,493918.1620000002,-0.014715,Match
508065.76,0.0,494062.8470000002,0.0,Match
508217.36,0.0,494207.62900000025,-0.004905,Match
508369.06,0.0,494352.51400000026,-0.00981,Match
508520.86,0.0,494497.4940000002,-0.00981,Match
508672.76,0.0,494642.60600000026,-0.004905,Match
508824.76,0.0,494787.7840000003,-0.014715,Match
508976.86,0.0,494933.0610000003,-0.004905,Match
509129.06,0.0,495078.4360000003,-0.004905,Match
509281.36,0.0,495223.9230000003,-0.033354,Match
509433.76,0.0,495369.4960000003,-0.00981,Match
509586.26,0.0,495515.2030000002,-0.00981,Match
509738.86,0.0,495660.9740000003,-0.023544,Match
509891.56,0.0,495806.8430000003,-0.004905,Match
510044.36,0.0,495952.8110000003,-0.014715,Match
510197.26,0.0,496098.9010000003,0.004905,Match
510350.26,0.0,496245.06700000033,-0.00981,Match
510503.36,0.0,496391.3310000004,-0.014715,Match
510656.56,0.0,496537.6940000004,0.0,Match
510809.86,0.0,496684.1560000004,-0.004905,Match
510963.26,0.0,496830.7170000004,0.004905,Match
511116.76,0.0,496977.3770000003,-0.004905,Match
511270.36,0.0,497124.1360000004,-0.023544,Match
511424.06,0.0,497271.0260000004,-0.023544,Match
511577.86,0.0,497417.9820000004,-0.01962,Match
511731.76,0.0,497565.0370000004,-0.014715,Match
511885.76,0.0,497712.1890000004,-0.033354,Match
512039.86,0.0,497859.44100000034,0.038259,Match
512194.06,0.0,498006.7920000004,0.004905,Match
512348.36,0.0,498154.2790000004,0.0,Match
512502.76,0.0,498301.8270000004,0.004905,Match
512657.26,0.0,498449.4740000004,0.004905,Match
512811.86,0.0,498597.2420000004,-0.004905,Match
512966.56,0.0,498745.0870000004,0.0,Match
513121.36,0.0,498893.0300000004,-0.014715,Match
513276.26,0.0,499041.0720000004,-0.028449,Match
513431.26,0.0,499189.2160000004,-0.014715,Match
513586.36,0.0,499337.4560000004,-0.014715,Match
513741.56,0.0,499485.8310000004,-0.004905,Match
513896.86,0.0,499634.2690000004,-0.014715,Match
514052.26,0.0,499782.8190000004,-0.00981,Match
514207.76,0.0,499931.4540000004,0.004905,Match
514363.36,0.0,500080.1870000004,-0.014715,Match
514519.06,0.0,500229.0190000004,-0.00981,Match
514674.86,0.0,500377.9520000004,-0.014715,Match
514830.76,0.0,500526.9820000004,-0.014715,Match
514986.76,0.0,500676.1420000004,-0.014715,Match
515142.86,0.0,500825.3700000004,-0.014715,Match
515299.06,0.0,500974.6960000004,-0.01962,Match
515455.36,0.0,501124.1210000004,-0.028449,Match
515611.76,0.0,501273.6710000004,-0.00981,Match
515768.26,0.0,501423.2940000004,0.0,Match
515924.86,0.0,501573.0160000004,-0.014715,Match
516081.56,0.0,501722.8360000004,-0.004905,Match
516238.36,0.0,501872.7540000004,-0.014715,Match
516395.26,0.0,502022.7720000004,-0.023544,Match
516552.26,0.0,502172.8890000004,-0.014715,Match
516709.36,0.0,502323.10400000046,-0.014715,Match
516866.56,0.0,502473.41800000047,-0.01962,Match
517023.86,0.0,502623.8300000005,-0.014715,Match
517181.26,0.0,502774.3820000005,-0.00981,Match
517338.76,0.0,502924.9920000005,-0.01962,Match
517496.36,0.0,503075.7000000005,-0.014715,Match
517654.06,0.0,503226.5080000005,-0.00981,Match
517811.86,0.0,503377.4140000005,-0.01962,Match
517969.76,0.0,503528.4190000005,-0.004905,Match
518127.76,0.0,503679.5230000005,-0.023544,Match
518285.86,0.0,503830.7430000005,-0.00981,Match
518444.06,0.0,503982.04400000046,-0.00981,Match
518602.36,0.0,504133.4430000005,-0.00981,Match
518760.76,0.0,504284.94100000046,-0.01962,Match
518919.26,0.0,504436.55500000046,-0.01962,Match
519077.86,0.0,504588.2520000005,-0.00981,Match
519236.56,0.0,504740.0470000004,-0.014715,Match
519395.36,0.0,504891.9410000004,-0.01962,Match
519554.26,0.0,505043.9340000004,-0.004905,Match
519713.26,0.0,505196.0250000004,-0.014715,Match
519872.36,0.0,505348.2390000004,-0.01962,Match
520031.56,0.0,505500.5280000004,-0.00981,Match
520190.86,0.0,505652.9140000004,0.014715,Match
520350.26,0.0,505805.3990000004,-0.014715,Match
520509.76,0.0,505957.9900000004,-0.014715,Match
520669.36,0.0,506110.6730000004,-0.01962,Match
520829.06,0.0,506263.4840000004,-0.014715,Match
520988.86,0.0,506416.3650000004,-0.023544,Match
521148.76,0.0,506569.3440000004,-0.004905,Match
521308.76,0.0,506722.4220000004,0.0,Match
521468.86,0.0,506875.5990000004,-0.023544,Match
521629.06,0.0,507028.8750000004,-0.038259,Match
521789.36,0.0,507182.2790000004,-0.023544,Match
521949.76,0.0,507335.7520000004,-0.01962,Match
522110.26,0.0,507489.3240000004,-0.00981,Match
522270.86,0.0,507642.99500000034,-0.00981,Match
522431.56,0.0,507796.7650000004,-0.01962,Match
522592.36,0.0,507950.6330000004,0.0,Match
522753.26,0.0,508104.6000000004,-0.004905,Match
522914.26,0.0,508258.6650000004,-0.014715,Match
523075.36,0.0,508412.8280000004,0.014715,Match
523236.56,0.0,508567.0920000004,-0.014715,Match
523397.86,0.0,508721.4540000004,-0.00981,Match
523559.26,0.0,508875.9380000004,-0.014715,Match
523720.76,0.0,509030.4970000005,-0.00981,Match
523882.36,0.0,509185.1550000005,-0.00981,Match
524044.06,0.0,509339.9120000004,-0.00981,Match
524205.86,0.0,509494.7940000004,-0.014715,Match
524367.76,0.0,509649.7480000004,0.0,Match
524529.76,0.0,509804.8010000005,-0.00981,Match
524691.86,0.0,509959.95200000046,-0.028449,Match
524854.05,0.0,510115.20700000046,-0.01962,Match
525016.35,0.0,510270.5570000005,-0.014715,Match
525178.75,0.0,510426.0270000004,-0.004905,Match
525341.25,0.0,510581.5740000004,0.00981,Match
525503.85,0.0,510737.2590000004,-0.033354,Match
525666.54,0.0,510893.0040000004,-0.00981,Match
525829.34,0.0,511048.8480000004,-0.00981,Match
525992.24,0.0,511204.7900000004,-0.004905,Match
526155.24,0.0,511360.8550000004,-0.00981,Match
526318.34,0.0,511516.9950000004,-0.00981,Match
526481.53,0.0,511673.2340000004,-0.004905,Match
526644.83,0.0,511829.5710000004,-0.004905,Match
526808.23,0.0,511986.0360000004,0.0,Match
526971.73,0.0,512142.5710000004,0.004905,Match
527135.33,0.0,512299.2050000004,-0.004905,Match
527299.02,0.0,512455.9380000004,-0.00981,Match
527462.82,0.0,512612.7700000004,-0.01962,Match
527626.72,0.0,512769.7000000004,-0.00981,Match
527790.72,0.0,512926.7500000004,-0.004905,Match
527954.82,0.0,513083.8780000004,-0.004905,Match
528119.01,0.0,513241.1050000005,-0.01962,Match
528283.31,0.0,513398.43000000046,-0.01962,Match
528447.71,0.0,513555.85400000046,-0.014715,Match
528612.21,0.0,513713.37600000045,-0.043164,Match
528776.8,0.0,513870.9980000004,-0.033354,Match
528941.5,0.0,514028.7190000005,-0.014715,Match
529106.3,0.0,514186.53800000047,-0.01962,Match
529271.2,0.0,514344.4600000005,-0.014715,Match
529436.2,0.0,514502.4770000005,-0.00981,Match
529601.29,0.0,514660.59300000046,-0.014715,Match
529766.49,0.0,514818.8070000005,-0.014715,Match
529931.79,0.0,514977.12000000046,-0.004905,Match
530097.19,0.0,515135.5320000005,-0.00981,Match
530262.69,0.0,515294.0560000005,-0.014715,Match
530428.28,0.0,515452.6650000005,-0.00981,Match
530593.98,0.0,515611.3730000004,-0.01962,Match
530759.78,0.0,515770.1800000004,-0.071613,Match
530925.68,0.0,515929.0870000004,-0.048069,Match
531091.68,0.0,516088.0910000004,-0.023544,Match
531257.78,0.0,516247.2180000004,-0.01962,Match
531423.98,0.0,516406.4200000004,-0.01962,Match
531590.28,0.0,516565.7200000004,-0.014715,Match
531756.68,0.0,516725.1190000004,-0.01962,Match
531923.18,0.0,516884.63200000033,-0.014715,Match
532089.78,0.0,517044.22900000034,-0.00981,Match
532256.48,0.0,517203.96800000034,-0.00981,Match
532423.28,0.0,517363.76200000034,-0.00981,Match
532590.18,0.1,517523.6550000003,0.004905,Match
532757.18,0.2,517683.6470000004,0.234459,Match
532924.28,0.3,517843.7370000004,0.272718,Match
533091.48,0.4,518003.9270000004,0.430659,Match
533258.78,0.5,518164.2150000004,0.526797,Match
533426.18,0.6,518324.6020000004,0.593505,Match
533593.68,0.7,518485.08800000034,0.752427,Match
533761.28,0.7,518645.6720000003,0.671004,Match
533928.98,0.7,518806.35500000033,0.704358,Match
534096.78,0.7,518967.13700000034,0.709263,Match
534264.68,0.7,519128.01800000033,0.661194,Match
534432.68,0.7,519288.9980000003,0.737712,Match
534600.78,0.7,519450.07700000034,0.709263,Match
534768.98,0.7,519611.2540000004,0.714168,Match
534937.28,0.628571,519772.5300000004,0.656289,Match
535105.68,0.528571,519933.9050000004,0.574866,Match
535274.18,0.428571,520095.3790000004,0.435564,Match
535442.78,0.328571,520256.9540000004,0.359046,Match
535611.48,0.228571,520418.6260000004,0.263889,Match
535780.28,0.128571,520580.4130000004,0.109872,Match
535949.18,0.028571,520742.2820000004,0.076518,Match
536118.18,0.0,-,-,Deletion
536287.28,0.0,-,-,Deletion
536456.48,0.0,520904.2880000004,-0.038259,Match
536625.78,0.0,521066.3540000004,-0.028449,Match
536795.18,0.0,521228.5190000004,0.052974,Match
536964.68,0.0,521390.7830000004,-0.014715,Match
537134.28,0.0,521553.1630000004,0.043164,Match
537303.98,0.0,521715.6250000004,-0.048069,Match
537473.78,0.0,521878.2250000004,-0.033354,Match
537643.68,0.0,522040.8850000004,0.01962,Match
537813.68,0.0,522203.65300000034,-0.033354,Match
537983.78,0.0,522366.5100000004,0.048069,Match
538153.98,0.0,522529.4980000004,-0.076518,Match
538324.28,0.0,522692.5530000004,0.028449,Match
538494.68,0.0,522855.70700000034,-0.01962,Match
538665.18,0.0,523018.9590000003,0.033354,Match
538835.78,0.0,523182.3100000004,-0.01962,Match
539006.48,0.0,523345.7600000004,-0.028449,Match
539177.28,0.0,523509.3090000004,-0.043164,Match
539348.18,-0.02,523672.9560000004,-0.014715,Match
539519.18,-0.12,-,-,Deletion
539690.28,-0.22,523836.7030000003,-0.162846,Match
539861.48,-0.32,524000.5480000003,-0.277623,Match
540032.78,-0.42,524164.4920000003,-0.407115,Match
540204.18,-0.52,524328.5350000003,-0.464994,Match
540375.68,-0.62,524492.7180000002,-0.569961,Match
540547.28,-0.7,524656.9580000002,-0.709263,Match
540718.98,-0.7,524821.2970000003,-0.732807,Match
540890.78,-0.7,524985.7340000003,-0.727902,Match
541062.68,-0.7,525150.2710000003,-0.766161,Match
541234.68,-0.7,525314.9060000003,-0.709263,Match
541406.78,-0.7,525479.6400000004,-0.694548,Match
541578.98,-0.7,525644.4720000004,-0.714168,Match
541751.28,-0.7,525809.4030000004,-0.699453,Match
541923.68,-0.608571,525974.4320000004,-0.569961,Match
542096.18,-0.508571,526139.5610000003,-0.464994,Match
542268.78,-0.408571,526304.7880000003,-0.430659,Match
542441.48,-0.308571,526470.1140000003,-0.244269,Match
542614.28,-0.208571,526635.5380000003,-0.210915,Match
542787.18,-0.108571,526801.0610000003,-0.057879,Match
542960.18,-0.008571,526966.7160000004,-0.033354,Match
543133.28,0.0,527132.4370000004,0.004905,Match
-,-,527298.2590000004,0.038259,Insertion
-,-,527464.1780000004,-0.081423,Insertion
543306.48,0.0,527630.2210000004,0.014715,Match
543479.78,0.0,527796.3360000004,-0.023544,Match
543653.18,0.0,527962.5510000003,0.033354,Match
543826.68,0.0,528128.8640000003,-0.061803,Match
544000.28,0.0,528295.2910000003,-0.014715,Match
544173.98,0.0,528461.8020000004,0.0,Match
544347.78,0.0,528628.4510000004,0.0,Match
544521.68,0.0,528795.1600000004,-0.028449,Match
544695.68,0.0,528961.9770000004,-0.043164,Match
544869.78,0.0,529128.8840000004,0.00981,Match
545043.98,0.0,529295.9170000005,0.0,Match
545218.28,0.0,529463.0210000005,-0.014715,Match
545392.68,0.0,529630.2230000006,-0.023544,Match
545567.18,0.0,529797.5240000006,-0.00981,Match
545741.78,0.0,529964.9240000006,0.028449,Match
545916.48,0.0,530132.4230000005,-0.01962,Match
546091.28,0.0,530300.0550000005,-0.028449,Match
546266.18,0.0,530467.7520000006,-0.00981,Match
546441.18,0.0,530635.5470000006,0.004905,Match
546616.28,0.0,530803.4410000006,0.004905,Match
546791.48,0.0,530971.4340000006,-0.052974,Match
546966.78,0.0,531139.5260000005,-0.004905,Match
-,-,531307.7160000005,-0.086328,Insertion
-,-,531476.0040000004,-0.1962,Insertion
-,-,531644.3920000005,-0.282528,Insertion
-,-,531812.8930000005,-0.182466,Insertion
-,-,531981.4780000005,-0.091233,Insertion
547142.18,0.0,532150.1620000005,-0.023544,Match
547317.68,0.0,532318.9450000005,-0.01962,Match
547493.28,0.0,532487.8270000005,-0.023544,Match
547668.98,0.0,532656.8070000005,-0.00981,Match
547844.78,0.0,532825.8990000004,-0.00981,Match
548020.68,0.0,532995.0770000004,-0.00981,Match
548196.68,0.0,533164.3530000004,-0.014715,Match
548372.78,0.0,533333.7280000004,-0.014715,Match
548548.98,0.0,533503.2170000003,-0.004905,Match
548725.28,0.0,533672.7910000003,-0.00981,Match
548901.68,0.0,533842.4970000003,-0.014715,Match
549078.18,0.0,534012.2670000003,-0.004905,Match
549254.78,0.0,534182.1360000003,-0.00981,Match
549431.48,0.0,534352.1040000003,-0.00981,Match
549608.28,0.0,534522.1710000003,0.0,Match
549785.18,0.0,534692.3370000003,-0.014715,Match
549962.18,0.0,534862.6350000002,-0.004905,Match
550139.28,0.0,535032.9980000003,-0.01962,Match
550316.48,0.0,535203.4600000003,-0.00981,Match
550493.78,0.0,535374.0210000003,-0.004905,Match
550671.18,0.0,535544.6800000003,-0.004905,Match
550848.68,0.0,535715.4390000002,-0.014715,Match
551026.28,0.0,535886.2960000002,-0.01962,Match
551203.98,0.0,536057.2510000002,-0.028449,Match
551381.78,0.0,536228.3050000002,-0.01962,Match
551559.68,0.0,536399.4690000002,-0.004905,Match
551737.68,0.0,536570.7210000001,-0.00981,Match
551915.78,0.0,536742.0720000002,0.01962,Match
552093.98,0.0,536913.5220000001,-0.004905,Match
552272.28,0.0,537085.0710000001,-0.023544,Match
552450.68,0.0,537256.7190000002,0.0,Match
552629.18,0.0,537428.4730000001,0.004905,Match
552807.78,0.0,537600.3180000001,-0.014715,Match
552986.48,0.0,537772.2840000001,0.0,Match
553165.28,0.0,537944.327,0.0,Match
553344.18,0.0,538116.468,0.00981,Match
553523.18,0.0,538288.708,0.004905,Match
553702.28,0.0,538461.052,-0.00981,Match
553881.48,0.0,538633.4890000001,-0.014715,Match
554060.78,0.0,538806.0530000001,-0.023544,Match
554240.18,0.0,538978.6880000001,-0.00981,Match
554419.68,0.0,539151.4220000001,-0.01962,Match
554599.28,0.0,539324.2540000002,0.00981,Match
554778.98,0.0,539497.1850000002,-0.01962,Match
554958.78,0.0,539670.2140000002,-0.00981,Match
555138.68,0.0,539843.3680000001,0.004905,Match
555318.68,0.0,540016.5950000001,-0.004905,Match
555498.78,0.0,540189.9210000001,-0.00981,Match
555678.98,0.0,540363.3460000001,-0.01962,Match
555859.28,0.0,540536.8830000001,-0.014715,Match
556039.68,0.0,540710.5060000002,-0.00981,Match
556220.18,0.0,540884.2630000002,-0.00981,Match
556400.78,0.0,541058.0820000002,0.004905,Match
556581.48,0.0,541232.0010000002,-0.014715,Match
556762.28,0.0,541406.0180000002,-0.014715,Match
556943.18,0.0,541580.1340000002,-0.01962,Match
557124.18,0.0,541754.3490000002,-0.023544,Match
557305.28,0.0,541928.6950000002,-0.004905,Match
557486.48,0.0,542103.1070000002,0.0,Match
557667.78,0.0,542277.6180000002,-0.004905,Match
557849.18,0.0,542452.2280000002,-0.014715,Match
558030.68,0.0,542626.9370000003,-0.004905,Match
558212.28,0.0,542801.7440000003,-0.004905,Match
558393.98,0.0,542976.6500000003,-0.00981,Match
558575.78,0.0,543151.6560000003,-0.004905,Match
558757.68,0.0,543326.7590000003,-0.00981,Match
558939.68,0.0,543501.9750000003,-0.004905,Match
559121.78,0.0,543677.2760000003,-0.00981,Match
559303.98,0.0,543852.7120000003,-0.004905,Match
559486.28,0.0,544028.2100000003,0.0,Match
559668.68,0.0,544203.8070000003,-0.00981,Match
559851.18,0.0,544379.5020000002,0.0,Match
560033.78,0.0,544555.3220000002,-0.00981,Match
560216.48,0.0,544731.2150000002,0.0,Match
560399.28,0.0,544907.2070000002,-0.004905,Match
560582.18,0.0,545083.2980000002,-0.014715,Match
560765.18,0.0,545259.4910000002,-0.00981,Match
560948.28,0.0,545435.7790000001,-0.004905,Match
561131.48,0.0,545612.1950000001,-0.00981,Match
561314.78,0.0,545788.68,-0.004905,Match
561498.18,0.0,545965.2640000001,-0.004905,Match
561681.68,0.0,546141.947,-0.004905,Match
561865.28,0.0,546318.728,-0.00981,Match
562048.98,0.0,546495.609,-0.023544,Match
562232.78,0.0,546672.6150000001,-0.004905,Match
562416.68,0.0,546849.6940000001,-0.023544,Match
562600.68,0.0,547026.8710000002,-0.01962,Match
562784.78,0.0,547204.1460000002,-0.023544,Match
562968.98,0.0,547381.5200000001,-0.00981,Match
563153.28,0.0,547558.9930000001,0.004905,Match
563337.68,0.0,547736.6030000001,-0.004905,Match
563522.18,0.0,547914.2740000001,0.004905,Match
563706.78,0.0,548092.0430000001,-0.014715,Match
563891.48,0.0,548269.91,0.004905,Match
564076.28,0.0,548447.877,-0.004905,Match
564261.18,0.0,548625.9419999999,-0.033354,Match
564446.18,0.0,548804.1059999999,-0.004905,Match
564631.28,0.0,548982.3929999999,0.014715,Match
564816.48,0.0,549160.754,-0.023544,Match
565001.78,0.0,549339.215,-0.01962,Match
565187.18,0.0,549517.774,-0.014715,Match
565372.68,0.0,549696.465,0.01962,Match
565558.28,0.0,549875.221,-0.00981,Match
565743.98,0.0,550054.0750000001,0.0,Match
565929.78,0.0,550233.0290000001,-0.004905,Match
566115.68,0.0,550412.1050000001,-0.014715,Match
566301.68,0.0,550591.256,-0.023544,Match
566487.78,0.0,550770.506,-0.00981,Match
566673.98,0.0,550949.8550000001,0.004905,Match
566860.28,0.0,551129.3020000001,-0.01962,Match
567046.68,0.0,551308.8490000002,-0.00981,Match
567233.18,0.0,551488.5090000002,-0.004905,Match
567419.78,0.0,551668.2530000001,0.0,Match
567606.48,0.0,551848.1360000002,-0.00981,Match
567793.28,0.0,552028.0770000002,-0.023544,Match
567980.18,0.0,552208.1170000002,-0.01962,Match
568167.18,0.0,552388.2560000002,-0.028449,Match
568354.28,0.0,552568.5120000002,-0.00981,Match
568541.48,0.0,552748.8480000002,0.004905,Match
568728.78,0.0,552929.3200000002,-0.01962,Match
568916.18,0.0,553109.8540000002,-0.01962,Match
569103.68,0.0,553290.4870000002,0.0,Match
569291.28,0.0,553471.2180000002,-0.01962,Match
569478.98,0.0,553652.0480000002,-0.014715,Match
569666.78,0.0,553832.9770000002,-0.00981,Match
569854.68,0.0,554014.0360000002,-0.014715,Match
570042.68,0.0,554195.1620000002,-0.00981,Match
570230.78,0.0,554376.3860000003,-0.01962,Match
570418.98,0.0,554557.7090000003,-0.014715,Match
570607.28,0.0,554739.1310000003,0.0,Match
570795.68,0.0,554920.6520000002,-0.014715,Match
570984.18,0.0,555102.2720000002,-0.014715,Match
571172.78,0.0,555284.0020000002,-0.01962,Match
571361.48,0.0,555465.8190000003,-0.014715,Match
571550.28,0.0,555647.7350000002,0.0,Match
571739.18,0.0,555829.7500000002,0.0,Match
571928.18,0.0,556011.8720000002,-0.038259,Match
572117.28,0.0,556194.0840000003,-0.014715,Match
572306.48,0.0,556376.3950000003,0.0,Match
572495.78,0.0,556558.8040000002,-0.00981,Match
572685.18,0.0,556741.3120000003,-0.014715,Match
572874.68,0.0,556923.9190000002,-0.00981,Match
573064.28,0.0,557106.6450000003,-0.014715,Match
573253.98,0.0,557289.4500000003,-0.043164,Match
573443.78,0.0,557472.3530000004,-0.023544,Match
573633.68,0.0,557655.3550000003,-0.004905,Match
573823.68,0.0,557838.4650000003,-0.004905,Match
574013.78,0.0,558021.6650000003,-0.028449,Match
574203.98,0.0,558204.9620000003,-0.014715,Match
574394.28,0.0,558388.3590000003,-0.014715,Match
574584.68,0.0,558571.8550000003,-0.004905,Match
574775.18,0.0,558755.4490000004,-0.014715,Match
574965.78,0.0,558939.1660000003,-0.01962,Match
575156.48,0.0,559122.9570000003,-0.00981,Match
575347.28,0.0,559306.8470000003,-0.023544,Match
575538.18,0.0,559490.8360000002,-0.00981,Match
575729.18,0.0,559674.9240000002,-0.00981,Match
575920.28,0.0,559859.1100000002,-0.00981,Match
576111.48,0.0,560043.4330000002,-0.00981,Match
576302.78,0.0,560227.8170000002,-0.014715,Match
576494.18,0.0,560412.3000000002,-0.004905,Match
576685.68,0.1,560596.8820000002,0.129492,Match
576877.28,0.2,560781.5620000003,0.229554,Match
577068.98,0.3,560966.3410000002,0.320787,Match
577260.78,0.4,561151.2190000003,0.488538,Match
577452.68,0.5,561336.1960000002,0.555246,Match
577644.68,0.6,561521.2720000002,0.62784,Match
577836.78,0.7,561706.4470000003,0.694548,Match
578028.98,0.7,561891.7200000003,0.727902,Match
578221.28,0.7,562077.0920000003,0.646479,Match
578413.68,0.7,562262.5620000003,0.727902,Match
578606.18,0.7,562448.1370000002,0.661194,Match
578798.78,0.7,562633.8050000002,0.679833,Match
578991.48,0.7,562819.6000000002,0.684738,Match
579184.28,0.7,563005.4660000002,0.694548,Match
579377.18,0.628571,563191.4310000002,0.61803,Match
579570.18,0.528571,-,-,Deletion
579763.28,0.428571,563377.4950000002,0.445374,Match
579956.48,0.328571,563563.6610000002,0.340407,Match
580149.78,0.228571,563749.9220000003,0.307053,Match
580343.18,0.128571,563936.3070000003,0.162846,Match
580536.68,0.028571,564122.7660000003,0.043164,Match
580730.28,0.0,-,-,Deletion
580923.98,0.0,564309.3240000003,0.00981,Match
581117.78,0.0,564495.9810000003,-0.023544,Match
581311.68,0.0,564682.7480000003,0.023544,Match
581505.68,0.0,564869.6030000002,-0.014715,Match
581699.78,0.0,565056.5930000002,-0.043164,Match
581893.98,0.0,565243.6450000003,0.023544,Match
582088.28,0.0,565430.7950000003,-0.014715,Match
582282.68,0.0,565618.0440000002,0.071613,Match
582477.18,0.0,565805.4250000003,-0.057879,Match
582671.78,0.0,565992.8730000003,0.00981,Match
582866.48,0.0,566180.4190000002,-0.023544,Match
583061.28,0.0,566368.0640000002,-0.01962,Match
583256.18,0.0,566555.8080000002,-0.00981,Match
583451.18,0.0,566743.6500000001,-0.028449,Match
583646.28,0.0,566931.6310000002,-0.00981,Match
583841.48,0.0,567119.6710000002,0.0,Match
584036.78,0.0,567307.8100000002,-0.01962,Match
584232.18,0.0,567496.0480000002,0.0,Match
584427.68,-0.02,567684.4110000002,-0.048069,Match
584623.28,-0.12,567872.8460000003,-0.114777,Match
584818.98,-0.22,568061.3800000002,-0.258984,Match
585014.78,-0.32,568250.0130000003,-0.363951,Match
585210.68,-0.42,568438.7440000003,-0.464994,Match
585406.68,-0.52,568627.5740000003,-0.555246,Match
585602.78,-0.62,-,-,Deletion
585798.98,-0.7,568816.5030000003,-0.679833,Match
585995.28,-0.7,569005.5370000002,-0.709263,Match
586191.68,-0.7,569194.6640000002,-0.727902,Match
586388.18,-0.7,569383.8890000002,-0.699453,Match
586584.78,-0.7,569573.2140000002,-0.761256,Match
586781.48,-0.7,569762.6380000002,-0.684738,Match
586978.28,-0.7,569952.1600000001,-0.709263,Match
587175.18,-0.7,570141.8030000002,-0.756351,Match
587372.18,-0.608571,570331.5220000002,-0.613125,Match
587569.28,-0.508571,570521.3400000002,-0.455184,Match
587766.48,-0.408571,570711.2570000002,-0.440469,Match
587963.78,-0.308571,570901.2830000002,-0.287433,Match
588161.18,-0.208571,571091.3980000002,-0.244269,Match
588358.68,-0.108571,571281.6410000002,-0.109872,Match
588556.28,-0.008571,-,-,Deletion
588753.98,0.0,-,-,Deletion
588951.78,0.0,-,-,Deletion
589149.68,0.0,-,-,Deletion
589347.68,0.0,-,-,Deletion
589545.78,0.0,-,-,Deletion
589743.98,0.0,-,-,Deletion
589743.98,0.0,-,-,Deletion
589744.08,0.0,-,-,Deletion
589744.27,0.0,-,-,Deletion
589744.57,0.0,-,-,Deletion
589744.97,0.0,-,-,Deletion
589745.47,0.0,-,-,Deletion
589746.07,0.0,-,-,Deletion
589746.76,0.0,-,-,Deletion
589747.56,0.0,-,-,Deletion
589748.46,0.0,-,-,Deletion
589749.46,0.0,-,-,Deletion
589750.55,0.0,-,-,Deletion
589751.75,0.0,-,-,Deletion
589753.05,0.0,-,-,Deletion
589754.45,0.0,-,-,Deletion
589755.95,0.0,571471.9530000002,-0.004905,Match
589757.54,0.0,571662.3640000002,0.004905,Match
589759.24,0.0,571852.8750000002,-0.028449,Match
589761.04,0.0,572043.5020000002,-0.023544,Match
589762.94,0.0,572234.2100000002,0.014715,Match
589764.94,0.0,572425.0560000002,-0.014715,Match
589767.03,0.0,572615.9620000002,-0.043164,Match
589769.23,0.0,572806.9660000001,-0.014715,Match
589771.53,0.0,572998.0690000001,-0.00981,Match
589773.93,0.0,573189.3100000002,0.01962,Match
589776.43,0.0,573380.6110000001,-0.028449,Match
589779.03,0.0,573572.0100000001,-0.066708,Match
589781.73,0.0,573763.5070000001,0.023544,Match
589784.53,0.0,573955.1320000001,0.0,Match
589787.43,0.0,574146.827,-0.01962,Match
589790.43,0.0,574338.621,-0.038259,Match
589793.53,0.0,574530.5140000001,0.00981,Match
589796.73,0.0,574722.506,0.004905,Match
589800.03,0.0,574914.5970000001,-0.038259,Match
589803.43,0.0,575106.7860000001,-0.014715,Match
589806.93,0.0,575299.074,-0.028449,Match
589810.53,0.0,575491.461,0.057879,Match
589814.23,0.0,575683.958,-0.033354,Match
589818.03,0.0,575876.542,-0.00981,Match
589821.93,0.0,576069.225,-0.028449,Match
589825.93,0.0,576262.007,0.00981,Match
589830.03,0.0,576454.888,-0.043164,Match
589834.23,0.0,576647.8670000001,-0.167751,Mismatch
589838.53,0.0,576840.9500000001,-0.244269,Mismatch
589842.93,0.0,577034.1270000001,-0.157941,Mismatch
589847.43,0.0,577227.4020000001,-0.139302,Match
589852.03,0.0,577420.7760000001,-0.01962,Match
589856.73,0.0,577614.2490000001,-0.023544,Match
589861.53,0.0,577807.8200000001,-0.004905,Match
589866.43,0.0,578001.5160000001,-0.004905,Match
589871.43,0.0,578195.2860000001,-0.00981,Match
589876.53,0.0,578389.155,-0.004905,Match
589881.73,0.0,578583.122,-0.014715,Match
589887.03,0.0,578777.203,-0.00981,Match
589892.43,0.0,578971.368,-0.00981,Match
589897.93,0.0,579165.669,-0.014715,Match
589903.53,0.0,579360.032,-0.00981,Match
589909.23,0.0,579554.4940000001,-0.014715,Match
589915.03,0.0,579749.0540000001,-0.014715,Match
589920.93,0.0,579943.7130000001,-0.033354,Match
589926.93,0.0,580138.4720000001,-0.004905,Match
589933.03,0.0,580333.354,-0.00981,Match
589939.23,0.0,580528.309,-0.00981,Match
589945.53,0.0,580723.363,0.0,Match
589951.93,0.0,580918.515,-0.00981,Match
589958.43,0.0,581113.767,-0.014715,Match
589965.03,0.0,581309.118,-0.014715,Match
589971.73,0.0,581504.566,-0.00981,Match
589978.53,0.0,581700.114,-0.01962,Match
589985.43,0.0,581895.7599999999,-0.014715,Match
589992.43,0.0,581895.7599999999,-0.014715,Match
589999.53,0.0,581895.8579999999,0.0,Match
590006.73,0.0,581896.0549999999,-0.004905,Match
590014.03,0.0,581896.379,-0.023544,Match
590021.43,0.0,581896.772,-0.004905,Match
590028.93,0.0,581897.265,-0.028449,Match
590036.53,0.0,581897.857,-0.00981,Match
590044.23,0.0,581898.561,-0.014715,Match
590052.03,0.0,581899.35,-0.00981,Match
590059.93,0.0,581900.276,-0.014715,Match
590067.93,0.0,581901.2629999999,-0.00981,Match
590076.03,0.0,581902.3489999999,-0.004905,Match
590084.23,0.0,581903.5329999999,-0.004905,Match
590092.53,0.0,581904.8309999999,-0.01962,Match
590100.93,0.0,581906.2119999999,0.0,Match
590109.43,0.0,581907.693,-0.01962,Match
590118.03,0.0,581909.272,-0.00981,Match
590126.73,0.0,581910.95,-0.01962,Match
590135.53,0.0,581912.728,-0.014715,Match
590144.43,0.0,581914.643,-0.014715,Match
590153.43,0.0,581916.6170000001,-0.014715,Match
590162.53,0.0,581918.6900000001,-0.00981,Match
590171.73,0.0,581920.8620000001,-0.004905,Match
590181.03,0.0,581923.133,-0.00981,Match
590190.43,0.0,581925.5040000001,-0.00981,Match
590199.93,0.0,581927.9720000001,-0.004905,Match
590209.53,0.0,581930.5380000001,-0.004905,Match
590219.23,0.0,581933.2050000001,-0.01962,Match
590229.03,0.0,581935.969,-0.014715,Match
590238.93,0.0,581938.832,-0.00981,Match
590248.93,0.0,581941.7940000001,-0.014715,Match
590259.03,0.0,581944.8540000002,-0.00981,Match
590269.23,0.0,581948.0220000001,-0.00981,Match
590279.53,0.0,581951.2810000001,-0.004905,Match
590289.93,0.0,581954.6390000001,-0.01962,Match
590300.43,0.0,581958.0950000001,-0.014715,Match
590311.03,0.0,581961.6490000001,-0.00981,Match
590321.73,0.0,581965.3020000001,-0.014715,Match
590332.53,0.0,581969.0550000002,-0.004905,Match
590343.43,0.0,581972.9060000002,-0.01962,Match
590354.43,0.0,581976.8850000002,-0.014715,Match
590365.53,0.0,581980.9340000002,-0.004905,Match
590376.73,0.0,581985.0820000003,-0.004905,Match
590388.03,0.0,581989.3280000003,-0.004905,Match
590399.43,0.0,581993.6980000003,-0.00981,Match
590410.93,0.0,581998.1410000003,-0.00981,Match
590422.53,0.0,582002.6830000003,-0.00981,Match
590434.23,0.0,582007.3230000003,-0.014715,Match
590446.03,0.0,582012.0920000003,-0.004905,Match
590457.93,0.0,582016.9310000003,-0.00981,Match
590469.93,0.0,582021.8680000004,-0.014715,Match
590482.03,0.0,582026.9040000003,-0.00981,Match
590494.23,0.0,582032.0430000003,-0.00981,Match
590506.53,0.0,582037.2760000003,-0.014715,Match
590518.93,0.0,582042.6320000003,-0.00981,Match
590531.43,0.0,582048.0630000003,-0.00981,Match
590544.03,0.0,582053.5920000003,-0.014715,Match
590556.73,0.0,582059.2200000003,-0.014715,Match
590569.53,0.0,582064.9470000003,-0.004905,Match
590582.43,0.0,582070.7730000003,-0.00981,Match
590595.43,0.0,582076.6970000003,0.004905,Match
590608.53,0.0,582082.7200000003,-0.014715,Match
590621.73,0.0,582088.8410000004,-0.023544,Match
590635.03,0.0,582095.0620000004,-0.033354,Match
590648.43,0.0,582101.3810000004,-0.00981,Match
590661.93,0.0,582107.7990000003,-0.023544,Match
590675.53,0.0,582114.3160000003,0.004905,Match
590689.23,0.0,582120.9380000003,-0.00981,Match
590703.03,0.0,582127.6520000004,-0.01962,Match
590716.93,0.0,582134.4650000003,0.0,Match
590730.93,0.0,582141.3770000003,-0.014715,Match
590745.03,0.0,582148.3880000004,0.0,Match
590759.23,0.0,582155.4970000004,-0.014715,Match
590773.53,0.0,582162.7250000004,0.0,Match
590787.93,0.0,582170.0320000005,-0.023544,Match
590802.43,0.0,582177.4380000004,-0.014715,Match
590817.03,0.0,582184.9430000004,0.004905,Match
590831.73,0.0,582192.5500000004,-0.01962,Match
590846.53,0.0,582200.2530000004,-0.028449,Match
590861.43,0.0,582208.0810000004,-0.01962,Match
590876.43,0.0,582215.9810000004,-0.01962,Match
590891.53,0.0,582223.9800000003,-0.00981,Match
590906.73,0.0,582232.0770000003,0.0,Match
590922.03,0.0,582240.2950000003,-0.004905,Match
590937.43,0.0,582248.5930000002,-0.00981,Match
590952.93,0.0,582256.9870000002,0.0,Match
590968.53,0.0,582265.4790000002,-0.00981,Match
590984.23,0.0,582274.0710000001,0.0,Match
591000.03,0.0,582282.761,-0.023544,Match
591015.93,0.0,582291.5680000001,-0.014715,Match
591031.93,0.0,582300.4560000001,-0.038259,Match
591048.03,0.0,582309.4790000002,0.0,Match
591064.23,0.0,582318.5640000001,0.004905,Match
591080.53,0.0,582327.7480000001,-0.023544,Match
591096.93,0.0,582337.0310000002,-0.048069,Match
591113.43,0.0,582346.4410000002,-0.01962,Match
591130.03,0.0,582355.9210000002,-0.00981,Match
591146.73,0.0,582365.5000000002,-0.01962,Match
591163.53,0.0,582375.1780000002,0.0,Match
591180.43,0.0,582384.9540000001,-0.01962,Match
591197.43,0.0,582394.8290000001,-0.023544,Match
591214.53,0.0,582404.8020000001,-0.00981,Match
591231.73,0.0,582414.8740000002,-0.004905,Match
591249.03,0.0,582425.0460000002,0.0,Match
591266.43,0.0,582435.3160000002,-0.00981,Match
591283.93,0.0,582445.6840000002,-0.01962,Match
591301.53,0.0,582456.1600000003,-0.00981,Match
591319.23,0.0,582466.7260000003,-0.014715,Match
591337.03,0.0,582477.4310000002,-0.00981,Match
591354.93,0.0,582488.1950000002,-0.004905,Match
591372.93,0.0,582499.0580000002,-0.023544,Match
591391.03,0.0,582510.0180000002,-0.01962,Match
591409.23,0.0,582521.0970000002,-0.00981,Match
591427.53,0.0,582532.2560000002,-0.043164,Match
591445.93,0.0,582543.5540000001,-0.00981,Match
591464.43,0.0,582554.9100000001,-0.00981,Match
591483.03,0.0,582566.3650000001,-0.023544,Match
591501.73,0.0,582577.9180000001,-0.00981,Match
591520.53,0.0,582589.5710000001,-0.014715,Match
591539.43,0.0,582601.3220000002,-0.00981,Match
591558.43,0.0,582613.2100000002,0.00981,Match
591577.53,0.0,582625.1590000002,-0.033354,Match
591596.73,0.0,582637.2060000002,0.0,Match
591616.03,0.0,582649.3530000002,-0.004905,Match
591635.43,0.0,582661.6270000002,0.004905,Match
591654.93,0.0,582673.9710000003,-0.004905,Match
591674.53,0.0,582686.4130000003,-0.01962,Match
591694.23,0.0,582698.9540000003,-0.004905,Match
591714.03,0.0,582711.5940000003,-0.00981,Match
591733.93,0.0,582724.3330000002,-0.00981,Match
591753.93,0.0,582737.1710000002,-0.004905,Match
591774.03,0.0,582750.1070000002,-0.004905,Match
591794.23,0.0,582763.1420000002,-0.004905,Match
591814.53,0.0,582776.2760000002,-0.014715,Match
591834.93,0.0,582789.5080000001,-0.00981,Match
591855.43,0.0,582802.8390000002,-0.014715,Match
591876.03,-0.1,582816.2690000002,-0.071613,Match
591896.73,-0.2,582829.7980000002,-0.162846,Match
591917.53,-0.3,582843.4260000002,-0.297243,Match
591938.43,-0.4,582857.1530000002,-0.363951,Match
591959.43,-0.5,582870.9780000001,-0.512082,Match
591980.53,-0.6,582884.9120000001,-0.671004,Match
592001.73,-0.7,582898.9350000002,-0.656289,Match
592023.03,-0.7,582913.0890000002,-0.756351,Match
592044.43,-0.7,582927.3090000001,-0.704358,Match
592065.93,-0.7,582941.6280000001,-0.684738,Match
592087.53,-0.7,582956.0460000001,-0.747522,Match
592109.23,-0.7,582970.5760000001,-0.718092,Match
592131.03,-0.7,582985.1920000002,-0.742617,Match
592152.93,-0.7,582999.9380000002,-0.661194,Match
592174.93,-0.628571,583014.7510000002,-0.727902,Match
592197.03,-0.528571,583029.6630000002,-0.536607,Match
592219.23,-0.428571,583044.6730000002,-0.473823,Match
592241.53,-0.328571,583059.8130000002,-0.363951,Match
592263.93,-0.228571,583075.0210000002,-0.325692,Match
592286.43,-0.128571,583090.3280000002,-0.101043,Match
592309.03,-0.028571,583105.7340000002,-0.091233,Match
592331.73,0.0,-,-,Deletion
592354.53,0.0,-,-,Deletion
592377.43,0.0,583121.2750000001,-0.033354,Match
592400.43,0.0,583136.8790000002,0.0,Match
592423.53,0.0,583152.5810000002,-0.00981,Match
592446.73,0.0,583168.3820000002,-0.004905,Match
592470.03,0.0,583184.2810000002,-0.038259,Match
592493.43,0.0,583200.2800000001,0.023544,Match
592516.93,0.0,583216.3780000001,-0.038259,Match
592540.53,0.0,583232.5740000001,0.00981,Match
592564.23,0.0,583248.8690000002,-0.057879,Match
592588.03,0.0,583265.2630000002,-0.01962,Match
592611.93,0.0,583281.7550000001,-0.038259,Match
592635.93,0.0,583298.3470000001,-0.014715,Match
592660.03,0.0,583315.0380000001,-0.043164,Match
592684.23,0.0,583331.827,-0.00981,Match
592708.53,0.0,583348.7150000001,-0.00981,Match
592732.93,0.0,583365.702,0.004905,Match
592757.43,0.0,583382.787,-0.028449,Match
592782.03,0.02,583399.973,0.043164,Match
592806.73,0.12,583417.256,0.061803,Match
592831.53,0.22,583434.6610000001,0.220725,Match
592856.43,0.32,583452.1410000001,0.287433,Match
592881.43,0.42,583469.7200000001,0.363951,Match
592906.53,0.52,583487.398,0.555246,Match
592931.73,0.62,583505.202,0.584676,Match
592957.03,0.7,583523.077,0.732807,Match
592982.43,0.7,583541.0510000001,0.666099,Match
593007.93,0.7,583559.1240000001,0.752427,Match
593033.53,0.7,583577.3060000001,0.679833,Match
593059.23,0.7,583595.5760000001,0.732807,Match
593085.03,0.7,583613.9880000001,0.641574,Match
593110.93,0.7,583632.4560000001,0.709263,Match
593136.93,0.7,583651.0450000002,0.694548,Match
593163.03,0.608571,583669.7110000001,0.555246,Match
593189.23,0.508571,583688.4750000001,0.3924,Match
593215.53,0.408571,583707.3380000001,0.40221,Match
593241.93,0.308571,583726.3240000001,0.18639,Match
593268.43,0.208571,583745.3840000002,0.143226,Match
593295.03,0.108571,583764.5840000001,0.057879,Match
593321.73,0.008571,583783.8420000002,-0.023544,Match
593348.53,0.0,583803.1980000002,0.0,Match
593375.43,0.0,583822.6530000002,-0.048069,Match
593402.43,0.0,583842.2070000002,0.0,Match
593429.53,0.0,583861.8600000002,0.014715,Match
593456.73,0.0,583881.6530000002,-0.033354,Match
593484.03,0.0,583901.5040000002,-0.01962,Match
593511.43,0.0,583921.4540000001,-0.00981,Match
593538.93,0.0,583941.5030000001,0.014715,Match
593566.53,0.0,583961.6500000001,-0.00981,Match
593594.23,0.0,583981.8960000002,-0.052974,Match
593622.03,0.0,584002.2410000002,0.014715,Match
593649.93,0.0,584022.6840000001,-0.004905,Match
593677.93,0.0,584043.2260000001,0.004905,Match
-,-,584063.8670000001,-0.061803,Insertion
-,-,584084.6070000001,0.00981,Insertion
593706.03,0.0,584105.4460000001,0.0,Match
593734.23,0.0,584126.3830000001,-0.023544,Match
593762.53,0.0,584147.4190000001,-0.01962,Match
593790.93,0.0,584168.5540000001,-0.028449,Match
593819.43,0.0,584189.8270000002,0.014715,Match
593848.03,0.0,584211.1600000001,0.00981,Match
593876.73,0.0,584232.5980000001,-0.038259,Match
593905.53,0.0,584254.1280000001,-0.00981,Match
593934.43,0.0,584275.7850000001,-0.01962,Match
-,-,584297.5130000002,0.096138,Insertion
-,-,584319.3400000002,0.114777,Insertion
-,-,584341.2650000002,0.177561,Insertion
-,-,584363.2900000003,0.191295,Insertion
-,-,584385.4130000003,0.086328,Insertion
593963.43,0.0,584407.6350000002,0.00981,Match
593992.53,0.0,584429.9550000002,0.004905,Match
594021.73,0.0,584452.3740000002,-0.00981,Match
594051.03,0.0,584474.9080000002,0.014715,Match
594080.43,0.0,584497.5240000002,0.0,Match
594109.93,0.0,584520.2390000002,-0.004905,Match
594139.53,0.0,584543.0530000002,-0.00981,Match
594169.23,0.0,584565.9750000002,-0.061803,Match
594199.03,0.0,584588.9870000002,0.004905,Match
594228.93,0.0,584612.0980000002,-0.00981,Match
594258.93,0.0,584635.3070000003,-0.014715,Match
594289.03,0.0,584658.6140000003,-0.01962,Match
594319.23,0.0,584682.0210000003,-0.00981,Match
594349.53,0.0,584705.5260000003,-0.01962,Match
594379.93,0.0,584729.1300000004,-0.014715,Match
594410.43,0.0,584752.8340000004,-0.014715,Match
594441.03,0.0,584776.6360000004,-0.00981,Match
594471.73,0.0,584800.5500000004,-0.014715,Match
594502.53,0.0,584824.5500000004,-0.004905,Match
594533.43,0.0,584848.6810000004,-0.014715,Match
594564.43,0.0,584872.8780000005,-0.014715,Match
594595.53,0.0,584897.1740000005,-0.023544,Match
594626.73,0.0,584921.5680000004,0.0,Match
594658.03,0.0,584946.0720000004,-0.00981,Match
594689.43,0.0,584970.6640000003,-0.023544,Match
594720.93,0.0,584995.3900000004,-0.004905,Match
594752.53,0.0,585020.1790000004,-0.004905,Match
594784.23,0.0,585045.0670000004,-0.00981,Match
594816.03,0.0,585070.0540000004,0.004905,Match
594847.93,0.0,585095.1400000004,0.0,Match
594879.93,0.0,585120.3250000004,-0.033354,Match
594912.03,0.0,585145.6090000004,-0.028449,Match
594944.23,0.0,585170.9910000004,-0.004905,Match
594976.53,0.0,585196.4720000004,-0.00981,Match
595008.93,0.0,585222.0520000004,-0.004905,Match
595041.43,0.0,585247.7310000004,-0.014715,Match
595074.03,0.0,585273.5100000004,0.0,Match
595106.73,0.0,585299.3860000004,0.004905,Match
595139.53,0.0,585325.3610000004,-0.00981,Match
595172.43,0.0,585351.4350000004,-0.004905,Match
595205.43,0.0,585377.6070000004,-0.004905,Match
595238.53,0.0,585403.8780000004,0.004905,Match
595271.73,0.0,585430.2480000004,-0.00981,Match
595305.03,0.0,585456.7170000004,-0.00981,Match
595338.43,0.0,585483.2850000004,-0.014715,Match
595371.93,0.0,585509.9510000004,0.0,Match
595405.53,0.0,585536.7160000004,-0.01962,Match
595439.23,0.0,585563.5800000003,-0.014715,Match
595473.03,0.0,585590.5550000003,-0.014715,Match
595506.93,0.0,585617.6170000003,-0.014715,Match
595540.93,0.0,585644.7780000003,-0.00981,Match
595575.03,0.0,585672.0380000003,-0.01962,Match
595609.23,0.0,585699.4100000003,-0.004905,Match
595643.53,0.0,585726.8680000002,-0.014715,Match
595677.93,0.0,585754.4250000003,-0.00981,Match
595712.43,0.0,585782.0800000003,-0.028449,Match
595747.03,0.0,585809.8340000003,0.0,Match
595781.73,0.0,585837.6870000003,0.0,Match
595816.53,0.0,585865.6640000002,-0.01962,Match
595851.43,0.0,585893.7150000002,-0.004905,Match
595886.43,0.0,585921.8650000002,-0.00981,Match
595921.53,0.0,585950.1130000002,-0.01962,Match
595956.73,0.0,585978.4820000002,-0.004905,Match
595992.03,0.0,586006.9280000002,-0.014715,Match
596027.43,0.0,586035.4730000002,-0.014715,Match
596062.93,0.0,586064.1170000002,-0.00981,Match
596098.53,0.0,586092.8690000002,-0.00981,Match
596134.23,0.0,586121.7100000002,-0.00981,Match
596170.03,0.0,586150.6800000002,-0.004905,Match
596205.93,0.0,586179.7190000002,-0.014715,Match
596241.93,0.0,586208.8570000002,-0.014715,Match
596278.03,0.0,586238.0940000002,-0.004905,Match
596314.23,0.0,586267.4300000002,-0.023544,Match
596350.53,0.0,586296.8640000002,-0.01962,Match
596386.93,0.0,586326.3970000002,-0.004905,Match
596423.43,0.0,586356.0290000002,-0.00981,Match
596460.03,0.0,586385.7600000002,-0.023544,Match
596496.73,0.0,586415.5900000002,-0.014715,Match
596533.53,0.0,586445.5180000002,-0.004905,Match
596570.43,0.0,586475.5450000002,-0.004905,Match
596607.43,0.0,586505.6710000002,-0.004905,Match
596644.53,0.0,586535.8970000002,-0.01962,Match
596681.73,0.0,586566.2210000003,0.014715,Match
596719.03,0.0,586596.6700000003,0.00981,Match
596756.43,0.0,586627.1910000002,0.004905,Match
596793.93,0.0,586657.8110000002,0.00981,Match
596831.53,0.0,586688.5300000003,-0.014715,Match
596869.23,0.0,586719.3540000003,0.0,Match
596907.03,0.0,586750.2700000003,0.004905,Match
596944.93,0.0,586781.3190000003,-0.028449,Match
596982.93,0.0,586812.4340000002,0.0,Match
597021.03,0.0,586843.6470000002,0.014715,Match
597059.23,0.0,586874.9590000003,0.0,Match
597097.53,0.0,586906.3830000003,-0.052974,Match
597135.93,0.0,586937.8930000003,-0.033354,Match
597174.43,0.0,586969.5410000003,-0.023544,Match
597213.03,0.0,587001.2480000004,-0.023544,Match
597251.73,0.0,587033.0540000004,-0.028449,Match
597290.53,0.0,587064.9590000004,-0.014715,Match
597329.43,0.0,587096.9800000003,-0.004905,Match
597368.43,0.0,587129.0830000003,-0.00981,Match
597407.53,0.0,587161.2840000003,0.004905,Match
597446.73,0.0,587193.5850000003,-0.004905,Match
597486.03,0.0,587225.9840000003,-0.00981,Match
597525.43,0.0,587258.4820000003,-0.00981,Match
597564.93,0.0,587291.1060000003,-0.01962,Match
597604.53,0.0,587323.8020000003,-0.038259,Match
597644.23,0.0,587356.5960000003,-0.014715,Match
597684.03,0.0,587389.4890000003,-0.028449,Match
597723.93,0.0,587422.4800000003,-0.033354,Match
597763.93,0.0,587455.5700000003,0.0,Match
597804.03,0.0,587488.7590000003,-0.00981,Match
597844.23,0.0,587522.0470000003,-0.004905,Match
597884.53,0.0,587555.4330000003,-0.01962,Match
597924.93,0.0,587588.9180000003,0.004905,Match
597965.43,0.0,587622.5020000003,-0.014715,Match
598006.03,0.0,587656.1870000004,-0.00981,Match
598046.73,0.0,587689.9690000004,-0.004905,Match
598087.53,0.0,587723.8780000004,-0.014715,Match
598128.43,0.0,587757.8580000004,-0.00981,Match
598169.43,0.0,587791.9360000003,0.0,Match
598210.53,0.0,587826.1130000004,-0.00981,Match
598251.73,0.0,587860.4190000003,-0.004905,Match
598293.03,0.0,587894.7940000003,-0.00981,Match
598334.43,0.0,587929.2700000004,-0.00981,Match
598375.93,0.0,587963.8420000004,-0.004905,Match
598417.53,0.0,587998.5240000004,-0.004905,Match
598459.23,0.0,588033.2940000005,-0.00981,Match
598501.03,0.0,588068.1910000005,-0.014715,Match
598542.93,0.0,588103.1590000005,-0.014715,Match
598584.93,0.0,588138.2250000004,-0.004905,Match
598627.03,0.0,588173.3900000005,-0.01962,Match
598669.23,0.0,588208.6580000005,-0.01962,Match
598711.53,0.0,588244.0210000005,-0.033354,Match
598753.93,0.0,588279.5110000005,-0.01962,Match
598796.43,0.0,588315.0720000005,0.0,Match
598839.03,0.0,588350.7310000005,-0.033354,Match
598881.73,0.0,588386.4890000005,-0.01962,Match
598924.53,0.0,588422.3700000006,-0.00981,Match
598967.43,0.0,588458.3260000006,-0.014715,Match
599010.43,0.0,588494.3810000006,-0.00981,Match
599053.53,0.0,588530.5350000006,-0.004905,Match
599096.73,0.0,588566.7870000006,-0.01962,Match
599140.03,0.0,588603.1380000006,-0.023544,Match
599183.43,0.0,588639.5880000006,-0.01962,Match
599226.93,0.0,588676.1370000006,-0.01962,Match
599270.53,0.0,588712.7850000006,-0.014715,Match
599314.23,0.0,588749.5310000007,-0.00981,Match
599358.03,0.0,588786.3770000007,-0.043164,Match
599401.93,0.0,588823.3210000007,-0.014715,Match
599445.93,0.0,588860.3640000006,-0.00981,Match
599490.03,0.0,588897.5060000006,-0.014715,Match
599534.23,0.0,588934.7470000007,-0.00981,Match
599578.53,0.0,588972.0870000006,-0.014715,Match
599622.93,0.0,589009.5250000006,-0.014715,Match
599667.43,0.0,589047.0620000006,0.0,Match
599712.03,0.0,589084.6980000007,-0.01962,Match
599756.73,0.0,589122.4330000007,-0.00981,Match
599801.53,0.0,589160.2670000007,-0.023544,Match
599846.43,0.0,589198.2000000007,-0.023544,Match
599891.43,-0.1,589236.2310000006,-0.114777,Match
599936.53,-0.2,589274.3850000006,-0.224649,Match
599981.73,-0.3,589312.6140000006,-0.368856,Match
600027.03,-0.4,589350.9420000006,-0.483633,Match
600072.43,-0.5,589389.3690000006,-0.589581,Match
600117.93,-0.6,589427.9120000006,-0.632745,Match
600163.53,-0.7,589466.5360000005,-0.790686,Match
600209.23,-0.7,589505.2580000005,-0.732807,Match
600255.03,-0.7,589544.0790000005,-0.756351,Match
600300.93,-0.7,589583.0000000005,-0.704358,Match
600346.93,-0.7,589622.0200000005,-0.732807,Match
600393.03,-0.7,589661.1380000005,-0.742617,Match
600439.23,-0.7,589700.3540000005,-0.674928,Match
600485.53,-0.7,589739.7090000005,-0.714168,Match
600531.93,-0.628571,589779.1230000005,-0.651384,Match
600578.43,-0.528571,589818.6360000005,-0.560151,Match
600625.03,-0.428571,589858.2480000005,-0.426735,Match
600671.73,-0.328571,589897.9960000005,-0.340407,Match
600718.53,-0.228571,589937.8050000005,-0.191295,Match
600765.43,-0.128571,589977.7130000006,-0.104967,Match
600812.43,-0.028571,590017.7200000006,-0.023544,Match
600859.53,0.0,-,-,Deletion
600906.73,0.0,-,-,Deletion
600954.03,0.0,-,-,Deletion
601001.43,0.0,590057.8260000006,-0.014715,Match
601048.93,0.0,590098.0310000005,-0.004905,Match
601096.53,0.0,590138.3340000005,0.014715,Match
601144.23,0.0,590178.7360000005,-0.01962,Match
601192.03,0.0,590219.2370000005,-0.052974,Match
601239.93,0.0,590259.8370000005,0.023544,Match
601287.93,0.0,590300.5360000005,-0.057879,Match
601336.03,0.0,590341.3340000005,-0.004905,Match
601384.23,0.0,590382.2310000005,-0.01962,Match
601432.53,0.0,590423.2530000005,-0.004905,Match
601480.93,0.0,590464.3470000005,-0.004905,Match
601529.43,0.0,590505.5390000006,-0.033354,Match
601578.03,0.0,590546.8310000006,-0.00981,Match
601626.73,0.0,590588.2360000006,-0.028449,Match
601675.53,0.0,590629.7260000006,0.014715,Match
601724.43,0.0,590671.3520000007,-0.076518,Match
601773.43,0.02,590713.0390000007,0.028449,Match
601822.53,0.12,590754.8320000006,0.043164,Match
601871.73,0.22,590796.7160000006,0.201105,Match
601921.03,0.32,590838.7220000006,0.220725,Match
601970.43,0.42,590880.8040000007,0.41202,Match
602019.93,0.52,590922.9850000007,0.455184,Match
602069.53,0.62,590965.2650000007,0.62784,Match
602119.23,0.7,591007.6440000007,0.737712,Match
602169.03,0.7,591050.1210000006,0.679833,Match
602218.93,0.7,591092.7150000007,0.732807,Match
602268.93,0.7,591135.3900000007,0.646479,Match
602319.03,0.7,591178.2040000007,0.709263,Match
602369.23,0.7,591221.0760000007,0.666099,Match
602419.53,0.7,591264.0480000007,0.742617,Match
602469.93,0.7,591307.1180000006,0.671004,Match
602520.43,0.608571,591350.2870000006,0.593505,Match
602571.03,0.508571,591393.5550000006,0.397305,Match
602621.73,0.408571,591436.9220000006,0.354141,Match
602672.53,0.308571,591480.3870000006,0.20601,Match
602723.43,0.208571,591523.9520000005,0.167751,Match
602774.43,0.108571,591567.6250000005,0.014715,Match
602825.53,0.008571,591611.3860000005,0.0,Match
602876.73,0.0,591655.2460000005,-0.071613,Match
-,-,591699.2050000005,0.057879,Insertion
-,-,591743.2740000006,-0.033354,Insertion
-,-,591787.4310000006,-0.014715,Insertion
602928.03,0.0,591831.6860000006,-0.033354,Match
602979.43,0.0,591876.0410000006,0.01962,Match
603030.93,0.0,591920.4940000005,0.004905,Match
603082.53,0.0,591965.0460000006,-0.014715,Match
603134.23,0.0,592009.7130000006,-0.048069,Match
603186.03,0.0,592054.4620000005,0.01962,Match
603237.93,0.0,592099.3470000005,-0.023544,Match
603289.93,0.0,592144.2940000006,-0.004905,Match
603342.03,0.0,592189.3410000006,-0.052974,Match
603394.23,0.0,592234.4850000006,-0.004905,Match
603446.53,0.0,592279.7580000006,0.004905,Match
603498.93,0.0,592325.0990000006,-0.004905,Match
603551.43,0.0,592370.5390000006,-0.028449,Match
603604.03,0.0,592416.0770000005,-0.023544,Match
603656.73,0.0,592461.7340000005,0.028449,Match
603709.53,0.0,592507.4710000005,0.01962,Match
603762.43,0.0,592553.3450000004,-0.043164,Match
603815.43,0.0,592599.2790000004,0.0,Match
603868.53,0.0,592645.3220000004,-0.00981,Match
603921.73,0.0,592691.4540000004,0.014715,Match
603975.03,0.0,592737.7130000003,0.01962,Match
604028.43,0.0,592784.0420000004,0.119682,Match
-,-,592830.4700000003,0.20601,Insertion
-,-,592876.9960000003,0.153036,Insertion
-,-,592923.6410000003,0.101043,Insertion
604081.93,0.0,592970.3650000003,0.014715,Match
604135.53,0.0,593017.2290000003,-0.00981,Match
604189.23,0.0,593064.1500000003,-0.004905,Match
604243.03,0.0,593111.1700000003,-0.004905,Match
604296.93,0.0,593158.2890000002,-0.00981,Match
604350.93,0.0,593205.5060000002,-0.00981,Match
604405.03,0.0,593252.8220000002,-0.014715,Match
604459.23,0.0,593300.2820000001,-0.048069,Match
604513.53,0.0,593347.7950000002,-0.01962,Match
604567.93,0.0,593395.4070000001,-0.01962,Match
604622.43,0.0,593443.1170000001,-0.00981,Match
604677.03,0.0,593490.9270000001,-0.01962,Match
604731.73,0.0,593538.8360000001,-0.014715,Match
604786.53,0.0,593586.8430000001,-0.004905,Match
604841.43,0.0,593634.9720000001,-0.004905,Match
604896.43,0.0,593683.177,-0.014715,Match
604951.53,0.0,593731.481,-0.00981,Match
605006.73,0.0,593779.883,-0.014715,Match
605062.03,0.0,593828.393,-0.01962,Match
605117.43,0.0,593876.993,-0.004905,Match
605172.93,0.0,593925.723,-0.00981,Match
605228.53,0.0,593974.52,-0.004905,Match
605284.23,0.0,594023.416,-0.014715,Match
605340.03,0.0,594072.411,0.004905,Match
605395.93,0.0,594121.51,0.0,Match
605451.93,0.0,594170.702,-0.023544,Match
605508.03,0.0,594220.017,-0.01962,Match
605564.23,0.0,594269.407,-0.004905,Match
605620.53,0.0,594318.895,-0.028449,Match
605676.93,0.0,594368.4820000001,-0.023544,Match
605733.43,0.0,594418.1680000001,0.028449,Match
605790.03,0.0,594467.952,-0.004905,Match
605846.73,0.0,594517.836,-0.00981,Match
605903.53,0.0,594567.818,-0.01962,Match
605960.43,0.0,594617.9369999999,-0.004905,Match
606017.43,0.0,594668.117,-0.01962,Match
606074.53,0.0,594718.396,-0.00981,Match
606131.73,0.0,594768.7729999999,-0.014715,Match
606189.03,0.0,594819.249,0.0,Match
606246.43,0.0,594869.828,-0.014715,Match
606303.93,0.0,594920.5009999999,0.004905,Match
606361.53,0.0,594971.2779999999,-0.004905,Match
606419.23,0.0,595022.149,-0.01962,Match
606477.03,0.0,595073.14,-0.01962,Match
606534.93,0.0,595124.208,-0.01962,Match
606592.93,0.0,595175.375,-0.014715,Match
606651.03,0.0,595226.641,-0.014715,Match
606709.23,0.0,595278.0059999999,-0.004905,Match
606767.53,0.0,595329.47,-0.004905,Match
606825.93,0.0,595381.052,0.0,Match
606884.43,0.0,595432.713,0.0,Match
606943.03,0.0,595484.472,-0.014715,Match
607001.73,0.0,595536.331,-0.00981,Match
607060.53,0.0,595588.2880000001,-0.004905,Match
607119.43,0.0,595640.344,-0.00981,Match
607178.43,0.0,595692.5160000001,-0.01962,Match
607237.53,0.0,595744.77,-0.033354,Match
607296.73,0.0,595797.159,-0.023544,Match
607356.03,0.0,595849.611,-0.01962,Match
607415.43,0.0,595902.1610000001,0.0,Match
607474.93,0.0,595954.81,-0.00981,Match
607534.53,0.0,596007.5830000001,-0.01962,Match
607594.23,0.0,596060.4290000001,-0.014715,Match
607654.03,0.0,596113.3740000001,-0.014715,Match
607713.93,0.0,596166.4180000001,-0.01962,Match
607773.93,0.0,596219.5610000001,-0.00981,Match
607834.03,0.0,596272.8020000001,-0.004905,Match
607894.23,0.0,596326.1750000002,-0.004905,Match
607954.53,0.0,596379.6140000002,-0.004905,Match
608014.93,0.0,596433.1520000001,-0.014715,Match
608075.43,0.0,596486.7880000002,-0.00981,Match
608136.03,0.0,596540.5230000002,-0.014715,Match
608196.73,0.0,596594.3560000001,-0.014715,Match
608257.53,0.0,596648.2890000001,-0.014715,Match
608318.43,0.0,596702.3200000001,-0.004905,Match
608379.43,0.0,596756.449,-0.004905,Match
608440.53,0.0,596810.698,-0.004905,Match
608501.73,0.0,596865.025,-0.01962,Match
608563.03,0.0,596919.4500000001,-0.014715,Match
608624.43,0.0,596973.974,-0.014715,Match
608685.93,0.0,597028.609,0.0,Match
608747.53,0.0,597083.331,-0.00981,Match
608809.23,0.0,597138.152,0.0,Match
608871.03,0.0,597193.071,-0.023544,Match
608932.93,0.0,597248.092,-0.014715,Match
608994.93,0.0,597303.2089999999,-0.00981,Match
609057.03,0.0,597358.4489999999,0.00981,Match
609119.23,0.0,597413.7639999999,-0.023544,Match
609181.53,0.0,597469.1779999998,-0.004905,Match
609243.93,0.0,597524.6899999998,-0.004905,Match
609306.43,0.0,597580.3049999998,-0.014715,Match
609369.03,0.0,597636.0149999998,-0.01962,Match
609431.73,0.0,597691.8579999998,-0.014715,Match
609494.53,0.0,597747.7659999998,-0.023544,Match
609557.43,0.0,597803.7719999999,0.00981,Match
609620.43,0.0,597859.8759999999,0.004905,Match
609683.53,0.0,597916.102,-0.01962,Match
609746.73,0.0,597972.404,-0.00981,Match
609810.03,0.0,598028.8049999999,-0.01962,Match
609873.43,0.0,598085.306,-0.023544,Match
609936.93,0.0,598141.932,0.014715,Match
610000.53,0.0,598198.63,-0.00981,Match
610064.23,0.0,598255.427,-0.01962,Match
610128.03,0.0,598312.323,-0.028449,Match
610191.93,0.0,598369.3169999999,-0.023544,Match
610255.93,0.0,598426.4089999999,0.0,Match
610320.03,0.0,598483.6009999999,0.0,Match
610384.23,0.0,598540.8989999999,0.0,Match
610448.53,0.0,598598.2879999998,-0.01962,Match
610512.93,0.0,598655.7749999998,0.004905,Match
610577.43,0.0,598713.3619999998,0.0,Match
610642.03,0.0,598771.0479999998,-0.014715,Match
610706.73,0.0,598828.8319999998,-0.014715,Match
610771.53,0.0,598886.7149999999,-0.028449,Match
610836.43,0.0,598944.6979999999,-0.014715,Match
610901.43,0.0,599002.7789999999,-0.004905,Match
610966.53,0.0,599060.9589999999,-0.01962,Match
611031.73,0.0,599119.237,-0.00981,Match
611097.03,0.0,599177.614,-0.00981,Match
611162.43,0.0,599236.09,-0.00981,Match
611227.93,0.0,599294.6649999999,-0.01962,Match
611293.53,0.0,599353.3559999999,-0.004905,Match
611359.23,0.0,599412.1279999999,-0.00981,Match
611425.03,0.0,599471.0299999999,-0.01962,Match
611490.93,0.0,599529.9999999999,0.0,Match
611556.93,0.0,599589.0679999999,-0.004905,Match
611623.03,0.0,599648.2339999998,0.0,Match
611689.23,0.0,599707.5249999998,0.0,Match
611755.53,0.0,599766.8899999998,-0.004905,Match
611821.93,0.0,599826.3539999998,-0.004905,Match
611888.43,0.0,599885.9159999999,0.0,Match
611955.03,0.0,599945.5939999998,-0.004905,Match
612021.73,0.0,600005.3539999998,0.0,Match
612088.53,0.0,600065.2539999998,-0.00981,Match
612155.43,0.0,600125.2119999998,-0.004905,Match
612222.43,0.0,600185.2679999998,-0.01962,Match
612289.53,0.0,600245.4229999998,-0.014715,Match
612356.73,0.0,600305.7209999998,0.0,Match
612424.03,0.0,600366.0729999997,-0.014715,Match
612491.43,0.0,600426.5239999997,-0.004905,Match
612558.93,0.0,600487.0739999998,-0.014715,Match
612626.53,0.0,600547.7499999998,-0.004905,Match
612694.23,0.0,600608.4969999997,0.0,Match
612762.03,0.0,600669.3429999998,0.0,Match
612829.93,0.0,600730.2879999997,-0.014715,Match
612897.93,0.0,600791.3309999997,-0.004905,Match
612966.03,0.0,600852.4729999996,0.004905,Match
613034.23,0.0,600913.7129999996,-0.00981,Match
613102.53,0.0,600975.0529999996,0.0,Match
613170.93,0.0,601036.4909999996,-0.01962,Match
613239.43,0.0,601098.0329999996,0.00981,Match
613308.03,0.0,601159.6689999996,0.0,Match
613376.73,0.0,601221.4029999997,0.004905,Match
613445.53,0.0,601283.2369999997,-0.004905,Match
613514.43,0.0,601345.1689999998,-0.014715,Match
613583.43,0.0,601407.1989999998,0.0,Match
613652.53,0.0,601469.3289999998,-0.004905,Match
613721.73,0.0,601531.5569999998,-0.004905,Match
613791.03,0.0,601593.9099999998,-0.01962,Match
613860.43,0.0,601656.3349999998,-0.01962,Match
613929.93,-0.1,601718.8589999998,-0.114777,Match
613999.53,-0.2,601781.4819999998,-0.254079,Match
614069.23,-0.3,601844.2039999998,-0.325692,Match
614139.03,-0.4,601907.0249999998,-0.546417,Match
614208.93,-0.5,601969.9649999997,-0.565056,Match
614278.93,-0.6,602032.9829999998,-0.671004,Match
614349.03,-0.7,602096.0999999997,-0.709263,Match
614419.23,-0.7,602159.3159999998,-0.722997,Match
614489.53,-0.7,602222.6319999998,-0.666099,Match
614559.93,-0.7,602286.0449999997,-0.699453,Match
614630.43,-0.7,602349.5759999997,-0.694548,Match
614701.03,-0.7,602413.1869999997,-0.694548,Match
614771.73,-0.7,602476.9379999997,-0.694548,Match
614842.53,-0.7,602540.7459999997,-0.699453,Match
614913.43,-0.628571,602604.6529999997,-0.62784,Match
614984.43,-0.528571,602668.6579999997,-0.464994,Match
615055.53,-0.428571,602732.7959999997,-0.455184,Match
615126.73,-0.328571,602796.9989999997,-0.302148,Match
615198.03,-0.228571,602861.3009999997,-0.1962,Match
615269.43,-0.128571,602925.7019999997,-0.104967,Match
615340.93,-0.028571,-,-,Deletion
615412.53,0.0,-,-,Deletion
615484.23,0.0,-,-,Deletion
615556.03,0.0,602990.2009999997,0.023544,Match
615627.93,0.0,603054.7989999996,-0.081423,Match
615699.93,0.0,603119.4959999997,0.004905,Match
615772.03,0.0,603184.2919999997,-0.01962,Match
615844.23,0.0,603249.1869999997,0.048069,Match
615916.53,0.0,603314.1799999997,-0.071613,Match
615988.93,0.0,603379.2719999996,0.033354,Match
616061.43,0.0,603444.4629999996,-0.086328,Match
616134.03,0.0,603509.7519999996,0.081423,Match
616206.73,0.0,603575.1519999997,-0.071613,Match
616279.53,0.0,603640.6389999996,0.00981,Match
616352.43,0.0,603706.2609999996,-0.071613,Match
616425.43,0.0,603771.9449999996,0.0,Match
616498.53,0.0,603837.7279999997,-0.023544,Match
616571.73,0.0,603903.6099999996,-0.01962,Match
616645.03,0.0,603969.6049999996,-0.028449,Match
616718.43,0.0,604035.6849999996,0.033354,Match
616791.93,0.02,604101.8629999995,-0.081423,Match
616865.53,0.12,604168.1399999995,0.043164,Match
616939.23,0.22,604234.5469999996,0.239364,Match
617013.03,0.32,604301.0209999996,0.258984,Match
617086.93,0.42,604367.5939999996,0.430659,Match
617160.93,0.52,604434.2659999996,0.473823,Match
617235.03,0.62,604501.0369999995,0.622935,Match
617309.23,0.7,604567.9059999995,0.714168,Match
617383.53,0.7,604634.8739999995,0.679833,Match
617457.93,0.7,604701.9399999995,0.684738,Match
617532.43,0.7,604769.1249999995,0.709263,Match
617607.03,0.7,604836.3889999995,0.704358,Match
617681.73,0.7,604903.7859999995,0.704358,Match
617756.53,0.7,604971.2479999996,0.674928,Match
617831.43,0.7,605038.8079999996,0.656289,Match
617906.43,0.608571,605106.4669999996,0.469899,Match
617981.53,0.508571,605174.2249999996,0.464994,Match
618056.73,0.408571,605242.0819999996,0.302148,Match
618132.03,0.308571,605310.0369999995,0.267813,Match
618207.43,0.208571,605378.0909999995,0.139302,Match
618282.93,0.108571,605446.2439999996,0.00981,Match
618358.53,0.008571,605514.4959999996,-0.014715,Match
618434.23,0.0,605582.8469999996,0.0,Match
618510.03,0.0,605651.2959999996,0.004905,Match
618585.93,0.0,605719.8439999996,-0.052974,Match
618661.93,0.0,605788.4899999995,0.0,Match
618738.03,0.0,605857.2349999995,0.0,Match
618814.23,0.0,605926.0779999995,0.00981,Match
618890.53,0.0,605995.0209999995,-0.043164,Match
618966.93,0.0,606064.0839999994,-0.01962,Match
619043.43,0.0,606133.2239999995,0.00981,Match
619120.03,0.0,606202.4629999994,0.0,Match
619196.73,0.0,606271.8009999994,-0.023544,Match
619273.53,0.0,606341.2499999994,-0.033354,Match
619350.43,0.0,606410.7849999995,-0.004905,Match
619427.43,0.0,606480.4509999994,0.023544,Match
619504.53,0.0,606550.1829999994,-0.023544,Match
619581.73,0.0,606620.0139999994,-0.028449,Match
619659.03,0.0,606689.9439999994,-0.033354,Match
619736.43,0.0,606759.9859999995,0.038259,Match
619813.93,0.0,606830.1129999994,-0.028449,Match
619891.53,0.0,606900.3749999994,-0.043164,Match
619969.23,0.0,606970.6999999994,-0.014715,Match
620047.03,0.0,607041.1229999993,0.014715,Match
620124.93,0.0,607111.6459999994,0.0,Match
620202.93,0.0,607182.2669999994,-0.033354,Match
-,-,607252.9859999995,0.104967,Insertion
-,-,607323.8439999995,0.201105,Insertion
-,-,607394.7609999995,0.244269,Insertion
-,-,607465.7769999994,0.143226,Insertion
-,-,607536.8919999994,0.038259,Insertion
620281.03,0.0,607608.1049999994,0.004905,Match
620359.23,0.0,607679.4159999994,-0.023544,Match
620437.53,0.0,607750.8259999994,0.0,Match
620515.93,0.0,607822.3349999994,0.0,Match
620594.43,0.0,607893.9439999994,-0.014715,Match
620673.03,0.0,607965.6509999995,-0.01962,Match
620751.73,0.0,608037.4559999995,0.01962,Match
620830.53,0.0,608109.3599999995,-0.023544,Match
620909.43,0.0,608181.3629999995,-0.00981,Match
620988.43,0.0,608253.4649999995,-0.01962,Match
621067.53,0.0,608325.6659999995,-0.01962,Match
621146.73,0.0,608397.9649999995,0.00981,Match
621226.03,0.0,608470.3629999995,-0.01962,Match
621305.43,0.0,608542.8609999996,-0.00981,Match
621384.93,0.0,608615.4569999996,-0.01962,Match
621464.53,0.0,608688.1739999995,-0.00981,Match
621544.23,0.0,608760.9669999995,-0.00981,Match
621624.03,0.0,608833.8589999995,-0.004905,Match
621703.93,0.0,608906.8489999995,0.0,Match
621783.93,0.0,608979.9419999995,-0.01962,Match
621864.03,0.0,609053.1299999994,-0.004905,Match
621944.23,0.0,609126.4409999994,-0.023544,Match
622024.53,0.0,609199.8269999995,-0.01962,Match
622104.93,0.0,609273.3119999995,-0.043164,Match
622185.43,0.0,609346.8949999994,-0.004905,Match
622266.03,0.0,609420.5949999994,0.014715,Match
622346.73,0.0,609494.3749999994,-0.01962,Match
622427.53,0.0,609568.2539999994,-0.014715,Match
622508.43,0.0,609642.2319999994,-0.033354,Match
622589.43,0.0,609716.3159999994,-0.01962,Match
622670.53,0.0,609790.4909999995,-0.004905,Match
622751.73,0.0,609864.7929999995,-0.028449,Match
622833.03,0.0,609939.1659999995,0.0,Match
622914.43,0.0,610013.6379999995,-0.043164,Match
622995.93,0.0,610088.2089999994,-0.004905,Match
623077.53,0.0,610162.8789999995,-0.01962,Match
623159.23,0.0,610237.6469999995,-0.004905,Match
623241.03,0.0,610312.5469999996,-0.014715,Match
623322.93,0.0,610387.5129999996,0.0,Match
623404.93,0.0,610462.5779999995,-0.004905,Match
623487.03,0.0,610537.7419999995,-0.00981,Match
623569.23,0.0,610613.0459999995,-0.004905,Match
623651.53,0.0,610688.4069999995,-0.004905,Match
623733.93,0.0,610763.8669999995,-0.00981,Match
623816.43,0.0,610839.4249999995,-0.014715,Match
623899.03,0.0,610915.0829999995,-0.023544,Match
623981.73,0.0,610990.8459999996,-0.01962,Match
624064.53,0.0,611066.7009999995,-0.014715,Match
624147.43,0.0,611142.6839999995,-0.01962,Match
624230.43,0.0,611218.7359999996,-0.004905,Match
624313.53,0.0,611294.8879999996,-0.00981,Match
624396.73,0.0,611371.1379999996,-0.00981,Match
624480.03,0.0,611447.5049999995,-0.004905,Match
624563.43,0.0,611523.9519999996,-0.014715,Match
624646.93,0.0,611600.5339999996,-0.00981,Match
624730.53,0.0,611677.1789999997,-0.014715,Match
624814.23,0.0,611753.9229999996,-0.014715,Match
624898.03,0.0,611830.7649999995,-0.00981,Match
624981.93,0.0,611907.7209999996,0.004905,Match
625065.93,0.0,611984.7609999996,-0.00981,Match
625150.03,0.0,612061.9369999996,-0.004905,Match
625234.23,0.0,612139.1749999996,-0.00981,Match
625318.53,0.0,612216.5109999996,0.0,Match
625402.93,0.0,612293.9469999996,-0.014715,Match
625487.43,0.0,612371.5039999996,-0.014715,Match
625572.03,0.0,612449.1369999996,0.0,Match
625656.73,0.0,612526.8689999996,-0.00981,Match
625741.53,0.0,612604.6999999996,-0.01962,Match
625826.43,0.0,612682.6599999996,-0.00981,Match
625911.43,0.0,612760.6879999996,-0.014715,Match
625996.53,0.0,612838.8149999996,-0.014715,Match
626081.73,0.0,612917.0409999996,-0.014715,Match
626167.03,0.0,612995.3649999996,-0.01962,Match
626252.43,0.0,613073.7879999996,-0.004905,Match
626337.93,0.0,613152.3509999996,-0.00981,Match
626423.53,0.0,613230.9719999996,-0.01962,Match
626509.23,0.0,613309.6919999996,-0.01962,Match
626595.03,0.0,613388.5099999995,-0.01962,Match
626680.93,0.0,613467.4269999996,-0.014715,Match
626766.93,0.0,613546.4429999995,-0.014715,Match
626853.03,0.0,613625.5579999995,-0.00981,Match
626939.23,0.0,613704.7709999995,-0.014715,Match
627025.53,0.0,613784.0829999995,-0.01962,Match
627111.93,0.0,613863.4939999995,-0.023544,Match
627198.43,0.0,613943.0029999994,-0.004905,Match
627285.03,0.0,614022.6169999994,-0.028449,Match
627371.73,0.0,614102.3239999994,-0.01962,Match
627458.53,0.0,614182.1289999995,0.004905,Match
627545.43,0.0,614262.0339999995,-0.004905,Match
627632.43,0.0,614342.0369999995,-0.00981,Match
627719.53,0.0,614422.1389999995,-0.028449,Match
627806.73,0.0,614502.3499999995,-0.023544,Match
627894.03,0.0,614582.6499999996,0.01962,Match
627981.43,0.0,614663.0829999995,-0.00981,Match
628068.93,0.0,614743.5799999995,-0.00981,Match
628156.53,0.0,614824.1769999994,0.0,Match
628244.23,0.0,614904.8719999994,0.004905,Match
628332.03,0.0,614985.6929999994,0.004905,Match
628419.93,0.0,615066.5859999994,-0.038259,Match
628507.93,0.0,615147.5769999995,-0.023544,Match
628596.03,0.0,615228.6669999994,-0.014715,Match
628684.23,0.0,615309.8549999994,-0.01962,Match
628772.53,0.0,615391.1419999994,-0.01962,Match
628860.93,0.0,615472.5539999994,0.0,Match
628949.43,0.0,615554.0389999994,-0.004905,Match
629038.03,0.0,615635.6219999994,-0.023544,Match
629126.73,0.0,615717.3039999994,-0.004905,Match
629215.53,0.0,615799.0849999994,-0.014715,Match
629304.43,0.0,615880.9649999994,-0.014715,Match
629393.43,0.0,615962.9669999994,0.004905,Match
629482.53,0.0,616045.0439999994,-0.028449,Match
629571.73,0.0,616127.2199999994,0.004905,Match
629661.03,0.0,616209.4949999994,-0.004905,Match
629750.43,0.0,616291.8679999994,0.0,Match
629839.93,0.0,616374.3409999994,-0.00981,Match
629929.53,0.0,616456.9119999994,0.004905,Match
630019.23,0.0,616539.5819999995,-0.004905,Match
630109.03,0.0,616622.3499999995,0.0,Match
630198.93,0.0,616705.2409999995,-0.033354,Match
630288.93,0.0,616788.2069999995,-0.004905,Match
630379.03,0.0,616871.2709999995,-0.004905,Match
630469.23,0.0,616954.4349999995,0.0,Match
630559.53,0.0,617037.7059999994,-0.00981,Match
630649.93,0.0,617121.0669999995,-0.014715,Match
630740.43,0.0,617204.5679999995,-0.00981,Match
630831.03,0.0,617288.1269999995,-0.014715,Match
630921.73,0.0,617371.7959999995,-0.014715,Match
631012.53,0.0,617455.5519999996,-0.01962,Match
631103.43,0.0,617539.4389999995,-0.014715,Match
631194.43,0.0,617623.3929999996,-0.004905,Match
631285.53,0.0,617707.4449999996,-0.028449,Match
631376.73,0.0,617791.5959999996,-0.004905,Match
631468.03,0.0,617875.8459999996,0.0,Match
631559.43,0.0,617960.1949999996,-0.01962,Match
631650.93,0.0,618044.6749999996,-0.004905,Match
631742.53,0.0,618129.2209999996,-0.00981,Match
631834.23,0.0,618213.8659999996,-0.004905,Match
631926.03,0.0,618298.6099999995,-0.00981,Match
632017.93,0.0,618383.4529999995,0.0,Match
632109.93,0.0,618468.3939999995,-0.00981,Match
632202.03,0.0,618553.4559999995,-0.014715,Match
632294.23,0.0,618638.5949999995,-0.023544,Match
632386.53,0.0,618723.8319999995,-0.01962,Match
632478.93,0.0,618809.1679999995,-0.014715,Match
632571.43,0.0,618894.6029999995,-0.004905,Match
632664.03,0.0,618980.1369999995,-0.004905,Match
632756.73,0.0,619065.7689999995,-0.00981,Match
632849.53,0.0,619151.5039999995,-0.00981,Match
632942.43,0.0,619237.3349999995,-0.014715,Match
633035.43,0.0,619323.2639999995,-0.014715,Match
633128.53,0.0,619409.2919999996,-0.014715,Match
633221.73,0.0,619495.4179999996,-0.01962,Match
633315.03,0.0,619581.6429999996,0.0,Match
633408.43,0.0,619668.0019999996,-0.00981,Match
633501.93,0.0,619754.4249999996,-0.014715,Match
633595.53,-0.1,619840.9479999996,-0.043164,Match
633689.23,-0.2,619927.5689999997,-0.244269,Match
633783.03,-0.3,620014.3119999997,-0.306072,Match
633876.93,-0.4,620101.1309999997,-0.455184,Match
633970.93,-0.5,620188.0489999996,-0.565056,Match
634065.03,-0.6,620275.0649999996,-0.541512,Match
634159.23,-0.7,620362.1879999996,-0.775971,Match
634253.53,-0.7,620449.4019999997,-0.694548,Match
634347.93,-0.7,620536.7419999996,-0.737712,Match
634442.43,-0.7,620624.1529999996,-0.714168,Match
634537.03,-0.7,620711.6629999996,-0.699453,Match
634631.73,-0.7,620799.2719999996,-0.709263,Match
634726.53,-0.7,620886.9789999997,-0.694548,Match
634821.43,-0.7,620974.7859999997,-0.704358,Match
634916.43,-0.628571,621062.6909999998,-0.714168,Match
635011.53,-0.528571,621150.6949999997,-0.521892,Match
635106.73,-0.428571,621238.7979999997,-0.455184,Match
635202.03,-0.328571,621326.9989999997,-0.354141,Match
635297.43,-0.228571,621415.2989999998,-0.272718,Match
635392.93,-0.128571,621503.6989999998,-0.162846,Match
635488.53,-0.028571,621592.1969999998,-0.01962,Match
635584.23,0.0,-,-,Deletion
635680.03,0.0,-,-,Deletion
635775.93,0.0,621680.7939999998,0.004905,Match
635871.93,0.0,621769.4899999998,-0.00981,Match
635968.03,0.0,621858.2889999998,-0.066708,Match
636064.23,0.0,621947.1819999998,0.061803,Match
636160.53,0.0,622036.1739999998,-0.101043,Match
636256.93,0.0,622125.2649999998,0.048069,Match
636353.43,0.0,622214.4559999998,-0.066708,Match
636450.03,0.0,622303.7439999997,-0.01962,Match
636546.73,0.0,622393.1459999997,-0.004905,Match
636643.53,0.0,622482.6309999997,-0.071613,Match
636740.43,0.0,622572.2159999997,0.023544,Match
636837.43,0.0,622661.8999999997,-0.048069,Match
636934.53,0.0,622751.6819999997,0.033354,Match
637031.73,0.0,622841.5629999997,-0.043164,Match
637129.03,0.0,622931.5659999998,-0.033354,Match
637226.43,0.0,623021.6439999997,0.023544,Match
637323.93,0.0,623111.8209999998,0.01962,Match
637421.53,0.02,623202.0959999998,0.01962,Match
637519.23,0.12,-,-,Deletion
637617.03,0.22,623292.4839999998,0.148131,Match
637714.93,0.32,623382.9559999998,0.315882,Match
637812.93,0.42,623473.5599999998,0.349236,Match
637911.03,0.52,623564.2289999998,0.469899,Match
638009.23,0.62,623654.9969999999,0.555246,Match
638107.53,0.7,623745.8639999998,0.709263,Match
638205.93,0.7,623836.8599999999,0.661194,Match
638304.43,0.7,623927.9249999998,0.742617,Match
638403.03,0.7,624019.0879999998,0.661194,Match
638501.73,0.7,624110.3499999997,0.718092,Match
638600.53,0.7,624201.7409999997,0.666099,Match
638699.43,0.7,624293.1999999997,0.704358,Match
638798.43,0.7,624384.7569999998,0.679833,Match
638897.53,0.608571,624476.4139999998,0.560151,Match
638996.73,0.508571,624568.1689999998,0.464994,Match
639096.03,0.408571,624660.0219999998,0.335502,Match
639195.43,0.308571,624751.9749999997,0.292338,Match
639294.93,0.208571,624844.0259999997,0.119682,Match
639394.53,0.108571,624936.1759999997,0.057879,Match
-,-,625028.4249999997,-0.043164,Insertion
639494.23,0.008571,625120.7719999996,0.048069,Match
639594.03,0.0,625213.2339999997,-0.052974,Match
639693.93,0.0,625305.7779999997,-0.004905,Match
639793.93,0.0,625398.4209999997,-0.004905,Match
639894.03,0.0,625491.1629999997,0.028449,Match
639994.23,0.0,625584.0039999997,-0.028449,Match
640094.53,0.0,625676.9429999997,-0.038259,Match
640194.93,0.0,625769.9929999998,0.00981,Match
640295.43,0.0,625863.1299999998,0.014715,Match
640396.03,0.0,625956.4009999997,-0.01962,Match
640496.73,0.0,626049.7349999998,-0.023544,Match
640597.53,0.0,626143.1679999997,-0.033354,Match
640698.43,0.0,626236.6989999997,0.014715,Match
640799.43,0.0,626330.3359999997,-0.004905,Match
640900.53,0.0,626424.0649999997,-0.033354,Match
641001.73,0.0,626517.9219999997,-0.023544,Match
641103.03,0.0,626611.8489999997,0.004905,Match
641204.43,0.0,626705.8739999997,0.028449,Match
641305.93,0.0,626799.9969999997,-0.048069,Match
641407.53,0.0,626894.2239999997,-0.01962,Match
641509.23,0.0,626988.5449999997,-0.00981,Match
641611.03,0.0,627082.9909999997,0.023544,Match
641712.93,0.0,627177.5089999997,-0.038259,Match
641814.93,0.0,627272.1259999997,-0.048069,Match
641917.03,0.0,627366.8409999997,0.023544,Match
-,-,627461.6799999997,0.153036,Insertion
-,-,627556.5919999997,0.162846,Insertion
-,-,627651.6039999997,0.224649,Insertion
-,-,627746.7149999997,0.066708,Insertion
-,-,627841.9239999998,0.066708,Insertion
642019.23,0.0,627937.2329999998,-0.023544,Match
642121.53,0.0,628032.6399999998,0.004905,Match
642223.93,0.0,628128.1449999998,-0.00981,Match
642326.43,0.0,628223.7489999998,0.0,Match
642429.03,0.0,628319.4519999998,-0.014715,Match
642531.73,0.0,628415.2529999998,-0.00981,Match
642634.53,0.0,628511.1539999997,-0.00981,Match
642737.43,0.0,628607.1529999997,-0.01962,Match
642840.43,0.0,628703.2579999997,-0.01962,Match
642943.53,0.0,628799.4549999997,-0.014715,Match
643046.73,0.0,628895.7759999997,-0.014715,Match
643150.03,0.0,628992.1699999997,-0.014715,Match
643253.43,0.0,629088.6629999997,-0.01962,Match
643356.93,0.0,629185.2549999997,0.0,Match
643460.53,0.0,629281.9469999997,-0.00981,Match
643564.23,0.0,629378.7359999997,-0.028449,Match
643668.03,0.0,629475.6499999997,0.0,Match
643771.93,0.0,629572.6369999996,-0.014715,Match
643875.93,0.0,629669.7229999996,-0.023544,Match
643980.03,0.0,629766.9079999997,-0.00981,Match
644084.23,0.0,629864.1979999997,-0.057879,Match
644188.53,0.0,629961.5799999997,-0.01962,Match
644292.93,0.0,630059.1069999997,-0.00981,Match
644397.43,0.0,630156.6869999997,-0.033354,Match
644502.03,0.0,630254.3769999996,-0.014715,Match
644606.73,0.0,630352.1549999997,-0.014715,Match
644711.53,0.0,630450.0609999996,-0.033354,Match
644816.43,0.0,630548.0359999996,-0.00981,Match
644921.43,0.0,630646.1089999996,0.00981,Match
645026.53,0.0,630744.2819999995,-0.014715,Match
645131.73,0.0,630842.5539999995,-0.033354,Match
645237.03,0.0,630940.9239999995,-0.028449,Match
645342.43,0.0,631039.3919999995,0.023544,Match
645447.93,0.0,631137.9589999996,-0.028449,Match
645553.53,0.0,631236.6249999995,-0.048069,Match
645659.23,0.0,631335.3899999995,-0.01962,Match
645765.03,0.0,631434.2539999995,-0.014715,Match
645870.93,0.0,631533.2169999995,0.004905,Match
645976.93,0.0,631632.2789999995,-0.028449,Match
646083.03,0.0,631731.4389999995,-0.028449,Match
646189.23,0.0,631830.6979999995,-0.014715,Match
646295.53,0.0,631930.0629999995,-0.023544,Match
646401.93,0.0,632029.5189999995,-0.004905,Match
646508.43,0.0,632129.0739999996,-0.00981,Match
646615.03,0.0,632228.7269999996,-0.01962,Match
646721.73,0.0,632328.4839999996,-0.014715,Match
646828.53,0.0,632428.3349999996,-0.01962,Match
646935.43,0.0,632528.3119999996,-0.014715,Match
647042.43,0.0,632628.3609999996,-0.01962,Match
647149.53,0.0,632728.5099999995,-0.014715,Match
647256.73,0.0,632828.7559999996,-0.00981,Match
647364.03,0.0,632929.1069999996,-0.00981,Match
647471.43,0.0,633029.5509999996,-0.014715,Match
647578.93,0.0,633130.1269999996,-0.014715,Match
647686.53,0.0,633230.7689999996,-0.004905,Match
647794.23,0.0,633331.5089999996,0.01962,Match
647902.03,0.0,633432.3489999996,-0.014715,Match
648009.93,0.0,633533.3129999996,-0.00981,Match
648117.93,0.0,633634.3499999996,-0.01962,Match
648226.03,0.0,633735.4859999997,-0.00981,Match
648334.23,0.0,633836.7209999997,-0.004905,Match
648442.53,0.0,633938.0669999997,-0.004905,Match
648550.93,0.0,634039.4989999997,-0.023544,Match
648659.43,0.0,634141.0639999997,0.0,Match
648768.03,0.0,634242.6939999997,0.0,Match
648876.73,0.0,634344.4229999997,-0.00981,Match
648985.53,0.0,634446.2509999997,-0.00981,Match
649094.43,0.0,634548.1779999997,-0.01962,Match
649203.43,0.0,634650.2029999997,-0.01962,Match
649312.53,0.0,634752.3269999997,-0.014715,Match
649421.73,0.0,634854.5499999997,0.004905,Match
649531.03,0.0,634956.8709999997,-0.00981,Match
649640.43,0.0,635059.2909999997,-0.00981,Match
649749.93,0.0,635161.8109999998,-0.014715,Match
649859.53,0.0,635264.4289999998,-0.014715,Match
649969.23,0.0,635367.1449999998,0.0,Match
650079.03,0.0,635469.9599999997,-0.00981,Match
650188.93,0.0,635572.8739999997,-0.00981,Match
650298.93,0.0,635675.8869999998,-0.014715,Match
650409.03,0.0,635778.9999999998,-0.014715,Match
650519.23,0.0,635882.2149999997,-0.014715,Match
650629.53,0.0,635985.5249999998,-0.023544,Match
650739.93,0.0,636088.9639999998,-0.00981,Match
650850.43,0.0,636192.4709999998,-0.043164,Match
650961.03,0.0,636296.0769999998,-0.023544,Match
651071.73,0.0,636399.7809999998,-0.028449,Match
651182.53,0.0,636503.6079999999,-0.048069,Match
651293.43,0.0,636607.5099999999,-0.028449,Match
651404.43,0.0,636711.5099999999,-0.028449,Match
651515.53,0.0,636815.6099999999,-0.00981,Match
651626.73,0.0,636919.8419999998,-0.00981,Match
651738.03,0.0,637024.1389999999,-0.01962,Match
651849.43,0.0,637128.5389999999,-0.028449,Match
651960.93,0.0,637233.0339999999,-0.00981,Match
652072.53,0.0,637337.6649999999,-0.004905,Match
652184.23,0.0,637442.357,-0.023544,Match
652296.03,0.0,637547.1479999999,-0.038259,Match
652407.93,0.0,637652.038,-0.028449,Match
652519.93,0.0,637757.0419999999,-0.01962,Match
652632.03,0.0,637862.1299999999,-0.004905,Match
652744.23,0.0,637967.3479999999,0.014715,Match
652856.53,0.0,638072.6329999999,-0.00981,Match
652968.93,0.0,638178.0169999999,-0.004905,Match
653081.43,0.0,638283.4989999998,-0.014715,Match
653194.03,0.0,638389.0809999999,-0.028449,Match
653306.73,0.0,638494.7609999999,-0.014715,Match
653419.53,0.0,638600.5399999999,0.0,Match
653532.43,0.0,638706.418,-0.033354,Match
653645.43,0.0,638812.3949999999,0.004905,Match
653758.53,0.0,638918.4699999999,-0.028449,Match
653871.73,0.0,639024.6439999999,-0.00981,Match
653985.03,0.0,639130.9169999999,0.004905,Match
654098.43,0.0,639237.2889999999,-0.004905,Match
654211.93,0.0,639343.7599999999,-0.004905,Match
654325.53,0.0,639450.3289999999,-0.038259,Match
654439.23,0.0,639557.0199999999,-0.01962,Match
654553.03,0.0,639663.7859999998,-0.004905,Match
654666.93,0.0,639770.6509999998,0.0,Match
654780.93,0.0,639877.6149999999,-0.014715,Match
654895.03,0.0,639984.6779999998,-0.014715,Match
655009.23,0.0,640091.8399999999,-0.004905,Match
655123.53,0.0,640199.1239999998,0.0,Match
655237.93,0.0,640306.4829999999,-0.004905,Match
655352.43,0.0,640413.9409999999,-0.014715,Match
655467.03,0.0,640521.4969999999,-0.00981,Match
655581.73,0.0,640629.1699999998,0.0,Match
655696.53,0.0,640736.9249999998,-0.004905,Match
655811.43,0.0,640844.7779999998,-0.00981,Match
655926.43,0.0,640952.7289999998,-0.01962,Match
656041.53,0.0,641060.7789999999,-0.00981,Match
656156.73,0.0,641168.9289999999,-0.004905,Match
656272.03,0.0,641277.2049999998,-0.00981,Match
656387.43,0.0,641385.5519999998,-0.01962,Match
656502.93,0.0,641493.9969999997,-0.01962,Match
656618.53,0.0,641602.5409999997,-0.00981,Match
656734.23,0.0,641711.1839999998,-0.00981,Match
656850.03,0.0,641819.9259999997,-0.01962,Match
656965.93,0.0,641928.7959999997,-0.028449,Match
657081.93,0.0,642037.7349999998,-0.014715,Match
657198.03,0.0,642146.7739999997,-0.014715,Match
657314.23,0.0,642255.9099999998,-0.00981,Match
657430.53,0.0,642365.1459999998,-0.01962,Match
657546.93,0.0,642474.4809999998,-0.014715,Match
657663.43,0.0,642583.9139999998,0.014715,Match
657780.03,0.0,642693.4619999997,-0.00981,Match
657896.73,0.0,642803.0939999997,0.0,Match
658013.53,0.0,642912.8229999997,0.0,Match
658130.43,0.0,643022.6509999997,-0.014715,Match
658247.43,0.0,643132.5839999997,-0.00981,Match
658364.53,0.0,643242.6099999996,-0.01962,Match
658481.73,0.0,643352.7629999997,-0.014715,Match
658599.03,0.0,643462.9869999997,-0.023544,Match
658716.43,0.0,643573.3089999998,-0.01962,Match
658833.93,0.0,643683.7299999997,-0.00981,Match
658951.53,0.0,643794.2719999998,-0.00981,Match
659069.23,0.0,643904.8909999997,-0.00981,Match
659187.03,0.0,644015.6089999997,-0.014715,Match
659304.93,0.0,644126.4259999997,-0.004905,Match
659422.93,0.1,644237.3469999997,-0.00981,Match
659541.03,0.2,644348.3609999997,0.119682,Match
659659.23,0.3,644459.5049999997,0.244269,Match
659777.53,0.4,644570.7169999997,0.354141,Match
659895.93,0.5,644682.0269999998,0.503253,Match
660014.43,0.6,644793.4369999998,0.536607,Match
660133.03,0.7,644904.9509999998,0.737712,Match
660251.73,0.7,645016.5579999997,0.714168,Match
660370.53,0.7,645128.2899999997,0.722997,Match
660489.43,0.7,645240.0949999997,0.709263,Match
660608.43,0.7,645351.9979999998,0.699453,Match
660727.53,0.7,645463.9999999998,0.699453,Match
660846.73,0.7,645576.1009999998,0.699453,Match
660966.03,0.7,645688.2999999998,0.694548,Match
661085.43,0.628571,645800.6229999998,0.737712,Match
661204.93,0.528571,645913.0199999998,0.61803,Match
661324.53,0.428571,646025.5159999998,0.455184,Match
661444.23,0.328571,646138.1099999999,0.407115,Match
661564.03,0.228571,646250.8039999999,0.244269,Match
661683.93,0.128571,646363.5949999999,0.172656,Match
661803.93,0.028571,646476.4859999998,0.134397,Match
661924.03,0.0,-,-,Deletion
662044.23,0.0,-,-,Deletion
662164.53,0.0,-,-,Deletion
662284.93,0.0,646589.4769999998,-0.086328,Match
662405.43,0.0,646702.5649999998,0.00981,Match
662526.03,0.0,646815.7679999998,0.023544,Match
662646.73,0.0,646929.0539999998,-0.023544,Match
662767.53,0.0,647042.4389999998,0.0,Match
662888.43,0.0,647155.9219999998,-0.052974,Match
663009.43,0.0,647269.5129999998,-0.004905,Match
663130.53,0.0,647383.1949999998,0.028449,Match
663251.73,0.0,647497.0049999999,-0.038259,Match
663373.03,0.0,647610.8829999999,-0.066708,Match
663494.43,0.0,647724.8599999999,-0.023544,Match
663615.93,0.0,647838.9359999999,-0.028449,Match
663737.53,0.0,647953.1309999998,0.014715,Match
663859.23,0.0,648067.4049999998,-0.033354,Match
663981.03,0.0,648181.7769999998,0.00981,Match
664102.93,0.0,648296.2479999998,-0.081423,Match
664224.93,-0.02,648410.8199999998,0.076518,Match
664347.03,-0.12,648525.4879999998,-0.104967,Match
664469.23,-0.22,648640.2919999998,-0.162846,Match
664591.53,-0.32,648755.1569999998,-0.349236,Match
664713.93,-0.42,648870.1229999998,-0.368856,Match
664836.43,-0.52,648985.1859999998,-0.503253,Match
664959.03,-0.62,649100.3829999998,-0.61803,Match
665081.73,-0.7,649215.6439999999,-0.666099,Match
665204.53,-0.7,649331.0039999998,-0.732807,Match
665327.43,-0.7,649446.4619999998,-0.646479,Match
665450.43,-0.7,649562.0499999998,-0.709263,Match
665573.53,-0.7,649677.7059999998,-0.714168,Match
665696.73,-0.7,649793.4599999997,-0.714168,Match
665820.03,-0.7,649909.3139999998,-0.704358,Match
665943.43,-0.7,650025.2659999998,-0.718092,Match
666066.93,-0.608571,650141.3159999999,-0.60822,Match
666190.53,-0.508571,650257.4659999999,-0.478728,Match
666314.23,-0.408571,650373.7149999999,-0.388476,Match
666438.03,-0.308571,650490.0619999998,-0.277623,Match
666561.93,-0.208571,650606.5069999998,-0.191295,Match
666685.93,-0.108571,650723.0509999997,-0.048069,Match
666810.03,-0.008571,650839.6939999998,-0.01962,Match
666934.23,0.0,650956.4359999998,0.004905,Match
-,-,651073.2839999998,-0.076518,Insertion
-,-,651190.2239999997,0.038259,Insertion
667058.53,0.0,651307.2619999996,-0.004905,Match
667182.93,0.0,651424.3989999996,0.0,Match
667307.43,0.0,651541.6339999996,-0.048069,Match
667432.03,0.0,651658.9679999996,-0.00981,Match
667556.73,0.0,651776.4069999997,0.00981,Match
667681.53,0.0,651893.9389999997,0.0,Match
667806.43,0.0,652011.5689999997,-0.043164,Match
667931.43,0.0,652129.2989999996,-0.004905,Match
668056.53,0.0,652247.1269999996,-0.004905,Match
668181.73,0.0,652365.0539999997,0.023544,Match
668307.03,0.0,652483.0899999996,-0.038259,Match
668432.43,0.0,652601.2139999996,-0.014715,Match
668557.93,0.0,652719.4719999996,0.004905,Match
668683.53,0.0,652837.7939999996,-0.014715,Match
668809.23,0.0,652956.2149999996,-0.028449,Match
668935.03,0.0,653074.7349999996,-0.043164,Match
669060.93,0.0,653193.3749999997,0.00981,Match
669186.93,0.0,653312.0919999996,0.004905,Match
669313.03,0.0,653430.9079999996,0.00981,Match
669439.23,0.0,653549.8229999996,-0.052974,Match
669565.53,0.0,653668.8359999997,-0.014715,Match
669691.93,0.0,653787.9479999996,0.01962,Match
669818.43,0.0,653907.1589999996,-0.023544,Match
669945.03,0.0,654026.4679999996,-0.043164,Match
-,-,654145.8759999997,-0.119682,Insertion
-,-,654265.3829999997,-0.177561,Insertion
-,-,654384.9879999997,-0.258984,Insertion
-,-,654504.6919999997,-0.157941,Insertion
-,-,654624.4949999996,-0.096138,Insertion
670071.73,0.0,654744.3969999996,-0.01962,Match
670198.53,0.0,654864.3979999997,-0.014715,Match
670325.43,0.0,654984.4969999997,-0.028449,Match
670452.43,0.0,655104.6949999997,-0.01962,Match
670579.53,0.0,655224.9919999997,-0.01962,Match
670706.73,0.0,655345.3879999997,-0.014715,Match
670834.03,0.0,655465.8969999996,-0.00981,Match
670961.43,0.0,655586.4899999996,-0.004905,Match
671088.93,0.0,655707.1819999997,-0.023544,Match
671216.53,0.0,655827.9719999997,-0.01962,Match
671344.23,0.0,655948.8609999997,-0.00981,Match
671472.03,0.0,656069.8489999997,-0.014715,Match
671599.93,0.0,656190.9419999997,-0.00981,Match
671727.93,0.0,656312.1279999997,-0.023544,Match
671856.03,0.0,656433.4439999997,-0.023544,Match
671984.23,0.0,656554.8259999997,-0.014715,Match
672112.53,0.0,656676.3119999997,-0.023544,Match
672240.93,0.0,656797.8929999997,-0.01962,Match
672369.43,0.0,656919.6109999997,-0.00981,Match
672498.03,0.0,657041.3889999997,-0.01962,Match
672626.73,0.0,657163.2659999997,0.0,Match
672755.53,0.0,657285.2419999997,-0.01962,Match
672884.43,0.0,657407.3229999997,-0.038259,Match
673013.43,0.0,657529.4959999997,-0.00981,Match
673142.53,0.0,657651.7919999997,-0.014715,Match
673271.73,0.0,657774.1619999997,-0.023544,Match
673401.03,0.0,657896.6319999996,-0.023544,Match
673530.43,0.0,658019.1999999996,0.004905,Match
673659.93,0.0,658141.8669999996,0.0,Match
673789.53,0.0,658264.6329999996,0.00981,Match
673919.23,0.0,658387.4969999995,-0.014715,Match
674049.03,0.0,658510.4599999995,-0.00981,Match
674178.93,0.0,658633.5219999995,0.014715,Match
674308.93,0.0,658756.6879999995,-0.014715,Match
674439.03,0.0,658879.9469999995,-0.014715,Match
674569.23,0.0,659003.3049999995,-0.023544,Match
674699.53,0.0,659126.7619999995,-0.023544,Match
674829.93,0.0,659250.3169999996,-0.01962,Match
674960.43,0.0,659373.9709999996,-0.00981,Match
675091.03,0.0,659497.7299999995,0.00981,Match
675221.73,0.0,659621.5809999995,0.0,Match
675352.53,0.0,659745.5719999996,-0.014715,Match
675483.43,0.0,659869.6209999996,-0.00981,Match
675614.43,0.0,659993.7699999996,-0.004905,Match
675745.53,0.0,660118.0169999995,-0.004905,Match
675876.73,0.0,660242.3769999995,-0.014715,Match
676008.03,0.0,660366.8209999995,0.004905,Match
676139.43,0.0,660491.3629999995,-0.00981,Match
676270.93,0.0,660616.0029999996,-0.004905,Match
676402.53,0.0,660740.7529999996,-0.01962,Match
676534.23,0.0,660865.5919999996,0.0,Match
676666.03,0.0,660990.5649999996,-0.004905,Match
676797.93,0.0,661115.6029999995,-0.014715,Match
676929.93,0.0,661240.7439999995,-0.01962,Match
677062.03,0.0,661365.9769999995,-0.014715,Match
677194.23,0.0,661491.3399999995,-0.023544,Match
677326.53,0.0,661616.7699999996,-0.014715,Match
677458.93,0.0,661742.2989999995,-0.00981,Match
677591.43,0.0,661867.9259999995,-0.014715,Match
677724.03,0.0,661993.6519999995,-0.00981,Match
677856.73,0.0,662119.4769999995,-0.00981,Match
677989.53,0.0,662245.4389999995,-0.014715,Match
678122.43,0.0,662371.4609999995,-0.014715,Match
678255.43,0.0,662497.5819999996,-0.014715,Match
678388.53,0.0,662623.8019999996,-0.014715,Match
678521.73,0.0,662750.1549999996,-0.004905,Match
678655.03,0.0,662876.5719999996,-0.00981,Match
678788.43,0.0,663003.0879999995,-0.014715,Match
678921.93,0.0,663129.7019999995,-0.00981,Match
679055.53,0.0,663256.4149999995,-0.00981,Match
679189.23,0.0,663383.2269999995,-0.00981,Match
679323.03,0.0,663510.1379999995,-0.014715,Match
679456.93,0.0,663637.1469999994,-0.00981,Match
679590.93,0.0,663764.2549999994,-0.014715,Match
679725.03,0.0,663891.4619999995,-0.014715,Match
679859.23,0.0,664018.7679999995,-0.014715,Match
679993.53,0.0,664146.1719999994,-0.014715,Match
680127.93,0.0,664273.6749999995,-0.01962,Match
680262.43,0.0,664401.3049999995,-0.014715,Match
680397.03,0.0,664529.0059999995,0.0,Match
680531.73,0.0,664656.8049999995,-0.014715,Match
680666.53,0.0,664784.7029999995,-0.00981,Match
680801.43,0.0,664912.7059999995,-0.01962,Match
680936.43,0.0,665040.8009999995,-0.048069,Match
681071.53,0.0,665169.0239999995,-0.01962,Match
681206.73,0.0,665297.3169999995,-0.023544,Match
681342.03,0.0,665425.7079999994,0.01962,Match
681477.43,0.0,665554.1979999994,0.00981,Match
681612.93,0.0,665682.7869999994,-0.023544,Match
681748.53,0.0,665811.4739999995,-0.014715,Match
681884.23,0.0,665940.2839999995,-0.004905,Match
682020.03,0.0,666069.1689999995,-0.00981,Match
682155.93,0.0,666198.1529999996,-0.00981,Match
682291.93,0.0,666327.2349999996,0.0,Match
682428.03,0.0,666456.4149999997,-0.004905,Match
682564.23,0.0,666585.6939999997,-0.028449,Match
682700.53,0.0,666715.0719999997,-0.004905,Match
682836.93,0.0,666844.5489999996,-0.004905,Match
682973.43,0.0,666974.1249999997,-0.01962,Match
683110.03,0.0,667103.7989999996,-0.00981,Match
683246.73,0.0,667233.5719999997,-0.00981,Match
683383.53,0.0,667363.4439999997,0.0,Match
683520.43,0.0,667493.4139999996,-0.004905,Match
683657.43,0.0,667623.4939999996,0.0,Match
683794.53,0.0,667753.6619999995,-0.033354,Match
683931.73,0.0,667883.9279999995,-0.023544,Match
684069.03,0.0,668014.2929999995,-0.01962,Match
684206.43,0.0,668144.7629999995,-0.00981,Match
684343.93,0.0,668275.3249999995,-0.01962,Match
684481.53,0.0,668406.0109999995,-0.004905,Match
684619.23,0.0,668536.7709999995,-0.014715,Match
684757.03,0.0,668667.6289999995,-0.004905,Match
684894.93,0.0,668798.5859999995,-0.01962,Match
685032.93,0.0,668929.6629999996,-0.00981,Match
685171.03,0.0,669060.8169999996,0.004905,Match
685309.23,0.0,669192.0699999996,-0.00981,Match
685447.53,0.0,669323.4209999996,0.0,Match
685585.93,0.0,669454.8709999996,-0.023544,Match
685724.43,0.0,669586.4199999996,-0.014715,Match
685863.03,0.0,669718.0909999995,-0.00981,Match
686001.73,0.0,669849.8369999996,-0.01962,Match
686140.53,0.0,669981.6809999996,-0.028449,Match
686279.43,0.0,670113.6239999996,-0.023544,Match
686418.43,0.0,670245.6899999996,-0.01962,Match
686557.53,0.0,670377.8309999995,-0.023544,Match
686696.73,0.0,670510.0699999995,-0.00981,Match
686836.03,0.0,670642.4079999995,-0.01962,Match
686975.43,0.0,670774.8439999995,-0.01962,Match
687114.93,0.0,670907.3789999995,-0.004905,Match
687254.53,0.0,671040.0139999995,0.0,Match
687394.23,0.0,671172.7469999995,-0.01962,Match
687534.03,0.0,671305.5779999995,-0.00981,Match
687673.93,0.0,671438.5119999995,0.004905,Match
687813.93,0.0,671571.5409999995,-0.004905,Match
687954.03,0.0,671704.6689999995,-0.014715,Match
688094.23,0.0,671837.8949999996,-0.004905,Match
688234.53,0.0,671971.2189999996,-0.01962,Match
688374.93,0.0,672104.6419999995,-0.014715,Match
688515.43,0.0,672238.1849999995,-0.004905,Match
688656.03,0.0,672371.8059999995,-0.014715,Match
688796.73,0.0,672505.5249999996,-0.00981,Match
688937.53,0.0,672639.3419999996,-0.00981,Match
689078.43,0.0,672773.2699999996,-0.00981,Match
689219.43,0.0,672907.2849999996,-0.014715,Match
689360.53,0.0,673041.3989999995,-0.01962,Match
689501.73,0.0,673175.6119999995,-0.014715,Match
689643.03,0.0,673309.9239999995,-0.023544,Match
689784.43,0.0,673444.3339999996,-0.00981,Match
689925.93,0.0,673578.8449999996,-0.01962,Match
690067.53,0.0,673713.4539999997,-0.004905,Match
690209.23,0.0,673848.1809999996,-0.004905,Match
690351.03,0.0,673982.9869999996,-0.038259,Match
690492.93,0.0,674117.8909999996,-0.038259,Match
690634.93,0.0,674252.8939999996,0.0,Match
690777.03,0.0,674387.9969999996,-0.01962,Match
690919.23,0.0,674523.1979999996,0.0,Match
691061.53,0.1,674658.5219999996,0.057879,Match
691203.93,0.2,674793.9209999996,0.220725,Match
691346.43,0.3,674929.4179999996,0.272718,Match
691489.03,0.4,675065.0139999996,0.435564,Match
691631.73,0.5,675200.7419999996,0.551322,Match
691774.53,0.6,675336.5349999996,0.61803,Match
691917.43,0.7,675472.4269999996,0.761256,Match
692060.43,0.7,675608.4179999996,0.671004,Match
692203.53,0.7,675744.5079999996,0.737712,Match
692346.73,0.7,675880.6959999995,0.679833,Match
692490.03,0.7,676017.0139999995,0.722997,Match
692633.43,0.7,676153.4009999995,0.689643,Match
692776.93,0.7,676289.8859999995,0.661194,Match
692920.53,0.7,676426.4699999995,0.709263,Match
693064.23,0.628571,676563.1519999995,0.641574,Match
693208.03,0.528571,676699.9329999995,0.498348,Match
693351.93,0.428571,676836.8129999995,0.42183,Match
693495.93,0.328571,676973.7919999996,0.320787,Match
693640.03,0.228571,677110.8689999996,0.201105,Match
693784.23,0.128571,677248.0529999996,0.109872,Match
693928.53,0.028571,-,-,Deletion
694072.93,0.0,-,-,Deletion
694217.43,0.0,677385.3279999996,0.014715,Match
694362.03,0.0,677522.7329999997,-0.023544,Match
694506.73,0.0,677660.2059999997,-0.01962,Match
694651.53,0.0,677797.7769999997,-0.01962,Match
694796.43,0.0,677935.4469999997,-0.004905,Match
694941.43,0.0,678073.2389999997,-0.033354,Match
695086.53,0.0,678211.1069999997,0.01962,Match
695231.73,0.0,678349.1119999997,-0.101043,Match
695377.03,0.0,678487.1769999997,0.043164,Match
695522.43,0.0,678625.3409999997,-0.048069,Match
695667.93,0.0,678763.6039999997,0.086328,Match
695813.53,0.0,678901.9829999997,-0.091233,Match
695959.23,0.0,679040.4439999997,0.004905,Match
696105.03,0.0,679179.0029999997,-0.043164,Match
696250.93,0.0,679317.6609999997,0.023544,Match
696396.93,0.0,679456.4349999997,-0.028449,Match
696543.03,0.0,679595.2909999997,-0.01962,Match
696689.23,0.0,679734.2879999997,0.0,Match
696835.53,-0.02,-,-,Deletion
696981.93,-0.12,679873.3409999997,-0.048069,Match
697128.43,-0.22,680012.4999999997,-0.234459,Match
697275.03,-0.32,680151.7509999997,-0.277623,Match
697421.73,-0.42,680291.1309999997,-0.40221,Match
697568.53,-0.52,680430.5799999997,-0.503253,Match
697715.43,-0.62,680570.1269999997,-0.569961,Match
697862.43,-0.7,680709.7729999997,-0.732807,Match
698009.53,-0.7,680849.5179999997,-0.679833,Match
698156.73,-0.7,680989.3619999997,-0.679833,Match
698304.03,-0.7,681129.3049999997,-0.694548,Match
698451.43,-0.7,681269.3459999997,-0.709263,Match
698598.93,-0.7,681409.4859999997,-0.679833,Match
698746.53,-0.7,681549.7239999997,-0.684738,Match
698894.23,-0.7,681690.0609999998,-0.666099,Match
699042.03,-0.608571,681830.4979999998,-0.551322,Match
699189.93,-0.508571,681971.0329999998,-0.460089,Match
699337.93,-0.408571,682111.6679999998,-0.363951,Match
699486.03,-0.308571,682252.4009999998,-0.267813,Match
699634.23,-0.208571,682393.2329999999,-0.096138,Match
699782.53,-0.108571,682534.1639999999,-0.086328,Match
699930.93,-0.008571,682675.1969999999,0.004905,Match
700079.43,0.0,682816.325,-0.043164,Match
-,-,682957.5519999999,0.052974,Insertion
700228.03,0.0,683098.8779999999,-0.043164,Match
700376.73,0.0,683240.3069999999,-0.01962,Match
700525.53,0.0,683381.83,-0.014715,Match
700674.43,0.0,683523.4759999999,0.01962,Match
700823.43,0.0,683665.1969999999,0.0,Match
700972.53,0.0,683807.0169999999,-0.048069,Match
701121.73,0.0,683948.9359999999,-0.023544,Match
701271.03,0.0,684090.9559999999,0.023544,Match
701420.43,0.0,684233.0719999999,0.00981,Match
701569.93,0.0,684375.3119999999,-0.01962,Match
701719.53,0.0,684517.6259999999,-0.048069,Match
701869.23,0.0,684660.0389999999,0.023544,Match
702019.03,0.0,684802.5499999999,0.014715,Match
702168.93,0.0,684945.1599999999,-0.004905,Match
702318.93,0.0,685087.869,-0.033354,Match
702469.03,0.0,685230.713,0.00981,Match
702619.23,0.0,685373.62,0.028449,Match
702769.53,0.0,685516.626,-0.023544,Match
702919.93,0.0,685659.7300000001,-0.028449,Match
703070.43,0.0,685802.9330000001,-0.00981,Match
703221.03,0.0,685946.2350000001,0.038259,Match
703371.73,0.0,686089.6730000001,-0.01962,Match
703522.53,0.0,686233.172,-0.052974,Match
-,-,686376.77,-0.086328,Insertion
-,-,686520.466,-0.148131,Insertion
-,-,686664.261,-0.20601,Insertion
-,-,686808.155,-0.162846,Insertion
-,-,686952.147,-0.104967,Insertion
703673.43,0.0,687096.239,-0.043164,Match
703824.43,0.0,687240.4289999999,-0.004905,Match
703975.53,0.0,687384.7179999999,-0.01962,Match
704126.73,0.0,687529.1049999999,-0.00981,Match
704278.03,0.0,687673.6149999999,-0.004905,Match
704429.43,0.0,687818.1999999998,-0.014715,Match
704580.93,0.0,687962.8849999999,0.0,Match
704732.53,0.0,688107.6669999999,-0.004905,Match
704884.23,0.0,688252.5519999999,-0.00981,Match
705036.03,0.0,688397.5319999999,-0.00981,Match
705187.93,0.0,688542.6439999999,-0.004905,Match
705339.93,0.0,688687.8219999998,-0.014715,Match
705492.03,0.0,688833.0989999998,-0.004905,Match
705644.23,0.0,688978.4739999998,-0.004905,Match
705796.53,0.0,689123.9609999998,-0.033354,Match
705948.93,0.0,689269.5339999998,-0.00981,Match
706101.43,0.0,689415.2409999998,-0.00981,Match
706254.03,0.0,689561.0119999998,-0.023544,Match
706406.73,0.0,689706.8809999997,-0.004905,Match
706559.53,0.0,689852.8489999997,-0.014715,Match
706712.43,0.0,689998.9389999997,0.004905,Match
706865.43,0.0,690145.1049999996,-0.00981,Match
707018.53,0.0,690291.3689999996,-0.014715,Match
707171.73,0.0,690437.7319999996,0.0,Match
707325.03,0.0,690584.1939999997,-0.004905,Match
707478.43,0.0,690730.7549999997,0.004905,Match
707631.93,0.0,690877.4149999997,-0.004905,Match
707785.53,0.0,691024.1739999996,-0.023544,Match
707939.23,0.0,691171.0639999997,-0.023544,Match
708093.03,0.0,691318.0199999997,-0.01962,Match
708246.93,0.0,691465.0749999997,-0.014715,Match
708400.93,0.0,691612.2269999997,-0.033354,Match
708555.03,0.0,691759.4789999997,0.038259,Match
708709.23,0.0,691906.8299999997,0.004905,Match
708863.53,0.0,692054.3169999997,0.0,Match
709017.93,0.0,692201.8649999996,0.004905,Match
709172.43,0.0,692349.5119999996,0.004905,Match
709327.03,0.0,692497.2799999997,-0.004905,Match
709481.73,0.0,692645.1249999997,0.0,Match
709636.53,0.0,692793.0679999996,-0.014715,Match
709791.43,0.0,692941.1099999996,-0.028449,Match
709946.43,0.0,693089.2539999996,-0.014715,Match
710101.53,0.0,693237.4939999996,-0.014715,Match
710256.73,0.0,693385.8689999996,-0.004905,Match
710412.03,0.0,693534.3069999996,-0.014715,Match
710567.43,0.0,693682.8569999996,-0.00981,Match
710722.93,0.0,693831.4919999996,0.004905,Match
710878.53,0.0,693980.2249999996,-0.014715,Match
711034.23,0.0,694129.0569999997,-0.00981,Match
711190.03,0.0,694277.9899999996,-0.014715,Match
711345.93,0.0,694427.0199999997,-0.014715,Match
711501.93,0.0,694576.1799999997,-0.014715,Match
711658.03,0.0,694725.4079999997,-0.014715,Match
711814.23,0.0,694874.7339999997,-0.01962,Match
711970.53,0.0,695024.1589999998,-0.028449,Match
712126.93,0.0,695173.7089999998,-0.00981,Match
712283.43,0.0,695323.3319999998,0.0,Match
712440.03,0.0,695473.0539999998,-0.014715,Match
712596.73,0.0,695622.8739999997,-0.004905,Match
712753.53,0.0,695772.7919999997,-0.014715,Match
712910.43,0.0,695922.8099999997,-0.023544,Match
713067.43,0.0,696072.9269999997,-0.014715,Match
713224.53,0.0,696223.1419999996,-0.014715,Match
713381.73,0.0,696373.4559999997,-0.01962,Match
713539.03,0.0,696523.8679999997,-0.014715,Match
713696.43,0.0,696674.4199999997,-0.00981,Match
713853.93,0.0,696825.0299999997,-0.01962,Match
714011.53,0.0,696975.7379999997,-0.014715,Match
714169.23,0.0,697126.5459999996,-0.00981,Match
714327.03,0.0,697277.4519999996,-0.01962,Match
714484.93,0.0,697428.4569999996,-0.004905,Match
714642.93,0.0,697579.5609999996,-0.023544,Match
714801.03,0.0,697730.7809999996,-0.00981,Match
714959.23,0.0,697882.0819999996,-0.00981,Match
715117.53,0.0,698033.4809999996,-0.00981,Match
715275.93,0.0,698184.9789999996,-0.01962,Match
715434.43,0.0,698336.5929999995,-0.01962,Match
715593.03,0.0,698488.2899999996,-0.00981,Match
715751.73,0.0,698640.0849999996,-0.014715,Match
715910.53,0.0,698791.9789999996,-0.01962,Match
716069.43,0.0,698943.9719999996,-0.004905,Match
716228.43,0.0,699096.0629999996,-0.014715,Match
716387.53,0.0,699248.2769999997,-0.01962,Match
716546.73,0.0,699400.5659999996,-0.00981,Match
716706.03,0.0,699552.9519999997,0.014715,Match
716865.43,0.0,699705.4369999997,-0.014715,Match
717024.93,0.0,699858.0279999997,-0.014715,Match
717184.53,0.0,700010.7109999997,-0.01962,Match
717344.23,0.0,700163.5219999996,-0.014715,Match
717504.03,0.0,700316.4029999997,-0.023544,Match
717663.93,0.0,700469.3819999998,-0.004905,Match
717823.93,0.0,700622.4599999997,0.0,Match
717984.03,0.0,700775.6369999998,-0.023544,Match
718144.23,0.0,700928.9129999997,-0.038259,Match
718304.53,0.0,701082.3169999997,-0.023544,Match
718464.93,0.0,701235.7899999997,-0.01962,Match
718625.43,0.0,701389.3619999997,-0.00981,Match
718786.03,0.0,701543.0329999997,-0.00981,Match
718946.73,0.0,701696.8029999997,-0.01962,Match
719107.53,0.0,701850.6709999997,0.0,Match
719268.43,0.0,702004.6379999997,-0.004905,Match
719429.43,0.0,702158.7029999996,-0.014715,Match
719590.53,0.0,702312.8659999996,0.014715,Match
719751.73,0.0,702467.1299999995,-0.014715,Match
719913.03,0.0,702621.4919999995,-0.00981,Match
720074.43,0.0,702775.9759999996,-0.014715,Match
720235.93,0.0,702930.5349999996,-0.00981,Match
720397.53,0.0,703085.1929999996,-0.00981,Match
720559.23,0.0,703239.9499999996,-0.00981,Match
720721.03,0.0,703394.8319999996,-0.014715,Match
720882.93,0.0,703549.7859999996,0.0,Match
721044.93,0.0,703704.8389999996,-0.00981,Match
721207.03,0.0,703859.9899999995,-0.028449,Match
721369.23,0.0,704015.2449999995,-0.01962,Match
721531.53,0.0,704170.5949999995,-0.014715,Match
721693.93,0.0,704326.0649999995,-0.004905,Match
721856.43,0.0,704481.6119999995,0.00981,Match
722019.03,0.0,704637.2969999996,-0.033354,Match
722181.73,0.0,704793.0419999996,-0.00981,Match
722344.53,0.0,704948.8859999996,-0.00981,Match
722507.43,0.0,705104.8279999996,-0.004905,Match
722670.43,0.0,705260.8929999996,-0.00981,Match
722833.53,0.0,705417.0329999996,-0.00981,Match
722996.73,0.0,705573.2719999995,-0.004905,Match
723160.03,0.0,705729.6089999996,-0.004905,Match
723323.43,0.0,705886.0739999996,0.0,Match
723486.93,0.0,706042.6089999996,0.004905,Match
723650.53,0.0,706199.2429999996,-0.004905,Match
723814.23,0.0,706355.9759999996,-0.00981,Match
723978.03,0.0,706512.8079999996,-0.01962,Match
724141.93,0.0,706669.7379999997,-0.00981,Match
724305.93,0.0,706826.7879999997,-0.004905,Match
724470.03,0.0,706983.9159999997,-0.004905,Match
724634.23,0.0,707141.1429999997,-0.01962,Match
724798.53,0.0,707298.4679999996,-0.01962,Match
724962.93,0.0,707455.8919999996,-0.014715,Match
725127.43,0.0,707613.4139999996,-0.043164,Match
725292.03,0.0,707771.0359999996,-0.033354,Match
725456.73,0.0,707928.7569999996,-0.014715,Match
725621.53,0.0,708086.5759999997,-0.01962,Match
725786.43,0.0,708244.4979999997,-0.014715,Match
725951.43,0.0,708402.5149999997,-0.00981,Match
726116.53,0.0,708560.6309999997,-0.014715,Match
726281.73,0.0,708718.8449999997,-0.014715,Match
726447.03,0.0,708877.1579999997,-0.004905,Match
726612.43,0.0,709035.5699999997,-0.00981,Match
726777.93,0.0,709194.0939999997,-0.014715,Match
726943.53,0.0,709352.7029999997,-0.00981,Match
727109.23,0.0,709511.4109999997,-0.01962,Match
727275.03,0.0,709670.2179999998,-0.071613,Match
727440.93,0.0,709829.1249999998,-0.048069,Match
727606.93,0.0,709988.1289999997,-0.023544,Match
727773.03,0.0,710147.2559999997,-0.01962,Match
727939.23,0.0,710306.4579999998,-0.01962,Match
728105.53,0.0,710465.7579999998,-0.014715,Match
728271.93,0.0,710625.1569999998,-0.01962,Match
728438.43,0.0,710784.6699999998,-0.014715,Match
728605.03,0.0,710944.2669999998,-0.00981,Match
728771.73,0.0,711104.0059999997,-0.00981,Match
728938.53,0.0,711263.7999999997,-0.00981,Match
729105.43,0.1,711423.6929999997,0.004905,Match
729272.43,0.2,711583.6849999997,0.234459,Match
729439.53,0.3,711743.7749999997,0.272718,Match
729606.73,0.4,711903.9649999996,0.430659,Match
729774.03,0.5,712064.2529999996,0.526797,Match
729941.43,0.6,712224.6399999995,0.593505,Match
730108.93,0.7,712385.1259999996,0.752427,Match
730276.53,0.7,712545.7099999996,0.671004,Match
730444.23,0.7,712706.3929999996,0.704358,Match
730612.03,0.7,712867.1749999996,0.709263,Match
730779.93,0.7,713028.0559999996,0.661194,Match
730947.93,0.7,713189.0359999996,0.737712,Match
731116.03,0.7,713350.1149999996,0.709263,Match
731284.23,0.7,713511.2919999997,0.714168,Match
731452.53,0.628571,713672.5679999996,0.656289,Match
731620.93,0.528571,713833.9429999996,0.574866,Match
731789.43,0.428571,713995.4169999997,0.435564,Match
731958.03,0.328571,714156.9919999996,0.359046,Match
732126.73,0.228571,714318.6639999996,0.263889,Match
732295.53,0.128571,714480.4509999997,0.109872,Match
732464.43,0.028571,714642.3199999996,0.076518,Match
732633.43,0.0,-,-,Deletion
732802.53,0.0,-,-,Deletion
732971.73,0.0,714804.3259999997,-0.038259,Match
733141.03,0.0,714966.3919999996,-0.028449,Match
733310.43,0.0,715128.5569999997,0.052974,Match
733479.93,0.0,715290.8209999996,-0.014715,Match
733649.53,0.0,715453.2009999997,0.043164,Match
733819.23,0.0,715615.6629999997,-0.048069,Match
733989.03,0.0,715778.2629999997,-0.033354,Match
734158.93,0.0,715940.9229999997,0.01962,Match
734328.93,0.0,716103.6909999998,-0.033354,Match
734499.03,0.0,716266.5479999997,0.048069,Match
734669.23,0.0,716429.5359999997,-0.076518,Match
734839.53,0.0,716592.5909999998,0.028449,Match
735009.93,0.0,716755.7449999998,-0.01962,Match
735180.43,0.0,716918.9969999997,0.033354,Match
735351.03,0.0,717082.3479999998,-0.01962,Match
735521.73,0.0,717245.7979999997,-0.028449,Match
735692.53,0.0,717409.3469999997,-0.043164,Match
735863.43,-0.02,717572.9939999997,-0.014715,Match
736034.43,-0.12,-,-,Deletion
736205.53,-0.22,717736.7409999997,-0.162846,Match
736376.73,-0.32,717900.5859999997,-0.277623,Match
736548.03,-0.42,718064.5299999997,-0.407115,Match
736719.43,-0.52,718228.5729999996,-0.464994,Match
736890.93,-0.62,718392.7559999996,-0.569961,Match
737062.53,-0.7,718556.9959999996,-0.709263,Match
737234.23,-0.7,718721.3349999996,-0.732807,Match
737406.03,-0.7,718885.7719999996,-0.727902,Match
737577.93,-0.7,719050.3089999997,-0.766161,Match
737749.93,-0.7,719214.9439999997,-0.709263,Match
737922.03,-0.7,719379.6779999997,-0.694548,Match
738094.23,-0.7,719544.5099999998,-0.714168,Match
738266.53,-0.7,719709.4409999998,-0.699453,Match
738438.93,-0.608571,719874.4699999997,-0.569961,Match
738611.43,-0.508571,720039.5989999997,-0.464994,Match
738784.03,-0.408571,720204.8259999997,-0.430659,Match
738956.73,-0.308571,720370.1519999997,-0.244269,Match
739129.53,-0.208571,720535.5759999997,-0.210915,Match
739302.43,-0.108571,720701.0989999997,-0.057879,Match
739475.43,-0.008571,720866.7539999997,-0.033354,Match
739648.53,0.0,721032.4749999997,0.004905,Match
-,-,721198.2969999998,0.038259,Insertion
-,-,721364.2159999998,-0.081423,Insertion
739821.73,0.0,721530.2589999997,0.014715,Match
739995.03,0.0,721696.3739999997,-0.023544,Match
740168.43,0.0,721862.5889999997,0.033354,Match
740341.93,0.0,722028.9019999997,-0.061803,Match
740515.53,0.0,722195.3289999997,-0.014715,Match
740689.23,0.0,722361.8399999997,0.0,Match
740863.03,0.0,722528.4889999997,0.0,Match
741036.93,0.0,722695.1979999997,-0.028449,Match
741210.93,0.0,722862.0149999998,-0.043164,Match
741385.03,0.0,723028.9219999998,0.00981,Match
741559.23,0.0,723195.9549999998,0.0,Match
741733.53,0.0,723363.0589999999,-0.014715,Match
741907.93,0.0,723530.2609999999,-0.023544,Match
742082.43,0.0,723697.5619999999,-0.00981,Match
742257.03,0.0,723864.9619999999,0.028449,Match
742431.73,0.0,724032.4609999999,-0.01962,Match
742606.53,0.0,724200.0929999999,-0.028449,Match
742781.43,0.0,724367.7899999999,-0.00981,Match
742956.43,0.0,724535.585,0.004905,Match
743131.53,0.0,724703.4789999999,0.004905,Match
743306.73,0.0,724871.472,-0.052974,Match
743482.03,0.0,725039.5639999999,-0.004905,Match
-,-,725207.7539999998,-0.086328,Insertion
-,-,725376.0419999998,-0.1962,Insertion
-,-,725544.4299999998,-0.282528,Insertion
-,-,725712.9309999999,-0.182466,Insertion
-,-,725881.5159999998,-0.091233,Insertion
743657.43,0.0,726050.1999999998,-0.023544,Match
743832.93,0.0,726218.9829999999,-0.01962,Match
744008.53,0.0,726387.8649999999,-0.023544,Match
744184.23,0.0,726556.8449999999,-0.00981,Match
744360.03,0.0,726725.9369999998,-0.00981,Match
744535.93,0.0,726895.1149999998,-0.00981,Match
744711.93,0.0,727064.3909999997,-0.014715,Match
744888.03,0.0,727233.7659999997,-0.014715,Match
745064.23,0.0,727403.2549999997,-0.004905,Match
745240.53,0.0,727572.8289999997,-0.00981,Match
745416.93,0.0,727742.5349999997,-0.014715,Match
745593.43,0.0,727912.3049999997,-0.004905,Match
745770.03,0.0,728082.1739999996,-0.00981,Match
745946.73,0.0,728252.1419999996,-0.00981,Match
746123.53,0.0,728422.2089999997,0.0,Match
746300.43,0.0,728592.3749999997,-0.014715,Match
746477.43,0.0,728762.6729999996,-0.004905,Match
746654.53,0.0,728933.0359999996,-0.01962,Match
746831.73,0.0,729103.4979999997,-0.00981,Match
747009.03,0.0,729274.0589999997,-0.004905,Match
747186.43,0.0,729444.7179999996,-0.004905,Match
747363.93,0.0,729615.4769999996,-0.014715,Match
747541.53,0.0,729786.3339999996,-0.01962,Match
747719.23,0.0,729957.2889999995,-0.028449,Match
747897.03,0.0,730128.3429999995,-0.01962,Match
748074.93,0.0,730299.5069999995,-0.004905,Match
748252.93,0.0,730470.7589999995,-0.00981,Match
748431.03,0.0,730642.1099999995,0.01962,Match
748609.23,0.0,730813.5599999995,-0.004905,Match
748787.53,0.0,730985.1089999995,-0.023544,Match
748965.93,0.0,731156.7569999995,0.0,Match
749144.43,0.0,731328.5109999995,0.004905,Match
749323.03,0.0,731500.3559999994,-0.014715,Match
749501.73,0.0,731672.3219999995,0.0,Match
749680.53,0.0,731844.3649999994,0.0,Match
749859.43,0.0,732016.5059999994,0.00981,Match
750038.43,0.0,732188.7459999993,0.004905,Match
750217.53,0.0,732361.0899999994,-0.00981,Match
750396.73,0.0,732533.5269999994,-0.014715,Match
750576.03,0.0,732706.0909999994,-0.023544,Match
750755.43,0.0,732878.7259999994,-0.00981,Match
750934.93,0.0,733051.4599999995,-0.01962,Match
751114.53,0.0,733224.2919999996,0.00981,Match
751294.23,0.0,733397.2229999995,-0.01962,Match
751474.03,0.0,733570.2519999995,-0.00981,Match
751653.93,0.0,733743.4059999995,0.004905,Match
751833.93,0.0,733916.6329999994,-0.004905,Match
752014.03,0.0,734089.9589999994,-0.00981,Match
752194.23,0.0,734263.3839999995,-0.01962,Match
752374.53,0.0,734436.9209999995,-0.014715,Match
752554.93,0.0,734610.5439999995,-0.00981,Match
752735.43,0.0,734784.3009999995,-0.00981,Match
752916.03,0.0,734958.1199999995,0.004905,Match
753096.73,0.0,735132.0389999995,-0.014715,Match
753277.53,0.0,735306.0559999995,-0.014715,Match
753458.43,0.0,735480.1719999996,-0.01962,Match
753639.43,0.0,735654.3869999995,-0.023544,Match
753820.53,0.0,735828.7329999995,-0.004905,Match
754001.73,0.0,736003.1449999996,0.0,Match
754183.03,0.0,736177.6559999996,-0.004905,Match
754364.43,0.0,736352.2659999996,-0.014715,Match
754545.93,0.0,736526.9749999996,-0.004905,Match
754727.53,0.0,736701.7819999997,-0.004905,Match
754909.23,0.0,736876.6879999996,-0.00981,Match
755091.03,0.0,737051.6939999997,-0.004905,Match
755272.93,0.0,737226.7969999997,-0.00981,Match
755454.93,0.0,737402.0129999997,-0.004905,Match
755637.03,0.0,737577.3139999997,-0.00981,Match
755819.23,0.0,737752.7499999997,-0.004905,Match
756001.53,0.0,737928.2479999997,0.0,Match
756183.93,0.0,738103.8449999996,-0.00981,Match
756366.43,0.0,738279.5399999996,0.0,Match
756549.03,0.0,738455.3599999995,-0.00981,Match
756731.73,0.0,738631.2529999996,0.0,Match
756914.53,0.0,738807.2449999995,-0.004905,Match
757097.43,0.0,738983.3359999995,-0.014715,Match
757280.43,0.0,739159.5289999995,-0.00981,Match
757463.53,0.0,739335.8169999995,-0.004905,Match
757646.73,0.0,739512.2329999994,-0.00981,Match
757830.03,0.0,739688.7179999994,-0.004905,Match
758013.43,0.0,739865.3019999994,-0.004905,Match
758196.93,0.0,740041.9849999994,-0.004905,Match
758380.53,0.0,740218.7659999994,-0.00981,Match
758564.23,0.0,740395.6469999994,-0.023544,Match
758748.03,0.0,740572.6529999995,-0.004905,Match
758931.93,0.0,740749.7319999995,-0.023544,Match
759115.93,0.0,740926.9089999995,-0.01962,Match
759300.03,0.0,741104.1839999995,-0.023544,Match
759484.23,0.0,741281.5579999995,-0.00981,Match
759668.53,0.0,741459.0309999995,0.004905,Match
759852.93,0.0,741636.6409999995,-0.004905,Match
760037.43,0.0,741814.3119999995,0.004905,Match
760222.03,0.0,741992.0809999994,-0.014715,Match
760406.73,0.0,742169.9479999994,0.004905,Match
760591.53,0.0,742347.9149999993,-0.004905,Match
760776.43,0.0,742525.9799999993,-0.033354,Match
760961.43,0.0,742704.1439999993,-0.004905,Match
761146.53,0.0,742882.4309999993,0.014715,Match
761331.73,0.0,743060.7919999993,-0.023544,Match
761517.03,0.0,743239.2529999993,-0.01962,Match
761702.43,0.0,743417.8119999993,-0.014715,Match
761887.93,0.0,743596.5029999993,0.01962,Match
762073.53,0.0,743775.2589999994,-0.00981,Match
762259.23,0.0,743954.1129999994,0.0,Match
762445.03,0.0,744133.0669999995,-0.004905,Match
762630.93,0.0,744312.1429999995,-0.014715,Match
762816.93,0.0,744491.2939999994,-0.023544,Match
763003.03,0.0,744670.5439999994,-0.00981,Match
763189.23,0.0,744849.8929999995,0.004905,Match
763375.53,0.0,745029.3399999995,-0.01962,Match
763561.93,0.0,745208.8869999995,-0.00981,Match
763748.43,0.0,745388.5469999996,-0.004905,Match
763935.03,0.0,745568.2909999995,0.0,Match
764121.73,0.0,745748.1739999995,-0.00981,Match
764308.53,0.0,745928.1149999995,-0.023544,Match
764495.43,0.0,746108.1549999996,-0.01962,Match
764682.43,0.0,746288.2939999995,-0.028449,Match
764869.53,0.0,746468.5499999996,-0.00981,Match
765056.73,0.0,746648.8859999996,0.004905,Match
765244.03,0.0,746829.3579999995,-0.01962,Match
765431.43,0.0,747009.8919999995,-0.01962,Match
765618.93,0.0,747190.5249999996,0.0,Match
765806.53,0.0,747371.2559999996,-0.01962,Match
765994.23,0.0,747552.0859999995,-0.014715,Match
766182.03,0.0,747733.0149999995,-0.00981,Match
766369.93,0.0,747914.0739999996,-0.014715,Match
766557.93,0.0,748095.1999999996,-0.00981,Match
766746.03,0.0,748276.4239999996,-0.01962,Match
766934.23,0.0,748457.7469999996,-0.014715,Match
767122.53,0.0,748639.1689999996,0.0,Match
767310.93,0.0,748820.6899999996,-0.014715,Match
767499.43,0.0,749002.3099999996,-0.014715,Match
767688.03,0.0,749184.0399999996,-0.01962,Match
767876.73,0.0,749365.8569999996,-0.014715,Match
768065.53,0.0,749547.7729999996,0.0,Match
768254.43,0.0,749729.7879999996,0.0,Match
768443.43,0.0,749911.9099999996,-0.038259,Match
768632.53,0.0,750094.1219999996,-0.014715,Match
768821.73,0.0,750276.4329999996,0.0,Match
769011.03,0.0,750458.8419999996,-0.00981,Match
769200.43,0.0,750641.3499999996,-0.014715,Match
769389.93,0.0,750823.9569999996,-0.00981,Match
769579.53,0.0,751006.6829999996,-0.014715,Match
769769.23,0.0,751189.4879999997,-0.043164,Match
769959.03,0.0,751372.3909999997,-0.023544,Match
770148.93,0.0,751555.3929999997,-0.004905,Match
770338.93,0.0,751738.5029999997,-0.004905,Match
770529.03,0.0,751921.7029999996,-0.028449,Match
770719.23,0.0,752104.9999999997,-0.014715,Match
770909.53,0.0,752288.3969999996,-0.014715,Match
771099.93,0.0,752471.8929999997,-0.004905,Match
771290.43,0.0,752655.4869999997,-0.014715,Match
771481.03,0.0,752839.2039999997,-0.01962,Match
771671.73,0.0,753022.9949999996,-0.00981,Match
771862.53,0.0,753206.8849999997,-0.023544,Match
772053.43,0.0,753390.8739999996,-0.00981,Match
772244.43,0.0,753574.9619999996,-0.00981,Match
772435.53,0.0,753759.1479999996,-0.00981,Match
772626.73,0.0,753943.4709999996,-0.00981,Match
772818.03,0.0,754127.8549999995,-0.014715,Match
773009.43,0.0,754312.3379999995,-0.004905,Match
773200.93,0.1,754496.9199999996,0.129492,Match
773392.53,0.2,754681.5999999996,0.229554,Match
773584.23,0.3,754866.3789999996,0.320787,Match
773776.03,0.4,755051.2569999996,0.488538,Match
773967.93,0.5,755236.2339999996,0.555246,Match
774159.93,0.6,755421.3099999996,0.62784,Match
774352.03,0.7,755606.4849999996,0.694548,Match
774544.23,0.7,755791.7579999997,0.727902,Match
774736.53,0.7,755977.1299999997,0.646479,Match
774928.93,0.7,756162.5999999996,0.727902,Match
775121.43,0.7,756348.1749999996,0.661194,Match
775314.03,0.7,756533.8429999995,0.679833,Match
775506.73,0.7,756719.6379999996,0.684738,Match
775699.53,0.7,756905.5039999996,0.694548,Match
775892.43,0.628571,757091.4689999996,0.61803,Match
776085.43,0.528571,-,-,Deletion
776278.53,0.428571,757277.5329999996,0.445374,Match
776471.73,0.328571,757463.6989999996,0.340407,Match
776665.03,0.228571,757649.9599999996,0.307053,Match
776858.43,0.128571,757836.3449999996,0.162846,Match
777051.93,0.028571,758022.8039999997,0.043164,Match
777245.53,0.0,-,-,Deletion
777439.23,0.0,758209.3619999996,0.00981,Match
777633.03,0.0,758396.0189999996,-0.023544,Match
777826.93,0.0,758582.7859999996,0.023544,Match
778020.93,0.0,758769.6409999996,-0.014715,Match
778215.03,0.0,758956.6309999996,-0.043164,Match
778409.23,0.0,759143.6829999996,0.023544,Match
778603.53,0.0,759330.8329999996,-0.014715,Match
778797.93,0.0,759518.0819999996,0.071613,Match
778992.43,0.0,759705.4629999996,-0.057879,Match
779187.03,0.0,759892.9109999996,0.00981,Match
779381.73,0.0,760080.4569999996,-0.023544,Match
779576.53,0.0,760268.1019999996,-0.01962,Match
779771.43,0.0,760455.8459999996,-0.00981,Match
779966.43,0.0,760643.6879999995,-0.028449,Match
780161.53,0.0,760831.6689999995,-0.00981,Match
780356.73,0.0,761019.7089999996,0.0,Match
780552.03,0.0,761207.8479999995,-0.01962,Match
780747.43,0.0,761396.0859999995,0.0,Match
780942.93,-0.02,761584.4489999996,-0.048069,Match
781138.53,-0.12,761772.8839999996,-0.114777,Match
781334.23,-0.22,761961.4179999996,-0.258984,Match
781530.03,-0.32,762150.0509999996,-0.363951,Match
781725.93,-0.42,762338.7819999997,-0.464994,Match
781921.93,-0.52,762527.6119999996,-0.555246,Match
782118.03,-0.62,-,-,Deletion
782314.23,-0.7,762716.5409999996,-0.679833,Match
782510.53,-0.7,762905.5749999996,-0.709263,Match
782706.93,-0.7,763094.7019999996,-0.727902,Match
782903.43,-0.7,763283.9269999996,-0.699453,Match
783100.03,-0.7,763473.2519999995,-0.761256,Match
783296.73,-0.7,763662.6759999995,-0.684738,Match
783493.53,-0.7,763852.1979999995,-0.709263,Match
783690.43,-0.7,764041.8409999995,-0.756351,Match
783887.43,-0.608571,764231.5599999996,-0.613125,Match
784084.53,-0.508571,764421.3779999996,-0.455184,Match
784281.73,-0.408571,764611.2949999996,-0.440469,Match
784479.03,-0.308571,764801.3209999995,-0.287433,Match
784676.43,-0.208571,764991.4359999995,-0.244269,Match
784873.93,-0.108571,765181.6789999995,-0.109872,Match
-,-,765371.9909999996,-0.004905,Insertion
-,-,765562.4019999995,0.004905,Insertion
-,-,765752.9129999996,-0.028449,Insertion
-,-,765943.5399999996,-0.023544,Insertion
-,-,766134.2479999996,0.014715,Insertion
-,-,766325.0939999996,-0.014715,Insertion
-,-,766515.9999999995,-0.043164,Insertion
-,-,766707.0039999995,-0.014715,Insertion
-,-,766898.1069999995,-0.00981,Insertion
-,-,767089.3479999995,0.01962,Insertion
-,-,767280.6489999995,-0.028449,Insertion
-,-,767472.0479999995,-0.066708,Insertion
-,-,767663.5449999995,0.023544,Insertion
-,-,767855.1699999995,0.0,Insertion
-,-,768046.8649999994,-0.01962,Insertion
-,-,768238.6589999994,-0.038259,Insertion
-,-,768430.5519999994,0.00981,Insertion
-,-,768622.5439999994,0.004905,Insertion
-,-,768814.6349999994,-0.038259,Insertion
-,-,769006.8239999994,-0.014715,Insertion
-,-,769199.1119999994,-0.028449,Insertion
-,-,769391.4989999994,0.057879,Insertion
-,-,769583.9959999993,-0.033354,Insertion
-,-,769776.5799999994,-0.00981,Insertion
-,-,769969.2629999993,-0.028449,Insertion
-,-,770162.0449999993,0.00981,Insertion
-,-,770354.9259999994,-0.043164,Insertion
-,-,770547.9049999994,-0.167751,Insertion
-,-,770740.9879999994,-0.244269,Insertion
-,-,770934.1649999995,-0.157941,Insertion
-,-,771127.4399999995,-0.139302,Insertion
-,-,771320.8139999994,-0.01962,Insertion
-,-,771514.2869999994,-0.023544,Insertion
-,-,771707.8579999994,-0.004905,Insertion
-,-,771901.5539999994,-0.004905,Insertion
-,-,772095.3239999994,-0.00981,Insertion
-,-,772289.1929999994,-0.004905,Insertion
-,-,772483.1599999993,-0.014715,Insertion
-,-,772677.2409999993,-0.00981,Insertion
-,-,772871.4059999994,-0.00981,Insertion
-,-,773065.7069999994,-0.014715,Insertion
-,-,773260.0699999994,-0.00981,Insertion
-,-,773454.5319999994,-0.014715,Insertion
-,-,773649.0919999995,-0.014715,Insertion
-,-,773843.7509999995,-0.033354,Insertion
-,-,774038.5099999994,-0.004905,Insertion
-,-,774233.3919999994,-0.00981,Insertion
785071.53,-0.008571,774428.3469999994,-0.00981,Match
785269.23,0.0,774623.4009999994,0.0,Match
-,-,774818.5529999994,-0.00981,Insertion
-,-,775013.8049999994,-0.014715,Insertion
-,-,775209.1559999994,-0.014715,Insertion
-,-,775404.6039999994,-0.00981,Insertion
-,-,775600.1519999993,-0.01962,Insertion
-,-,775795.7979999993,-0.014715,Insertion
785467.03,0.0,775795.7979999993,-0.014715,Match
785664.93,0.0,775795.8959999993,0.0,Match
785862.93,0.0,775796.0929999993,-0.004905,Match
786061.03,0.0,775796.4169999993,-0.023544,Match
786259.23,0.0,775796.8099999994,-0.004905,Match
786259.23,0.0,775797.3029999994,-0.028449,Match
786259.33,0.0,775797.8949999993,-0.00981,Match
786259.52,0.0,775798.5989999993,-0.014715,Match
786259.82,0.0,775799.3879999993,-0.00981,Match
786260.22,0.0,775800.3139999993,-0.014715,Match
786260.72,0.0,775801.3009999993,-0.00981,Match
786261.32,0.0,775802.3869999993,-0.004905,Match
786262.01,0.0,775803.5709999993,-0.004905,Match
786262.81,0.0,775804.8689999992,-0.01962,Match
786263.71,0.0,775806.2499999993,0.0,Match
786264.71,0.0,775807.7309999993,-0.01962,Match
786265.8,0.0,775809.3099999994,-0.00981,Match
786267.0,0.0,775810.9879999993,-0.01962,Match
786268.3,0.0,775812.7659999994,-0.014715,Match
786269.7,0.0,775814.6809999994,-0.014715,Match
786271.2,0.0,775816.6549999994,-0.014715,Match
786272.79,0.0,775818.7279999994,-0.00981,Match
786274.49,0.0,775820.8999999994,-0.004905,Match
786276.29,0.0,775823.1709999994,-0.00981,Match
786278.19,0.0,775825.5419999994,-0.00981,Match
786280.19,0.0,775828.0099999994,-0.004905,Match
786282.28,0.0,775830.5759999994,-0.004905,Match
786284.48,0.0,775833.2429999994,-0.01962,Match
786286.78,0.0,775836.0069999994,-0.014715,Match
786289.18,0.0,775838.8699999994,-0.00981,Match
786291.68,0.0,775841.8319999995,-0.014715,Match
786294.28,0.0,775844.8919999995,-0.00981,Match
786296.98,0.0,775848.0599999995,-0.00981,Match
786299.78,0.0,775851.3189999994,-0.004905,Match
786302.68,0.0,775854.6769999994,-0.01962,Match
786305.68,0.0,775858.1329999994,-0.014715,Match
786308.78,0.0,775861.6869999995,-0.00981,Match
786311.98,0.0,775865.3399999995,-0.014715,Match
786315.28,0.0,775869.0929999995,-0.004905,Match
786318.68,0.0,775872.9439999996,-0.01962,Match
786322.18,0.0,775876.9229999996,-0.014715,Match
786325.78,0.0,775880.9719999996,-0.004905,Match
786329.48,0.0,775885.1199999996,-0.004905,Match
786333.28,0.0,775889.3659999997,-0.004905,Match
786337.18,0.0,775893.7359999997,-0.00981,Match
786341.18,0.0,775898.1789999997,-0.00981,Match
786345.28,0.0,775902.7209999997,-0.00981,Match
786349.48,0.0,775907.3609999997,-0.014715,Match
786353.78,0.0,775912.1299999997,-0.004905,Match
786358.18,0.0,775916.9689999997,-0.00981,Match
786362.68,0.0,775921.9059999997,-0.014715,Match
786367.28,0.0,775926.9419999997,-0.00981,Match
786371.98,0.0,775932.0809999997,-0.00981,Match
786376.78,0.0,775937.3139999997,-0.014715,Match
786381.68,0.0,775942.6699999997,-0.00981,Match
786386.68,0.0,775948.1009999997,-0.00981,Match
786391.78,0.0,775953.6299999997,-0.014715,Match
786396.98,0.0,775959.2579999997,-0.014715,Match
786402.28,0.0,775964.9849999996,-0.004905,Match
786407.68,0.0,775970.8109999996,-0.00981,Match
786413.18,0.0,775976.7349999996,0.004905,Match
786418.78,0.0,775982.7579999997,-0.014715,Match
786424.48,0.0,775988.8789999997,-0.023544,Match
786430.28,0.0,775995.0999999997,-0.033354,Match
786436.18,0.0,776001.4189999998,-0.00981,Match
786442.18,0.0,776007.8369999997,-0.023544,Match
786448.28,0.0,776014.3539999997,0.004905,Match
786454.48,0.0,776020.9759999997,-0.00981,Match
786460.78,0.0,776027.6899999997,-0.01962,Match
786467.18,0.0,776034.5029999997,0.0,Match
786473.68,0.0,776041.4149999997,-0.014715,Match
786480.28,0.0,776048.4259999997,0.0,Match
786486.98,0.0,776055.5349999998,-0.014715,Match
786493.78,0.0,776062.7629999998,0.0,Match
786500.68,0.0,776070.0699999998,-0.023544,Match
786507.68,0.0,776077.4759999998,-0.014715,Match
786514.78,0.0,776084.9809999998,0.004905,Match
786521.98,0.0,776092.5879999998,-0.01962,Match
786529.28,0.0,776100.2909999997,-0.028449,Match
786536.68,0.0,776108.1189999997,-0.01962,Match
786544.18,0.0,776116.0189999997,-0.01962,Match
786551.78,0.0,776124.0179999997,-0.00981,Match
786559.48,0.0,776132.1149999996,0.0,Match
786567.28,0.0,776140.3329999996,-0.004905,Match
786575.18,0.0,776148.6309999996,-0.00981,Match
786583.18,0.0,776157.0249999996,0.0,Match
786591.28,0.0,776165.5169999995,-0.00981,Match
786599.48,0.0,776174.1089999995,0.0,Match
786607.78,0.0,776182.7989999994,-0.023544,Match
786616.18,0.0,776191.6059999994,-0.014715,Match
