init_gap,cont_gap,low,mad_accel(m/s2),frechet_euclidean,frechet_manhattan,frechet_lca_euclidean,frechet_lca_manhattan,mean_length_gaps_mean,mean_length_gaps_std,number_of_gaps,number_of_groups_of_gaps,p2p_mean_euclidean_mean,p2p_mean_euclidean_std,p2p_mean_euclidean_max,p2p_mean_manhattan_mean,p2p_mean_manhattan_std,p2p_mean_manhattan_max,p2p_mean_lca_euclidean_mean,p2p_mean_lca_euclidean_std,p2p_mean_lca_euclidean_max,p2p_mean_lca_manhattan_mean,p2p_mean_lca_manhattan_std,p2p_mean_lca_manhattan_max,percentage_gaps,percentage_gaps_lca,percentage_matched_snapshots,percentage_matched_snapshots_lca,percentage_mismatched_snapshots,percentage_mismatched_snapshots_lca,execution_time,process_time,trace_length
-1.0,-0.1,200,0.15,0.1499471067924468,0.1499471067924468,0.1499389738050653,0.1499389738050653,6.0,3.9370039370059056,24,4,0.06855147318356414,0.04283865700887235,0.1499471067924468,0.06855147318356414,0.04283865700887235,0.1499471067924468,0.09788173404451112,0.04340720753086998,0.1499471067924468,0.09788173404451112,0.04340720753086998,0.1499471067924468,1.7291066282420786,1.2066365007541435,22.046109510086456,19.004524886877828,76.22478386167147,79.78883861236802,3.6958765983581543,3.410515,694
-1.0,-0.1,200,0.15,0.1499471067924468,0.1499471067924468,0.1499389738050653,0.1499389738050653,6.0,3.9370039370059056,24,4,0.06855147318356414,0.04283865700887235,0.1499471067924468,0.06855147318356414,0.04283865700887235,0.1499471067924468,0.09788173404451112,0.04340720753086998,0.1499471067924468,0.09788173404451112,0.04340720753086998,0.1499471067924468,1.7291066282420786,1.2066365007541435,22.046109510086456,19.004524886877828,76.22478386167147,79.78883861236802,3.050884485244751,2.814085799999999,694
