init_gap,cont_gap,low,mad_accel(m/s2),frechet_euclidean,frechet_manhattan,frechet_lca_euclidean,frechet_lca_manhattan,mean_length_gaps_mean,mean_length_gaps_std,number_of_gaps,number_of_groups_of_gaps,p2p_mean_euclidean_mean,p2p_mean_euclidean_std,p2p_mean_euclidean_max,p2p_mean_manhattan_mean,p2p_mean_manhattan_std,p2p_mean_manhattan_max,p2p_mean_lca_euclidean_mean,p2p_mean_lca_euclidean_std,p2p_mean_lca_euclidean_max,p2p_mean_lca_manhattan_mean,p2p_mean_lca_manhattan_std,p2p_mean_lca_manhattan_max,percentage_gaps,percentage_gaps_lca,percentage_matched_snapshots,percentage_matched_snapshots_lca,percentage_mismatched_snapshots,percentage_mismatched_snapshots_lca,execution_time,process_time,trace_length
-1.0,-0.1,200,0.15,0.134397,0.134397,0.134397,0.134397,14.0,11.565033506220377,112,8,0.027572695402298848,0.028883415274988694,0.143226,0.027572695402298848,0.028883415274988694,0.143226,0.0471951888888889,0.04384338168726759,0.143226,0.0471951888888889,0.04384338168726759,0.143226,8.069164265129679,4.207119741100328,75.21613832853026,58.252427184466015,16.714697406340058,37.54045307443366,3.9657726287841797,3.6600970999999998,694
-1.0,-0.1,200,0.15,0.134397,0.134397,0.134397,0.134397,14.0,11.565033506220377,112,8,0.027572695402298848,0.028883415274988694,0.143226,0.027572695402298848,0.028883415274988694,0.143226,0.0471951888888889,0.04384338168726759,0.143226,0.0471951888888889,0.04384338168726759,0.143226,8.069164265129679,4.207119741100328,75.21613832853026,58.252427184466015,16.714697406340058,37.54045307443366,3.321979284286499,3.0657321000000004,694
