dt-timestamp(s),dt-accel(m/s2),pt-timestamp(s),pt-accel(m/s2),operation
0.0,0.0,-,-,Deletion
0.1,0.0,-,-,Deletion
0.2,0.0,-,-,Deletion
0.3,0.0,-,-,Deletion
0.4,0.0,-,-,Deletion
0.5,0.0,-,-,Deletion
0.6,0.0,-,-,Deletion
0.7,0.0,-,-,Deletion
0.8,0.0,-,-,Deletion
0.9,0.0,-,-,Deletion
1.0,0.0,-,-,Deletion
1.1,0.0,-,-,Deletion
1.2,0.0,-,-,Deletion
1.3,0.0,-,-,Deletion
1.4,0.0,-,-,Deletion
1.5,0.0,-,-,Deletion
1.6,0.0,-,-,Deletion
1.7,0.0,-,-,Deletion
1.8,0.0,-,-,Deletion
1.9,0.0,-,-,Deletion
2.0,0.0,-,-,Deletion
2.1,0.0,-,-,Deletion
2.2,0.0,-,-,Deletion
2.3,0.0,-,-,Deletion
2.4,0.0,-,-,Deletion
2.5,0.0,-,-,Deletion
2.6,0.0,-,-,Deletion
2.7,0.0,-,-,Deletion
2.8,0.0,-,-,Deletion
2.9,0.0,-,-,Deletion
3.0,0.0,-,-,Deletion
3.1,0.0,-,-,Deletion
3.2,0.0,-,-,Deletion
3.3,0.0,-,-,Deletion
3.4,0.0,-,-,Deletion
3.5,0.0,-,-,Deletion
3.6,0.0,-,-,Deletion
3.7,0.0,-,-,Deletion
3.8,0.0,-,-,Deletion
3.9,0.0,-,-,Deletion
4.0,0.0,-,-,Deletion
4.1,0.0,-,-,Deletion
4.2,0.0,-,-,Deletion
4.3,0.0,-,-,Deletion
4.4,0.0,-,-,Deletion
4.5,0.0,-,-,Deletion
4.6,0.0,-,-,Deletion
4.7,0.0,-,-,Deletion
4.8,0.0,-,-,Deletion
4.9,0.0,-,-,Deletion
5.0,0.0,-,-,Deletion
5.1,0.0,-,-,Deletion
5.2,0.0,-,-,Deletion
5.3,0.0,-,-,Deletion
5.4,0.0,-,-,Deletion
5.5,0.0,-,-,Deletion
5.6,0.0,-,-,Deletion
5.7,0.0,-,-,Deletion
5.8,0.0,-,-,Deletion
5.9,0.0,-,-,Deletion
6.0,0.0,-,-,Deletion
6.1,0.0,-,-,Deletion
6.2,0.0,-,-,Deletion
6.3,0.0,-,-,Deletion
6.4,0.0,-,-,Deletion
6.5,0.0,-,-,Deletion
6.6,0.0,-,-,Deletion
6.7,0.0,-,-,Deletion
6.8,0.0,-,-,Deletion
6.9,0.0,-,-,Deletion
7.0,0.0,0.0,-0.014715,Match
7.1,0.0,0.098,0.0,Match
7.2,0.0,0.197,-0.004905,Match
7.3,0.0,0.324,-0.023544,Match
7.4,0.0,0.393,-0.004905,Match
7.5,0.0,0.493,-0.028449,Match
7.6,0.0,0.592,-0.00981,Match
7.7,0.0,0.704,-0.014715,Match
7.8,0.0,0.789,-0.00981,Match
7.9,0.0,0.926,-0.014715,Match
8.0,0.0,0.987,-0.00981,Match
8.1,0.0,1.086,-0.004905,Match
8.2,0.0,1.184,-0.004905,Match
8.3,0.0,1.298,-0.01962,Match
8.4,0.0,1.381,0.0,Match
8.5,0.0,1.481,-0.01962,Match
8.6,0.0,1.579,-0.00981,Match
8.7,0.0,1.678,-0.01962,Match
8.8,0.0,1.778,-0.014715,Match
8.9,0.0,1.915,-0.014715,Match
9.0,0.0,1.974,-0.014715,Match
9.1,0.0,2.073,-0.00981,Match
9.2,0.0,2.172,-0.004905,Match
9.3,0.0,2.271,-0.00981,Match
9.4,0.0,2.371,-0.00981,Match
9.5,0.0,2.468,-0.004905,Match
9.6,0.0,2.566,-0.004905,Match
9.7,0.0,2.667,-0.01962,Match
9.8,0.0,2.764,-0.014715,Match
9.9,0.0,2.863,-0.00981,Match
10.0,0.0,2.962,-0.014715,Match
10.1,0.0,3.06,-0.00981,Match
10.2,0.0,3.168,-0.00981,Match
10.3,0.0,3.259,-0.004905,Match
10.4,0.0,3.358,-0.01962,Match
10.5,0.0,3.456,-0.014715,Match
10.6,0.0,3.554,-0.00981,Match
10.7,0.0,3.653,-0.014715,Match
10.8,0.0,3.753,-0.004905,Match
10.9,0.0,3.851,-0.01962,Match
11.0,0.0,3.979,-0.014715,Match
11.1,0.0,4.049,-0.004905,Match
11.2,0.0,4.148,-0.004905,Match
11.3,0.0,4.246,-0.004905,Match
11.4,0.0,4.37,-0.00981,Match
11.5,0.0,4.443,-0.00981,Match
11.6,0.0,4.542,-0.00981,Match
11.7,0.0,4.64,-0.014715,Match
11.8,0.0,4.769,-0.004905,Match
11.9,0.0,4.839,-0.00981,Match
12.0,0.0,4.937,-0.014715,Match
12.1,0.0,5.036,-0.00981,Match
12.2,0.0,5.139,-0.00981,Match
12.3,0.0,5.233,-0.014715,Match
12.4,0.0,5.356,-0.00981,Match
12.5,0.0,5.431,-0.00981,Match
12.6,0.0,5.529,-0.014715,Match
12.7,0.0,5.628,-0.014715,Match
12.8,0.0,5.727,-0.004905,Match
12.9,0.0,5.826,-0.00981,Match
13.0,0.0,5.924,0.004905,Match
13.1,0.0,6.023,-0.014715,Match
13.2,0.0,6.121,-0.023544,Match
13.3,0.0,6.221,-0.033354,Match
13.4,0.0,6.319,-0.00981,Match
13.5,0.0,6.418,-0.023544,Match
13.6,0.0,6.517,0.004905,Match
13.7,0.0,6.622,-0.00981,Match
13.8,0.0,6.714,-0.01962,Match
13.9,0.0,6.813,0.0,Match
14.0,0.0,6.912,-0.014715,Match
14.1,0.0,7.011,0.0,Match
14.2,0.0,7.109,-0.014715,Match
14.3,0.0,7.228,0.0,Match
14.4,0.0,7.307,-0.023544,Match
14.5,0.0,7.406,-0.014715,Match
14.6,0.0,7.505,0.004905,Match
14.7,0.0,7.607,-0.01962,Match
14.8,0.0,7.703,-0.028449,Match
14.9,0.0,7.828,-0.01962,Match
15.0,0.0,7.9,-0.01962,Match
15.1,0.0,7.999,-0.00981,Match
15.2,0.0,8.097,0.0,Match
15.3,0.0,8.218,-0.004905,Match
15.4,0.0,8.298,-0.00981,Match
15.5,0.0,8.394,0.0,Match
15.6,0.0,8.492,-0.00981,Match
15.7,0.0,8.592,0.0,Match
15.8,0.0,8.69,-0.023544,Match
15.9,0.0,8.807,-0.014715,Match
16.0,0.0,8.888,-0.038259,Match
16.1,0.0,9.023,0.0,Match
16.2,0.0,9.085,0.004905,Match
16.3,0.0,9.184,-0.023544,Match
16.4,0.0,9.283,-0.048069,Match
16.5,0.0,9.41,-0.01962,Match
16.6,0.0,9.48,-0.00981,Match
16.7,0.0,9.579,-0.01962,Match
16.8,0.0,9.678,0.0,Match
16.9,0.0,9.776,-0.01962,Match
17.0,0.0,9.875,-0.023544,Match
17.1,0.0,9.973,-0.00981,Match
17.2,0.0,10.072,-0.004905,Match
17.3,0.0,10.172,0.0,Match
17.4,0.0,10.27,-0.00981,Match
17.5,0.0,10.368,-0.01962,Match
17.6,0.0,10.476,-0.00981,Match
17.7,0.0,10.566,-0.014715,Match
17.8,0.0,10.705,-0.00981,Match
17.9,0.0,10.764,-0.004905,Match
18.0,0.0,10.863,-0.023544,Match
18.1,0.0,10.96,-0.01962,Match
18.2,0.0,11.079,-0.00981,Match
18.3,0.0,11.159,-0.043164,Match
18.4,0.0,11.298,-0.00981,Match
18.5,0.0,11.356,-0.00981,Match
18.6,0.0,11.455,-0.023544,Match
18.7,0.0,11.553,-0.00981,Match
18.8,0.0,11.653,-0.014715,Match
18.9,0.0,11.751,-0.00981,Match
19.0,0.0,11.888,0.00981,Match
19.1,0.0,11.949,-0.033354,Match
19.2,0.0,12.047,0.0,Match
19.3,0.0,12.147,-0.004905,Match
19.4,0.0,12.274,0.004905,Match
19.5,0.0,12.344,-0.004905,Match
19.6,0.0,12.442,-0.01962,Match
19.7,0.0,12.541,-0.004905,Match
19.8,0.0,12.64,-0.00981,Match
19.9,0.0,12.739,-0.00981,Match
20.0,0.0,12.838,-0.004905,Match
20.1,0.0,12.936,-0.004905,Match
20.2,0.0,13.035,-0.004905,Match
20.3,0.0,13.134,-0.014715,Match
20.4,0.0,13.232,-0.00981,Match
20.5,0.0,13.331,-0.014715,Match
20.6,-0.1,13.43,-0.071613,Match
20.7,-0.2,13.529,-0.162846,Match
20.8,-0.3,13.628,-0.297243,Match
20.9,-0.4,13.727,-0.363951,Match
21.0,-0.5,13.825,-0.512082,Match
21.1,-0.6,13.934,-0.671004,Match
21.2,-0.7,14.023,-0.656289,Match
21.3,-0.7,14.154,-0.756351,Match
21.4,-0.7,14.22,-0.704358,Match
21.5,-0.7,14.319,-0.684738,Match
21.6,-0.7,14.418,-0.747522,Match
21.7,-0.7,14.53,-0.718092,Match
21.8,-0.7,14.616,-0.742617,Match
21.9,-0.7,14.746,-0.661194,Match
22.0,-0.628571,14.813,-0.727902,Match
22.1,-0.528571,14.912,-0.536607,Match
22.2,-0.428571,15.01,-0.473823,Match
22.3,-0.328571,15.14,-0.363951,Match
22.4,-0.228571,15.208,-0.325692,Match
22.5,-0.128571,15.307,-0.101043,Match
22.6,-0.028571,15.406,-0.091233,Match
22.7,0.0,-,-,Deletion
22.8,0.0,-,-,Deletion
22.9,0.0,15.541,-0.033354,Match
23.0,0.0,15.604,0.0,Match
23.1,0.0,15.702,-0.00981,Match
23.2,0.0,15.801,-0.004905,Match
23.3,0.0,15.899,-0.038259,Match
23.4,0.0,15.999,0.023544,Match
23.5,0.0,16.098,-0.038259,Match
23.6,0.0,16.196,0.00981,Match
23.7,0.0,16.295,-0.057879,Match
23.8,0.0,16.394,-0.01962,Match
23.9,0.0,16.492,-0.038259,Match
24.0,0.0,16.592,-0.014715,Match
24.1,0.0,16.691,-0.043164,Match
24.2,0.0,16.789,-0.00981,Match
24.3,0.0,16.888,-0.00981,Match
24.4,0.0,16.987,0.004905,Match
24.5,0.0,17.085,-0.028449,Match
24.6,0.02,17.186,0.043164,Match
24.7,0.12,17.283,0.061803,Match
24.8,0.22,17.405,0.220725,Match
24.9,0.32,17.48,0.287433,Match
25.0,0.42,17.579,0.363951,Match
25.1,0.52,17.678,0.555246,Match
25.2,0.62,17.804,0.584676,Match
25.3,0.7,17.875,0.732807,Match
25.4,0.7,17.974,0.666099,Match
25.5,0.7,18.073,0.752427,Match
25.6,0.7,18.182,0.679833,Match
25.7,0.7,18.27,0.732807,Match
25.8,0.7,18.412,0.641574,Match
25.9,0.7,18.468,0.709263,Match
26.0,0.7,18.589,0.694548,Match
26.1,0.608571,18.666,0.555246,Match
26.2,0.508571,18.764,0.3924,Match
26.3,0.408571,18.863,0.40221,Match
26.4,0.308571,18.986,0.18639,Match
26.5,0.208571,19.06,0.143226,Match
26.6,0.108571,19.2,0.057879,Match
26.7,0.008571,19.258,-0.023544,Match
26.8,0.0,19.356,0.0,Match
26.9,0.0,19.455,-0.048069,Match
27.0,0.0,19.554,0.0,Match
27.1,0.0,19.653,0.014715,Match
27.2,0.0,19.793,-0.033354,Match
27.3,0.0,19.851,-0.01962,Match
27.4,0.0,19.95,-0.00981,Match
27.5,0.0,20.049,0.014715,Match
27.6,0.0,20.147,-0.00981,Match
27.7,0.0,20.246,-0.052974,Match
27.8,0.0,20.345,0.014715,Match
27.9,0.0,20.443,-0.004905,Match
28.0,0.0,20.542,0.004905,Match
-,-,20.641,-0.061803,Insertion
-,-,20.74,0.00981,Insertion
28.1,0.0,20.839,0.0,Match
28.2,0.0,20.937,-0.023544,Match
28.3,0.0,21.036,-0.01962,Match
28.4,0.0,21.135,-0.028449,Match
28.5,0.0,21.273,0.014715,Match
28.6,0.0,21.333,0.00981,Match
28.7,0.0,21.438,-0.038259,Match
28.8,0.0,21.53,-0.00981,Match
28.9,0.0,21.657,-0.01962,Match
-,-,21.728,0.096138,Insertion
-,-,21.827,0.114777,Insertion
-,-,21.925,0.177561,Insertion
-,-,22.025,0.191295,Insertion
-,-,22.123,0.086328,Insertion
29.0,0.0,22.222,0.00981,Match
29.1,0.0,22.32,0.004905,Match
29.2,0.0,22.419,-0.00981,Match
29.3,0.0,22.534,0.014715,Match
29.4,0.0,22.616,0.0,Match
29.5,0.0,22.715,-0.004905,Match
29.6,0.0,22.814,-0.00981,Match
29.7,0.0,22.922,-0.061803,Match
29.8,0.0,23.012,0.004905,Match
29.9,0.0,23.111,-0.00981,Match
30.0,0.0,23.209,-0.014715,Match
30.1,0.0,23.307,-0.01962,Match
30.2,0.0,23.407,-0.00981,Match
30.3,0.0,23.505,-0.01962,Match
30.4,0.0,23.604,-0.014715,Match
30.5,0.0,23.704,-0.014715,Match
30.6,0.0,23.802,-0.00981,Match
30.7,0.0,23.914,-0.014715,Match
30.8,0.0,24.0,-0.004905,Match
30.9,0.0,24.131,-0.014715,Match
31.0,0.0,24.197,-0.014715,Match
31.1,0.0,24.296,-0.023544,Match
31.2,0.0,24.394,0.0,Match
31.3,0.0,24.504,-0.00981,Match
31.4,0.0,24.592,-0.023544,Match
31.5,0.0,24.726,-0.004905,Match
31.6,0.0,24.789,-0.004905,Match
31.7,0.0,24.888,-0.00981,Match
31.8,0.0,24.987,0.004905,Match
31.9,0.0,25.086,0.0,Match
32.0,0.0,25.185,-0.033354,Match
32.1,0.0,25.284,-0.028449,Match
32.2,0.0,25.382,-0.004905,Match
32.3,0.0,25.481,-0.00981,Match
32.4,0.0,25.58,-0.004905,Match
32.5,0.0,25.679,-0.014715,Match
32.6,0.0,25.779,0.0,Match
32.7,0.0,25.876,0.004905,Match
32.8,0.0,25.975,-0.00981,Match
32.9,0.0,26.074,-0.004905,Match
33.0,0.0,26.172,-0.004905,Match
33.1,0.0,26.271,0.004905,Match
33.2,0.0,26.37,-0.00981,Match
33.3,0.0,26.469,-0.00981,Match
33.4,0.0,26.568,-0.014715,Match
33.5,0.0,26.666,0.0,Match
33.6,0.0,26.765,-0.01962,Match
33.7,0.0,26.864,-0.014715,Match
33.8,0.0,26.975,-0.014715,Match
33.9,0.0,27.062,-0.014715,Match
34.0,0.0,27.161,-0.00981,Match
34.1,0.0,27.26,-0.01962,Match
34.2,0.0,27.372,-0.004905,Match
34.3,0.0,27.458,-0.014715,Match
34.4,0.0,27.557,-0.00981,Match
34.5,0.0,27.655,-0.028449,Match
34.6,0.0,27.754,0.0,Match
34.7,0.0,27.853,0.0,Match
34.8,0.0,27.977,-0.01962,Match
34.9,0.0,28.051,-0.004905,Match
35.0,0.0,28.15,-0.00981,Match
35.1,0.0,28.248,-0.01962,Match
35.2,0.0,28.369,-0.004905,Match
35.3,0.0,28.446,-0.014715,Match
35.4,0.0,28.545,-0.014715,Match
35.5,0.0,28.644,-0.00981,Match
35.6,0.0,28.752,-0.00981,Match
35.7,0.0,28.841,-0.00981,Match
35.8,0.0,28.97,-0.004905,Match
35.9,0.0,29.039,-0.014715,Match
36.0,0.0,29.138,-0.014715,Match
36.1,0.0,29.237,-0.004905,Match
36.2,0.0,29.336,-0.023544,Match
36.3,0.0,29.434,-0.01962,Match
36.4,0.0,29.533,-0.004905,Match
36.5,0.0,29.632,-0.00981,Match
36.6,0.0,29.731,-0.023544,Match
36.7,0.0,29.83,-0.014715,Match
36.8,0.0,29.928,-0.004905,Match
36.9,0.0,30.027,-0.004905,Match
37.0,0.0,30.126,-0.004905,Match
37.1,0.0,30.226,-0.01962,Match
37.2,0.0,30.324,0.014715,Match
37.3,0.0,30.449,0.00981,Match
37.4,0.0,30.521,0.004905,Match
37.5,0.0,30.62,0.00981,Match
37.6,0.0,30.719,-0.014715,Match
37.7,0.0,30.824,0.0,Match
37.8,0.0,30.916,0.004905,Match
37.9,0.0,31.049,-0.028449,Match
38.0,0.0,31.115,0.0,Match
38.1,0.0,31.213,0.014715,Match
38.2,0.0,31.312,0.0,Match
38.3,0.0,31.424,-0.052974,Match
38.4,0.0,31.51,-0.033354,Match
38.5,0.0,31.648,-0.023544,Match
38.6,0.0,31.707,-0.023544,Match
38.7,0.0,31.806,-0.028449,Match
38.8,0.0,31.905,-0.014715,Match
38.9,0.0,32.021,-0.004905,Match
39.0,0.0,32.103,-0.00981,Match
39.1,0.0,32.201,0.004905,Match
39.2,0.0,32.301,-0.004905,Match
39.3,0.0,32.399,-0.00981,Match
39.4,0.0,32.498,-0.00981,Match
39.5,0.0,32.624,-0.01962,Match
39.6,0.0,32.696,-0.038259,Match
39.7,0.0,32.794,-0.014715,Match
39.8,0.0,32.893,-0.028449,Match
39.9,0.0,32.991,-0.033354,Match
40.0,0.0,33.09,0.0,Match
40.1,0.0,33.189,-0.00981,Match
40.2,0.0,33.288,-0.004905,Match
40.3,0.0,33.386,-0.01962,Match
40.4,0.0,33.485,0.004905,Match
40.5,0.0,33.584,-0.014715,Match
40.6,0.0,33.685,-0.00981,Match
40.7,0.0,33.782,-0.004905,Match
40.8,0.0,33.909,-0.014715,Match
40.9,0.0,33.98,-0.00981,Match
41.0,0.0,34.078,0.0,Match
41.1,0.0,34.177,-0.00981,Match
41.2,0.0,34.306,-0.004905,Match
41.3,0.0,34.375,-0.00981,Match
41.4,0.0,34.476,-0.00981,Match
41.5,0.0,34.572,-0.004905,Match
41.6,0.0,34.682,-0.004905,Match
41.7,0.0,34.77,-0.00981,Match
41.8,0.0,34.897,-0.014715,Match
41.9,0.0,34.968,-0.014715,Match
42.0,0.0,35.066,-0.004905,Match
42.1,0.0,35.165,-0.01962,Match
42.2,0.0,35.268,-0.01962,Match
42.3,0.0,35.363,-0.033354,Match
42.4,0.0,35.49,-0.01962,Match
42.5,0.0,35.561,0.0,Match
42.6,0.0,35.659,-0.033354,Match
42.7,0.0,35.758,-0.01962,Match
42.8,0.0,35.881,-0.00981,Match
42.9,0.0,35.956,-0.014715,Match
43.0,0.0,36.055,-0.00981,Match
43.1,0.0,36.154,-0.004905,Match
43.2,0.0,36.252,-0.01962,Match
43.3,0.0,36.351,-0.023544,Match
43.4,0.0,36.45,-0.01962,Match
43.5,0.0,36.549,-0.01962,Match
43.6,0.0,36.648,-0.014715,Match
43.7,0.0,36.746,-0.00981,Match
43.8,0.0,36.846,-0.043164,Match
43.9,0.0,36.944,-0.014715,Match
44.0,0.0,37.043,-0.00981,Match
44.1,0.0,37.142,-0.014715,Match
44.2,0.0,37.241,-0.00981,Match
44.3,0.0,37.34,-0.014715,Match
44.4,0.0,37.438,-0.014715,Match
44.5,0.0,37.537,0.0,Match
44.6,0.0,37.636,-0.01962,Match
44.7,0.0,37.735,-0.00981,Match
44.8,0.0,37.834,-0.023544,Match
44.9,0.0,37.933,-0.023544,Match
45.0,-0.1,38.031,-0.114777,Match
45.1,-0.2,38.154,-0.224649,Match
45.2,-0.3,38.229,-0.368856,Match
45.3,-0.4,38.328,-0.483633,Match
45.4,-0.5,38.427,-0.589581,Match
45.5,-0.6,38.543,-0.632745,Match
45.6,-0.7,38.624,-0.790686,Match
45.7,-0.7,38.722,-0.732807,Match
45.8,-0.7,38.821,-0.756351,Match
45.9,-0.7,38.921,-0.704358,Match
46.0,-0.7,39.02,-0.732807,Match
46.1,-0.7,39.118,-0.742617,Match
46.2,-0.7,39.216,-0.674928,Match
46.3,-0.7,39.355,-0.714168,Match
46.4,-0.628571,39.414,-0.651384,Match
46.5,-0.528571,39.513,-0.560151,Match
46.6,-0.428571,39.612,-0.426735,Match
46.7,-0.328571,39.748,-0.340407,Match
46.8,-0.228571,39.809,-0.191295,Match
46.9,-0.128571,39.908,-0.104967,Match
47.0,-0.028571,40.007,-0.023544,Match
47.1,0.0,-,-,Deletion
47.2,0.0,-,-,Deletion
47.3,0.0,-,-,Deletion
47.4,0.0,40.106,-0.014715,Match
47.5,0.0,40.205,-0.004905,Match
47.6,0.0,40.303,0.014715,Match
47.7,0.0,40.402,-0.01962,Match
47.8,0.0,40.501,-0.052974,Match
47.9,0.0,40.6,0.023544,Match
48.0,0.0,40.699,-0.057879,Match
48.1,0.0,40.798,-0.004905,Match
48.2,0.0,40.897,-0.01962,Match
48.3,0.0,41.022,-0.004905,Match
48.4,0.0,41.094,-0.004905,Match
48.5,0.0,41.192,-0.033354,Match
48.6,0.0,41.292,-0.00981,Match
48.7,0.0,41.405,-0.028449,Match
48.8,0.0,41.49,0.014715,Match
48.9,0.0,41.626,-0.076518,Match
49.0,0.02,41.687,0.028449,Match
49.1,0.12,41.793,0.043164,Match
49.2,0.22,41.884,0.201105,Match
49.3,0.32,42.006,0.220725,Match
49.4,0.42,42.082,0.41202,Match
49.5,0.52,42.181,0.455184,Match
49.6,0.62,42.28,0.62784,Match
49.7,0.7,42.379,0.737712,Match
49.8,0.7,42.477,0.679833,Match
49.9,0.7,42.594,0.732807,Match
50.0,0.7,42.675,0.646479,Match
50.1,0.7,42.814,0.709263,Match
50.2,0.7,42.872,0.666099,Match
50.3,0.7,42.972,0.742617,Match
50.4,0.7,43.07,0.671004,Match
50.5,0.608571,43.169,0.593505,Match
50.6,0.508571,43.268,0.397305,Match
50.7,0.408571,43.367,0.354141,Match
50.8,0.308571,43.465,0.20601,Match
50.9,0.208571,43.565,0.167751,Match
51.0,0.108571,43.673,0.014715,Match
51.1,0.008571,43.761,0.0,Match
51.2,0.0,43.86,-0.071613,Match
-,-,43.959,0.057879,Insertion
-,-,44.069,-0.033354,Insertion
-,-,44.157,-0.014715,Insertion
51.3,0.0,44.255,-0.033354,Match
51.4,0.0,44.355,0.01962,Match
51.5,0.0,44.453,0.004905,Match
51.6,0.0,44.552,-0.014715,Match
51.7,0.0,44.667,-0.048069,Match
51.8,0.0,44.749,0.01962,Match
51.9,0.0,44.885,-0.023544,Match
52.0,0.0,44.947,-0.004905,Match
52.1,0.0,45.047,-0.052974,Match
52.2,0.0,45.144,-0.004905,Match
52.3,0.0,45.273,0.004905,Match
52.4,0.0,45.341,-0.004905,Match
52.5,0.0,45.44,-0.028449,Match
52.6,0.0,45.538,-0.023544,Match
52.7,0.0,45.657,0.028449,Match
52.8,0.0,45.737,0.01962,Match
52.9,0.0,45.874,-0.043164,Match
53.0,0.0,45.934,0.0,Match
53.1,0.0,46.043,-0.00981,Match
53.2,0.0,46.132,0.014715,Match
53.3,0.0,46.259,0.01962,Match
53.4,0.0,46.329,0.119682,Match
-,-,46.428,0.20601,Insertion
-,-,46.526,0.153036,Insertion
-,-,46.645,0.101043,Insertion
53.5,0.0,46.724,0.014715,Match
53.6,0.0,46.864,-0.00981,Match
53.7,0.0,46.921,-0.004905,Match
53.8,0.0,47.02,-0.004905,Match
53.9,0.0,47.119,-0.00981,Match
54.0,0.0,47.217,-0.00981,Match
54.1,0.0,47.316,-0.014715,Match
54.2,0.0,47.46,-0.048069,Match
54.3,0.0,47.513,-0.01962,Match
54.4,0.0,47.612,-0.01962,Match
54.5,0.0,47.71,-0.00981,Match
54.6,0.0,47.81,-0.01962,Match
54.7,0.0,47.909,-0.014715,Match
54.8,0.0,48.007,-0.004905,Match
54.9,0.0,48.129,-0.004905,Match
55.0,0.0,48.205,-0.014715,Match
55.1,0.0,48.304,-0.00981,Match
55.2,0.0,48.402,-0.014715,Match
55.3,0.0,48.51,-0.01962,Match
55.4,0.0,48.6,-0.004905,Match
55.5,0.0,48.73,-0.00981,Match
55.6,0.0,48.797,-0.004905,Match
55.7,0.0,48.896,-0.014715,Match
55.8,0.0,48.995,0.004905,Match
55.9,0.0,49.099,0.0,Match
56.0,0.0,49.192,-0.023544,Match
56.1,0.0,49.315,-0.01962,Match
56.2,0.0,49.39,-0.004905,Match
56.3,0.0,49.488,-0.028449,Match
56.4,0.0,49.587,-0.023544,Match
56.5,0.0,49.686,0.028449,Match
56.6,0.0,49.784,-0.004905,Match
56.7,0.0,49.884,-0.00981,Match
56.8,0.0,49.982,-0.01962,Match
56.9,0.0,50.119,-0.004905,Match
57.0,0.0,50.18,-0.01962,Match
57.1,0.0,50.279,-0.00981,Match
57.2,0.0,50.377,-0.014715,Match
57.3,0.0,50.476,0.0,Match
57.4,0.0,50.579,-0.014715,Match
57.5,0.0,50.673,0.004905,Match
57.6,0.0,50.777,-0.004905,Match
57.7,0.0,50.871,-0.01962,Match
57.8,0.0,50.991,-0.01962,Match
57.9,0.0,51.068,-0.01962,Match
58.0,0.0,51.167,-0.014715,Match
58.1,0.0,51.266,-0.014715,Match
58.2,0.0,51.365,-0.004905,Match
58.3,0.0,51.464,-0.004905,Match
58.4,0.0,51.582,0.0,Match
58.5,0.0,51.661,0.0,Match
58.6,0.0,51.759,-0.014715,Match
58.7,0.0,51.859,-0.00981,Match
58.8,0.0,51.957,-0.004905,Match
58.9,0.0,52.056,-0.00981,Match
59.0,0.0,52.172,-0.01962,Match
59.1,0.0,52.254,-0.033354,Match
59.2,0.0,52.389,-0.023544,Match
59.3,0.0,52.452,-0.01962,Match
59.4,0.0,52.55,0.0,Match
59.5,0.0,52.649,-0.00981,Match
59.6,0.0,52.773,-0.01962,Match
59.7,0.0,52.846,-0.014715,Match
59.8,0.0,52.945,-0.014715,Match
59.9,0.0,53.044,-0.01962,Match
60.0,0.0,53.143,-0.00981,Match
60.1,0.0,53.241,-0.004905,Match
60.2,0.0,53.373,-0.004905,Match
60.3,0.0,53.439,-0.004905,Match
60.4,0.0,53.538,-0.014715,Match
60.5,0.0,53.636,-0.00981,Match
60.6,0.0,53.735,-0.014715,Match
60.7,0.0,53.833,-0.014715,Match
60.8,0.0,53.933,-0.014715,Match
60.9,0.0,54.031,-0.004905,Match
61.0,0.0,54.129,-0.004905,Match
61.1,0.0,54.249,-0.004905,Match
61.2,0.0,54.327,-0.01962,Match
61.3,0.0,54.425,-0.014715,Match
61.4,0.0,54.524,-0.014715,Match
61.5,0.0,54.635,0.0,Match
61.6,0.0,54.722,-0.00981,Match
61.7,0.0,54.821,0.0,Match
61.8,0.0,54.919,-0.023544,Match
61.9,0.0,55.021,-0.014715,Match
62.0,0.0,55.117,-0.00981,Match
62.1,0.0,55.24,0.00981,Match
62.2,0.0,55.315,-0.023544,Match
62.3,0.0,55.414,-0.004905,Match
62.4,0.0,55.512,-0.004905,Match
62.5,0.0,55.615,-0.014715,Match
62.6,0.0,55.71,-0.01962,Match
62.7,0.0,55.843,-0.014715,Match
62.8,0.0,55.908,-0.023544,Match
62.9,0.0,56.006,0.00981,Match
63.0,0.0,56.104,0.004905,Match
63.1,0.0,56.226,-0.01962,Match
63.2,0.0,56.302,-0.00981,Match
63.3,0.0,56.401,-0.01962,Match
63.4,0.0,56.501,-0.023544,Match
63.5,0.0,56.626,0.014715,Match
63.6,0.0,56.698,-0.00981,Match
63.7,0.0,56.797,-0.01962,Match
63.8,0.0,56.896,-0.028449,Match
63.9,0.0,56.994,-0.023544,Match
64.0,0.0,57.092,0.0,Match
64.1,0.0,57.192,0.0,Match
64.2,0.0,57.298,0.0,Match
64.3,0.0,57.389,-0.01962,Match
64.4,0.0,57.487,0.004905,Match
64.5,0.0,57.587,0.0,Match
64.6,0.0,57.686,-0.014715,Match
64.7,0.0,57.784,-0.014715,Match
64.8,0.0,57.883,-0.028449,Match
64.9,0.0,57.983,-0.014715,Match
65.0,0.0,58.081,-0.004905,Match
65.1,0.0,58.18,-0.01962,Match
65.2,0.0,58.278,-0.00981,Match
65.3,0.0,58.377,-0.00981,Match
65.4,0.0,58.476,-0.00981,Match
65.5,0.0,58.575,-0.01962,Match
65.6,0.0,58.691,-0.004905,Match
65.7,0.0,58.772,-0.00981,Match
65.8,0.0,58.902,-0.01962,Match
65.9,0.0,58.97,0.0,Match
66.0,0.0,59.068,-0.004905,Match
66.1,0.0,59.166,0.0,Match
66.2,0.0,59.291,0.0,Match
66.3,0.0,59.365,-0.004905,Match
66.4,0.0,59.464,-0.004905,Match
66.5,0.0,59.562,0.0,Match
66.6,0.0,59.678,-0.004905,Match
66.7,0.0,59.76,0.0,Match
66.8,0.0,59.9,-0.00981,Match
66.9,0.0,59.958,-0.004905,Match
67.0,0.0,60.056,-0.01962,Match
67.1,0.0,60.155,-0.014715,Match
67.2,0.0,60.298,0.0,Match
67.3,0.0,60.352,-0.014715,Match
67.4,0.0,60.451,-0.004905,Match
67.5,0.0,60.55,-0.014715,Match
67.6,0.0,60.676,-0.004905,Match
67.7,0.0,60.747,0.0,Match
67.8,0.0,60.846,0.0,Match
67.9,0.0,60.945,-0.014715,Match
68.0,0.0,61.043,-0.004905,Match
68.1,0.0,61.142,0.004905,Match
68.2,0.0,61.24,-0.00981,Match
68.3,0.0,61.34,0.0,Match
68.4,0.0,61.438,-0.01962,Match
68.5,0.0,61.542,0.00981,Match
68.6,0.0,61.636,0.0,Match
68.7,0.0,61.734,0.004905,Match
68.8,0.0,61.834,-0.004905,Match
68.9,0.0,61.932,-0.014715,Match
69.0,0.0,62.03,0.0,Match
69.1,0.0,62.13,-0.004905,Match
69.2,0.0,62.228,-0.004905,Match
69.3,0.0,62.353,-0.01962,Match
69.4,0.0,62.425,-0.01962,Match
69.5,-0.1,62.524,-0.114777,Match
69.6,-0.2,62.623,-0.254079,Match
69.7,-0.3,62.722,-0.325692,Match
69.8,-0.4,62.821,-0.546417,Match
69.9,-0.5,62.94,-0.565056,Match
70.0,-0.6,63.018,-0.671004,Match
70.1,-0.7,63.117,-0.709263,Match
70.2,-0.7,63.216,-0.722997,Match
70.3,-0.7,63.316,-0.666099,Match
70.4,-0.7,63.413,-0.699453,Match
70.5,-0.7,63.531,-0.694548,Match
70.6,-0.7,63.611,-0.694548,Match
70.7,-0.7,63.751,-0.694548,Match
70.8,-0.7,63.808,-0.699453,Match
70.9,-0.628571,63.907,-0.62784,Match
71.0,-0.528571,64.005,-0.464994,Match
71.1,-0.428571,64.138,-0.455184,Match
71.2,-0.328571,64.203,-0.302148,Match
71.3,-0.228571,64.302,-0.1962,Match
71.4,-0.128571,64.401,-0.104967,Match
71.5,-0.028571,-,-,Deletion
71.6,0.0,-,-,Deletion
71.7,0.0,-,-,Deletion
71.8,0.0,64.499,0.023544,Match
71.9,0.0,64.598,-0.081423,Match
72.0,0.0,64.697,0.004905,Match
72.1,0.0,64.796,-0.01962,Match
72.2,0.0,64.895,0.048069,Match
72.3,0.0,64.993,-0.071613,Match
72.4,0.0,65.092,0.033354,Match
72.5,0.0,65.191,-0.086328,Match
72.6,0.0,65.289,0.081423,Match
72.7,0.0,65.4,-0.071613,Match
72.8,0.0,65.487,0.00981,Match
72.9,0.0,65.622,-0.071613,Match
73.0,0.0,65.684,0.0,Match
73.1,0.0,65.783,-0.023544,Match
73.2,0.0,65.882,-0.01962,Match
73.3,0.0,65.995,-0.028449,Match
73.4,0.0,66.08,0.033354,Match
73.5,0.02,66.178,-0.081423,Match
73.6,0.12,66.277,0.043164,Match
73.7,0.22,66.407,0.239364,Match
73.8,0.32,66.474,0.258984,Match
73.9,0.42,66.573,0.430659,Match
74.0,0.52,66.672,0.473823,Match
74.1,0.62,66.771,0.622935,Match
74.2,0.7,66.869,0.714168,Match
74.3,0.7,66.968,0.679833,Match
74.4,0.7,67.066,0.684738,Match
74.5,0.7,67.185,0.709263,Match
74.6,0.7,67.264,0.704358,Match
74.7,0.7,67.397,0.704358,Match
74.8,0.7,67.462,0.674928,Match
74.9,0.7,67.56,0.656289,Match
75.0,0.608571,67.659,0.469899,Match
75.1,0.508571,67.758,0.464994,Match
75.2,0.408571,67.857,0.302148,Match
75.3,0.308571,67.955,0.267813,Match
75.4,0.208571,68.054,0.139302,Match
75.5,0.108571,68.153,0.00981,Match
75.6,0.008571,68.252,-0.014715,Match
75.7,0.0,68.351,0.0,Match
75.8,0.0,68.449,0.004905,Match
75.9,0.0,68.548,-0.052974,Match
76.0,0.0,68.646,0.0,Match
76.1,0.0,68.745,0.0,Match
76.2,0.0,68.843,0.00981,Match
76.3,0.0,68.943,-0.043164,Match
76.4,0.0,69.063,-0.01962,Match
76.5,0.0,69.14,0.00981,Match
76.6,0.0,69.239,0.0,Match
76.7,0.0,69.338,-0.023544,Match
76.8,0.0,69.449,-0.033354,Match
76.9,0.0,69.535,-0.004905,Match
77.0,0.0,69.666,0.023544,Match
77.1,0.0,69.732,-0.023544,Match
77.2,0.0,69.831,-0.028449,Match
77.3,0.0,69.93,-0.033354,Match
77.4,0.0,70.042,0.038259,Match
77.5,0.0,70.127,-0.028449,Match
77.6,0.0,70.262,-0.043164,Match
77.7,0.0,70.325,-0.014715,Match
77.8,0.0,70.423,0.014715,Match
77.9,0.0,70.523,0.0,Match
78.0,0.0,70.621,-0.033354,Match
-,-,70.719,0.104967,Insertion
-,-,70.858,0.201105,Insertion
-,-,70.917,0.244269,Insertion
-,-,71.016,0.143226,Insertion
-,-,71.115,0.038259,Insertion
78.1,0.0,71.213,0.004905,Match
78.2,0.0,71.311,-0.023544,Match
78.3,0.0,71.41,0.0,Match
78.4,0.0,71.509,0.0,Match
78.5,0.0,71.609,-0.014715,Match
78.6,0.0,71.707,-0.01962,Match
78.7,0.0,71.805,0.01962,Match
78.8,0.0,71.904,-0.023544,Match
78.9,0.0,72.003,-0.00981,Match
79.0,0.0,72.102,-0.01962,Match
79.1,0.0,72.201,-0.01962,Match
79.2,0.0,72.299,0.00981,Match
79.3,0.0,72.398,-0.01962,Match
79.4,0.0,72.498,-0.00981,Match
79.5,0.0,72.596,-0.01962,Match
79.6,0.0,72.717,-0.00981,Match
79.7,0.0,72.793,-0.00981,Match
79.8,0.0,72.892,-0.004905,Match
79.9,0.0,72.99,0.0,Match
80.0,0.0,73.093,-0.01962,Match
80.1,0.0,73.188,-0.004905,Match
80.2,0.0,73.311,-0.023544,Match
80.3,0.0,73.386,-0.01962,Match
80.4,0.0,73.485,-0.043164,Match
80.5,0.0,73.583,-0.004905,Match
80.6,0.0,73.7,0.014715,Match
80.7,0.0,73.78,-0.01962,Match
80.8,0.0,73.879,-0.014715,Match
80.9,0.0,73.978,-0.033354,Match
81.0,0.0,74.084,-0.01962,Match
81.1,0.0,74.175,-0.004905,Match
81.2,0.0,74.302,-0.028449,Match
81.3,0.0,74.373,0.0,Match
81.4,0.0,74.472,-0.043164,Match
81.5,0.0,74.571,-0.004905,Match
81.6,0.0,74.67,-0.01962,Match
81.7,0.0,74.768,-0.004905,Match
81.8,0.0,74.9,-0.014715,Match
81.9,0.0,74.966,0.0,Match
82.0,0.0,75.065,-0.004905,Match
82.1,0.0,75.164,-0.00981,Match
82.2,0.0,75.304,-0.004905,Match
82.3,0.0,75.361,-0.004905,Match
82.4,0.0,75.46,-0.00981,Match
82.5,0.0,75.558,-0.014715,Match
82.6,0.0,75.658,-0.023544,Match
82.7,0.0,75.763,-0.01962,Match
82.8,0.0,75.855,-0.014715,Match
82.9,0.0,75.983,-0.01962,Match
83.0,0.0,76.052,-0.004905,Match
83.1,0.0,76.152,-0.00981,Match
83.2,0.0,76.25,-0.00981,Match
83.3,0.0,76.367,-0.004905,Match
83.4,0.0,76.447,-0.014715,Match
83.5,0.0,76.582,-0.00981,Match
83.6,0.0,76.645,-0.014715,Match
83.7,0.0,76.744,-0.014715,Match
83.8,0.0,76.842,-0.00981,Match
83.9,0.0,76.956,0.004905,Match
84.0,0.0,77.04,-0.00981,Match
84.1,0.0,77.176,-0.004905,Match
84.2,0.0,77.238,-0.00981,Match
84.3,0.0,77.336,0.0,Match
84.4,0.0,77.436,-0.014715,Match
84.5,0.0,77.557,-0.014715,Match
84.6,0.0,77.633,0.0,Match
84.7,0.0,77.732,-0.00981,Match
84.8,0.0,77.831,-0.01962,Match
84.9,0.0,77.96,-0.00981,Match
85.0,0.0,78.028,-0.014715,Match
85.1,0.0,78.127,-0.014715,Match
85.2,0.0,78.226,-0.014715,Match
85.3,0.0,78.324,-0.01962,Match
85.4,0.0,78.423,-0.004905,Match
85.5,0.0,78.563,-0.00981,Match
85.6,0.0,78.621,-0.01962,Match
85.7,0.0,78.72,-0.01962,Match
85.8,0.0,78.818,-0.01962,Match
85.9,0.0,78.917,-0.014715,Match
86.0,0.0,79.016,-0.014715,Match
86.1,0.0,79.115,-0.00981,Match
86.2,0.0,79.213,-0.014715,Match
86.3,0.0,79.312,-0.01962,Match
86.4,0.0,79.411,-0.023544,Match
86.5,0.0,79.509,-0.004905,Match
86.6,0.0,79.614,-0.028449,Match
86.7,0.0,79.707,-0.01962,Match
86.8,0.0,79.805,0.004905,Match
86.9,0.0,79.905,-0.004905,Match
87.0,0.0,80.003,-0.00981,Match
87.1,0.0,80.102,-0.028449,Match
87.2,0.0,80.211,-0.023544,Match
87.3,0.0,80.3,0.01962,Match
87.4,0.0,80.433,-0.00981,Match
87.5,0.0,80.497,-0.00981,Match
87.6,0.0,80.597,0.0,Match
87.7,0.0,80.695,0.004905,Match
87.8,0.0,80.821,0.004905,Match
87.9,0.0,80.893,-0.038259,Match
88.0,0.0,80.991,-0.023544,Match
88.1,0.0,81.09,-0.014715,Match
88.2,0.0,81.188,-0.01962,Match
88.3,0.0,81.287,-0.01962,Match
88.4,0.0,81.412,0.0,Match
88.5,0.0,81.485,-0.004905,Match
88.6,0.0,81.583,-0.023544,Match
88.7,0.0,81.682,-0.004905,Match
88.8,0.0,81.781,-0.014715,Match
88.9,0.0,81.88,-0.014715,Match
89.0,0.0,82.002,0.004905,Match
89.1,0.0,82.077,-0.028449,Match
89.2,0.0,82.176,0.004905,Match
89.3,0.0,82.275,-0.004905,Match
89.4,0.0,82.373,0.0,Match
89.5,0.0,82.473,-0.00981,Match
89.6,0.0,82.571,0.004905,Match
89.7,0.0,82.67,-0.004905,Match
89.8,0.0,82.768,0.0,Match
89.9,0.0,82.891,-0.033354,Match
90.0,0.0,82.966,-0.004905,Match
90.1,0.0,83.064,-0.004905,Match
90.2,0.0,83.164,0.0,Match
90.3,0.0,83.271,-0.00981,Match
90.4,0.0,83.361,-0.014715,Match
90.5,0.0,83.501,-0.00981,Match
90.6,0.0,83.559,-0.014715,Match
90.7,0.0,83.669,-0.014715,Match
90.8,0.0,83.756,-0.01962,Match
90.9,0.0,83.887,-0.014715,Match
91.0,0.0,83.954,-0.004905,Match
91.1,0.0,84.052,-0.028449,Match
91.2,0.0,84.151,-0.004905,Match
91.3,0.0,84.25,0.0,Match
91.4,0.0,84.349,-0.01962,Match
91.5,0.0,84.48,-0.004905,Match
91.6,0.0,84.546,-0.00981,Match
91.7,0.0,84.645,-0.004905,Match
91.8,0.0,84.744,-0.00981,Match
91.9,0.0,84.843,0.0,Match
92.0,0.0,84.941,-0.00981,Match
92.1,0.0,85.062,-0.014715,Match
92.2,0.0,85.139,-0.023544,Match
92.3,0.0,85.237,-0.01962,Match
92.4,0.0,85.336,-0.014715,Match
92.5,0.0,85.435,-0.004905,Match
92.6,0.0,85.534,-0.004905,Match
92.7,0.0,85.632,-0.00981,Match
92.8,0.0,85.735,-0.00981,Match
92.9,0.0,85.831,-0.014715,Match
93.0,0.0,85.929,-0.014715,Match
93.1,0.0,86.028,-0.014715,Match
93.2,0.0,86.126,-0.01962,Match
93.3,0.0,86.225,0.0,Match
93.4,0.0,86.359,-0.00981,Match
93.5,0.0,86.423,-0.014715,Match
93.6,-0.1,86.523,-0.043164,Match
93.7,-0.2,86.621,-0.244269,Match
93.8,-0.3,86.743,-0.306072,Match
93.9,-0.4,86.819,-0.455184,Match
94.0,-0.5,86.918,-0.565056,Match
94.1,-0.6,87.016,-0.541512,Match
94.2,-0.7,87.123,-0.775971,Match
94.3,-0.7,87.214,-0.694548,Match
94.4,-0.7,87.34,-0.737712,Match
94.5,-0.7,87.411,-0.714168,Match
94.6,-0.7,87.51,-0.699453,Match
94.7,-0.7,87.609,-0.709263,Match
94.8,-0.7,87.707,-0.694548,Match
94.9,-0.7,87.807,-0.704358,Match
95.0,-0.628571,87.905,-0.714168,Match
95.1,-0.528571,88.004,-0.521892,Match
95.2,-0.428571,88.103,-0.455184,Match
95.3,-0.328571,88.201,-0.354141,Match
95.4,-0.228571,88.3,-0.272718,Match
95.5,-0.128571,88.4,-0.162846,Match
95.6,-0.028571,88.498,-0.01962,Match
95.7,0.0,-,-,Deletion
95.8,0.0,-,-,Deletion
95.9,0.0,88.597,0.004905,Match
96.0,0.0,88.696,-0.00981,Match
96.1,0.0,88.799,-0.066708,Match
96.2,0.0,88.893,0.061803,Match
96.3,0.0,88.992,-0.101043,Match
96.4,0.0,89.091,0.048069,Match
96.5,0.0,89.191,-0.066708,Match
96.6,0.0,89.288,-0.01962,Match
96.7,0.0,89.402,-0.004905,Match
96.8,0.0,89.485,-0.071613,Match
96.9,0.0,89.585,0.023544,Match
97.0,0.0,89.684,-0.048069,Match
97.1,0.0,89.782,0.033354,Match
97.2,0.0,89.881,-0.043164,Match
97.3,0.0,90.003,-0.033354,Match
97.4,0.0,90.078,0.023544,Match
97.5,0.0,90.177,0.01962,Match
97.6,0.02,90.275,0.01962,Match
97.7,0.12,-,-,Deletion
97.8,0.22,90.388,0.148131,Match
97.9,0.32,90.472,0.315882,Match
98.0,0.42,90.604,0.349236,Match
98.1,0.52,90.669,0.469899,Match
98.2,0.62,90.768,0.555246,Match
98.3,0.7,90.867,0.709263,Match
98.4,0.7,90.996,0.661194,Match
98.5,0.7,91.065,0.742617,Match
98.6,0.7,91.163,0.661194,Match
98.7,0.7,91.262,0.718092,Match
98.8,0.7,91.391,0.666099,Match
98.9,0.7,91.459,0.704358,Match
99.0,0.7,91.557,0.679833,Match
99.1,0.608571,91.657,0.560151,Match
99.2,0.508571,91.755,0.464994,Match
99.3,0.408571,91.853,0.335502,Match
99.4,0.308571,91.953,0.292338,Match
99.5,0.208571,92.051,0.119682,Match
99.6,0.108571,92.15,0.057879,Match
-,-,92.249,-0.043164,Insertion
99.7,0.008571,92.347,0.048069,Match
99.8,0.0,92.462,-0.052974,Match
99.9,0.0,92.544,-0.004905,Match
100.0,0.0,92.643,-0.004905,Match
100.1,0.0,92.742,0.028449,Match
100.2,0.0,92.841,-0.028449,Match
100.3,0.0,92.939,-0.038259,Match
100.4,0.0,93.05,0.00981,Match
100.5,0.0,93.137,0.014715,Match
100.6,0.0,93.271,-0.01962,Match
100.7,0.0,93.334,-0.023544,Match
100.8,0.0,93.433,-0.033354,Match
100.9,0.0,93.531,0.014715,Match
101.0,0.0,93.637,-0.004905,Match
101.1,0.0,93.729,-0.033354,Match
101.2,0.0,93.857,-0.023544,Match
101.3,0.0,93.927,0.004905,Match
101.4,0.0,94.025,0.028449,Match
101.5,0.0,94.123,-0.048069,Match
101.6,0.0,94.227,-0.01962,Match
101.7,0.0,94.321,-0.00981,Match
101.8,0.0,94.446,0.023544,Match
101.9,0.0,94.518,-0.038259,Match
102.0,0.0,94.617,-0.048069,Match
102.1,0.0,94.715,0.023544,Match
-,-,94.839,0.153036,Insertion
-,-,94.912,0.162846,Insertion
-,-,95.012,0.224649,Insertion
-,-,95.111,0.066708,Insertion
-,-,95.209,0.066708,Insertion
102.2,0.0,95.309,-0.023544,Match
102.3,0.0,95.407,0.004905,Match
102.4,0.0,95.505,-0.00981,Match
102.5,0.0,95.604,0.0,Match
102.6,0.0,95.703,-0.014715,Match
102.7,0.0,95.801,-0.00981,Match
102.8,0.0,95.901,-0.00981,Match
102.9,0.0,95.999,-0.01962,Match
103.0,0.0,96.105,-0.01962,Match
103.1,0.0,96.197,-0.014715,Match
103.2,0.0,96.321,-0.014715,Match
103.3,0.0,96.394,-0.014715,Match
103.4,0.0,96.493,-0.01962,Match
103.5,0.0,96.592,0.0,Match
103.6,0.0,96.692,-0.00981,Match
103.7,0.0,96.789,-0.028449,Match
103.8,0.0,96.914,0.0,Match
103.9,0.0,96.987,-0.014715,Match
104.0,0.0,97.086,-0.023544,Match
104.1,0.0,97.185,-0.00981,Match
104.2,0.0,97.29,-0.057879,Match
104.3,0.0,97.382,-0.01962,Match
104.4,0.0,97.527,-0.00981,Match
104.5,0.0,97.58,-0.033354,Match
104.6,0.0,97.69,-0.014715,Match
104.7,0.0,97.778,-0.014715,Match
104.8,0.0,97.906,-0.033354,Match
104.9,0.0,97.975,-0.00981,Match
105.0,0.0,98.073,0.00981,Match
105.1,0.0,98.173,-0.014715,Match
105.2,0.0,98.272,-0.033354,Match
105.3,0.0,98.37,-0.028449,Match
105.4,0.0,98.468,0.023544,Match
105.5,0.0,98.567,-0.028449,Match
105.6,0.0,98.666,-0.048069,Match
105.7,0.0,98.765,-0.01962,Match
105.8,0.0,98.864,-0.014715,Match
105.9,0.0,98.963,0.004905,Match
106.0,0.0,99.062,-0.028449,Match
106.1,0.0,99.16,-0.028449,Match
106.2,0.0,99.259,-0.014715,Match
106.3,0.0,99.365,-0.023544,Match
106.4,0.0,99.456,-0.004905,Match
106.5,0.0,99.555,-0.00981,Match
106.6,0.0,99.653,-0.01962,Match
106.7,0.0,99.757,-0.014715,Match
106.8,0.0,99.851,-0.01962,Match
106.9,0.0,99.977,-0.014715,Match
107.0,0.0,100.049,-0.01962,Match
107.1,0.0,100.149,-0.014715,Match
107.2,0.0,100.246,-0.00981,Match
107.3,0.0,100.351,-0.00981,Match
107.4,0.0,100.444,-0.014715,Match
107.5,0.0,100.576,-0.014715,Match
107.6,0.0,100.642,-0.004905,Match
107.7,0.0,100.74,0.01962,Match
107.8,0.0,100.84,-0.014715,Match
107.9,0.0,100.964,-0.00981,Match
108.0,0.0,101.037,-0.01962,Match
108.1,0.0,101.136,-0.00981,Match
108.2,0.0,101.235,-0.004905,Match
108.3,0.0,101.346,-0.004905,Match
108.4,0.0,101.432,-0.023544,Match
108.5,0.0,101.565,0.0,Match
108.6,0.0,101.63,0.0,Match
108.7,0.0,101.729,-0.00981,Match
108.8,0.0,101.828,-0.00981,Match
108.9,0.0,101.927,-0.01962,Match
109.0,0.0,102.025,-0.01962,Match
109.1,0.0,102.124,-0.014715,Match
109.2,0.0,102.223,0.004905,Match
109.3,0.0,102.321,-0.00981,Match
109.4,0.0,102.42,-0.00981,Match
109.5,0.0,102.52,-0.014715,Match
109.6,0.0,102.618,-0.014715,Match
109.7,0.0,102.716,0.0,Match
109.8,0.0,102.815,-0.00981,Match
109.9,0.0,102.914,-0.00981,Match
110.0,0.0,103.013,-0.014715,Match
110.1,0.0,103.113,-0.014715,Match
110.2,0.0,103.215,-0.014715,Match
110.3,0.0,103.31,-0.023544,Match
110.4,0.0,103.439,-0.00981,Match
110.5,0.0,103.507,-0.043164,Match
110.6,0.0,103.606,-0.023544,Match
110.7,0.0,103.704,-0.028449,Match
110.8,0.0,103.827,-0.048069,Match
110.9,0.0,103.902,-0.028449,Match
111.0,0.0,104.0,-0.028449,Match
111.1,0.0,104.1,-0.00981,Match
111.2,0.0,104.232,-0.00981,Match
111.3,0.0,104.297,-0.01962,Match
111.4,0.0,104.4,-0.028449,Match
111.5,0.0,104.495,-0.00981,Match
111.6,0.0,104.631,-0.004905,Match
111.7,0.0,104.692,-0.023544,Match
111.8,0.0,104.791,-0.038259,Match
111.9,0.0,104.89,-0.028449,Match
112.0,0.0,105.004,-0.01962,Match
112.1,0.0,105.088,-0.004905,Match
112.2,0.0,105.218,0.014715,Match
112.3,0.0,105.285,-0.00981,Match
112.4,0.0,105.384,-0.004905,Match
112.5,0.0,105.482,-0.014715,Match
112.6,0.0,105.582,-0.028449,Match
112.7,0.0,105.68,-0.014715,Match
112.8,0.0,105.779,0.0,Match
112.9,0.0,105.878,-0.033354,Match
113.0,0.0,105.977,0.004905,Match
113.1,0.0,106.075,-0.028449,Match
113.2,0.0,106.174,-0.00981,Match
113.3,0.0,106.273,0.004905,Match
113.4,0.0,106.372,-0.004905,Match
113.5,0.0,106.471,-0.004905,Match
113.6,0.0,106.569,-0.038259,Match
113.7,0.0,106.691,-0.01962,Match
113.8,0.0,106.766,-0.004905,Match
113.9,0.0,106.865,0.0,Match
114.0,0.0,106.964,-0.014715,Match
114.1,0.0,107.063,-0.014715,Match
114.2,0.0,107.162,-0.004905,Match
114.3,0.0,107.284,0.0,Match
114.4,0.0,107.359,-0.004905,Match
114.5,0.0,107.458,-0.014715,Match
114.6,0.0,107.556,-0.00981,Match
114.7,0.0,107.673,0.0,Match
114.8,0.0,107.755,-0.004905,Match
114.9,0.0,107.853,-0.00981,Match
115.0,0.0,107.951,-0.01962,Match
115.1,0.0,108.05,-0.00981,Match
115.2,0.0,108.15,-0.004905,Match
115.3,0.0,108.276,-0.00981,Match
115.4,0.0,108.347,-0.01962,Match
115.5,0.0,108.445,-0.01962,Match
115.6,0.0,108.544,-0.00981,Match
115.7,0.0,108.643,-0.00981,Match
115.8,0.0,108.742,-0.01962,Match
115.9,0.0,108.87,-0.028449,Match
116.0,0.0,108.939,-0.014715,Match
116.1,0.0,109.039,-0.014715,Match
116.2,0.0,109.136,-0.00981,Match
116.3,0.0,109.236,-0.01962,Match
116.4,0.0,109.335,-0.014715,Match
116.5,0.0,109.433,0.014715,Match
116.6,0.0,109.548,-0.00981,Match
116.7,0.0,109.632,0.0,Match
116.8,0.0,109.729,0.0,Match
116.9,0.0,109.828,-0.014715,Match
117.0,0.0,109.933,-0.00981,Match
117.1,0.0,110.026,-0.01962,Match
117.2,0.0,110.153,-0.014715,Match
117.3,0.0,110.224,-0.023544,Match
117.4,0.0,110.322,-0.01962,Match
117.5,0.0,110.421,-0.00981,Match
117.6,0.0,110.542,-0.00981,Match
117.7,0.0,110.619,-0.00981,Match
117.8,0.0,110.718,-0.014715,Match
117.9,0.0,110.817,-0.004905,Match
118.0,0.1,110.921,-0.00981,Match
118.1,0.2,111.014,0.119682,Match
118.2,0.3,111.144,0.244269,Match
118.3,0.4,111.212,0.354141,Match
118.4,0.5,111.31,0.503253,Match
118.5,0.6,111.41,0.536607,Match
118.6,0.7,111.514,0.737712,Match
118.7,0.7,111.607,0.714168,Match
118.8,0.7,111.732,0.722997,Match
118.9,0.7,111.805,0.709263,Match
119.0,0.7,111.903,0.699453,Match
119.1,0.7,112.002,0.699453,Match
119.2,0.7,112.101,0.699453,Match
119.3,0.7,112.199,0.694548,Match
119.4,0.628571,112.323,0.737712,Match
119.5,0.528571,112.397,0.61803,Match
119.6,0.428571,112.496,0.455184,Match
119.7,0.328571,112.594,0.407115,Match
119.8,0.228571,112.694,0.244269,Match
119.9,0.128571,112.791,0.172656,Match
120.0,0.028571,112.891,0.134397,Match
120.1,0.0,-,-,Deletion
120.2,0.0,-,-,Deletion
120.3,0.0,-,-,Deletion
120.4,0.0,112.991,-0.086328,Match
120.5,0.0,113.088,0.00981,Match
120.6,0.0,113.203,0.023544,Match
120.7,0.0,113.286,-0.023544,Match
120.8,0.0,113.385,0.0,Match
120.9,0.0,113.483,-0.052974,Match
121.0,0.0,113.591,-0.004905,Match
121.1,0.0,113.682,0.028449,Match
121.2,0.0,113.81,-0.038259,Match
121.3,0.0,113.878,-0.066708,Match
121.4,0.0,113.977,-0.023544,Match
121.5,0.0,114.076,-0.028449,Match
121.6,0.0,114.195,0.014715,Match
121.7,0.0,114.274,-0.033354,Match
121.8,0.0,114.372,0.00981,Match
121.9,0.0,114.471,-0.081423,Match
122.0,-0.02,114.572,0.076518,Match
122.1,-0.12,114.668,-0.104967,Match
122.2,-0.22,114.804,-0.162846,Match
122.3,-0.32,114.865,-0.349236,Match
122.4,-0.42,114.966,-0.368856,Match
122.5,-0.52,115.063,-0.503253,Match
122.6,-0.62,115.197,-0.61803,Match
122.7,-0.7,115.261,-0.666099,Match
122.8,-0.7,115.36,-0.732807,Match
122.9,-0.7,115.458,-0.646479,Match
123.0,-0.7,115.588,-0.709263,Match
123.1,-0.7,115.656,-0.714168,Match
123.2,-0.7,115.754,-0.714168,Match
123.3,-0.7,115.854,-0.704358,Match
123.4,-0.7,115.952,-0.718092,Match
123.5,-0.608571,116.05,-0.60822,Match
123.6,-0.508571,116.15,-0.478728,Match
123.7,-0.408571,116.249,-0.388476,Match
123.8,-0.308571,116.347,-0.277623,Match
123.9,-0.208571,116.445,-0.191295,Match
124.0,-0.108571,116.544,-0.048069,Match
124.1,-0.008571,116.643,-0.01962,Match
124.2,0.0,116.742,0.004905,Match
-,-,116.848,-0.076518,Insertion
-,-,116.94,0.038259,Insertion
124.3,0.0,117.038,-0.004905,Match
124.4,0.0,117.137,0.0,Match
124.5,0.0,117.235,-0.048069,Match
124.6,0.0,117.334,-0.00981,Match
124.7,0.0,117.439,0.00981,Match
124.8,0.0,117.532,0.0,Match
124.9,0.0,117.63,-0.043164,Match
125.0,0.0,117.73,-0.004905,Match
125.1,0.0,117.828,-0.004905,Match
125.2,0.0,117.927,0.023544,Match
125.3,0.0,118.036,-0.038259,Match
125.4,0.0,118.124,-0.014715,Match
125.5,0.0,118.258,0.004905,Match
125.6,0.0,118.322,-0.014715,Match
125.7,0.0,118.421,-0.028449,Match
125.8,0.0,118.52,-0.043164,Match
125.9,0.0,118.64,0.00981,Match
126.0,0.0,118.717,0.004905,Match
126.1,0.0,118.816,0.00981,Match
126.2,0.0,118.915,-0.052974,Match
126.3,0.0,119.013,-0.014715,Match
126.4,0.0,119.112,0.01962,Match
126.5,0.0,119.211,-0.023544,Match
126.6,0.0,119.309,-0.043164,Match
-,-,119.408,-0.119682,Insertion
-,-,119.507,-0.177561,Insertion
-,-,119.605,-0.258984,Insertion
-,-,119.704,-0.157941,Insertion
-,-,119.803,-0.096138,Insertion
126.7,0.0,119.902,-0.01962,Match
126.8,0.0,120.001,-0.014715,Match
126.9,0.0,120.099,-0.028449,Match
127.0,0.0,120.198,-0.01962,Match
127.1,0.0,120.297,-0.01962,Match
127.2,0.0,120.396,-0.014715,Match
127.3,0.0,120.509,-0.00981,Match
127.4,0.0,120.593,-0.004905,Match
127.5,0.0,120.692,-0.023544,Match
127.6,0.0,120.79,-0.01962,Match
127.7,0.0,120.889,-0.00981,Match
127.8,0.0,120.988,-0.014715,Match
127.9,0.0,121.093,-0.00981,Match
128.0,0.0,121.186,-0.023544,Match
128.1,0.0,121.316,-0.023544,Match
128.2,0.0,121.382,-0.014715,Match
128.3,0.0,121.486,-0.023544,Match
128.4,0.0,121.581,-0.01962,Match
128.5,0.0,121.718,-0.00981,Match
128.6,0.0,121.778,-0.01962,Match
128.7,0.0,121.877,0.0,Match
128.8,0.0,121.976,-0.01962,Match
128.9,0.0,122.081,-0.038259,Match
129.0,0.0,122.173,-0.00981,Match
129.1,0.0,122.296,-0.014715,Match
129.2,0.0,122.37,-0.023544,Match
129.3,0.0,122.47,-0.023544,Match
129.4,0.0,122.568,0.004905,Match
129.5,0.0,122.667,0.0,Match
129.6,0.0,122.766,0.00981,Match
129.7,0.0,122.864,-0.014715,Match
129.8,0.0,122.963,-0.00981,Match
129.9,0.0,123.062,0.014715,Match
130.0,0.0,123.166,-0.014715,Match
130.1,0.0,123.259,-0.014715,Match
130.2,0.0,123.358,-0.023544,Match
130.3,0.0,123.457,-0.023544,Match
130.4,0.0,123.555,-0.01962,Match
130.5,0.0,123.654,-0.00981,Match
130.6,0.0,123.759,0.00981,Match
130.7,0.0,123.851,0.0,Match
130.8,0.0,123.991,-0.014715,Match
130.9,0.0,124.049,-0.00981,Match
131.0,0.0,124.149,-0.004905,Match
131.1,0.0,124.247,-0.004905,Match
131.2,0.0,124.36,-0.014715,Match
131.3,0.0,124.444,0.004905,Match
131.4,0.0,124.542,-0.00981,Match
131.5,0.0,124.64,-0.004905,Match
131.6,0.0,124.75,-0.01962,Match
131.7,0.0,124.839,0.0,Match
131.8,0.0,124.973,-0.004905,Match
131.9,0.0,125.038,-0.014715,Match
132.0,0.0,125.141,-0.01962,Match
132.1,0.0,125.233,-0.014715,Match
132.2,0.0,125.363,-0.023544,Match
132.3,0.0,125.43,-0.014715,Match
132.4,0.0,125.529,-0.00981,Match
132.5,0.0,125.627,-0.014715,Match
132.6,0.0,125.726,-0.00981,Match
132.7,0.0,125.825,-0.00981,Match
132.8,0.0,125.962,-0.014715,Match
132.9,0.0,126.022,-0.014715,Match
133.0,0.0,126.121,-0.014715,Match
133.1,0.0,126.22,-0.014715,Match
133.2,0.0,126.353,-0.004905,Match
133.3,0.0,126.417,-0.00981,Match
133.4,0.0,126.516,-0.014715,Match
133.5,0.0,126.614,-0.00981,Match
133.6,0.0,126.713,-0.00981,Match
133.7,0.0,126.812,-0.00981,Match
133.8,0.0,126.911,-0.014715,Match
133.9,0.0,127.009,-0.00981,Match
134.0,0.0,127.108,-0.014715,Match
134.1,0.0,127.207,-0.014715,Match
134.2,0.0,127.306,-0.014715,Match
134.3,0.0,127.404,-0.014715,Match
134.4,0.0,127.503,-0.01962,Match
134.5,0.0,127.63,-0.014715,Match
134.6,0.0,127.701,0.0,Match
134.7,0.0,127.799,-0.014715,Match
134.8,0.0,127.898,-0.00981,Match
134.9,0.0,128.003,-0.01962,Match
135.0,0.0,128.095,-0.048069,Match
135.1,0.0,128.223,-0.01962,Match
135.2,0.0,128.293,-0.023544,Match
135.3,0.0,128.391,0.01962,Match
135.4,0.0,128.49,0.00981,Match
135.5,0.0,128.589,-0.023544,Match
135.6,0.0,128.687,-0.014715,Match
135.7,0.0,128.81,-0.004905,Match
135.8,0.0,128.885,-0.00981,Match
135.9,0.0,128.984,-0.00981,Match
136.0,0.0,129.082,0.0,Match
136.1,0.0,129.18,-0.004905,Match
136.2,0.0,129.279,-0.028449,Match
136.3,0.0,129.378,-0.004905,Match
136.4,0.0,129.477,-0.004905,Match
136.5,0.0,129.576,-0.01962,Match
136.6,0.0,129.674,-0.00981,Match
136.7,0.0,129.773,-0.00981,Match
136.8,0.0,129.872,0.0,Match
136.9,0.0,129.97,-0.004905,Match
137.0,0.0,130.08,0.0,Match
137.1,0.0,130.168,-0.033354,Match
137.2,0.0,130.266,-0.023544,Match
137.3,0.0,130.365,-0.01962,Match
137.4,0.0,130.47,-0.00981,Match
137.5,0.0,130.562,-0.01962,Match
137.6,0.0,130.686,-0.004905,Match
137.7,0.0,130.76,-0.014715,Match
137.8,0.0,130.858,-0.004905,Match
137.9,0.0,130.957,-0.01962,Match
138.0,0.0,131.077,-0.00981,Match
138.1,0.0,131.154,0.004905,Match
138.2,0.0,131.253,-0.00981,Match
138.3,0.0,131.351,0.0,Match
138.4,0.0,131.45,-0.023544,Match
138.5,0.0,131.549,-0.014715,Match
138.6,0.0,131.671,-0.00981,Match
138.7,0.0,131.746,-0.01962,Match
138.8,0.0,131.844,-0.028449,Match
138.9,0.0,131.943,-0.023544,Match
139.0,0.0,132.066,-0.01962,Match
139.1,0.0,132.141,-0.023544,Match
139.2,0.0,132.239,-0.00981,Match
139.3,0.0,132.338,-0.01962,Match
139.4,0.0,132.436,-0.01962,Match
139.5,0.0,132.535,-0.004905,Match
139.6,0.0,132.635,0.0,Match
139.7,0.0,132.733,-0.01962,Match
139.8,0.0,132.831,-0.00981,Match
139.9,0.0,132.934,0.004905,Match
140.0,0.0,133.029,-0.004905,Match
140.1,0.0,133.128,-0.014715,Match
140.2,0.0,133.226,-0.004905,Match
140.3,0.0,133.324,-0.01962,Match
140.4,0.0,133.423,-0.014715,Match
140.5,0.0,133.543,-0.004905,Match
140.6,0.0,133.621,-0.014715,Match
140.7,0.0,133.719,-0.00981,Match
140.8,0.0,133.817,-0.00981,Match
140.9,0.0,133.928,-0.00981,Match
141.0,0.0,134.015,-0.014715,Match
141.1,0.0,134.114,-0.01962,Match
141.2,0.0,134.213,-0.014715,Match
141.3,0.0,134.312,-0.023544,Match
141.4,0.0,134.41,-0.00981,Match
141.5,0.0,134.511,-0.01962,Match
141.6,0.0,134.609,-0.004905,Match
141.7,0.0,134.727,-0.004905,Match
141.8,0.0,134.806,-0.038259,Match
141.9,0.0,134.904,-0.038259,Match
142.0,0.0,135.003,0.0,Match
142.1,0.0,135.103,-0.01962,Match
142.2,0.0,135.201,0.0,Match
142.3,0.1,135.324,0.057879,Match
142.4,0.2,135.399,0.220725,Match
142.5,0.3,135.497,0.272718,Match
142.6,0.4,135.596,0.435564,Match
142.7,0.5,135.728,0.551322,Match
142.8,0.6,135.793,0.61803,Match
142.9,0.7,135.892,0.761256,Match
143.0,0.7,135.991,0.671004,Match
143.1,0.7,136.09,0.737712,Match
143.2,0.7,136.188,0.679833,Match
143.3,0.7,136.318,0.722997,Match
143.4,0.7,136.387,0.689643,Match
143.5,0.7,136.485,0.661194,Match
143.6,0.7,136.584,0.709263,Match
143.7,0.628571,136.682,0.641574,Match
143.8,0.528571,136.781,0.498348,Match
143.9,0.428571,136.88,0.42183,Match
144.0,0.328571,136.979,0.320787,Match
144.1,0.228571,137.077,0.201105,Match
144.2,0.128571,137.184,0.109872,Match
144.3,0.028571,-,-,Deletion
144.4,0.0,-,-,Deletion
144.5,0.0,137.275,0.014715,Match
144.6,0.0,137.405,-0.023544,Match
144.7,0.0,137.473,-0.01962,Match
144.8,0.0,137.571,-0.01962,Match
144.9,0.0,137.67,-0.004905,Match
145.0,0.0,137.792,-0.033354,Match
145.1,0.0,137.868,0.01962,Match
145.2,0.0,138.005,-0.101043,Match
145.3,0.0,138.065,0.043164,Match
145.4,0.0,138.164,-0.048069,Match
145.5,0.0,138.263,0.086328,Match
145.6,0.0,138.379,-0.091233,Match
145.7,0.0,138.461,0.004905,Match
145.8,0.0,138.559,-0.043164,Match
145.9,0.0,138.658,0.023544,Match
146.0,0.0,138.774,-0.028449,Match
146.1,0.0,138.856,-0.01962,Match
146.2,0.0,138.997,0.0,Match
146.3,-0.02,-,-,Deletion
146.4,-0.12,139.053,-0.048069,Match
146.5,-0.22,139.159,-0.234459,Match
146.6,-0.32,139.251,-0.277623,Match
146.7,-0.42,139.38,-0.40221,Match
146.8,-0.52,139.449,-0.503253,Match
146.9,-0.62,139.547,-0.569961,Match
147.0,-0.7,139.646,-0.732807,Match
147.1,-0.7,139.745,-0.679833,Match
147.2,-0.7,139.844,-0.679833,Match
147.3,-0.7,139.943,-0.694548,Match
147.4,-0.7,140.041,-0.709263,Match
147.5,-0.7,140.14,-0.679833,Match
147.6,-0.7,140.238,-0.684738,Match
147.7,-0.7,140.337,-0.666099,Match
147.8,-0.608571,140.437,-0.551322,Match
147.9,-0.508571,140.535,-0.460089,Match
148.0,-0.408571,140.635,-0.363951,Match
148.1,-0.308571,140.733,-0.267813,Match
148.2,-0.208571,140.832,-0.096138,Match
148.3,-0.108571,140.931,-0.086328,Match
148.4,-0.008571,141.033,0.004905,Match
148.5,0.0,141.128,-0.043164,Match
-,-,141.227,0.052974,Insertion
148.6,0.0,141.326,-0.043164,Match
148.7,0.0,141.429,-0.01962,Match
148.8,0.0,141.523,-0.014715,Match
148.9,0.0,141.646,0.01962,Match
149.0,0.0,141.721,0.0,Match
149.1,0.0,141.82,-0.048069,Match
149.2,0.0,141.919,-0.023544,Match
149.3,0.0,142.02,0.023544,Match
149.4,0.0,142.116,0.00981,Match
149.5,0.0,142.24,-0.01962,Match
149.6,0.0,142.314,-0.048069,Match
149.7,0.0,142.413,0.023544,Match
149.8,0.0,142.511,0.014715,Match
149.9,0.0,142.61,-0.004905,Match
150.0,0.0,142.709,-0.033354,Match
150.1,0.0,142.844,0.00981,Match
150.2,0.0,142.907,0.028449,Match
150.3,0.0,143.006,-0.023544,Match
150.4,0.0,143.104,-0.028449,Match
150.5,0.0,143.203,-0.00981,Match
150.6,0.0,143.302,0.038259,Match
150.7,0.0,143.438,-0.01962,Match
150.8,0.0,143.499,-0.052974,Match
-,-,143.598,-0.086328,Insertion
-,-,143.696,-0.148131,Insertion
-,-,143.795,-0.20601,Insertion
-,-,143.894,-0.162846,Insertion
-,-,143.992,-0.104967,Insertion
150.9,0.0,144.092,-0.043164,Match
151.0,0.0,144.19,-0.004905,Match
151.1,0.0,144.289,-0.01962,Match
151.2,0.0,144.387,-0.00981,Match
151.3,0.0,144.51,-0.004905,Match
151.4,0.0,144.585,-0.014715,Match
151.5,0.0,144.685,0.0,Match
151.6,0.0,144.782,-0.004905,Match
151.7,0.0,144.885,-0.00981,Match
151.8,0.0,144.98,-0.00981,Match
151.9,0.0,145.112,-0.004905,Match
152.0,0.0,145.178,-0.014715,Match
152.1,0.0,145.277,-0.004905,Match
152.2,0.0,145.375,-0.004905,Match
152.3,0.0,145.487,-0.033354,Match
152.4,0.0,145.573,-0.00981,Match
152.5,0.0,145.707,-0.00981,Match
152.6,0.0,145.771,-0.023544,Match
152.7,0.0,145.869,-0.004905,Match
152.8,0.0,145.968,-0.014715,Match
152.9,0.0,146.09,0.004905,Match
153.0,0.0,146.166,-0.00981,Match
153.1,0.0,146.264,-0.014715,Match
153.2,0.0,146.363,0.0,Match
153.3,0.0,146.462,-0.004905,Match
153.4,0.0,146.561,0.004905,Match
153.5,0.0,146.66,-0.004905,Match
153.6,0.0,146.759,-0.023544,Match
153.7,0.0,146.89,-0.023544,Match
153.8,0.0,146.956,-0.01962,Match
153.9,0.0,147.055,-0.014715,Match
154.0,0.0,147.152,-0.033354,Match
154.1,0.0,147.252,0.038259,Match
154.2,0.0,147.351,0.004905,Match
154.3,0.0,147.487,0.0,Match
154.4,0.0,147.548,0.004905,Match
154.5,0.0,147.647,0.004905,Match
154.6,0.0,147.768,-0.004905,Match
154.7,0.0,147.845,0.0,Match
154.8,0.0,147.943,-0.014715,Match
154.9,0.0,148.042,-0.028449,Match
155.0,0.0,148.144,-0.014715,Match
155.1,0.0,148.24,-0.014715,Match
155.2,0.0,148.375,-0.004905,Match
155.3,0.0,148.438,-0.014715,Match
155.4,0.0,148.55,-0.00981,Match
155.5,0.0,148.635,0.004905,Match
155.6,0.0,148.733,-0.014715,Match
155.7,0.0,148.832,-0.00981,Match
155.8,0.0,148.933,-0.014715,Match
155.9,0.0,149.03,-0.014715,Match
156.0,0.0,149.16,-0.014715,Match
156.1,0.0,149.228,-0.014715,Match
156.2,0.0,149.326,-0.01962,Match
156.3,0.0,149.425,-0.028449,Match
156.4,0.0,149.55,-0.00981,Match
156.5,0.0,149.623,0.0,Match
156.6,0.0,149.722,-0.014715,Match
156.7,0.0,149.82,-0.004905,Match
156.8,0.0,149.918,-0.014715,Match
156.9,0.0,150.018,-0.023544,Match
157.0,0.0,150.117,-0.014715,Match
157.1,0.0,150.215,-0.014715,Match
157.2,0.0,150.314,-0.01962,Match
157.3,0.0,150.412,-0.014715,Match
157.4,0.0,150.552,-0.00981,Match
157.5,0.0,150.61,-0.01962,Match
157.6,0.0,150.708,-0.014715,Match
157.7,0.0,150.808,-0.00981,Match
157.8,0.0,150.906,-0.01962,Match
157.9,0.0,151.005,-0.004905,Match
158.0,0.0,151.104,-0.023544,Match
158.1,0.0,151.22,-0.00981,Match
158.2,0.0,151.301,-0.00981,Match
158.3,0.0,151.399,-0.00981,Match
158.4,0.0,151.498,-0.01962,Match
158.5,0.0,151.614,-0.01962,Match
158.6,0.0,151.697,-0.00981,Match
158.7,0.0,151.795,-0.014715,Match
158.8,0.0,151.894,-0.01962,Match
158.9,0.0,151.993,-0.004905,Match
159.0,0.0,152.091,-0.014715,Match
159.1,0.0,152.214,-0.01962,Match
159.2,0.0,152.289,-0.00981,Match
159.3,0.0,152.386,0.014715,Match
159.4,0.0,152.485,-0.014715,Match
159.5,0.0,152.591,-0.014715,Match
159.6,0.0,152.683,-0.01962,Match
159.7,0.0,152.811,-0.014715,Match
159.8,0.0,152.881,-0.023544,Match
159.9,0.0,152.979,-0.004905,Match
160.0,0.0,153.078,0.0,Match
160.1,0.0,153.177,-0.023544,Match
160.2,0.0,153.276,-0.038259,Match
160.3,0.0,153.404,-0.023544,Match
160.4,0.0,153.473,-0.01962,Match
160.5,0.0,153.572,-0.00981,Match
160.6,0.0,153.671,-0.00981,Match
160.7,0.0,153.77,-0.01962,Match
160.8,0.0,153.868,0.0,Match
160.9,0.0,153.967,-0.004905,Match
161.0,0.0,154.065,-0.014715,Match
161.1,0.0,154.163,0.014715,Match
161.2,0.0,154.264,-0.014715,Match
161.3,0.0,154.362,-0.00981,Match
161.4,0.0,154.484,-0.014715,Match
161.5,0.0,154.559,-0.00981,Match
161.6,0.0,154.658,-0.00981,Match
161.7,0.0,154.757,-0.00981,Match
161.8,0.0,154.882,-0.014715,Match
161.9,0.0,154.954,0.0,Match
162.0,0.0,155.053,-0.00981,Match
162.1,0.0,155.151,-0.028449,Match
162.2,0.0,155.255,-0.01962,Match
162.3,0.0,155.35,-0.014715,Match
162.4,0.0,155.47,-0.004905,Match
162.5,0.0,155.547,0.00981,Match
162.6,0.0,155.685,-0.033354,Match
162.7,0.0,155.745,-0.00981,Match
162.8,0.0,155.844,-0.00981,Match
162.9,0.0,155.942,-0.004905,Match
163.0,0.0,156.065,-0.00981,Match
163.1,0.0,156.14,-0.00981,Match
163.2,0.0,156.239,-0.004905,Match
163.3,0.0,156.337,-0.004905,Match
163.4,0.0,156.465,0.0,Match
163.5,0.0,156.535,0.004905,Match
163.6,0.0,156.634,-0.004905,Match
163.7,0.0,156.733,-0.00981,Match
163.8,0.0,156.832,-0.01962,Match
163.9,0.0,156.93,-0.00981,Match
164.0,0.0,157.05,-0.004905,Match
164.1,0.0,157.128,-0.004905,Match
164.2,0.0,157.227,-0.01962,Match
164.3,0.0,157.325,-0.01962,Match
164.4,0.0,157.424,-0.014715,Match
164.5,0.0,157.522,-0.043164,Match
164.6,0.0,157.622,-0.033354,Match
164.7,0.0,157.721,-0.014715,Match
164.8,0.0,157.819,-0.01962,Match
164.9,0.0,157.922,-0.014715,Match
165.0,0.0,158.017,-0.00981,Match
165.1,0.0,158.116,-0.014715,Match
165.2,0.0,158.214,-0.014715,Match
165.3,0.0,158.313,-0.004905,Match
165.4,0.0,158.412,-0.00981,Match
165.5,0.0,158.524,-0.014715,Match
165.6,0.0,158.609,-0.00981,Match
165.7,0.0,158.708,-0.01962,Match
165.8,0.0,158.807,-0.071613,Match
165.9,0.0,158.907,-0.048069,Match
166.0,0.0,159.004,-0.023544,Match
166.1,0.0,159.127,-0.01962,Match
166.2,0.0,159.202,-0.01962,Match
166.3,0.0,159.3,-0.014715,Match
166.4,0.0,159.399,-0.01962,Match
166.5,0.0,159.513,-0.014715,Match
166.6,0.0,159.597,-0.00981,Match
166.7,0.0,159.739,-0.00981,Match
166.8,0.0,159.794,-0.00981,Match
166.9,0.1,159.893,0.004905,Match
167.0,0.2,159.992,0.234459,Match
167.1,0.3,160.09,0.272718,Match
167.2,0.4,160.19,0.430659,Match
167.3,0.5,160.288,0.526797,Match
167.4,0.6,160.387,0.593505,Match
167.5,0.7,160.486,0.752427,Match
167.6,0.7,160.584,0.671004,Match
167.7,0.7,160.683,0.704358,Match
167.8,0.7,160.782,0.709263,Match
167.9,0.7,160.881,0.661194,Match
168.0,0.7,160.98,0.737712,Match
168.1,0.7,161.079,0.709263,Match
168.2,0.7,161.177,0.714168,Match
168.3,0.628571,161.276,0.656289,Match
168.4,0.528571,161.375,0.574866,Match
168.5,0.428571,161.474,0.435564,Match
168.6,0.328571,161.575,0.359046,Match
168.7,0.228571,161.672,0.263889,Match
168.8,0.128571,161.787,0.109872,Match
168.9,0.028571,161.869,0.076518,Match
169.0,0.0,-,-,Deletion
169.1,0.0,-,-,Deletion
169.2,0.0,162.006,-0.038259,Match
169.3,0.0,162.066,-0.028449,Match
169.4,0.0,162.165,0.052974,Match
169.5,0.0,162.264,-0.014715,Match
169.6,0.0,162.38,0.043164,Match
169.7,0.0,162.462,-0.048069,Match
169.8,0.0,162.6,-0.033354,Match
169.9,0.0,162.66,0.01962,Match
170.0,0.0,162.768,-0.033354,Match
170.1,0.0,162.857,0.048069,Match
170.2,0.0,162.988,-0.076518,Match
170.3,0.0,163.055,0.028449,Match
170.4,0.0,163.154,-0.01962,Match
170.5,0.0,163.252,0.033354,Match
170.6,0.0,163.351,-0.01962,Match
170.7,0.0,163.45,-0.028449,Match
170.8,0.0,163.549,-0.043164,Match
170.9,-0.02,163.647,-0.014715,Match
171.0,-0.12,-,-,Deletion
171.1,-0.22,163.747,-0.162846,Match
171.2,-0.32,163.845,-0.277623,Match
171.3,-0.42,163.944,-0.407115,Match
171.4,-0.52,164.043,-0.464994,Match
171.5,-0.62,164.183,-0.569961,Match
171.6,-0.7,164.24,-0.709263,Match
171.7,-0.7,164.339,-0.732807,Match
171.8,-0.7,164.437,-0.727902,Match
171.9,-0.7,164.537,-0.766161,Match
172.0,-0.7,164.635,-0.709263,Match
172.1,-0.7,164.734,-0.694548,Match
172.2,-0.7,164.832,-0.714168,Match
172.3,-0.7,164.931,-0.699453,Match
172.4,-0.608571,165.029,-0.569961,Match
172.5,-0.508571,165.129,-0.464994,Match
172.6,-0.408571,165.227,-0.430659,Match
172.7,-0.308571,165.326,-0.244269,Match
172.8,-0.208571,165.424,-0.210915,Match
172.9,-0.108571,165.523,-0.057879,Match
173.0,-0.008571,165.655,-0.033354,Match
173.1,0.0,165.721,0.004905,Match
-,-,165.822,0.038259,Insertion
-,-,165.919,-0.081423,Insertion
173.2,0.0,166.043,0.014715,Match
173.3,0.0,166.115,-0.023544,Match
173.4,0.0,166.215,0.033354,Match
173.5,0.0,166.313,-0.061803,Match
173.6,0.0,166.427,-0.014715,Match
173.7,0.0,166.511,0.0,Match
173.8,0.0,166.649,0.0,Match
173.9,0.0,166.709,-0.028449,Match
174.0,0.0,166.817,-0.043164,Match
174.1,0.0,166.907,0.00981,Match
174.2,0.0,167.033,0.0,Match
174.3,0.0,167.104,-0.014715,Match
174.4,0.0,167.202,-0.023544,Match
174.5,0.0,167.301,-0.00981,Match
174.6,0.0,167.4,0.028449,Match
174.7,0.0,167.499,-0.01962,Match
174.8,0.0,167.632,-0.028449,Match
174.9,0.0,167.697,-0.00981,Match
175.0,0.0,167.795,0.004905,Match
175.1,0.0,167.894,0.004905,Match
175.2,0.0,167.993,-0.052974,Match
175.3,0.0,168.092,-0.004905,Match
-,-,168.19,-0.086328,Insertion
-,-,168.288,-0.1962,Insertion
-,-,168.388,-0.282528,Insertion
-,-,168.501,-0.182466,Insertion
-,-,168.585,-0.091233,Insertion
175.4,0.0,168.684,-0.023544,Match
175.5,0.0,168.783,-0.01962,Match
175.6,0.0,168.882,-0.023544,Match
175.7,0.0,168.98,-0.00981,Match
175.8,0.0,169.092,-0.00981,Match
175.9,0.0,169.178,-0.00981,Match
176.0,0.0,169.276,-0.014715,Match
176.1,0.0,169.375,-0.014715,Match
176.2,0.0,169.489,-0.004905,Match
176.3,0.0,169.574,-0.00981,Match
176.4,0.0,169.706,-0.014715,Match
176.5,0.0,169.77,-0.004905,Match
176.6,0.0,169.869,-0.00981,Match
176.7,0.0,169.968,-0.00981,Match
176.8,0.0,170.067,0.0,Match
176.9,0.0,170.166,-0.014715,Match
177.0,0.0,170.298,-0.004905,Match
177.1,0.0,170.363,-0.01962,Match
177.2,0.0,170.462,-0.00981,Match
177.3,0.0,170.561,-0.004905,Match
177.4,0.0,170.659,-0.004905,Match
177.5,0.0,170.759,-0.014715,Match
177.6,0.0,170.857,-0.01962,Match
177.7,0.0,170.955,-0.028449,Match
177.8,0.0,171.054,-0.01962,Match
177.9,0.0,171.164,-0.004905,Match
178.0,0.0,171.252,-0.00981,Match
178.1,0.0,171.351,0.01962,Match
178.2,0.0,171.45,-0.004905,Match
178.3,0.0,171.549,-0.023544,Match
178.4,0.0,171.648,0.0,Match
178.5,0.0,171.754,0.004905,Match
178.6,0.0,171.845,-0.014715,Match
178.7,0.0,171.966,0.0,Match
178.8,0.0,172.043,0.0,Match
178.9,0.0,172.141,0.00981,Match
179.0,0.0,172.24,0.004905,Match
179.1,0.0,172.344,-0.00981,Match
179.2,0.0,172.437,-0.014715,Match
179.3,0.0,172.564,-0.023544,Match
179.4,0.0,172.635,-0.00981,Match
179.5,0.0,172.734,-0.01962,Match
179.6,0.0,172.832,0.00981,Match
179.7,0.0,172.931,-0.01962,Match
179.8,0.0,173.029,-0.00981,Match
179.9,0.0,173.154,0.004905,Match
180.0,0.0,173.227,-0.004905,Match
180.1,0.0,173.326,-0.00981,Match
180.2,0.0,173.425,-0.01962,Match
180.3,0.0,173.537,-0.014715,Match
180.4,0.0,173.623,-0.00981,Match
180.5,0.0,173.757,-0.00981,Match
180.6,0.0,173.819,0.004905,Match
180.7,0.0,173.919,-0.014715,Match
180.8,0.0,174.017,-0.014715,Match
180.9,0.0,174.116,-0.01962,Match
181.0,0.0,174.215,-0.023544,Match
181.1,0.0,174.346,-0.004905,Match
181.2,0.0,174.412,0.0,Match
181.3,0.0,174.511,-0.004905,Match
181.4,0.0,174.61,-0.014715,Match
181.5,0.0,174.709,-0.004905,Match
181.6,0.0,174.807,-0.004905,Match
181.7,0.0,174.906,-0.00981,Match
181.8,0.0,175.006,-0.004905,Match
181.9,0.0,175.103,-0.00981,Match
182.0,0.0,175.216,-0.004905,Match
182.1,0.0,175.301,-0.00981,Match
182.2,0.0,175.436,-0.004905,Match
182.3,0.0,175.498,0.0,Match
182.4,0.0,175.597,-0.00981,Match
182.5,0.0,175.695,0.0,Match
182.6,0.0,175.82,-0.00981,Match
182.7,0.0,175.893,0.0,Match
182.8,0.0,175.992,-0.004905,Match
182.9,0.0,176.091,-0.014715,Match
183.0,0.0,176.193,-0.00981,Match
183.1,0.0,176.288,-0.004905,Match
183.2,0.0,176.416,-0.00981,Match
183.3,0.0,176.485,-0.004905,Match
183.4,0.0,176.584,-0.004905,Match
183.5,0.0,176.683,-0.004905,Match
183.6,0.0,176.781,-0.00981,Match
183.7,0.0,176.881,-0.023544,Match
183.8,0.0,177.006,-0.004905,Match
183.9,0.0,177.079,-0.023544,Match
184.0,0.0,177.177,-0.01962,Match
184.1,0.0,177.275,-0.023544,Match
184.2,0.0,177.374,-0.00981,Match
184.3,0.0,177.473,0.004905,Match
184.4,0.0,177.61,-0.004905,Match
184.5,0.0,177.671,0.004905,Match
184.6,0.0,177.769,-0.014715,Match
184.7,0.0,177.867,0.004905,Match
184.8,0.0,177.967,-0.004905,Match
184.9,0.0,178.065,-0.033354,Match
185.0,0.0,178.164,-0.004905,Match
185.1,0.0,178.287,0.014715,Match
185.2,0.0,178.361,-0.023544,Match
185.3,0.0,178.461,-0.01962,Match
185.4,0.0,178.559,-0.014715,Match
185.5,0.0,178.691,0.01962,Match
185.6,0.0,178.756,-0.00981,Match
185.7,0.0,178.854,0.0,Match
185.8,0.0,178.954,-0.004905,Match
185.9,0.0,179.076,-0.014715,Match
186.0,0.0,179.151,-0.023544,Match
186.1,0.0,179.25,-0.00981,Match
186.2,0.0,179.349,0.004905,Match
186.3,0.0,179.447,-0.01962,Match
186.4,0.0,179.547,-0.00981,Match
186.5,0.0,179.66,-0.004905,Match
186.6,0.0,179.744,0.0,Match
186.7,0.0,179.883,-0.00981,Match
186.8,0.0,179.941,-0.023544,Match
186.9,0.0,180.04,-0.01962,Match
187.0,0.0,180.139,-0.028449,Match
187.1,0.0,180.256,-0.00981,Match
187.2,0.0,180.336,0.004905,Match
187.3,0.0,180.472,-0.01962,Match
187.4,0.0,180.534,-0.01962,Match
187.5,0.0,180.633,0.0,Match
187.6,0.0,180.731,-0.01962,Match
187.7,0.0,180.83,-0.014715,Match
187.8,0.0,180.929,-0.00981,Match
187.9,0.0,181.059,-0.014715,Match
188.0,0.0,181.126,-0.00981,Match
188.1,0.0,181.224,-0.01962,Match
188.2,0.0,181.323,-0.014715,Match
188.3,0.0,181.422,0.0,Match
188.4,0.0,181.521,-0.014715,Match
188.5,0.0,181.62,-0.014715,Match
188.6,0.0,181.73,-0.01962,Match
188.7,0.0,181.817,-0.014715,Match
188.8,0.0,181.916,0.0,Match
188.9,0.0,182.015,0.0,Match
189.0,0.0,182.122,-0.038259,Match
189.1,0.0,182.212,-0.014715,Match
189.2,0.0,182.311,0.0,Match
189.3,0.0,182.409,-0.00981,Match
189.4,0.0,182.508,-0.014715,Match
189.5,0.0,182.607,-0.00981,Match
189.6,0.0,182.726,-0.014715,Match
189.7,0.0,182.805,-0.043164,Match
189.8,0.0,182.903,-0.023544,Match
189.9,0.0,183.002,-0.004905,Match
190.0,0.0,183.11,-0.004905,Match
190.1,0.0,183.2,-0.028449,Match
190.2,0.0,183.297,-0.014715,Match
190.3,0.0,183.397,-0.014715,Match
190.4,0.0,183.496,-0.004905,Match
190.5,0.0,183.594,-0.014715,Match
190.6,0.0,183.717,-0.01962,Match
190.7,0.0,183.791,-0.00981,Match
190.8,0.0,183.89,-0.023544,Match
190.9,0.0,183.989,-0.00981,Match
191.0,0.0,184.088,-0.00981,Match
191.1,0.0,184.186,-0.00981,Match
191.2,0.0,184.323,-0.00981,Match
191.3,0.0,184.384,-0.014715,Match
191.4,0.0,184.483,-0.004905,Match
191.5,0.1,184.582,0.129492,Match
191.6,0.2,184.68,0.229554,Match
191.7,0.3,184.779,0.320787,Match
191.8,0.4,184.878,0.488538,Match
191.9,0.5,184.977,0.555246,Match
192.0,0.6,185.076,0.62784,Match
192.1,0.7,185.175,0.694548,Match
192.2,0.7,185.273,0.727902,Match
192.3,0.7,185.372,0.646479,Match
192.4,0.7,185.47,0.727902,Match
192.5,0.7,185.575,0.661194,Match
192.6,0.7,185.668,0.679833,Match
192.7,0.7,185.795,0.684738,Match
192.8,0.7,185.866,0.694548,Match
192.9,0.628571,185.965,0.61803,Match
193.0,0.528571,-,-,Deletion
193.1,0.428571,186.064,0.445374,Match
193.2,0.328571,186.166,0.340407,Match
193.3,0.228571,186.261,0.307053,Match
193.4,0.128571,186.385,0.162846,Match
193.5,0.028571,186.459,0.043164,Match
193.6,0.0,-,-,Deletion
193.7,0.0,186.558,0.00981,Match
193.8,0.0,186.657,-0.023544,Match
193.9,0.0,186.767,0.023544,Match
194.0,0.0,186.855,-0.014715,Match
194.1,0.0,186.99,-0.043164,Match
194.2,0.0,187.052,0.023544,Match
194.3,0.0,187.15,-0.014715,Match
194.4,0.0,187.249,0.071613,Match
194.5,0.0,187.381,-0.057879,Match
194.6,0.0,187.448,0.00981,Match
194.7,0.0,187.546,-0.023544,Match
194.8,0.0,187.645,-0.01962,Match
194.9,0.0,187.744,-0.00981,Match
195.0,0.0,187.842,-0.028449,Match
195.1,0.0,187.981,-0.00981,Match
195.2,0.0,188.04,0.0,Match
195.3,0.0,188.139,-0.01962,Match
195.4,0.0,188.238,0.0,Match
195.5,-0.02,188.363,-0.048069,Match
195.6,-0.12,188.435,-0.114777,Match
195.7,-0.22,188.534,-0.258984,Match
195.8,-0.32,188.633,-0.363951,Match
195.9,-0.42,188.731,-0.464994,Match
196.0,-0.52,188.83,-0.555246,Match
196.1,-0.62,-,-,Deletion
196.2,-0.7,188.929,-0.679833,Match
196.3,-0.7,189.034,-0.709263,Match
196.4,-0.7,189.127,-0.727902,Match
196.5,-0.7,189.225,-0.699453,Match
196.6,-0.7,189.325,-0.761256,Match
196.7,-0.7,189.424,-0.684738,Match
196.8,-0.7,189.522,-0.709263,Match
196.9,-0.7,189.643,-0.756351,Match
197.0,-0.608571,189.719,-0.613125,Match
197.1,-0.508571,189.818,-0.455184,Match
197.2,-0.408571,189.917,-0.440469,Match
197.3,-0.308571,190.026,-0.287433,Match
197.4,-0.208571,190.115,-0.244269,Match
197.5,-0.108571,190.243,-0.109872,Match
197.6,-0.008571,-,-,Deletion
197.7,0.0,-,-,Deletion
197.8,0.0,-,-,Deletion
197.9,0.0,-,-,Deletion
198.0,0.0,-,-,Deletion
198.1,0.0,-,-,Deletion
198.2,0.0,-,-,Deletion
198.2,0.0,-,-,Deletion
198.29999,0.0,-,-,Deletion
198.49999,0.0,-,-,Deletion
198.79999,0.0,-,-,Deletion
199.19999,0.0,-,-,Deletion
199.69999,0.0,-,-,Deletion
200.29999,0.0,-,-,Deletion
200.99999,0.0,-,-,Deletion
201.79999,0.0,-,-,Deletion
202.69999,0.0,-,-,Deletion
203.69999,0.0,-,-,Deletion
204.79999,0.0,-,-,Deletion
205.99999,0.0,-,-,Deletion
207.29999,0.0,-,-,Deletion
208.69999,0.0,-,-,Deletion
210.19999,0.0,190.312,-0.004905,Match
211.79999,0.0,190.411,0.004905,Match
213.49999,0.0,190.511,-0.028449,Match
215.29999,0.0,190.627,-0.023544,Match
217.19999,0.0,190.708,0.014715,Match
219.19999,0.0,190.846,-0.014715,Match
221.29999,0.0,190.906,-0.043164,Match
223.49999,0.0,191.004,-0.014715,Match
225.79999,0.0,191.103,-0.00981,Match
228.19999,0.0,191.241,0.01962,Match
230.69999,0.0,191.301,-0.028449,Match
233.29999,0.0,191.399,-0.066708,Match
235.99999,0.0,191.497,0.023544,Match
238.79999,0.0,191.625,0.0,Match
241.69999,0.0,191.695,-0.01962,Match
244.69999,0.0,191.794,-0.038259,Match
247.79999,0.0,191.893,0.00981,Match
250.99999,0.0,191.992,0.004905,Match
254.29999,0.0,192.091,-0.038259,Match
257.69999,0.0,192.189,-0.014715,Match
261.19999,0.0,192.288,-0.028449,Match
264.79999,0.0,192.387,0.057879,Match
268.49998,0.0,192.497,-0.033354,Match
272.29998,0.0,192.584,-0.00981,Match
276.19998,0.0,192.683,-0.028449,Match
280.19998,0.0,192.782,0.00981,Match
284.29998,0.0,192.881,-0.043164,Match
288.49998,0.0,192.979,-0.167751,Mismatch
292.79998,0.0,193.083,-0.244269,Mismatch
297.19998,0.0,193.177,-0.157941,Mismatch
301.69998,0.0,193.275,-0.139302,Match
306.29998,0.0,193.374,-0.01962,Match
310.99998,0.0,193.473,-0.023544,Match
315.79998,0.0,193.571,-0.004905,Match
320.69998,0.0,193.696,-0.004905,Match
325.69998,0.0,193.77,-0.00981,Match
330.79998,0.0,193.869,-0.004905,Match
335.99998,0.0,193.967,-0.014715,Match
341.29998,0.0,194.081,-0.00981,Match
346.69998,0.0,194.165,-0.00981,Match
352.19998,0.0,194.301,-0.014715,Match
357.79998,0.0,194.363,-0.00981,Match
363.49998,0.0,194.462,-0.014715,Match
369.29998,0.0,194.56,-0.014715,Match
375.19998,0.0,194.659,-0.033354,Match
381.19998,0.0,194.759,-0.004905,Match
387.29998,0.0,194.882,-0.00981,Match
393.49998,0.0,194.955,-0.00981,Match
399.79998,0.0,195.054,0.0,Match
406.19998,0.0,195.152,-0.00981,Match
412.69998,0.0,195.252,-0.014715,Match
419.29998,0.0,195.351,-0.014715,Match
425.99998,0.0,195.448,-0.00981,Match
432.79998,0.0,195.548,-0.01962,Match
439.69998,0.0,195.646,-0.014715,Match
446.69998,0.0,195.646,-0.014715,Match
453.79998,0.0,195.744,0.0,Match
460.99998,0.0,195.941,-0.004905,Match
468.29998,0.0,196.265,-0.023544,Match
475.69998,0.0,196.658,-0.004905,Match
483.19998,0.0,197.151,-0.028449,Match
490.79998,0.0,197.743,-0.00981,Match
498.49998,0.0,198.44700000000003,-0.014715,Match
506.29998,0.0,199.236,-0.00981,Match
514.19998,0.0,200.162,-0.014715,Match
522.19998,0.0,201.149,-0.00981,Match
530.29998,0.0,202.235,-0.004905,Match
538.49998,0.0,203.419,-0.004905,Match
546.79998,0.0,204.717,-0.01962,Match
555.19998,0.0,206.098,0.0,Match
563.69998,0.0,207.579,-0.01962,Match
572.29998,0.0,209.158,-0.00981,Match
580.99998,0.0,210.836,-0.01962,Match
589.79998,0.0,212.614,-0.014715,Match
598.69998,0.0,214.529,-0.014715,Match
607.69998,0.0,216.503,-0.014715,Match
616.79998,0.0,218.576,-0.00981,Match
625.99998,0.0,220.748,-0.004905,Match
635.29998,0.0,223.019,-0.00981,Match
644.69998,0.0,225.39,-0.00981,Match
654.19998,0.0,227.858,-0.004905,Match
663.79998,0.0,230.424,-0.004905,Match
673.49998,0.0,233.091,-0.01962,Match
683.29998,0.0,235.855,-0.014715,Match
693.19998,0.0,238.718,-0.00981,Match
703.19998,0.0,241.68,-0.014715,Match
713.29998,0.0,244.74,-0.00981,Match
723.49998,0.0,247.908,-0.00981,Match
733.79998,0.0,251.167,-0.004905,Match
744.19998,0.0,254.525,-0.01962,Match
754.69998,0.0,257.981,-0.014715,Match
765.29998,0.0,261.535,-0.00981,Match
775.99998,0.0,265.188,-0.014715,Match
786.79998,0.0,268.941,-0.004905,Match
797.69998,0.0,272.792,-0.01962,Match
808.69998,0.0,276.771,-0.014715,Match
819.79998,0.0,280.81999999999994,-0.004905,Match
830.99998,0.0,284.968,-0.004905,Match
842.29998,0.0,289.21399999999994,-0.004905,Match
853.69998,0.0,293.58399999999995,-0.00981,Match
865.19998,0.0,298.027,-0.00981,Match
876.79998,0.0,302.5689999999999,-0.00981,Match
888.49998,0.0,307.2089999999999,-0.014715,Match
900.29998,0.0,311.9779999999999,-0.004905,Match
912.19998,0.0,316.8169999999999,-0.00981,Match
924.19998,0.0,321.7539999999999,-0.014715,Match
936.29998,0.0,326.7899999999999,-0.00981,Match
948.49998,0.0,331.9289999999999,-0.00981,Match
960.79998,0.0,337.1619999999999,-0.014715,Match
973.19998,0.0,342.5179999999999,-0.00981,Match
985.69998,0.0,347.9489999999999,-0.00981,Match
998.29998,0.0,353.4779999999999,-0.014715,Match
1010.9999,0.0,359.1059999999999,-0.014715,Match
1023.7999,0.0,364.8329999999999,-0.004905,Match
1036.6999,0.0,370.6589999999999,-0.00981,Match
1049.6999,0.0,376.5829999999999,0.004905,Match
1062.7999,0.0,382.6059999999999,-0.014715,Match
1075.9999,0.0,388.7269999999999,-0.023544,Match
1089.2999,0.0,394.9479999999999,-0.033354,Match
1102.6999,0.0,401.2669999999999,-0.00981,Match
1116.1999,0.0,407.6849999999999,-0.023544,Match
1129.7999,0.0,414.2019999999999,0.004905,Match
1143.4999,0.0,420.8239999999999,-0.00981,Match
1157.2999,0.0,427.5379999999999,-0.01962,Match
1171.1999,0.0,434.3509999999999,0.0,Match
1185.1999,0.0,441.2629999999999,-0.014715,Match
1199.2999,0.0,448.2739999999999,0.0,Match
1213.4999,0.0,455.3829999999999,-0.014715,Match
1227.7999,0.0,462.6109999999999,0.0,Match
1242.1999,0.0,469.9179999999999,-0.023544,Match
1256.6999,0.0,477.3239999999999,-0.014715,Match
1271.2999,0.0,484.8289999999999,0.004905,Match
1285.9999,0.0,492.4359999999999,-0.01962,Match
1300.7999,0.0,500.1389999999999,-0.028449,Match
1315.6999,0.0,507.9669999999999,-0.01962,Match
1330.6999,0.0,515.8669999999998,-0.01962,Match
1345.7999,0.0,523.8659999999999,-0.00981,Match
1360.9999,0.0,531.9629999999999,0.0,Match
1376.2999,0.0,540.1809999999998,-0.004905,Match
1391.6999,0.0,548.4789999999998,-0.00981,Match
1407.1999,0.0,556.8729999999998,0.0,Match
1422.7999,0.0,565.3649999999998,-0.00981,Match
1438.4999,0.0,573.9569999999998,0.0,Match
1454.2999,0.0,582.6469999999998,-0.023544,Match
1470.1999,0.0,591.4539999999998,-0.014715,Match
1486.1999,0.0,600.3419999999999,-0.038259,Match
1502.2999,0.0,609.3649999999999,0.0,Match
1518.4999,0.0,618.4499999999999,0.004905,Match
1534.7999,0.0,627.6339999999999,-0.023544,Match
1551.1999,0.0,636.9169999999999,-0.048069,Match
1567.6999,0.0,646.3269999999999,-0.01962,Match
1584.2999,0.0,655.8069999999999,-0.00981,Match
1600.9999,0.0,665.3859999999999,-0.01962,Match
1617.7999,0.0,675.0639999999999,0.0,Match
1634.6999,0.0,684.8399999999998,-0.01962,Match
1651.6999,0.0,694.7149999999998,-0.023544,Match
1668.7999,0.0,704.6879999999998,-0.00981,Match
1685.9999,0.0,714.7599999999998,-0.004905,Match
1703.2999,0.0,724.9319999999998,0.0,Match
1720.6999,0.0,735.2019999999998,-0.00981,Match
1738.1999,0.0,745.5699999999998,-0.01962,Match
1755.7999,0.0,756.0459999999998,-0.00981,Match
1773.4999,0.0,766.6119999999999,-0.014715,Match
1791.2999,0.0,777.3169999999999,-0.00981,Match
1809.1999,0.0,788.0809999999999,-0.004905,Match
1827.1999,0.0,798.944,-0.023544,Match
1845.2999,0.0,809.904,-0.01962,Match
1863.4999,0.0,820.983,-0.00981,Match
1881.7999,0.0,832.1419999999999,-0.043164,Match
1900.1999,0.0,843.4399999999999,-0.00981,Match
1918.6999,0.0,854.7959999999999,-0.00981,Match
1937.2999,0.0,866.251,-0.023544,Match
1955.9999,0.0,877.804,-0.00981,Match
1974.7999,0.0,889.457,-0.014715,Match
1993.6999,0.0,901.208,-0.00981,Match
2012.6999,0.0,913.096,0.00981,Match
2031.7999,0.0,925.045,-0.033354,Match
2050.9999,0.0,937.092,0.0,Match
2070.2999,0.0,949.239,-0.004905,Match
2089.6999,0.0,961.513,0.004905,Match
2109.1999,0.0,973.857,-0.004905,Match
2128.7999,0.0,986.299,-0.01962,Match
2148.4999,0.0,998.84,-0.004905,Match
2168.2999,0.0,1011.48,-0.00981,Match
2188.1999,0.0,1024.219,-0.00981,Match
2208.1999,0.0,1037.057,-0.004905,Match
2228.2999,0.0,1049.993,-0.004905,Match
2248.4999,0.0,1063.028,-0.004905,Match
2268.7999,0.0,1076.162,-0.014715,Match
2289.1999,0.0,1089.394,-0.00981,Match
2309.6999,0.0,1102.725,-0.014715,Match
2330.2999,-0.1,1116.155,-0.071613,Match
2350.9999,-0.2,1129.684,-0.162846,Match
2371.7999,-0.3,1143.312,-0.297243,Match
2392.6999,-0.4,1157.039,-0.363951,Match
2413.6999,-0.5,1170.864,-0.512082,Match
2434.7999,-0.6,1184.798,-0.671004,Match
2455.9999,-0.7,1198.821,-0.656289,Match
2477.2999,-0.7,1212.975,-0.756351,Match
2498.6999,-0.7,1227.195,-0.704358,Match
2520.1999,-0.7,1241.514,-0.684738,Match
2541.7999,-0.7,1255.9319999999998,-0.747522,Match
2563.4999,-0.7,1270.4619999999998,-0.718092,Match
2585.2999,-0.7,1285.0779999999995,-0.742617,Match
2607.1999,-0.7,1299.8239999999998,-0.661194,Match
2629.1999,-0.628571,1314.637,-0.727902,Match
2651.2999,-0.528571,1329.549,-0.536607,Match
2673.4999,-0.428571,1344.559,-0.473823,Match
2695.7999,-0.328571,1359.699,-0.363951,Match
2718.1999,-0.228571,1374.9070000000002,-0.325692,Match
2740.6999,-0.128571,1390.2140000000002,-0.101043,Match
2763.2999,-0.028571,1405.62,-0.091233,Match
2785.9999,0.0,-,-,Deletion
2808.7999,0.0,-,-,Deletion
2831.6999,0.0,1421.161,-0.033354,Match
2854.6999,0.0,1436.765,0.0,Match
2877.7999,0.0,1452.467,-0.00981,Match
2900.9999,0.0,1468.268,-0.004905,Match
2924.2999,0.0,1484.167,-0.038259,Match
2947.6999,0.0,1500.166,0.023544,Match
2971.1999,0.0,1516.264,-0.038259,Match
2994.7999,0.0,1532.4599999999998,0.00981,Match
3018.4999,0.0,1548.755,-0.057879,Match
3042.2999,0.0,1565.149,-0.01962,Match
3066.1999,0.0,1581.6409999999998,-0.038259,Match
3090.1999,0.0,1598.233,-0.014715,Match
3114.2999,0.0,1614.924,-0.043164,Match
3138.4999,0.0,1631.713,-0.00981,Match
3162.7999,0.0,1648.601,-0.00981,Match
3187.1999,0.0,1665.588,0.004905,Match
3211.6999,0.0,1682.673,-0.028449,Match
3236.2999,0.02,1699.859,0.043164,Match
3260.9999,0.12,1717.1419999999998,0.061803,Match
3285.7999,0.22,1734.5469999999998,0.220725,Match
3310.6999,0.32,1752.0269999999998,0.287433,Match
3335.6999,0.42,1769.6059999999998,0.363951,Match
3360.7999,0.52,1787.284,0.555246,Match
3385.9999,0.62,1805.088,0.584676,Match
3411.2999,0.7,1822.963,0.732807,Match
3436.6999,0.7,1840.937,0.666099,Match
3462.1999,0.7,1859.01,0.752427,Match
3487.7999,0.7,1877.192,0.679833,Match
3513.4999,0.7,1895.462,0.732807,Match
3539.2999,0.7,1913.874,0.641574,Match
3565.1999,0.7,1932.342,0.709263,Match
3591.1999,0.7,1950.931,0.694548,Match
3617.2999,0.608571,1969.597,0.555246,Match
3643.4999,0.508571,1988.361,0.3924,Match
3669.7999,0.408571,2007.224,0.40221,Match
3696.1999,0.308571,2026.21,0.18639,Match
3722.6999,0.208571,2045.27,0.143226,Match
3749.2999,0.108571,2064.47,0.057879,Match
3775.9999,0.008571,2083.728,-0.023544,Match
3802.7999,0.0,2103.084,0.0,Match
3829.6999,0.0,2122.539,-0.048069,Match
3856.6999,0.0,2142.093,0.0,Match
3883.7999,0.0,2161.746,0.014715,Match
3910.9999,0.0,2181.539,-0.033354,Match
3938.2999,0.0,2201.39,-0.01962,Match
3965.6999,0.0,2221.34,-0.00981,Match
3993.1999,0.0,2241.389,0.014715,Match
4020.7999,0.0,2261.536,-0.00981,Match
4048.4999,0.0,2281.782,-0.052974,Match
4076.2999,0.0,2302.1269999999995,0.014715,Match
4104.1999,0.0,2322.57,-0.004905,Match
4132.1999,0.0,2343.112,0.004905,Match
-,-,2363.753,-0.061803,Insertion
-,-,2384.4929999999995,0.00981,Insertion
4160.2999,0.0,2405.3319999999994,0.0,Match
4188.4999,0.0,2426.269,-0.023544,Match
4216.7999,0.0,2447.3049999999994,-0.01962,Match
4245.1999,0.0,2468.44,-0.028449,Match
4273.6999,0.0,2489.713,0.014715,Match
4302.2999,0.0,2511.046,0.00981,Match
4330.9999,0.0,2532.484,-0.038259,Match
4359.7999,0.0,2554.014,-0.00981,Match
4388.6999,0.0,2575.6710000000003,-0.01962,Match
-,-,2597.3990000000003,0.096138,Insertion
-,-,2619.226000000001,0.114777,Insertion
-,-,2641.1510000000007,0.177561,Insertion
-,-,2663.176000000001,0.191295,Insertion
-,-,2685.299000000001,0.086328,Insertion
4417.6999,0.0,2707.521000000001,0.00981,Match
4446.7999,0.0,2729.8410000000013,0.004905,Match
4475.9999,0.0,2752.260000000001,-0.00981,Match
4505.2999,0.0,2774.794000000001,0.014715,Match
4534.6999,0.0,2797.410000000001,0.0,Match
4564.1999,0.0,2820.1250000000014,-0.004905,Match
4593.7999,0.0,2842.939000000001,-0.00981,Match
4623.4999,0.0,2865.861000000001,-0.061803,Match
4653.2999,0.0,2888.8730000000014,0.004905,Match
4683.1999,0.0,2911.9840000000013,-0.00981,Match
4713.1999,0.0,2935.193000000001,-0.014715,Match
4743.2999,0.0,2958.500000000001,-0.01962,Match
4773.4999,0.0,2981.907000000001,-0.00981,Match
4803.7999,0.0,3005.412000000001,-0.01962,Match
4834.1999,0.0,3029.016000000001,-0.014715,Match
4864.6999,0.0,3052.720000000001,-0.014715,Match
4895.2999,0.0,3076.5220000000013,-0.00981,Match
4925.9999,0.0,3100.436000000001,-0.014715,Match
4956.7999,0.0,3124.436000000001,-0.004905,Match
4987.6999,0.0,3148.5670000000014,-0.014715,Match
5018.6999,0.0,3172.764000000001,-0.014715,Match
5049.7999,0.0,3197.0600000000013,-0.023544,Match
5080.9999,0.0,3221.454000000001,0.0,Match
5112.2999,0.0,3245.958000000001,-0.00981,Match
5143.6999,0.0,3270.550000000001,-0.023544,Match
5175.1999,0.0,3295.276000000001,-0.004905,Match
5206.7999,0.0,3320.0650000000014,-0.004905,Match
5238.4999,0.0,3344.9530000000013,-0.00981,Match
5270.2999,0.0,3369.9400000000014,0.004905,Match
5302.1999,0.0,3395.026000000001,0.0,Match
5334.1999,0.0,3420.211000000001,-0.033354,Match
5366.2999,0.0,3445.4950000000013,-0.028449,Match
5398.4999,0.0,3470.8770000000013,-0.004905,Match
5430.7999,0.0,3496.358000000001,-0.00981,Match
5463.1999,0.0,3521.938000000001,-0.004905,Match
5495.6999,0.0,3547.6170000000016,-0.014715,Match
5528.2999,0.0,3573.396000000001,0.0,Match
5560.9999,0.0,3599.2720000000018,0.004905,Match
5593.7999,0.0,3625.2470000000017,-0.00981,Match
5626.6999,0.0,3651.3210000000017,-0.004905,Match
5659.6999,0.0,3677.4930000000018,-0.004905,Match
5692.7999,0.0,3703.764000000002,0.004905,Match
5725.9999,0.0,3730.134000000002,-0.00981,Match
5759.2999,0.0,3756.603000000002,-0.00981,Match
5792.6999,0.0,3783.171000000002,-0.014715,Match
5826.1999,0.0,3809.837000000002,0.0,Match
5859.7999,0.0,3836.602000000002,-0.01962,Match
5893.4999,0.0,3863.466000000002,-0.014715,Match
5927.2999,0.0,3890.441000000002,-0.014715,Match
5961.1999,0.0,3917.503000000002,-0.014715,Match
5995.1999,0.0,3944.664000000002,-0.00981,Match
6029.2999,0.0,3971.924000000002,-0.01962,Match
6063.4999,0.0,3999.296000000002,-0.004905,Match
6097.7999,0.0,4026.754000000002,-0.014715,Match
6132.1999,0.0,4054.311000000002,-0.00981,Match
6166.6999,0.0,4081.966000000002,-0.028449,Match
6201.2999,0.0,4109.720000000002,0.0,Match
6235.9999,0.0,4137.573000000002,0.0,Match
6270.7999,0.0,4165.550000000002,-0.01962,Match
6305.6999,0.0,4193.601000000002,-0.004905,Match
6340.6999,0.0,4221.751000000002,-0.00981,Match
6375.7999,0.0,4249.999000000002,-0.01962,Match
6410.9999,0.0,4278.368000000001,-0.004905,Match
6446.2999,0.0,4306.814000000001,-0.014715,Match
6481.6999,0.0,4335.359000000001,-0.014715,Match
6517.1999,0.0,4364.0030000000015,-0.00981,Match
6552.7999,0.0,4392.755000000002,-0.00981,Match
6588.4999,0.0,4421.596000000002,-0.00981,Match
6624.2999,0.0,4450.5660000000025,-0.004905,Match
6660.1999,0.0,4479.605000000002,-0.014715,Match
6696.1999,0.0,4508.743000000002,-0.014715,Match
6732.2999,0.0,4537.980000000002,-0.004905,Match
6768.4999,0.0,4567.3160000000025,-0.023544,Match
6804.7999,0.0,4596.750000000003,-0.01962,Match
6841.1999,0.0,4626.283000000003,-0.004905,Match
6877.6999,0.0,4655.915000000003,-0.00981,Match
6914.2999,0.0,4685.6460000000025,-0.023544,Match
6950.9999,0.0,4715.476000000002,-0.014715,Match
6987.7999,0.0,4745.404000000002,-0.004905,Match
7024.6999,0.0,4775.431000000002,-0.004905,Match
7061.6999,0.0,4805.5570000000025,-0.004905,Match
7098.7999,0.0,4835.783000000002,-0.01962,Match
7135.9999,0.0,4866.107000000002,0.014715,Match
7173.2999,0.0,4896.556000000001,0.00981,Match
7210.6999,0.0,4927.077000000001,0.004905,Match
7248.1999,0.0,4957.697000000001,0.00981,Match
7285.7999,0.0,4988.416000000001,-0.014715,Match
7323.4999,0.0,5019.240000000001,0.0,Match
7361.2999,0.0,5050.156000000001,0.004905,Match
7399.1999,0.0,5081.205000000001,-0.028449,Match
7437.1999,0.0,5112.320000000001,0.0,Match
7475.2999,0.0,5143.533,0.014715,Match
7513.4999,0.0,5174.845,0.0,Match
7551.7999,0.0,5206.269,-0.052974,Match
7590.1999,0.0,5237.779,-0.033354,Match
7628.6999,0.0,5269.427000000001,-0.023544,Match
7667.2999,0.0,5301.134000000001,-0.023544,Match
7705.9999,0.0,5332.9400000000005,-0.028449,Match
7744.7999,0.0,5364.845,-0.014715,Match
7783.6999,0.0,5396.866,-0.004905,Match
7822.6999,0.0,5428.969,-0.00981,Match
7861.7999,0.0,5461.17,0.004905,Match
7900.9999,0.0,5493.4710000000005,-0.004905,Match
7940.2999,0.0,5525.870000000001,-0.00981,Match
7979.6999,0.0,5558.368,-0.00981,Match
8019.1999,0.0,5590.992,-0.01962,Match
8058.7999,0.0,5623.688,-0.038259,Match
8098.4999,0.0,5656.482,-0.014715,Match
8138.2999,0.0,5689.375,-0.028449,Match
8178.1999,0.0,5722.366,-0.033354,Match
8218.1999,0.0,5755.456,0.0,Match
8258.2999,0.0,5788.645,-0.00981,Match
8298.4999,0.0,5821.933,-0.004905,Match
8338.7999,0.0,5855.319,-0.01962,Match
8379.1999,0.0,5888.804,0.004905,Match
8419.6999,0.0,5922.388,-0.014715,Match
8460.2999,0.0,5956.073,-0.00981,Match
8500.9999,0.0,5989.8550000000005,-0.004905,Match
8541.7999,0.0,6023.764,-0.014715,Match
8582.6999,0.0,6057.744,-0.00981,Match
8623.6999,0.0,6091.822,0.0,Match
8664.7999,0.0,6125.999,-0.00981,Match
8705.9999,0.0,6160.304999999999,-0.004905,Match
8747.2999,0.0,6194.679999999999,-0.00981,Match
8788.6999,0.0,6229.155999999999,-0.00981,Match
8830.1999,0.0,6263.727999999999,-0.004905,Match
8871.7999,0.0,6298.409999999999,-0.004905,Match
8913.4999,0.0,6333.179999999999,-0.00981,Match
8955.2999,0.0,6368.076999999999,-0.014715,Match
8997.1999,0.0,6403.044999999999,-0.014715,Match
9039.1999,0.0,6438.110999999999,-0.004905,Match
9081.2999,0.0,6473.275999999999,-0.01962,Match
9123.4999,0.0,6508.543999999999,-0.01962,Match
9165.7999,0.0,6543.906999999999,-0.033354,Match
9208.1999,0.0,6579.396999999999,-0.01962,Match
9250.6999,0.0,6614.957999999999,0.0,Match
9293.2999,0.0,6650.616999999998,-0.033354,Match
9335.9999,0.0,6686.374999999998,-0.01962,Match
9378.7999,0.0,6722.255999999999,-0.00981,Match
9421.6999,0.0,6758.211999999999,-0.014715,Match
9464.6999,0.0,6794.266999999999,-0.00981,Match
9507.7999,0.0,6830.420999999999,-0.004905,Match
9550.9999,0.0,6866.673,-0.01962,Match
9594.2999,0.0,6903.023999999999,-0.023544,Match
9637.6999,0.0,6939.473999999999,-0.01962,Match
9681.1999,0.0,6976.022999999999,-0.01962,Match
9724.7999,0.0,7012.670999999999,-0.014715,Match
9768.4999,0.0,7049.417,-0.00981,Match
9812.2999,0.0,7086.262999999999,-0.043164,Match
9856.1999,0.0,7123.206999999999,-0.014715,Match
9900.1999,0.0,7160.249999999999,-0.00981,Match
9944.2999,0.0,7197.391999999999,-0.014715,Match
9988.4999,0.0,7234.632999999999,-0.00981,Match
10032.799,0.0,7271.972999999999,-0.014715,Match
10077.199,0.0,7309.410999999999,-0.014715,Match
10121.699,0.0,7346.947999999999,0.0,Match
10166.299,0.0,7384.584,-0.01962,Match
10210.999,0.0,7422.318999999999,-0.00981,Match
10255.798,0.0,7460.152999999999,-0.023544,Match
10300.698,0.0,7498.085999999999,-0.023544,Match
10345.698,-0.1,7536.116999999999,-0.114777,Match
10390.798,-0.2,7574.271,-0.224649,Match
10435.998,-0.3,7612.5,-0.368856,Match
10481.297,-0.4,7650.828,-0.483633,Match
10526.697,-0.5,7689.255,-0.589581,Match
10572.197,-0.6,7727.798,-0.632745,Match
10617.797,-0.7,7766.422,-0.790686,Match
10663.497,-0.7,7805.143999999999,-0.732807,Match
10709.296,-0.7,7843.964999999999,-0.756351,Match
10755.196,-0.7,7882.885999999999,-0.704358,Match
10801.196,-0.7,7921.906,-0.732807,Match
10847.296,-0.7,7961.024,-0.742617,Match
10893.496,-0.7,8000.240000000001,-0.674928,Match
10939.795,-0.7,8039.595,-0.714168,Match
10986.195,-0.628571,8079.009,-0.651384,Match
11032.695,-0.528571,8118.522,-0.560151,Match
11079.295,-0.428571,8158.134,-0.426735,Match
11125.995,-0.328571,8197.882,-0.340407,Match
11172.795,-0.228571,8237.690999999999,-0.191295,Match
11219.695,-0.128571,8277.598999999998,-0.104967,Match
11266.695,-0.028571,8317.605999999998,-0.023544,Match
11313.795,0.0,-,-,Deletion
11360.995,0.0,-,-,Deletion
11408.295,0.0,-,-,Deletion
11455.695,0.0,8357.711999999998,-0.014715,Match
11503.195,0.0,8397.916999999998,-0.004905,Match
11550.795,0.0,8438.219999999998,0.014715,Match
11598.495,0.0,8478.621999999998,-0.01962,Match
11646.295,0.0,8519.122999999998,-0.052974,Match
11694.195,0.0,8559.722999999998,0.023544,Match
11742.195,0.0,8600.421999999999,-0.057879,Match
11790.295,0.0,8641.22,-0.004905,Match
11838.495,0.0,8682.117,-0.01962,Match
11886.795,0.0,8723.139000000001,-0.004905,Match
11935.195,0.0,8764.233,-0.004905,Match
11983.695,0.0,8805.425,-0.033354,Match
12032.295,0.0,8846.716999999999,-0.00981,Match
12080.995,0.0,8888.122,-0.028449,Match
12129.795,0.0,8929.612,0.014715,Match
12178.695,0.0,8971.238,-0.076518,Match
12227.695,0.02,9012.925,0.028449,Match
12276.795,0.12,9054.718,0.043164,Match
12325.995,0.22,9096.602,0.201105,Match
12375.295,0.32,9138.607999999998,0.220725,Match
12424.695,0.42,9180.69,0.41202,Match
12474.195,0.52,9222.871,0.455184,Match
12523.795,0.62,9265.151,0.62784,Match
12573.495,0.7,9307.53,0.737712,Match
12623.295,0.7,9350.007,0.679833,Match
12673.195,0.7,9392.601,0.732807,Match
12723.195,0.7,9435.276,0.646479,Match
12773.295,0.7,9478.09,0.709263,Match
12823.495,0.7,9520.962,0.666099,Match
12873.795,0.7,9563.934,0.742617,Match
12924.195,0.7,9607.004,0.671004,Match
12974.695,0.608571,9650.173,0.593505,Match
13025.295,0.508571,9693.441,0.397305,Match
13075.995,0.408571,9736.808,0.354141,Match
13126.795,0.308571,9780.273,0.20601,Match
13177.695,0.208571,9823.838,0.167751,Match
13228.695,0.108571,9867.511,0.014715,Match
13279.795,0.008571,9911.272,0.0,Match
13330.995,0.0,9955.132,-0.071613,Match
-,-,9999.091000000002,0.057879,Insertion
-,-,10043.160000000002,-0.033354,Insertion
-,-,10087.317,-0.014715,Insertion
13382.295,0.0,10131.572,-0.033354,Match
13433.695,0.0,10175.927,0.01962,Match
13485.195,0.0,10220.38,0.004905,Match
13536.795,0.0,10264.932,-0.014715,Match
13588.495,0.0,10309.598999999998,-0.048069,Match
13640.295,0.0,10354.347999999998,0.01962,Match
13692.195,0.0,10399.232999999998,-0.023544,Match
13744.195,0.0,10444.179999999998,-0.004905,Match
13796.295,0.0,10489.227,-0.052974,Match
13848.495,0.0,10534.371,-0.004905,Match
13900.795,0.0,10579.643999999998,0.004905,Match
13953.195,0.0,10624.985,-0.004905,Match
14005.695,0.0,10670.425,-0.028449,Match
14058.295,0.0,10715.963,-0.023544,Match
14110.995,0.0,10761.62,0.028449,Match
14163.795,0.0,10807.356999999998,0.01962,Match
14216.695,0.0,10853.230999999998,-0.043164,Match
14269.695,0.0,10899.164999999995,0.0,Match
14322.795,0.0,10945.207999999997,-0.00981,Match
14375.995,0.0,10991.339999999997,0.014715,Match
14429.295,0.0,11037.598999999997,0.01962,Match
14482.695,0.0,11083.927999999996,0.119682,Match
-,-,11130.355999999996,0.20601,Insertion
-,-,11176.881999999996,0.153036,Insertion
-,-,11223.526999999996,0.101043,Insertion
14536.195,0.0,11270.250999999997,0.014715,Match
14589.795,0.0,11317.114999999996,-0.00981,Match
14643.495,0.0,11364.035999999996,-0.004905,Match
14697.295,0.0,11411.055999999997,-0.004905,Match
14751.195,0.0,11458.174999999996,-0.00981,Match
14805.195,0.0,11505.391999999998,-0.00981,Match
14859.295,0.0,11552.708,-0.014715,Match
14913.495,0.0,11600.167999999998,-0.048069,Match
14967.795,0.0,11647.681,-0.01962,Match
15022.195,0.0,11695.292999999998,-0.01962,Match
15076.695,0.0,11743.002999999995,-0.00981,Match
15131.295,0.0,11790.812999999996,-0.01962,Match
15185.995,0.0,11838.721999999996,-0.014715,Match
15240.795,0.0,11886.728999999996,-0.004905,Match
15295.695,0.0,11934.857999999997,-0.004905,Match
15350.695,0.0,11983.062999999996,-0.014715,Match
15405.795,0.0,12031.366999999997,-0.00981,Match
15460.995,0.0,12079.768999999997,-0.014715,Match
15516.295,0.0,12128.278999999997,-0.01962,Match
15571.695,0.0,12176.878999999995,-0.004905,Match
15627.195,0.0,12225.608999999997,-0.00981,Match
15682.795,0.0,12274.405999999995,-0.004905,Match
15738.495,0.0,12323.301999999998,-0.014715,Match
15794.295,0.0,12372.297,0.004905,Match
15850.195,0.0,12421.396,0.0,Match
15906.195,0.0,12470.587999999998,-0.023544,Match
15962.295,0.0,12519.902999999998,-0.01962,Match
16018.495,0.0,12569.292999999998,-0.004905,Match
16074.795,0.0,12618.780999999995,-0.028449,Match
16131.195,0.0,12668.367999999997,-0.023544,Match
16187.695,0.0,12718.053999999996,0.028449,Match
16244.295,0.0,12767.837999999996,-0.004905,Match
16300.995,0.0,12817.721999999996,-0.00981,Match
16357.795,0.0,12867.703999999996,-0.01962,Match
16414.695,0.0,12917.822999999997,-0.004905,Match
16471.695,0.0,12968.002999999995,-0.01962,Match
16528.795,0.0,13018.281999999996,-0.00981,Match
16585.995,0.0,13068.658999999998,-0.014715,Match
16643.295,0.0,13119.134999999998,0.0,Match
16700.695,0.0,13169.713999999998,-0.014715,Match
16758.195,0.0,13220.387,0.004905,Match
16815.795,0.0,13271.164,-0.004905,Match
16873.495,0.0,13322.034999999998,-0.01962,Match
16931.295,0.0,13373.025999999998,-0.01962,Match
16989.195,0.0,13424.093999999996,-0.01962,Match
17047.195,0.0,13475.260999999997,-0.014715,Match
17105.295,0.0,13526.526999999996,-0.014715,Match
17163.495,0.0,13577.891999999996,-0.004905,Match
17221.795,0.0,13629.355999999996,-0.004905,Match
17280.195,0.0,13680.937999999996,0.0,Match
17338.695,0.0,13732.598999999997,0.0,Match
17397.295,0.0,13784.357999999997,-0.014715,Match
17455.995,0.0,13836.216999999995,-0.00981,Match
17514.795,0.0,13888.173999999995,-0.004905,Match
17573.695,0.0,13940.229999999998,-0.00981,Match
17632.695,0.0,13992.401999999998,-0.01962,Match
17691.795,0.0,14044.656,-0.033354,Match
17750.995,0.0,14097.044999999998,-0.023544,Match
17810.295,0.0,14149.496999999998,-0.01962,Match
17869.695,0.0,14202.046999999997,0.0,Match
17929.195,0.0,14254.695999999996,-0.00981,Match
17988.795,0.0,14307.468999999996,-0.01962,Match
18048.495,0.0,14360.314999999997,-0.014715,Match
18108.295,0.0,14413.259999999997,-0.014715,Match
18168.195,0.0,14466.303999999996,-0.01962,Match
18228.195,0.0,14519.446999999996,-0.00981,Match
18288.295,0.0,14572.687999999996,-0.004905,Match
18348.495,0.0,14626.060999999994,-0.004905,Match
18408.795,0.0,14679.499999999996,-0.004905,Match
18469.195,0.0,14733.037999999997,-0.014715,Match
18529.695,0.0,14786.673999999995,-0.00981,Match
18590.295,0.0,14840.408999999996,-0.014715,Match
18650.995,0.0,14894.241999999997,-0.014715,Match
18711.795,0.0,14948.174999999996,-0.014715,Match
18772.695,0.0,15002.205999999998,-0.004905,Match
18833.695,0.0,15056.335,-0.004905,Match
18894.795,0.0,15110.584,-0.004905,Match
18955.995,0.0,15164.910999999998,-0.01962,Match
19017.295,0.0,15219.335999999998,-0.014715,Match
19078.695,0.0,15273.859999999995,-0.014715,Match
19140.195,0.0,15328.494999999995,0.0,Match
19201.795,0.0,15383.216999999995,-0.00981,Match
19263.495,0.0,15438.037999999997,0.0,Match
19325.295,0.0,15492.956999999997,-0.023544,Match
19387.195,0.0,15547.977999999996,-0.014715,Match
19449.195,0.0,15603.094999999998,-0.00981,Match
19511.295,0.0,15658.334999999995,0.00981,Match
19573.495,0.0,15713.649999999998,-0.023544,Match
19635.795,0.0,15769.063999999998,-0.004905,Match
19698.195,0.0,15824.576,-0.004905,Match
19760.695,0.0,15880.191,-0.014715,Match
19823.295,0.0,15935.900999999998,-0.01962,Match
19885.995,0.0,15991.744,-0.014715,Match
19948.795,0.0,16047.651999999998,-0.023544,Match
20011.695,0.0,16103.657999999998,0.00981,Match
20074.695,0.0,16159.761999999995,0.004905,Match
20137.795,0.0,16215.987999999998,-0.01962,Match
20200.995,0.0,16272.289999999995,-0.00981,Match
20264.295,0.0,16328.690999999995,-0.01962,Match
20327.695,0.0,16385.191999999995,-0.023544,Match
20391.195,0.0,16441.817999999996,0.014715,Match
20454.795,0.0,16498.515999999996,-0.00981,Match
20518.495,0.0,16555.312999999995,-0.01962,Match
20582.295,0.0,16612.208999999995,-0.028449,Match
20646.195,0.0,16669.202999999994,-0.023544,Match
20710.195,0.0,16726.294999999995,0.0,Match
20774.295,0.0,16783.486999999994,0.0,Match
20838.495,0.0,16840.784999999993,0.0,Match
20902.795,0.0,16898.17399999999,-0.01962,Match
20967.195,0.0,16955.660999999993,0.004905,Match
21031.695,0.0,17013.247999999992,0.0,Match
21096.295,0.0,17070.933999999994,-0.014715,Match
21160.995,0.0,17128.717999999993,-0.014715,Match
21225.795,0.0,17186.600999999995,-0.028449,Match
21290.695,0.0,17244.583999999995,-0.014715,Match
21355.695,0.0,17302.664999999994,-0.004905,Match
21420.795,0.0,17360.844999999994,-0.01962,Match
21485.995,0.0,17419.122999999992,-0.00981,Match
21551.295,0.0,17477.499999999993,-0.00981,Match
21616.695,0.0,17535.97599999999,-0.00981,Match
21682.195,0.0,17594.550999999992,-0.01962,Match
21747.795,0.0,17653.24199999999,-0.004905,Match
21813.495,0.0,17712.013999999992,-0.00981,Match
21879.295,0.0,17770.91599999999,-0.01962,Match
21945.195,0.0,17829.88599999999,0.0,Match
22011.195,0.0,17888.95399999999,-0.004905,Match
22077.295,0.0,17948.11999999999,0.0,Match
22143.495,0.0,18007.410999999993,0.0,Match
22209.795,0.0,18066.775999999994,-0.004905,Match
22276.195,0.0,18126.239999999994,-0.004905,Match
22342.695,0.0,18185.802,0.0,Match
22409.295,0.0,18245.48,-0.004905,Match
22475.995,0.0,18305.239999999994,0.0,Match
22542.795,0.0,18365.14,-0.00981,Match
22609.695,0.0,18425.097999999994,-0.004905,Match
22676.695,0.0,18485.153999999995,-0.01962,Match
22743.795,0.0,18545.308999999997,-0.014715,Match
22810.995,0.0,18605.606999999996,0.0,Match
22878.295,0.0,18665.95899999999,-0.014715,Match
22945.695,0.0,18726.409999999996,-0.004905,Match
23013.195,0.0,18786.959999999992,-0.014715,Match
23080.795,0.0,18847.63599999999,-0.004905,Match
23148.495,0.0,18908.38299999999,0.0,Match
23216.295,0.0,18969.228999999992,0.0,Match
23284.195,0.0,19030.17399999999,-0.014715,Match
23352.195,0.0,19091.216999999997,-0.004905,Match
23420.295,0.0,19152.358999999997,0.004905,Match
23488.495,0.0,19213.598999999995,-0.00981,Match
23556.795,0.0,19274.938999999995,0.0,Match
23625.195,0.0,19336.376999999997,-0.01962,Match
23693.695,0.0,19397.918999999994,0.00981,Match
23762.295,0.0,19459.554999999997,0.0,Match
23830.995,0.0,19521.288999999997,0.004905,Match
23899.795,0.0,19583.122999999992,-0.004905,Match
23968.695,0.0,19645.054999999997,-0.014715,Match
24037.695,0.0,19707.084999999992,0.0,Match
24106.795,0.0,19769.214999999997,-0.004905,Match
24175.995,0.0,19831.442999999992,-0.004905,Match
24245.295,0.0,19893.79599999999,-0.01962,Match
24314.695,0.0,19956.22099999999,-0.01962,Match
24384.195,-0.1,20018.74499999999,-0.114777,Match
24453.795,-0.2,20081.36799999999,-0.254079,Match
24523.495,-0.3,20144.089999999997,-0.325692,Match
24593.295,-0.4,20206.910999999996,-0.546417,Match
24663.195,-0.5,20269.85099999999,-0.565056,Match
24733.195,-0.6,20332.86899999999,-0.671004,Match
24803.295,-0.7,20395.98599999999,-0.709263,Match
24873.495,-0.7,20459.20199999999,-0.722997,Match
24943.795,-0.7,20522.51799999999,-0.666099,Match
25014.195,-0.7,20585.93099999999,-0.699453,Match
25084.695,-0.7,20649.46199999999,-0.694548,Match
25155.295,-0.7,20713.07299999999,-0.694548,Match
25225.995,-0.7,20776.82399999999,-0.694548,Match
25296.795,-0.7,20840.63199999999,-0.699453,Match
25367.695,-0.628571,20904.53899999999,-0.62784,Match
25438.695,-0.528571,20968.54399999999,-0.464994,Match
25509.795,-0.428571,21032.68199999999,-0.455184,Match
25580.995,-0.328571,21096.88499999999,-0.302148,Match
25652.295,-0.228571,21161.18699999999,-0.1962,Match
25723.695,-0.128571,21225.587999999992,-0.104967,Match
25795.195,-0.028571,-,-,Deletion
25866.795,0.0,-,-,Deletion
25938.495,0.0,-,-,Deletion
26010.295,0.0,21290.086999999992,0.023544,Match
26082.195,0.0,21354.684999999998,-0.081423,Match
26154.195,0.0,21419.381999999998,0.004905,Match
26226.295,0.0,21484.177999999996,-0.01962,Match
26298.495,0.0,21549.072999999997,0.048069,Match
26370.795,0.0,21614.06599999999,-0.071613,Match
26443.195,0.0,21679.157999999992,0.033354,Match
26515.695,0.0,21744.34899999999,-0.086328,Match
26588.295,0.0,21809.63799999999,0.081423,Match
26660.995,0.0,21875.037999999997,-0.071613,Match
26733.795,0.0,21940.524999999998,0.00981,Match
26806.695,0.0,22006.146999999997,-0.071613,Match
26879.695,0.0,22071.830999999995,0.0,Match
26952.795,0.0,22137.613999999998,-0.023544,Match
27025.995,0.0,22203.496,-0.01962,Match
27099.295,0.0,22269.490999999995,-0.028449,Match
27172.695,0.0,22335.571,0.033354,Match
27246.195,0.02,22401.749,-0.081423,Match
27319.795,0.12,22468.025999999994,0.043164,Match
27393.495,0.22,22534.432999999997,0.239364,Match
27467.295,0.32,22600.906999999992,0.258984,Match
27541.195,0.42,22667.479999999992,0.430659,Match
27615.195,0.52,22734.15199999999,0.473823,Match
27689.295,0.62,22800.92299999999,0.622935,Match
27763.495,0.7,22867.79199999999,0.714168,Match
27837.795,0.7,22934.75999999999,0.679833,Match
27912.195,0.7,23001.82599999999,0.684738,Match
27986.695,0.7,23069.01099999999,0.709263,Match
28061.295,0.7,23136.27499999999,0.704358,Match
28135.995,0.7,23203.67199999999,0.704358,Match
28210.795,0.7,23271.13399999999,0.674928,Match
28285.695,0.7,23338.693999999992,0.656289,Match
28360.695,0.608571,23406.352999999992,0.469899,Match
28435.795,0.508571,23474.110999999997,0.464994,Match
28510.995,0.408571,23541.967999999997,0.302148,Match
28586.295,0.308571,23609.922999999995,0.267813,Match
28661.695,0.208571,23677.976999999995,0.139302,Match
28737.195,0.108571,23746.129999999997,0.00981,Match
28812.795,0.008571,23814.381999999998,-0.014715,Match
28888.495,0.0,23882.732999999997,0.0,Match
28964.295,0.0,23951.181999999997,0.004905,Match
29040.195,0.0,24019.729999999992,-0.052974,Match
29116.195,0.0,24088.375999999997,0.0,Match
29192.295,0.0,24157.120999999992,0.0,Match
29268.495,0.0,24225.963999999996,0.00981,Match
29344.795,0.0,24294.906999999992,-0.043164,Match
29421.195,0.0,24363.96999999999,-0.01962,Match
29497.695,0.0,24433.10999999999,0.00981,Match
29574.295,0.0,24502.34899999999,0.0,Match
29650.995,0.0,24571.68699999999,-0.023544,Match
29727.795,0.0,24641.13599999999,-0.033354,Match
29804.695,0.0,24710.67099999999,-0.004905,Match
29881.695,0.0,24780.336999999992,0.023544,Match
29958.795,0.0,24850.068999999992,-0.023544,Match
30035.995,0.0,24919.89999999999,-0.028449,Match
30113.295,0.0,24989.82999999999,-0.033354,Match
30190.695,0.0,25059.871999999992,0.038259,Match
30268.195,0.0,25129.998999999996,-0.028449,Match
30345.795,0.0,25200.26099999999,-0.043164,Match
30423.495,0.0,25270.585999999992,-0.014715,Match
30501.295,0.0,25341.00899999999,0.014715,Match
30579.195,0.0,25411.531999999992,0.0,Match
30657.195,0.0,25482.15299999999,-0.033354,Match
-,-,25552.871999999992,0.104967,Insertion
-,-,25623.729999999992,0.201105,Insertion
-,-,25694.646999999997,0.244269,Insertion
-,-,25765.662999999997,0.143226,Insertion
-,-,25836.777999999995,0.038259,Insertion
30735.295,0.0,25907.990999999995,0.004905,Match
30813.495,0.0,25979.302,-0.023544,Match
30891.795,0.0,26050.712,0.0,Match
30970.195,0.0,26122.220999999998,0.0,Match
31048.695,0.0,26193.829999999994,-0.014715,Match
31127.295,0.0,26265.536999999997,-0.01962,Match
31205.995,0.0,26337.341999999997,0.01962,Match
31284.795,0.0,26409.245999999992,-0.023544,Match
31363.695,0.0,26481.248999999996,-0.00981,Match
31442.695,0.0,26553.35099999999,-0.01962,Match
31521.795,0.0,26625.551999999992,-0.01962,Match
31600.995,0.0,26697.85099999999,0.00981,Match
31680.295,0.0,26770.248999999996,-0.01962,Match
31759.695,0.0,26842.746999999992,-0.00981,Match
31839.195,0.0,26915.342999999997,-0.01962,Match
31918.795,0.0,26988.059999999998,-0.00981,Match
31998.495,0.0,27060.853,-0.00981,Match
32078.295,0.0,27133.744999999995,-0.004905,Match
32158.195,0.0,27206.735,0.0,Match
32238.195,0.0,27279.828,-0.01962,Match
32318.295,0.0,27353.016,-0.004905,Match
32398.495,0.0,27426.327,-0.023544,Match
32478.795,0.0,27499.713,-0.01962,Match
32559.195,0.0,27573.198,-0.043164,Match
32639.695,0.0,27646.780999999995,-0.004905,Match
32720.295,0.0,27720.481,0.014715,Match
32800.994,0.0,27794.260999999995,-0.01962,Match
32881.794,0.0,27868.14,-0.014715,Match
32962.694,0.0,27942.117999999995,-0.033354,Match
33043.694,0.0,28016.201999999997,-0.01962,Match
33124.794,0.0,28090.376999999997,-0.004905,Match
33205.994,0.0,28164.678999999996,-0.028449,Match
33287.294,0.0,28239.051999999992,0.0,Match
33368.694,0.0,28313.523999999998,-0.043164,Match
33450.194,0.0,28388.094999999998,-0.004905,Match
33531.794,0.0,28462.764999999992,-0.01962,Match
33613.494,0.0,28537.532999999992,-0.004905,Match
33695.294,0.0,28612.432999999997,-0.014715,Match
33777.194,0.0,28687.398999999998,0.0,Match
33859.194,0.0,28762.463999999996,-0.004905,Match
33941.294,0.0,28837.627999999997,-0.00981,Match
34023.494,0.0,28912.931999999997,-0.004905,Match
34105.794,0.0,28988.292999999994,-0.004905,Match
34188.194,0.0,29063.752999999997,-0.00981,Match
34270.694,0.0,29139.310999999994,-0.014715,Match
34353.294,0.0,29214.968999999997,-0.023544,Match
34435.994,0.0,29290.731999999996,-0.01962,Match
34518.794,0.0,29366.586999999992,-0.014715,Match
34601.694,0.0,29442.569999999992,-0.01962,Match
34684.694,0.0,29518.621999999992,-0.004905,Match
34767.794,0.0,29594.77399999999,-0.00981,Match
34850.994,0.0,29671.02399999999,-0.00981,Match
34934.294,0.0,29747.39099999999,-0.004905,Match
35017.694,0.0,29823.83799999999,-0.014715,Match
35101.194,0.0,29900.419999999987,-0.00981,Match
35184.794,0.0,29977.064999999988,-0.014715,Match
35268.494,0.0,30053.808999999987,-0.014715,Match
35352.294,0.0,30130.650999999987,-0.00981,Match
35436.194,0.0,30207.606999999985,0.004905,Match
35520.194,0.0,30284.646999999983,-0.00981,Match
35604.294,0.0,30361.822999999986,-0.004905,Match
35688.494,0.0,30439.060999999987,-0.00981,Match
35772.794,0.0,30516.396999999983,0.0,Match
35857.194,0.0,30593.832999999988,-0.014715,Match
35941.694,0.0,30671.38999999999,-0.014715,Match
36026.294,0.0,30749.02299999999,0.0,Match
36110.994,0.0,30826.75499999999,-0.00981,Match
36195.794,0.0,30904.58599999999,-0.01962,Match
36280.694,0.0,30982.545999999988,-0.00981,Match
36365.694,0.0,31060.573999999982,-0.014715,Match
36450.794,0.0,31138.700999999983,-0.014715,Match
36535.994,0.0,31216.926999999985,-0.014715,Match
36621.294,0.0,31295.250999999986,-0.01962,Match
36706.694,0.0,31373.673999999985,-0.004905,Match
36792.194,0.0,31452.236999999983,-0.00981,Match
36877.794,0.0,31530.857999999986,-0.01962,Match
36963.494,0.0,31609.577999999983,-0.01962,Match
37049.294,0.0,31688.395999999982,-0.01962,Match
37135.194,0.0,31767.312999999984,-0.014715,Match
37221.194,0.0,31846.328999999983,-0.014715,Match
37307.294,0.0,31925.443999999985,-0.00981,Match
37393.494,0.0,32004.656999999985,-0.014715,Match
37479.794,0.0,32083.968999999983,-0.01962,Match
37566.194,0.0,32163.379999999983,-0.023544,Match
37652.694,0.0,32242.888999999985,-0.004905,Match
37739.294,0.0,32322.502999999982,-0.028449,Match
37825.994,0.0,32402.209999999985,-0.01962,Match
37912.794,0.0,32482.014999999985,0.004905,Match
37999.694,0.0,32561.919999999984,-0.004905,Match
38086.694,0.0,32641.922999999984,-0.00981,Match
38173.794,0.0,32722.024999999983,-0.028449,Match
38260.994,0.0,32802.23599999998,-0.023544,Match
38348.294,0.0,32882.535999999986,0.01962,Match
38435.694,0.0,32962.96899999998,-0.00981,Match
38523.194,0.0,33043.465999999986,-0.00981,Match
38610.794,0.0,33124.06299999999,0.0,Match
38698.494,0.0,33204.75799999999,0.004905,Match
38786.294,0.0,33285.57899999999,0.004905,Match
38874.194,0.0,33366.47199999999,-0.038259,Match
38962.194,0.0,33447.46299999999,-0.023544,Match
39050.294,0.0,33528.552999999985,-0.014715,Match
39138.494,0.0,33609.74099999999,-0.01962,Match
39226.794,0.0,33691.027999999984,-0.01962,Match
39315.194,0.0,33772.43999999998,0.0,Match
39403.694,0.0,33853.92499999998,-0.004905,Match
39492.294,0.0,33935.50799999998,-0.023544,Match
39580.994,0.0,34017.18999999998,-0.004905,Match
39669.794,0.0,34098.97099999998,-0.014715,Match
39758.694,0.0,34180.85099999998,-0.014715,Match
39847.694,0.0,34262.85299999998,0.004905,Match
39936.794,0.0,34344.92999999998,-0.028449,Match
40025.994,0.0,34427.10599999998,0.004905,Match
40115.294,0.0,34509.38099999998,-0.004905,Match
40204.694,0.0,34591.75399999998,0.0,Match
40294.194,0.0,34674.22699999998,-0.00981,Match
40383.794,0.0,34756.79799999998,0.004905,Match
40473.494,0.0,34839.46799999998,-0.004905,Match
40563.294,0.0,34922.235999999975,0.0,Match
40653.194,0.0,35005.12699999998,-0.033354,Match
40743.194,0.0,35088.09299999998,-0.004905,Match
40833.294,0.0,35171.15699999998,-0.004905,Match
40923.494,0.0,35254.320999999974,0.0,Match
41013.794,0.0,35337.591999999975,-0.00981,Match
41104.194,0.0,35420.95299999997,-0.014715,Match
41194.694,0.0,35504.45399999997,-0.00981,Match
41285.294,0.0,35588.01299999997,-0.014715,Match
41375.994,0.0,35671.68199999997,-0.014715,Match
41466.794,0.0,35755.43799999997,-0.01962,Match
41557.694,0.0,35839.324999999975,-0.014715,Match
41648.694,0.0,35923.27899999997,-0.004905,Match
41739.794,0.0,36007.33099999998,-0.028449,Match
41830.994,0.0,36091.481999999975,-0.004905,Match
41922.294,0.0,36175.731999999975,0.0,Match
42013.694,0.0,36260.08099999998,-0.01962,Match
42105.194,0.0,36344.56099999998,-0.004905,Match
42196.794,0.0,36429.10699999998,-0.00981,Match
42288.494,0.0,36513.75199999998,-0.004905,Match
42380.294,0.0,36598.49599999998,-0.00981,Match
42472.194,0.0,36683.33899999998,0.0,Match
42564.194,0.0,36768.27999999998,-0.00981,Match
42656.294,0.0,36853.341999999975,-0.014715,Match
42748.494,0.0,36938.48099999998,-0.023544,Match
42840.794,0.0,37023.71799999998,-0.01962,Match
42933.194,0.0,37109.05399999998,-0.014715,Match
43025.694,0.0,37194.48899999998,-0.004905,Match
43118.294,0.0,37280.02299999998,-0.004905,Match
43210.994,0.0,37365.65499999998,-0.00981,Match
43303.794,0.0,37451.38999999998,-0.00981,Match
43396.694,0.0,37537.220999999976,-0.014715,Match
43489.694,0.0,37623.14999999997,-0.014715,Match
43582.794,0.0,37709.17799999997,-0.014715,Match
43675.994,0.0,37795.30399999997,-0.01962,Match
43769.294,0.0,37881.528999999966,0.0,Match
43862.694,0.0,37967.88799999996,-0.00981,Match
43956.194,0.0,38054.310999999965,-0.014715,Match
44049.794,-0.1,38140.833999999966,-0.043164,Match
44143.494,-0.2,38227.454999999965,-0.244269,Match
44237.294,-0.3,38314.19799999997,-0.306072,Match
44331.194,-0.4,38401.01699999997,-0.455184,Match
44425.194,-0.5,38487.93499999997,-0.565056,Match
44519.294,-0.6,38574.95099999997,-0.541512,Match
44613.494,-0.7,38662.07399999997,-0.775971,Match
44707.794,-0.7,38749.28799999997,-0.694548,Match
44802.194,-0.7,38836.62799999997,-0.737712,Match
44896.694,-0.7,38924.03899999997,-0.714168,Match
44991.294,-0.7,39011.54899999997,-0.699453,Match
45085.994,-0.7,39099.15799999997,-0.709263,Match
45180.794,-0.7,39186.86499999997,-0.694548,Match
45275.694,-0.7,39274.67199999997,-0.704358,Match
45370.694,-0.628571,39362.57699999997,-0.714168,Match
45465.794,-0.528571,39450.58099999997,-0.521892,Match
45560.994,-0.428571,39538.68399999997,-0.455184,Match
45656.294,-0.328571,39626.88499999997,-0.354141,Match
45751.694,-0.228571,39715.184999999976,-0.272718,Match
45847.194,-0.128571,39803.58499999998,-0.162846,Match
45942.794,-0.028571,39892.08299999998,-0.01962,Match
46038.494,0.0,-,-,Deletion
46134.294,0.0,-,-,Deletion
46230.194,0.0,39980.67999999998,0.004905,Match
46326.194,0.0,40069.37599999998,-0.00981,Match
46422.294,0.0,40158.17499999998,-0.066708,Match
46518.494,0.0,40247.06799999998,0.061803,Match
46614.794,0.0,40336.059999999976,-0.101043,Match
46711.194,0.0,40425.150999999976,0.048069,Match
46807.694,0.0,40514.341999999975,-0.066708,Match
46904.294,0.0,40603.629999999976,-0.01962,Match
47000.994,0.0,40693.03199999998,-0.004905,Match
47097.794,0.0,40782.51699999998,-0.071613,Match
47194.694,0.0,40872.10199999998,0.023544,Match
47291.694,0.0,40961.78599999998,-0.048069,Match
47388.794,0.0,41051.56799999998,0.033354,Match
47485.994,0.0,41141.44899999998,-0.043164,Match
47583.294,0.0,41231.451999999976,-0.033354,Match
47680.694,0.0,41321.52999999998,0.023544,Match
47778.194,0.0,41411.70699999998,0.01962,Match
47875.794,0.02,41501.98199999998,0.01962,Match
47973.494,0.12,-,-,Deletion
48071.294,0.22,41592.36999999998,0.148131,Match
48169.194,0.32,41682.84199999998,0.315882,Match
48267.194,0.42,41773.44599999998,0.349236,Match
48365.294,0.52,41864.11499999998,0.469899,Match
48463.494,0.62,41954.88299999998,0.555246,Match
48561.794,0.7,42045.74999999998,0.709263,Match
48660.194,0.7,42136.74599999998,0.661194,Match
48758.694,0.7,42227.81099999998,0.742617,Match
48857.294,0.7,42318.97399999998,0.661194,Match
48955.994,0.7,42410.23599999998,0.718092,Match
49054.794,0.7,42501.62699999999,0.666099,Match
49153.694,0.7,42593.08599999999,0.704358,Match
49252.694,0.7,42684.64299999999,0.679833,Match
49351.794,0.608571,42776.29999999999,0.560151,Match
49450.994,0.508571,42868.05499999999,0.464994,Match
49550.294,0.408571,42959.90799999999,0.335502,Match
49649.694,0.308571,43051.86099999999,0.292338,Match
49749.194,0.208571,43143.91199999999,0.119682,Match
49848.794,0.108571,43236.06199999999,0.057879,Match
-,-,43328.311,-0.043164,Insertion
49948.494,0.008571,43420.658,0.048069,Match
50048.294,0.0,43513.12,-0.052974,Match
50148.194,0.0,43605.664,-0.004905,Match
50248.194,0.0,43698.30699999999,-0.004905,Match
50348.294,0.0,43791.04899999999,0.028449,Match
50448.494,0.0,43883.88999999999,-0.028449,Match
50548.794,0.0,43976.82899999999,-0.038259,Match
50649.194,0.0,44069.87899999999,0.00981,Match
50749.694,0.0,44163.016,0.014715,Match
50850.294,0.0,44256.287,-0.01962,Match
50950.994,0.0,44349.621,-0.023544,Match
51051.794,0.0,44443.054,-0.033354,Match
51152.694,0.0,44536.585,0.014715,Match
51253.694,0.0,44630.222,-0.004905,Match
51354.794,0.0,44723.951,-0.033354,Match
51455.994,0.0,44817.808000000005,-0.023544,Match
51557.294,0.0,44911.73500000001,0.004905,Match
51658.694,0.0,45005.76000000001,0.028449,Match
51760.194,0.0,45099.88300000001,-0.048069,Match
51861.794,0.0,45194.11000000001,-0.01962,Match
51963.494,0.0,45288.43100000001,-0.00981,Match
52065.294,0.0,45382.877000000015,0.023544,Match
52167.194,0.0,45477.39500000001,-0.038259,Match
52269.194,0.0,45572.01200000001,-0.048069,Match
52371.294,0.0,45666.727000000006,0.023544,Match
-,-,45761.566000000006,0.153036,Insertion
-,-,45856.478,0.162846,Insertion
-,-,45951.490000000005,0.224649,Insertion
-,-,46046.601,0.066708,Insertion
-,-,46141.810000000005,0.066708,Insertion
52473.494,0.0,46237.119000000006,-0.023544,Match
52575.794,0.0,46332.526000000005,0.004905,Match
52678.194,0.0,46428.031,-0.00981,Match
52780.694,0.0,46523.635,0.0,Match
52883.294,0.0,46619.338,-0.014715,Match
52985.994,0.0,46715.139,-0.00981,Match
53088.794,0.0,46811.04,-0.00981,Match
53191.694,0.0,46907.039,-0.01962,Match
53294.694,0.0,47003.14400000001,-0.01962,Match
53397.794,0.0,47099.34100000001,-0.014715,Match
53500.994,0.0,47195.66200000001,-0.014715,Match
53604.294,0.0,47292.05600000001,-0.014715,Match
53707.694,0.0,47388.54900000001,-0.01962,Match
53811.194,0.0,47485.14100000001,0.0,Match
53914.794,0.0,47581.83300000001,-0.00981,Match
54018.494,0.0,47678.62200000001,-0.028449,Match
54122.294,0.0,47775.53600000001,0.0,Match
54226.194,0.0,47872.52300000001,-0.014715,Match
54330.194,0.0,47969.60900000001,-0.023544,Match
54434.294,0.0,48066.79400000001,-0.00981,Match
54538.494,0.0,48164.08400000001,-0.057879,Match
54642.794,0.0,48261.46600000001,-0.01962,Match
54747.194,0.0,48358.99300000001,-0.00981,Match
54851.694,0.0,48456.57300000001,-0.033354,Match
54956.294,0.0,48554.26300000001,-0.014715,Match
55060.994,0.0,48652.04100000001,-0.014715,Match
55165.794,0.0,48749.947000000015,-0.033354,Match
55270.694,0.0,48847.92200000001,-0.00981,Match
55375.694,0.0,48945.99500000001,0.00981,Match
55480.794,0.0,49044.16800000001,-0.014715,Match
55585.994,0.0,49142.44000000001,-0.033354,Match
55691.294,0.0,49240.81000000001,-0.028449,Match
55796.694,0.0,49339.27800000001,0.023544,Match
55902.194,0.0,49437.845000000016,-0.028449,Match
56007.794,0.0,49536.51100000001,-0.048069,Match
56113.494,0.0,49635.27600000001,-0.01962,Match
56219.294,0.0,49734.140000000014,-0.014715,Match
56325.194,0.0,49833.10300000002,0.004905,Match
56431.194,0.0,49932.165000000015,-0.028449,Match
56537.294,0.0,50031.32500000002,-0.028449,Match
56643.494,0.0,50130.58400000002,-0.014715,Match
56749.794,0.0,50229.949000000015,-0.023544,Match
56856.194,0.0,50329.40500000001,-0.004905,Match
56962.694,0.0,50428.960000000014,-0.00981,Match
57069.294,0.0,50528.61300000001,-0.01962,Match
57175.994,0.0,50628.37000000001,-0.014715,Match
57282.794,0.0,50728.22100000001,-0.01962,Match
57389.694,0.0,50828.19800000001,-0.014715,Match
57496.694,0.0,50928.24700000001,-0.01962,Match
57603.794,0.0,51028.39600000001,-0.014715,Match
57710.994,0.0,51128.64200000001,-0.00981,Match
57818.294,0.0,51228.99300000001,-0.00981,Match
57925.694,0.0,51329.43700000001,-0.014715,Match
58033.194,0.0,51430.01300000001,-0.014715,Match
58140.794,0.0,51530.65500000001,-0.004905,Match
58248.494,0.0,51631.39500000001,0.01962,Match
58356.294,0.0,51732.23500000001,-0.014715,Match
58464.194,0.0,51833.19900000001,-0.00981,Match
58572.194,0.0,51934.236,-0.01962,Match
58680.294,0.0,52035.372,-0.00981,Match
58788.494,0.0,52136.607,-0.004905,Match
58896.794,0.0,52237.953,-0.004905,Match
59005.194,0.0,52339.385,-0.023544,Match
59113.694,0.0,52440.95,0.0,Match
59222.294,0.0,52542.58,0.0,Match
59330.994,0.0,52644.309,-0.00981,Match
59439.794,0.0,52746.137,-0.00981,Match
59548.694,0.0,52848.064000000006,-0.01962,Match
59657.694,0.0,52950.08900000001,-0.01962,Match
59766.794,0.0,53052.21300000001,-0.014715,Match
59875.994,0.0,53154.43600000001,0.004905,Match
59985.294,0.0,53256.75700000001,-0.00981,Match
60094.694,0.0,53359.17700000001,-0.00981,Match
60204.194,0.0,53461.69700000001,-0.014715,Match
60313.794,0.0,53564.31500000001,-0.014715,Match
60423.494,0.0,53667.03100000001,0.0,Match
60533.294,0.0,53769.84600000001,-0.00981,Match
60643.194,0.0,53872.76000000001,-0.00981,Match
60753.194,0.0,53975.77300000001,-0.014715,Match
60863.294,0.0,54078.886000000006,-0.014715,Match
60973.494,0.0,54182.101,-0.014715,Match
61083.794,0.0,54285.411,-0.023544,Match
61194.194,0.0,54388.85,-0.00981,Match
61304.694,0.0,54492.357,-0.043164,Match
61415.294,0.0,54595.963,-0.023544,Match
61525.994,0.0,54699.667,-0.028449,Match
61636.794,0.0,54803.49399999999,-0.048069,Match
61747.694,0.0,54907.39599999999,-0.028449,Match
61858.694,0.0,55011.39599999999,-0.028449,Match
61969.794,0.0,55115.49599999999,-0.00981,Match
62080.994,0.0,55219.728,-0.00981,Match
62192.294,0.0,55324.025,-0.01962,Match
62303.694,0.0,55428.425,-0.028449,Match
62415.194,0.0,55532.92,-0.00981,Match
62526.794,0.0,55637.551,-0.004905,Match
62638.494,0.0,55742.243,-0.023544,Match
62750.294,0.0,55847.034,-0.038259,Match
62862.194,0.0,55951.924,-0.028449,Match
62974.194,0.0,56056.928,-0.01962,Match
63086.294,0.0,56162.016,-0.004905,Match
63198.494,0.0,56267.234,0.014715,Match
63310.794,0.0,56372.51900000001,-0.00981,Match
63423.194,0.0,56477.903000000006,-0.004905,Match
63535.694,0.0,56583.38500000001,-0.014715,Match
63648.294,0.0,56688.96700000001,-0.028449,Match
63760.994,0.0,56794.64700000001,-0.014715,Match
63873.794,0.0,56900.426000000014,0.0,Match
63986.694,0.0,57006.30400000001,-0.033354,Match
64099.694,0.0,57112.28100000001,0.004905,Match
64212.794,0.0,57218.35600000001,-0.028449,Match
64325.994,0.0,57324.530000000006,-0.00981,Match
64439.294,0.0,57430.80300000001,0.004905,Match
64552.694,0.0,57537.17500000001,-0.004905,Match
64666.194,0.0,57643.64600000001,-0.004905,Match
64779.794,0.0,57750.21500000001,-0.038259,Match
64893.494,0.0,57856.90600000001,-0.01962,Match
65007.294,0.0,57963.67200000001,-0.004905,Match
65121.194,0.0,58070.53700000001,0.0,Match
65235.194,0.0,58177.50100000001,-0.014715,Match
65349.294,0.0,58284.56400000001,-0.014715,Match
65463.494,0.0,58391.72600000001,-0.004905,Match
65577.794,0.0,58499.01000000001,0.0,Match
65692.193,0.0,58606.369000000006,-0.004905,Match
65806.693,0.0,58713.827000000005,-0.014715,Match
65921.293,0.0,58821.383,-0.00981,Match
66035.993,0.0,58929.056,0.0,Match
66150.793,0.0,59036.811,-0.004905,Match
66265.693,0.0,59144.664,-0.00981,Match
66380.693,0.0,59252.615000000005,-0.01962,Match
66495.793,0.0,59360.66500000001,-0.00981,Match
66610.993,0.0,59468.81500000001,-0.004905,Match
66726.293,0.0,59577.09100000001,-0.00981,Match
66841.693,0.0,59685.43800000001,-0.01962,Match
66957.193,0.0,59793.88300000001,-0.01962,Match
67072.793,0.0,59902.42700000001,-0.00981,Match
67188.493,0.0,60011.07000000001,-0.00981,Match
67304.293,0.0,60119.812000000005,-0.01962,Match
67420.193,0.0,60228.68200000001,-0.028449,Match
67536.193,0.0,60337.62100000001,-0.014715,Match
67652.293,0.0,60446.66,-0.014715,Match
67768.493,0.0,60555.796,-0.00981,Match
67884.793,0.0,60665.032,-0.01962,Match
68001.193,0.0,60774.367,-0.014715,Match
68117.693,0.0,60883.8,0.014715,Match
68234.293,0.0,60993.348,-0.00981,Match
68350.993,0.0,61102.98,0.0,Match
68467.793,0.0,61212.709,0.0,Match
68584.693,0.0,61322.537,-0.014715,Match
68701.693,0.0,61432.47,-0.00981,Match
68818.793,0.0,61542.49599999999,-0.01962,Match
68935.993,0.0,61652.64899999999,-0.014715,Match
69053.293,0.0,61762.87299999999,-0.023544,Match
69170.693,0.0,61873.19499999999,-0.01962,Match
69288.193,0.0,61983.616,-0.00981,Match
69405.793,0.0,62094.158,-0.00981,Match
69523.493,0.0,62204.777,-0.00981,Match
69641.293,0.0,62315.495,-0.014715,Match
69759.193,0.0,62426.312,-0.004905,Match
69877.193,0.1,62537.233,-0.00981,Match
69995.293,0.2,62648.247,0.119682,Match
70113.493,0.3,62759.391,0.244269,Match
70231.793,0.4,62870.603,0.354141,Match
70350.193,0.5,62981.913,0.503253,Match
70468.693,0.6,63093.323,0.536607,Match
70587.293,0.7,63204.83700000001,0.737712,Match
70705.993,0.7,63316.44400000001,0.714168,Match
70824.793,0.7,63428.176000000014,0.722997,Match
70943.693,0.7,63539.981000000014,0.709263,Match
71062.693,0.7,63651.88400000001,0.699453,Match
71181.793,0.7,63763.88600000001,0.699453,Match
71300.993,0.7,63875.987000000016,0.699453,Match
71420.293,0.7,63988.186000000016,0.694548,Match
71539.693,0.628571,64100.50900000001,0.737712,Match
71659.193,0.528571,64212.90600000001,0.61803,Match
71778.793,0.428571,64325.40200000001,0.455184,Match
71898.493,0.328571,64437.99600000001,0.407115,Match
72018.293,0.228571,64550.69000000001,0.244269,Match
72138.193,0.128571,64663.48100000001,0.172656,Match
72258.193,0.028571,64776.37200000001,0.134397,Match
72378.293,0.0,-,-,Deletion
72498.493,0.0,-,-,Deletion
72618.793,0.0,-,-,Deletion
72739.193,0.0,64889.36300000001,-0.086328,Match
72859.693,0.0,65002.451000000015,0.00981,Match
72980.293,0.0,65115.65400000002,0.023544,Match
73100.993,0.0,65228.94000000002,-0.023544,Match
73221.793,0.0,65342.32500000002,0.0,Match
73342.693,0.0,65455.80800000002,-0.052974,Match
73463.693,0.0,65569.39900000002,-0.004905,Match
73584.793,0.0,65683.08100000002,0.028449,Match
73705.993,0.0,65796.89100000002,-0.038259,Match
73827.293,0.0,65910.76900000001,-0.066708,Match
73948.693,0.0,66024.74600000001,-0.023544,Match
74070.193,0.0,66138.82200000001,-0.028449,Match
74191.793,0.0,66253.01700000002,0.014715,Match
74313.493,0.0,66367.29100000003,-0.033354,Match
74435.293,0.0,66481.66300000003,0.00981,Match
74557.193,0.0,66596.13400000003,-0.081423,Match
74679.193,-0.02,66710.70600000003,0.076518,Match
74801.293,-0.12,66825.37400000004,-0.104967,Match
74923.493,-0.22,66940.17800000004,-0.162846,Match
75045.793,-0.32,67055.04300000005,-0.349236,Match
75168.193,-0.42,67170.00900000005,-0.368856,Match
75290.693,-0.52,67285.07200000004,-0.503253,Match
75413.293,-0.62,67400.26900000004,-0.61803,Match
75535.993,-0.7,67515.53000000004,-0.666099,Match
75658.793,-0.7,67630.89000000004,-0.732807,Match
75781.693,-0.7,67746.34800000004,-0.646479,Match
75904.693,-0.7,67861.93600000005,-0.709263,Match
76027.793,-0.7,67977.59200000005,-0.714168,Match
76150.993,-0.7,68093.34600000005,-0.714168,Match
76274.293,-0.7,68209.20000000006,-0.704358,Match
76397.693,-0.7,68325.15200000006,-0.718092,Match
76521.193,-0.608571,68441.20200000006,-0.60822,Match
76644.793,-0.508571,68557.35200000006,-0.478728,Match
76768.493,-0.408571,68673.60100000005,-0.388476,Match
76892.293,-0.308571,68789.94800000005,-0.277623,Match
77016.193,-0.208571,68906.39300000005,-0.191295,Match
77140.193,-0.108571,69022.93700000005,-0.048069,Match
77264.293,-0.008571,69139.58000000005,-0.01962,Match
77388.493,0.0,69256.32200000004,0.004905,Match
-,-,69373.17000000004,-0.076518,Insertion
-,-,69490.11000000004,0.038259,Insertion
77512.793,0.0,69607.14800000004,-0.004905,Match
77637.193,0.0,69724.28500000005,0.0,Match
77761.693,0.0,69841.52000000005,-0.048069,Match
77886.293,0.0,69958.85400000005,-0.00981,Match
78010.993,0.0,70076.29300000005,0.00981,Match
78135.793,0.0,70193.82500000006,0.0,Match
78260.693,0.0,70311.45500000006,-0.043164,Match
78385.693,0.0,70429.18500000006,-0.004905,Match
78510.793,0.0,70547.01300000005,-0.004905,Match
78635.993,0.0,70664.94000000005,0.023544,Match
78761.293,0.0,70782.97600000004,-0.038259,Match
78886.693,0.0,70901.10000000003,-0.014715,Match
79012.193,0.0,71019.35800000004,0.004905,Match
79137.793,0.0,71137.68000000004,-0.014715,Match
79263.493,0.0,71256.10100000004,-0.028449,Match
79389.293,0.0,71374.62100000004,-0.043164,Match
79515.193,0.0,71493.26100000004,0.00981,Match
79641.193,0.0,71611.97800000005,0.004905,Match
79767.293,0.0,71730.79400000005,0.00981,Match
79893.493,0.0,71849.70900000005,-0.052974,Match
80019.793,0.0,71968.72200000005,-0.014715,Match
80146.193,0.0,72087.83400000005,0.01962,Match
80272.693,0.0,72207.04500000004,-0.023544,Match
80399.293,0.0,72326.35400000004,-0.043164,Match
-,-,72445.76200000003,-0.119682,Insertion
-,-,72565.26900000003,-0.177561,Insertion
-,-,72684.87400000003,-0.258984,Insertion
-,-,72804.57800000002,-0.157941,Insertion
-,-,72924.38100000002,-0.096138,Insertion
80525.993,0.0,73044.28300000002,-0.01962,Match
80652.793,0.0,73164.28400000003,-0.014715,Match
80779.693,0.0,73284.38300000003,-0.028449,Match
80906.693,0.0,73404.58100000003,-0.01962,Match
81033.793,0.0,73524.87800000004,-0.01962,Match
81160.993,0.0,73645.27400000003,-0.014715,Match
81288.293,0.0,73765.78300000004,-0.00981,Match
81415.693,0.0,73886.37600000003,-0.004905,Match
81543.193,0.0,74007.06800000003,-0.023544,Match
81670.793,0.0,74127.85800000002,-0.01962,Match
81798.493,0.0,74248.74700000002,-0.00981,Match
81926.293,0.0,74369.73500000002,-0.014715,Match
82054.193,0.0,74490.82800000001,-0.00981,Match
82182.193,0.0,74612.01400000001,-0.023544,Match
82310.293,0.0,74733.33000000002,-0.023544,Match
82438.493,0.0,74854.71200000001,-0.014715,Match
82566.793,0.0,74976.19800000002,-0.023544,Match
82695.193,0.0,75097.77900000002,-0.01962,Match
82823.693,0.0,75219.49700000002,-0.00981,Match
82952.293,0.0,75341.27500000002,-0.01962,Match
83080.993,0.0,75463.15200000002,0.0,Match
83209.793,0.0,75585.12800000001,-0.01962,Match
83338.693,0.0,75707.20900000002,-0.038259,Match
83467.693,0.0,75829.38200000001,-0.00981,Match
83596.793,0.0,75951.67800000001,-0.014715,Match
83725.993,0.0,76074.04800000001,-0.023544,Match
83855.293,0.0,76196.51800000001,-0.023544,Match
83984.693,0.0,76319.08600000001,0.004905,Match
84114.193,0.0,76441.75300000001,0.0,Match
84243.793,0.0,76564.51900000001,0.00981,Match
84373.493,0.0,76687.38300000002,-0.014715,Match
84503.293,0.0,76810.34600000002,-0.00981,Match
84633.193,0.0,76933.40800000002,0.014715,Match
84763.193,0.0,77056.57400000002,-0.014715,Match
84893.293,0.0,77179.83300000003,-0.014715,Match
85023.493,0.0,77303.19100000002,-0.023544,Match
85153.793,0.0,77426.64800000002,-0.023544,Match
85284.193,0.0,77550.20300000001,-0.01962,Match
85414.693,0.0,77673.857,-0.00981,Match
85545.293,0.0,77797.61600000001,0.00981,Match
85675.993,0.0,77921.467,0.0,Match
85806.793,0.0,78045.458,-0.014715,Match
85937.693,0.0,78169.507,-0.00981,Match
86068.693,0.0,78293.656,-0.004905,Match
86199.793,0.0,78417.903,-0.004905,Match
86330.993,0.0,78542.263,-0.014715,Match
86462.293,0.0,78666.70700000001,0.004905,Match
86593.693,0.0,78791.24900000001,-0.00981,Match
86725.193,0.0,78915.88900000001,-0.004905,Match
86856.793,0.0,79040.63900000001,-0.01962,Match
86988.493,0.0,79165.47800000002,0.0,Match
87120.293,0.0,79290.45100000002,-0.004905,Match
87252.193,0.0,79415.48900000002,-0.014715,Match
87384.193,0.0,79540.63000000002,-0.01962,Match
87516.293,0.0,79665.86300000001,-0.014715,Match
87648.493,0.0,79791.22600000001,-0.023544,Match
87780.793,0.0,79916.656,-0.014715,Match
87913.193,0.0,80042.185,-0.00981,Match
88045.693,0.0,80167.81199999999,-0.014715,Match
88178.293,0.0,80293.53799999999,-0.00981,Match
88310.993,0.0,80419.36299999998,-0.00981,Match
88443.793,0.0,80545.32499999998,-0.014715,Match
88576.693,0.0,80671.34699999998,-0.014715,Match
88709.693,0.0,80797.46799999998,-0.014715,Match
88842.793,0.0,80923.68799999998,-0.014715,Match
88975.993,0.0,81050.04099999998,-0.004905,Match
89109.293,0.0,81176.45799999998,-0.00981,Match
89242.693,0.0,81302.97399999999,-0.014715,Match
89376.193,0.0,81429.58799999999,-0.00981,Match
89509.793,0.0,81556.30099999999,-0.00981,Match
89643.493,0.0,81683.113,-0.00981,Match
89777.293,0.0,81810.02399999999,-0.014715,Match
89911.193,0.0,81937.033,-0.00981,Match
90045.193,0.0,82064.14099999999,-0.014715,Match
90179.293,0.0,82191.34799999998,-0.014715,Match
90313.493,0.0,82318.65399999998,-0.014715,Match
90447.793,0.0,82446.05799999998,-0.014715,Match
90582.193,0.0,82573.56099999997,-0.01962,Match
90716.693,0.0,82701.19099999998,-0.014715,Match
90851.293,0.0,82828.89199999998,0.0,Match
90985.993,0.0,82956.69099999998,-0.014715,Match
91120.793,0.0,83084.58899999998,-0.00981,Match
91255.693,0.0,83212.59199999998,-0.01962,Match
91390.693,0.0,83340.68699999998,-0.048069,Match
91525.793,0.0,83468.90999999997,-0.01962,Match
91660.993,0.0,83597.20299999998,-0.023544,Match
91796.293,0.0,83725.59399999998,0.01962,Match
91931.693,0.0,83854.08399999999,0.00981,Match
92067.193,0.0,83982.673,-0.023544,Match
92202.793,0.0,84111.36,-0.014715,Match
92338.493,0.0,84240.17,-0.004905,Match
92474.293,0.0,84369.055,-0.00981,Match
92610.193,0.0,84498.03899999999,-0.00981,Match
92746.193,0.0,84627.12099999998,0.0,Match
92882.293,0.0,84756.30099999998,-0.004905,Match
93018.493,0.0,84885.57999999997,-0.028449,Match
93154.793,0.0,85014.95799999997,-0.004905,Match
93291.193,0.0,85144.43499999997,-0.004905,Match
93427.693,0.0,85274.01099999997,-0.01962,Match
93564.293,0.0,85403.68499999997,-0.00981,Match
93700.993,0.0,85533.45799999997,-0.00981,Match
93837.793,0.0,85663.32999999997,0.0,Match
93974.693,0.0,85793.29999999997,-0.004905,Match
94111.693,0.0,85923.37999999998,0.0,Match
94248.793,0.0,86053.54799999998,-0.033354,Match
94385.993,0.0,86183.81399999998,-0.023544,Match
94523.293,0.0,86314.17899999999,-0.01962,Match
94660.693,0.0,86444.64899999999,-0.00981,Match
94798.193,0.0,86575.211,-0.01962,Match
94935.793,0.0,86705.897,-0.004905,Match
95073.493,0.0,86836.65699999999,-0.014715,Match
95211.293,0.0,86967.51499999998,-0.004905,Match
95349.193,0.0,87098.47199999998,-0.01962,Match
95487.193,0.0,87229.54899999998,-0.00981,Match
95625.293,0.0,87360.70299999998,0.004905,Match
95763.493,0.0,87491.95599999998,-0.00981,Match
95901.793,0.0,87623.30699999997,0.0,Match
96040.193,0.0,87754.75699999997,-0.023544,Match
96178.693,0.0,87886.30599999997,-0.014715,Match
96317.293,0.0,88017.97699999997,-0.00981,Match
96455.993,0.0,88149.72299999997,-0.01962,Match
96594.793,0.0,88281.56699999997,-0.028449,Match
96733.693,0.0,88413.50999999997,-0.023544,Match
96872.693,0.0,88545.57599999997,-0.01962,Match
97011.793,0.0,88677.71699999998,-0.023544,Match
97150.993,0.0,88809.95599999998,-0.00981,Match
97290.293,0.0,88942.29399999998,-0.01962,Match
97429.693,0.0,89074.72999999998,-0.01962,Match
97569.193,0.0,89207.26499999998,-0.004905,Match
97708.793,0.0,89339.89999999998,0.0,Match
97848.493,0.0,89472.63299999997,-0.01962,Match
97988.293,0.0,89605.46399999998,-0.00981,Match
98128.193,0.0,89738.39799999997,0.004905,Match
98268.193,0.0,89871.42699999997,-0.004905,Match
98408.293,0.0,90004.55499999996,-0.014715,Match
98548.493,0.0,90137.78099999996,-0.004905,Match
98688.793,0.0,90271.10499999997,-0.01962,Match
98829.193,0.0,90404.52799999996,-0.014715,Match
98969.693,0.0,90538.07099999997,-0.004905,Match
99110.293,0.0,90671.69199999997,-0.014715,Match
99250.993,0.0,90805.41099999996,-0.00981,Match
99391.793,0.0,90939.22799999994,-0.00981,Match
99532.693,0.0,91073.15599999994,-0.00981,Match
99673.693,0.0,91207.17099999994,-0.014715,Match
99814.793,0.0,91341.28499999996,-0.01962,Match
99955.993,0.0,91475.49799999996,-0.014715,Match
100097.29,0.0,91609.80999999995,-0.023544,Match
100238.68,0.0,91744.21999999996,-0.00981,Match
100380.18,0.0,91878.73099999996,-0.01962,Match
100521.78,0.0,92013.33999999995,-0.004905,Match
100663.48,0.0,92148.06699999997,-0.004905,Match
100805.28,0.0,92282.87299999996,-0.038259,Match
100947.18,0.0,92417.77699999994,-0.038259,Match
101089.18,0.0,92552.77999999994,0.0,Match
101231.28,0.0,92687.88299999994,-0.01962,Match
101373.48,0.0,92823.08399999994,0.0,Match
101515.78,0.1,92958.40799999994,0.057879,Match
101658.18,0.2,93093.80699999994,0.220725,Match
101800.68,0.3,93229.30399999996,0.272718,Match
101943.28,0.4,93364.89999999997,0.435564,Match
102085.98,0.5,93500.62799999995,0.551322,Match
102228.78,0.6,93636.42099999996,0.61803,Match
102371.68,0.7,93772.31299999997,0.761256,Match
102514.68,0.7,93908.30399999996,0.671004,Match
102657.78,0.7,94044.39399999996,0.737712,Match
102800.98,0.7,94180.58199999997,0.679833,Match
102944.28,0.7,94316.89999999997,0.722997,Match
103087.68,0.7,94453.28699999995,0.689643,Match
103231.18,0.7,94589.77199999995,0.661194,Match
103374.78,0.7,94726.35599999996,0.709263,Match
103518.48,0.628571,94863.03799999996,0.641574,Match
103662.28,0.528571,94999.81899999996,0.498348,Match
103806.18,0.428571,95136.69899999996,0.42183,Match
103950.18,0.328571,95273.67799999996,0.320787,Match
104094.28,0.228571,95410.75499999998,0.201105,Match
104238.48,0.128571,95547.93899999995,0.109872,Match
104382.78,0.028571,-,-,Deletion
104527.18,0.0,-,-,Deletion
104671.68,0.0,95685.21399999996,0.014715,Match
104816.28,0.0,95822.61899999996,-0.023544,Match
104960.98,0.0,95960.09199999996,-0.01962,Match
105105.78,0.0,96097.66299999996,-0.01962,Match
105250.68,0.0,96235.33299999996,-0.004905,Match
105395.68,0.0,96373.12499999996,-0.033354,Match
105540.78,0.0,96510.99299999996,0.01962,Match
105685.98,0.0,96648.99799999996,-0.101043,Match
105831.28,0.0,96787.06299999997,0.043164,Match
105976.68,0.0,96925.22699999996,-0.048069,Match
106122.18,0.0,97063.48999999998,0.086328,Match
106267.78,0.0,97201.86899999998,-0.091233,Match
106413.48,0.0,97340.32999999996,0.004905,Match
106559.28,0.0,97478.88899999997,-0.043164,Match
106705.18,0.0,97617.54699999996,0.023544,Match
106851.18,0.0,97756.32099999997,-0.028449,Match
106997.28,0.0,97895.17699999997,-0.01962,Match
107143.48,0.0,98034.17399999996,0.0,Match
107289.78,-0.02,-,-,Deletion
107436.18,-0.12,98173.22699999996,-0.048069,Match
107582.68,-0.22,98312.38599999995,-0.234459,Match
107729.28,-0.32,98451.63699999996,-0.277623,Match
107875.98,-0.42,98591.01699999998,-0.40221,Match
108022.78,-0.52,98730.46599999996,-0.503253,Match
108169.68,-0.62,98870.01299999998,-0.569961,Match
108316.68,-0.7,99009.65899999996,-0.732807,Match
108463.78,-0.7,99149.40399999997,-0.679833,Match
108610.98,-0.7,99289.24799999996,-0.679833,Match
108758.28,-0.7,99429.19099999996,-0.694548,Match
108905.68,-0.7,99569.23199999996,-0.709263,Match
109053.18,-0.7,99709.37199999996,-0.679833,Match
109200.78,-0.7,99849.60999999996,-0.684738,Match
109348.48,-0.7,99989.94699999996,-0.666099,Match
109496.28,-0.608571,100130.38399999996,-0.551322,Match
109644.18,-0.508571,100270.91899999997,-0.460089,Match
109792.18,-0.408571,100411.55399999996,-0.363951,Match
109940.28,-0.308571,100552.28699999995,-0.267813,Match
110088.48,-0.208571,100693.11899999996,-0.096138,Match
110236.78,-0.108571,100834.04999999994,-0.086328,Match
110385.18,-0.008571,100975.08299999994,0.004905,Match
110533.68,0.0,101116.21099999994,-0.043164,Match
-,-,101257.43799999994,0.052974,Insertion
110682.28,0.0,101398.76399999994,-0.043164,Match
110830.98,0.0,101540.19299999994,-0.01962,Match
110979.78,0.0,101681.71599999994,-0.014715,Match
111128.68,0.0,101823.36199999994,0.01962,Match
111277.68,0.0,101965.08299999994,0.0,Match
111426.78,0.0,102106.90299999996,-0.048069,Match
111575.98,0.0,102248.82199999994,-0.023544,Match
111725.28,0.0,102390.84199999996,0.023544,Match
111874.68,0.0,102532.95799999994,0.00981,Match
112024.18,0.0,102675.19799999996,-0.01962,Match
112173.78,0.0,102817.51199999994,-0.048069,Match
112323.48,0.0,102959.92499999994,0.023544,Match
112473.28,0.0,103102.43599999994,0.014715,Match
112623.18,0.0,103245.04599999994,-0.004905,Match
112773.18,0.0,103387.75499999996,-0.033354,Match
112923.28,0.0,103530.59899999994,0.00981,Match
113073.48,0.0,103673.50599999996,0.028449,Match
113223.78,0.0,103816.51199999994,-0.023544,Match
113374.18,0.0,103959.61599999997,-0.028449,Match
113524.68,0.0,104102.81899999994,-0.00981,Match
113675.28,0.0,104246.12099999994,0.038259,Match
113825.98,0.0,104389.55899999994,-0.01962,Match
113976.78,0.0,104533.05799999992,-0.052974,Match
-,-,104676.65599999992,-0.086328,Insertion
-,-,104820.35199999993,-0.148131,Insertion
-,-,104964.14699999992,-0.20601,Insertion
-,-,105108.04099999992,-0.162846,Insertion
-,-,105252.03299999992,-0.104967,Insertion
114127.68,0.0,105396.12499999993,-0.043164,Match
114278.68,0.0,105540.31499999992,-0.004905,Match
114429.78,0.0,105684.60399999992,-0.01962,Match
114580.98,0.0,105828.99099999994,-0.00981,Match
114732.28,0.0,105973.50099999992,-0.004905,Match
114883.68,0.0,106118.08599999994,-0.014715,Match
115035.18,0.0,106262.77099999994,0.0,Match
115186.78,0.0,106407.55299999994,-0.004905,Match
115338.48,0.0,106552.43799999994,-0.00981,Match
115490.28,0.0,106697.41799999992,-0.00981,Match
115642.18,0.0,106842.52999999993,-0.004905,Match
115794.18,0.0,106987.70799999993,-0.014715,Match
115946.28,0.0,107132.98499999991,-0.004905,Match
116098.48,0.0,107278.35999999991,-0.004905,Match
116250.78,0.0,107423.84699999992,-0.033354,Match
116403.18,0.0,107569.41999999993,-0.00981,Match
116555.68,0.0,107715.12699999992,-0.00981,Match
116708.28,0.0,107860.89799999991,-0.023544,Match
116860.98,0.0,108006.76699999992,-0.004905,Match
117013.78,0.0,108152.73499999991,-0.014715,Match
117166.68,0.0,108298.82499999992,0.004905,Match
117319.68,0.0,108444.9909999999,-0.00981,Match
117472.78,0.0,108591.2549999999,-0.014715,Match
117625.98,0.0,108737.6179999999,0.0,Match
117779.28,0.0,108884.0799999999,-0.004905,Match
117932.68,0.0,109030.6409999999,0.004905,Match
118086.18,0.0,109177.3009999999,-0.004905,Match
118239.78,0.0,109324.05999999992,-0.023544,Match
118393.48,0.0,109470.94999999992,-0.023544,Match
118547.28,0.0,109617.90599999992,-0.01962,Match
118701.18,0.0,109764.96099999992,-0.014715,Match
118855.18,0.0,109912.11299999992,-0.033354,Match
119009.28,0.0,110059.3649999999,0.038259,Match
119163.48,0.0,110206.7159999999,0.004905,Match
119317.78,0.0,110354.20299999988,0.0,Match
119472.18,0.0,110501.75099999987,0.004905,Match
119626.68,0.0,110649.39799999988,0.004905,Match
119781.28,0.0,110797.16599999988,-0.004905,Match
119935.98,0.0,110945.01099999988,0.0,Match
120090.78,0.0,111092.95399999988,-0.014715,Match
120245.68,0.0,111240.99599999988,-0.028449,Match
120400.68,0.0,111389.13999999988,-0.014715,Match
120555.78,0.0,111537.37999999987,-0.014715,Match
120710.98,0.0,111685.75499999987,-0.004905,Match
120866.28,0.0,111834.19299999988,-0.014715,Match
121021.68,0.0,111982.74299999989,-0.00981,Match
121177.18,0.0,112131.37799999988,0.004905,Match
121332.78,0.0,112280.11099999987,-0.014715,Match
121488.48,0.0,112428.94299999988,-0.00981,Match
121644.28,0.0,112577.87599999987,-0.014715,Match
121800.18,0.0,112726.90599999989,-0.014715,Match
121956.18,0.0,112876.06599999988,-0.014715,Match
122112.28,0.0,113025.29399999988,-0.014715,Match
122268.48,0.0,113174.61999999988,-0.01962,Match
122424.78,0.0,113324.04499999988,-0.028449,Match
122581.18,0.0,113473.59499999988,-0.00981,Match
122737.68,0.0,113623.21799999988,0.0,Match
122894.28,0.0,113772.93999999989,-0.014715,Match
123050.98,0.0,113922.7599999999,-0.004905,Match
123207.78,0.0,114072.6779999999,-0.014715,Match
123364.68,0.0,114222.6959999999,-0.023544,Match
123521.68,0.0,114372.8129999999,-0.014715,Match
123678.78,0.0,114523.02799999987,-0.014715,Match
123835.98,0.0,114673.34199999987,-0.01962,Match
123993.28,0.0,114823.75399999988,-0.014715,Match
124150.68,0.0,114974.30599999988,-0.00981,Match
124308.18,0.0,115124.91599999988,-0.01962,Match
124465.78,0.0,115275.62399999988,-0.014715,Match
124623.48,0.0,115426.43199999988,-0.00981,Match
124781.28,0.0,115577.33799999989,-0.01962,Match
124939.18,0.0,115728.34299999988,-0.004905,Match
125097.18,0.0,115879.4469999999,-0.023544,Match
125255.28,0.0,116030.6669999999,-0.00981,Match
125413.48,0.0,116181.9679999999,-0.00981,Match
125571.78,0.0,116333.36699999993,-0.00981,Match
125730.18,0.0,116484.86499999992,-0.01962,Match
125888.68,0.0,116636.47899999992,-0.01962,Match
126047.28,0.0,116788.17599999992,-0.00981,Match
126205.98,0.0,116939.97099999992,-0.014715,Match
126364.78,0.0,117091.86499999992,-0.01962,Match
126523.68,0.0,117243.85799999992,-0.004905,Match
126682.68,0.0,117395.94899999992,-0.014715,Match
126841.78,0.0,117548.16299999991,-0.01962,Match
127000.98,0.0,117700.45199999992,-0.00981,Match
127160.28,0.0,117852.83799999992,0.014715,Match
127319.68,0.0,118005.32299999992,-0.014715,Match
127479.18,0.0,118157.91399999992,-0.014715,Match
127638.78,0.0,118310.59699999994,-0.01962,Match
127798.48,0.0,118463.40799999994,-0.014715,Match
127958.28,0.0,118616.28899999992,-0.023544,Match
128118.18,0.0,118769.26799999994,-0.004905,Match
128278.18,0.0,118922.34599999992,0.0,Match
128438.28,0.0,119075.52299999991,-0.023544,Match
128598.48,0.0,119228.79899999993,-0.038259,Match
128758.78,0.0,119382.20299999992,-0.023544,Match
128919.18,0.0,119535.67599999992,-0.01962,Match
129079.68,0.0,119689.24799999992,-0.00981,Match
129240.28,0.0,119842.91899999992,-0.00981,Match
129400.98,0.0,119996.68899999993,-0.01962,Match
129561.78,0.0,120150.55699999991,0.0,Match
129722.68,0.0,120304.52399999992,-0.004905,Match
129883.68,0.0,120458.58899999992,-0.014715,Match
130044.78,0.0,120612.75199999992,0.014715,Match
130205.98,0.0,120767.01599999992,-0.014715,Match
130367.28,0.0,120921.37799999992,-0.00981,Match
130528.68,0.0,121075.86199999992,-0.014715,Match
130690.18,0.0,121230.42099999991,-0.00981,Match
130851.78,0.0,121385.07899999993,-0.00981,Match
131013.48,0.0,121539.83599999992,-0.00981,Match
131175.28,0.0,121694.7179999999,-0.014715,Match
131337.18,0.0,121849.6719999999,0.0,Match
131499.18,0.0,122004.7249999999,-0.00981,Match
131661.28,0.0,122159.8759999999,-0.028449,Match
131823.48,0.0,122315.1309999999,-0.01962,Match
131985.78,0.0,122470.48099999993,-0.014715,Match
132148.18,0.0,122625.95099999991,-0.004905,Match
132310.68,0.0,122781.49799999992,0.00981,Match
132473.28,0.0,122937.18299999992,-0.033354,Match
132635.98,0.0,123092.92799999993,-0.00981,Match
132798.78,0.0,123248.77199999992,-0.00981,Match
132961.68,0.0,123404.7139999999,-0.004905,Match
133124.68,0.0,123560.77899999992,-0.00981,Match
133287.78,0.0,123716.9189999999,-0.00981,Match
133450.98,0.0,123873.15799999992,-0.004905,Match
133614.28,0.0,124029.49499999992,-0.004905,Match
133777.68,0.0,124185.9599999999,0.0,Match
133941.18,0.0,124342.49499999992,0.004905,Match
134104.78,0.0,124499.12899999991,-0.004905,Match
134268.48,0.0,124655.8619999999,-0.00981,Match
134432.28,0.0,124812.6939999999,-0.01962,Match
134596.18,0.0,124969.6239999999,-0.00981,Match
134760.18,0.0,125126.6739999999,-0.004905,Match
134924.28,0.0,125283.8019999999,-0.004905,Match
135088.48,0.0,125441.0289999999,-0.01962,Match
135252.78,0.0,125598.35399999988,-0.01962,Match
135417.18,0.0,125755.77799999987,-0.014715,Match
135581.68,0.0,125913.29999999989,-0.043164,Match
135746.28,0.0,126070.92199999987,-0.033354,Match
135910.98,0.0,126228.6429999999,-0.014715,Match
136075.78,0.0,126386.4619999999,-0.01962,Match
136240.68,0.0,126544.3839999999,-0.014715,Match
136405.68,0.0,126702.40099999993,-0.00981,Match
136570.78,0.0,126860.5169999999,-0.014715,Match
136735.98,0.0,127018.73099999993,-0.014715,Match
136901.28,0.0,127177.0439999999,-0.004905,Match
137066.68,0.0,127335.4559999999,-0.00981,Match
137232.18,0.0,127493.97999999992,-0.014715,Match
137397.78,0.0,127652.5889999999,-0.00981,Match
137563.48,0.0,127811.2969999999,-0.01962,Match
137729.28,0.0,127970.1039999999,-0.071613,Match
137895.18,0.0,128129.01099999993,-0.048069,Match
138061.18,0.0,128288.01499999993,-0.023544,Match
138227.28,0.0,128447.1419999999,-0.01962,Match
138393.48,0.0,128606.34399999992,-0.01962,Match
138559.78,0.0,128765.64399999991,-0.014715,Match
138726.18,0.0,128925.04299999992,-0.01962,Match
138892.68,0.0,129084.55599999992,-0.014715,Match
139059.28,0.0,129244.15299999992,-0.00981,Match
139225.98,0.0,129403.89199999992,-0.00981,Match
139392.78,0.0,129563.68599999991,-0.00981,Match
139559.68,0.1,129723.57899999993,0.004905,Match
139726.68,0.2,129883.57099999992,0.234459,Match
139893.78,0.3,130043.6609999999,0.272718,Match
140060.98,0.4,130203.85099999992,0.430659,Match
140228.28,0.5,130364.13899999992,0.526797,Match
140395.68,0.6,130524.52599999993,0.593505,Match
140563.18,0.7,130685.01199999992,0.752427,Match
140730.78,0.7,130845.59599999992,0.671004,Match
140898.48,0.7,131006.27899999992,0.704358,Match
141066.28,0.7,131167.06099999993,0.709263,Match
141234.18,0.7,131327.94199999992,0.661194,Match
141402.18,0.7,131488.92199999993,0.737712,Match
141570.28,0.7,131650.00099999993,0.709263,Match
141738.48,0.7,131811.17799999993,0.714168,Match
141906.78,0.628571,131972.45399999994,0.656289,Match
142075.18,0.528571,132133.82899999994,0.574866,Match
142243.68,0.428571,132295.30299999993,0.435564,Match
142412.28,0.328571,132456.87799999994,0.359046,Match
142580.98,0.228571,132618.54999999993,0.263889,Match
142749.78,0.128571,132780.33699999994,0.109872,Match
142918.68,0.028571,132942.20599999995,0.076518,Match
143087.68,0.0,-,-,Deletion
143256.78,0.0,-,-,Deletion
143425.98,0.0,133104.21199999994,-0.038259,Match
143595.28,0.0,133266.27799999993,-0.028449,Match
143764.68,0.0,133428.44299999994,0.052974,Match
143934.18,0.0,133590.70699999994,-0.014715,Match
144103.78,0.0,133753.08699999994,0.043164,Match
144273.48,0.0,133915.54899999994,-0.048069,Match
144443.28,0.0,134078.14899999995,-0.033354,Match
144613.18,0.0,134240.80899999995,0.01962,Match
144783.18,0.0,134403.57699999996,-0.033354,Match
144953.28,0.0,134566.43399999995,0.048069,Match
145123.48,0.0,134729.42199999996,-0.076518,Match
145293.78,0.0,134892.47699999996,0.028449,Match
145464.18,0.0,135055.63099999996,-0.01962,Match
145634.68,0.0,135218.88299999997,0.033354,Match
145805.28,0.0,135382.23399999997,-0.01962,Match
145975.98,0.0,135545.68399999998,-0.028449,Match
146146.78,0.0,135709.23299999998,-0.043164,Match
146317.68,-0.02,135872.87999999998,-0.014715,Match
146488.68,-0.12,-,-,Deletion
146659.78,-0.22,136036.62699999998,-0.162846,Match
146830.98,-0.32,136200.47199999998,-0.277623,Match
147002.28,-0.42,136364.41599999997,-0.407115,Match
147173.68,-0.52,136528.45899999997,-0.464994,Match
147345.18,-0.62,136692.64199999996,-0.569961,Match
147516.78,-0.7,136856.88199999995,-0.709263,Match
147688.48,-0.7,137021.22099999996,-0.732807,Match
147860.28,-0.7,137185.65799999997,-0.727902,Match
148032.18,-0.7,137350.19499999998,-0.766161,Match
148204.18,-0.7,137514.83,-0.709263,Match
148376.28,-0.7,137679.56399999998,-0.694548,Match
148548.48,-0.7,137844.39599999998,-0.714168,Match
148720.78,-0.7,138009.327,-0.699453,Match
148893.18,-0.608571,138174.356,-0.569961,Match
149065.68,-0.508571,138339.485,-0.464994,Match
149238.28,-0.408571,138504.712,-0.430659,Match
149410.98,-0.308571,138670.038,-0.244269,Match
149583.78,-0.208571,138835.462,-0.210915,Match
149756.68,-0.108571,139000.985,-0.057879,Match
149929.68,-0.008571,139166.63999999998,-0.033354,Match
150102.78,0.0,139332.36099999998,0.004905,Match
-,-,139498.18299999996,0.038259,Insertion
-,-,139664.10199999996,-0.081423,Insertion
150275.98,0.0,139830.14499999996,0.014715,Match
150449.28,0.0,139996.25999999995,-0.023544,Match
150622.68,0.0,140162.47499999995,0.033354,Match
150796.18,0.0,140328.78799999994,-0.061803,Match
150969.78,0.0,140495.21499999994,-0.014715,Match
151143.48,0.0,140661.72599999994,0.0,Match
151317.28,0.0,140828.37499999994,0.0,Match
151491.18,0.0,140995.08399999994,-0.028449,Match
151665.18,0.0,141161.90099999995,-0.043164,Match
151839.28,0.0,141328.80799999996,0.00981,Match
152013.48,0.0,141495.84099999996,0.0,Match
152187.78,0.0,141662.94499999995,-0.014715,Match
152362.18,0.0,141830.14699999994,-0.023544,Match
152536.68,0.0,141997.44799999995,-0.00981,Match
152711.28,0.0,142164.84799999994,0.028449,Match
152885.98,0.0,142332.34699999995,-0.01962,Match
153060.78,0.0,142499.97899999996,-0.028449,Match
153235.68,0.0,142667.67599999995,-0.00981,Match
153410.68,0.0,142835.47099999996,0.004905,Match
153585.78,0.0,143003.36499999996,0.004905,Match
153760.98,0.0,143171.35799999995,-0.052974,Match
153936.28,0.0,143339.44999999995,-0.004905,Match
-,-,143507.63999999996,-0.086328,Insertion
-,-,143675.92799999996,-0.1962,Insertion
-,-,143844.31599999996,-0.282528,Insertion
-,-,144012.81699999995,-0.182466,Insertion
-,-,144181.40199999994,-0.091233,Insertion
154111.68,0.0,144350.08599999995,-0.023544,Match
154287.18,0.0,144518.86899999995,-0.01962,Match
154462.78,0.0,144687.75099999996,-0.023544,Match
154638.48,0.0,144856.73099999997,-0.00981,Match
154814.28,0.0,145025.82299999995,-0.00981,Match
154990.18,0.0,145195.001,-0.00981,Match
155166.18,0.0,145364.277,-0.014715,Match
155342.28,0.0,145533.652,-0.014715,Match
155518.48,0.0,145703.141,-0.004905,Match
155694.78,0.0,145872.715,-0.00981,Match
155871.18,0.0,146042.421,-0.014715,Match
156047.68,0.0,146212.191,-0.004905,Match
156224.28,0.0,146382.06,-0.00981,Match
156400.98,0.0,146552.028,-0.00981,Match
156577.78,0.0,146722.095,0.0,Match
156754.68,0.0,146892.261,-0.014715,Match
156931.68,0.0,147062.559,-0.004905,Match
157108.78,0.0,147232.92200000002,-0.01962,Match
157285.98,0.0,147403.38400000002,-0.00981,Match
157463.28,0.0,147573.945,-0.004905,Match
157640.68,0.0,147744.60400000002,-0.004905,Match
157818.18,0.0,147915.363,-0.014715,Match
157995.78,0.0,148086.22,-0.01962,Match
158173.48,0.0,148257.175,-0.028449,Match
158351.28,0.0,148428.229,-0.01962,Match
158529.18,0.0,148599.39299999998,-0.004905,Match
158707.18,0.0,148770.645,-0.00981,Match
158885.28,0.0,148941.99599999998,0.01962,Match
159063.48,0.0,149113.446,-0.004905,Match
159241.78,0.0,149284.995,-0.023544,Match
159420.18,0.0,149456.64299999998,0.0,Match
159598.68,0.0,149628.39699999997,0.004905,Match
159777.28,0.0,149800.24199999997,-0.014715,Match
159955.98,0.0,149972.20799999996,0.0,Match
160134.78,0.0,150144.25099999996,0.0,Match
160313.68,0.0,150316.39199999996,0.00981,Match
160492.68,0.0,150488.63199999995,0.004905,Match
160671.78,0.0,150660.97599999997,-0.00981,Match
160850.98,0.0,150833.41299999997,-0.014715,Match
161030.28,0.0,151005.97699999998,-0.023544,Match
161209.68,0.0,151178.612,-0.00981,Match
161389.18,0.0,151351.346,-0.01962,Match
161568.78,0.0,151524.178,0.00981,Match
161748.48,0.0,151697.109,-0.01962,Match
161928.28,0.0,151870.138,-0.00981,Match
162108.18,0.0,152043.29200000002,0.004905,Match
162288.18,0.0,152216.51900000003,-0.004905,Match
162468.28,0.0,152389.84500000003,-0.00981,Match
162648.48,0.0,152563.27000000002,-0.01962,Match
162828.78,0.0,152736.80700000003,-0.014715,Match
163009.18,0.0,152910.43000000002,-0.00981,Match
163189.68,0.0,153084.18700000003,-0.00981,Match
163370.28,0.0,153258.00600000002,0.004905,Match
163550.98,0.0,153431.92500000002,-0.014715,Match
163731.78,0.0,153605.942,-0.014715,Match
163912.68,0.0,153780.05800000002,-0.01962,Match
164093.68,0.0,153954.27300000002,-0.023544,Match
164274.78,0.0,154128.619,-0.004905,Match
164455.98,0.0,154303.03100000002,0.0,Match
164637.28,0.0,154477.54200000002,-0.004905,Match
164818.68,0.0,154652.152,-0.014715,Match
165000.18,0.0,154826.861,-0.004905,Match
165181.78,0.0,155001.668,-0.004905,Match
165363.48,0.0,155176.574,-0.00981,Match
165545.28,0.0,155351.58,-0.004905,Match
165727.18,0.0,155526.683,-0.00981,Match
165909.18,0.0,155701.89899999998,-0.004905,Match
166091.28,0.0,155877.19999999998,-0.00981,Match
166273.48,0.0,156052.63599999997,-0.004905,Match
166455.78,0.0,156228.13399999996,0.0,Match
166638.18,0.0,156403.73099999997,-0.00981,Match
166820.68,0.0,156579.42599999998,0.0,Match
167003.28,0.0,156755.24599999998,-0.00981,Match
167185.98,0.0,156931.139,0.0,Match
167368.78,0.0,157107.131,-0.004905,Match
167551.68,0.0,157283.22199999998,-0.014715,Match
167734.68,0.0,157459.41499999998,-0.00981,Match
167917.78,0.0,157635.70299999998,-0.004905,Match
168100.98,0.0,157812.11899999998,-0.00981,Match
168284.28,0.0,157988.60399999996,-0.004905,Match
168467.68,0.0,158165.18799999997,-0.004905,Match
168651.18,0.0,158341.87099999996,-0.004905,Match
168834.78,0.0,158518.65199999994,-0.00981,Match
169018.48,0.0,158695.53299999994,-0.023544,Match
169202.28,0.0,158872.53899999993,-0.004905,Match
169386.18,0.0,159049.61799999993,-0.023544,Match
169570.18,0.0,159226.79499999993,-0.01962,Match
169754.28,0.0,159404.06999999992,-0.023544,Match
169938.48,0.0,159581.44399999993,-0.00981,Match
170122.78,0.0,159758.91699999993,0.004905,Match
170307.18,0.0,159936.5269999999,-0.004905,Match
170491.68,0.0,160114.19799999992,0.004905,Match
170676.28,0.0,160291.96699999992,-0.014715,Match
170860.98,0.0,160469.83399999992,0.004905,Match
171045.78,0.0,160647.80099999992,-0.004905,Match
171230.68,0.0,160825.86599999992,-0.033354,Match
171415.68,0.0,161004.0299999999,-0.004905,Match
171600.78,0.0,161182.31699999992,0.014715,Match
171785.98,0.0,161360.67799999993,-0.023544,Match
171971.28,0.0,161539.13899999994,-0.01962,Match
172156.68,0.0,161717.69799999995,-0.014715,Match
172342.18,0.0,161896.38899999994,0.01962,Match
172527.78,0.0,162075.14499999993,-0.00981,Match
172713.48,0.0,162253.99899999992,0.0,Match
172899.28,0.0,162432.95299999992,-0.004905,Match
173085.18,0.0,162612.02899999992,-0.014715,Match
173271.18,0.0,162791.1799999999,-0.023544,Match
173457.28,0.0,162970.4299999999,-0.00981,Match
173643.48,0.0,163149.77899999992,0.004905,Match
173829.78,0.0,163329.2259999999,-0.01962,Match
174016.18,0.0,163508.7729999999,-0.00981,Match
174202.68,0.0,163688.4329999999,-0.004905,Match
174389.28,0.0,163868.1769999999,0.0,Match
174575.98,0.0,164048.0599999999,-0.00981,Match
174762.78,0.0,164228.0009999999,-0.023544,Match
174949.68,0.0,164408.0409999999,-0.01962,Match
175136.68,0.0,164588.1799999999,-0.028449,Match
175323.78,0.0,164768.4359999999,-0.00981,Match
175510.98,0.0,164948.7719999999,0.004905,Match
175698.28,0.0,165129.24399999992,-0.01962,Match
175885.68,0.0,165309.77799999993,-0.01962,Match
176073.18,0.0,165490.4109999999,0.0,Match
176260.78,0.0,165671.14199999993,-0.01962,Match
176448.48,0.0,165851.97199999992,-0.014715,Match
176636.28,0.0,166032.90099999993,-0.00981,Match
176824.18,0.0,166213.95999999993,-0.014715,Match
177012.18,0.0,166395.08599999992,-0.00981,Match
177200.28,0.0,166576.3099999999,-0.01962,Match
177388.48,0.0,166757.6329999999,-0.014715,Match
177576.78,0.0,166939.0549999999,0.0,Match
177765.18,0.0,167120.5759999999,-0.014715,Match
177953.68,0.0,167302.1959999999,-0.014715,Match
178142.28,0.0,167483.92599999992,-0.01962,Match
178330.98,0.0,167665.74299999993,-0.014715,Match
178519.78,0.0,167847.65899999993,0.0,Match
178708.68,0.0,168029.67399999994,0.0,Match
178897.68,0.0,168211.79599999994,-0.038259,Match
179086.78,0.0,168394.00799999994,-0.014715,Match
179275.98,0.0,168576.31899999993,0.0,Match
179465.28,0.0,168758.72799999994,-0.00981,Match
179654.68,0.0,168941.23599999995,-0.014715,Match
179844.18,0.0,169123.84299999994,-0.00981,Match
180033.78,0.0,169306.56899999993,-0.014715,Match
180223.48,0.0,169489.37399999992,-0.043164,Match
180413.28,0.0,169672.2769999999,-0.023544,Match
180603.18,0.0,169855.27899999992,-0.004905,Match
180793.18,0.0,170038.3889999999,-0.004905,Match
180983.28,0.0,170221.58899999992,-0.028449,Match
181173.48,0.0,170404.8859999999,-0.014715,Match
181363.78,0.0,170588.2829999999,-0.014715,Match
181554.18,0.0,170771.77899999992,-0.004905,Match
181744.68,0.0,170955.37299999993,-0.014715,Match
181935.28,0.0,171139.08999999994,-0.01962,Match
182125.98,0.0,171322.88099999994,-0.00981,Match
182316.78,0.0,171506.77099999995,-0.023544,Match
182507.68,0.0,171690.75999999995,-0.00981,Match
182698.68,0.0,171874.84799999994,-0.00981,Match
182889.78,0.0,172059.03399999993,-0.00981,Match
183080.98,0.0,172243.35699999993,-0.00981,Match
183272.28,0.0,172427.74099999992,-0.014715,Match
183463.68,0.0,172612.22399999993,-0.004905,Match
183655.18,0.1,172796.80599999992,0.129492,Match
183846.78,0.2,172981.48599999992,0.229554,Match
184038.48,0.3,173166.26499999993,0.320787,Match
184230.28,0.4,173351.14299999992,0.488538,Match
184422.18,0.5,173536.11999999994,0.555246,Match
184614.18,0.6,173721.19599999994,0.62784,Match
184806.28,0.7,173906.37099999993,0.694548,Match
184998.48,0.7,174091.6439999999,0.727902,Match
185190.78,0.7,174277.01599999992,0.646479,Match
185383.18,0.7,174462.48599999992,0.727902,Match
185575.68,0.7,174648.06099999993,0.661194,Match
185768.28,0.7,174833.72899999993,0.679833,Match
185960.98,0.7,175019.52399999995,0.684738,Match
186153.78,0.7,175205.38999999996,0.694548,Match
186346.68,0.628571,175391.35499999995,0.61803,Match
186539.68,0.528571,-,-,Deletion
186732.78,0.428571,175577.41899999997,0.445374,Match
186925.98,0.328571,175763.58499999996,0.340407,Match
187119.28,0.228571,175949.84599999996,0.307053,Match
187312.68,0.128571,176136.23099999997,0.162846,Match
187506.18,0.028571,176322.68999999997,0.043164,Match
187699.78,0.0,-,-,Deletion
187893.48,0.0,176509.24799999996,0.00981,Match
188087.28,0.0,176695.90499999997,-0.023544,Match
188281.18,0.0,176882.67199999996,0.023544,Match
188475.18,0.0,177069.52699999997,-0.014715,Match
188669.28,0.0,177256.51699999996,-0.043164,Match
188863.48,0.0,177443.56899999996,0.023544,Match
189057.78,0.0,177630.71899999995,-0.014715,Match
189252.18,0.0,177817.96799999996,0.071613,Match
189446.68,0.0,178005.34899999996,-0.057879,Match
189641.28,0.0,178192.79699999996,0.00981,Match
189835.98,0.0,178380.34299999996,-0.023544,Match
190030.78,0.0,178567.98799999995,-0.01962,Match
190225.68,0.0,178755.73199999996,-0.00981,Match
190420.68,0.0,178943.57399999996,-0.028449,Match
190615.78,0.0,179131.55499999996,-0.00981,Match
190810.98,0.0,179319.59499999997,0.0,Match
191006.28,0.0,179507.73399999997,-0.01962,Match
191201.68,0.0,179695.97199999998,0.0,Match
191397.18,-0.02,179884.335,-0.048069,Match
191592.78,-0.12,180072.77,-0.114777,Match
191788.48,-0.22,180261.304,-0.258984,Match
191984.28,-0.32,180449.937,-0.363951,Match
192180.18,-0.42,180638.668,-0.464994,Match
192376.18,-0.52,180827.498,-0.555246,Match
192572.28,-0.62,-,-,Deletion
192768.48,-0.7,181016.427,-0.679833,Match
192964.78,-0.7,181205.461,-0.709263,Match
193161.18,-0.7,181394.588,-0.727902,Match
193357.68,-0.7,181583.813,-0.699453,Match
193554.28,-0.7,181773.13800000004,-0.761256,Match
193750.98,-0.7,181962.56200000003,-0.684738,Match
193947.78,-0.7,182152.08400000003,-0.709263,Match
194144.68,-0.7,182341.72700000004,-0.756351,Match
194341.68,-0.608571,182531.44600000005,-0.613125,Match
194538.78,-0.508571,182721.26400000005,-0.455184,Match
194735.98,-0.408571,182911.18100000004,-0.440469,Match
194933.28,-0.308571,183101.20700000005,-0.287433,Match
195130.68,-0.208571,183291.32200000004,-0.244269,Match
195328.18,-0.108571,183481.56500000003,-0.109872,Match
195525.78,-0.008571,-,-,Deletion
195723.48,0.0,-,-,Deletion
195921.28,0.0,-,-,Deletion
196119.18,0.0,-,-,Deletion
196317.18,0.0,-,-,Deletion
196515.28,0.0,-,-,Deletion
196713.48,0.0,-,-,Deletion
196713.48,0.0,-,-,Deletion
196713.58,0.0,-,-,Deletion
196713.78,0.0,-,-,Deletion
196714.08,0.0,-,-,Deletion
196714.47,0.0,-,-,Deletion
196714.97,0.0,-,-,Deletion
196715.57,0.0,-,-,Deletion
196716.27,0.0,-,-,Deletion
196717.06,0.0,-,-,Deletion
196717.96,0.0,-,-,Deletion
196718.96,0.0,-,-,Deletion
196720.06,0.0,-,-,Deletion
196721.26,0.0,-,-,Deletion
196722.56,0.0,-,-,Deletion
196723.96,0.0,-,-,Deletion
196725.46,0.0,183671.87700000004,-0.004905,Match
196727.06,0.0,183862.28800000003,0.004905,Match
196728.76,0.0,184052.79900000003,-0.028449,Match
196730.56,0.0,184243.42600000004,-0.023544,Match
196732.46,0.0,184434.13400000005,0.014715,Match
196734.46,0.0,184624.98000000004,-0.014715,Match
196736.56,0.0,184815.88600000003,-0.043164,Match
196738.76,0.0,185006.89,-0.014715,Match
196741.06,0.0,185197.993,-0.00981,Match
196743.46,0.0,185389.23400000003,0.01962,Match
196745.96,0.0,185580.53500000003,-0.028449,Match
196748.56,0.0,185771.93400000004,-0.066708,Match
196751.26,0.0,185963.43100000004,0.023544,Match
196754.06,0.0,186155.05600000004,0.0,Match
196756.96,0.0,186346.75100000005,-0.01962,Match
196759.96,0.0,186538.54500000004,-0.038259,Match
196763.06,0.0,186730.43800000005,0.00981,Match
196766.26,0.0,186922.43000000005,0.004905,Match
196769.56,0.0,187114.52100000004,-0.038259,Match
196772.96,0.0,187306.71000000005,-0.014715,Match
196776.46,0.0,187498.99800000005,-0.028449,Match
196780.06,0.0,187691.38500000004,0.057879,Match
196783.76,0.0,187883.88200000004,-0.033354,Match
196787.56,0.0,188076.46600000004,-0.00981,Match
196791.46,0.0,188269.14900000003,-0.028449,Match
196795.46,0.0,188461.93100000004,0.00981,Match
196799.56,0.0,188654.81200000003,-0.043164,Match
196803.76,0.0,188847.79100000003,-0.167751,Mismatch
196808.06,0.0,189040.87400000004,-0.244269,Mismatch
196812.46,0.0,189234.05100000004,-0.157941,Mismatch
196816.96,0.0,189427.32600000003,-0.139302,Match
196821.56,0.0,189620.70000000004,-0.01962,Match
196826.26,0.0,189814.17300000004,-0.023544,Match
196831.06,0.0,190007.74400000004,-0.004905,Match
196835.96,0.0,190201.44000000003,-0.004905,Match
196840.96,0.0,190395.21,-0.00981,Match
196846.06,0.0,190589.07900000003,-0.004905,Match
196851.26,0.0,190783.04600000003,-0.014715,Match
196856.56,0.0,190977.12700000004,-0.00981,Match
196861.96,0.0,191171.29200000004,-0.00981,Match
196867.46,0.0,191365.59300000005,-0.014715,Match
196873.06,0.0,191559.9560000001,-0.00981,Match
196878.76,0.0,191754.4180000001,-0.014715,Match
196884.56,0.0,191948.9780000001,-0.014715,Match
196890.46,0.0,192143.63700000008,-0.033354,Match
196896.46,0.0,192338.39600000007,-0.004905,Match
196902.56,0.0,192533.27800000008,-0.00981,Match
196908.76,0.0,192728.23300000007,-0.00981,Match
196915.06,0.0,192923.28700000007,0.0,Match
196921.46,0.0,193118.43900000007,-0.00981,Match
196927.96,0.0,193313.69100000008,-0.014715,Match
196934.56,0.0,193509.04200000007,-0.014715,Match
196941.26,0.0,193704.49000000008,-0.00981,Match
196948.06,0.0,193900.0380000001,-0.01962,Match
196954.96,0.0,194095.6840000001,-0.014715,Match
196961.96,0.0,194095.6840000001,-0.014715,Match
196969.06,0.0,194095.7820000001,0.0,Match
196976.26,0.0,194095.97900000008,-0.004905,Match
196983.56,0.0,194096.30300000007,-0.023544,Match
196990.96,0.0,194096.69600000008,-0.004905,Match
196998.46,0.0,194097.18900000007,-0.028449,Match
197006.06,0.0,194097.78100000008,-0.00981,Match
197013.76,0.0,194098.48500000007,-0.014715,Match
197021.56,0.0,194099.2740000001,-0.00981,Match
197029.46,0.0,194100.20000000007,-0.014715,Match
197037.46,0.0,194101.1870000001,-0.00981,Match
197045.56,0.0,194102.27300000007,-0.004905,Match
197053.76,0.0,194103.45700000008,-0.004905,Match
197062.06,0.0,194104.7550000001,-0.01962,Match
197070.46,0.0,194106.1360000001,0.0,Match
197078.96,0.0,194107.6170000001,-0.01962,Match
197087.56,0.0,194109.19600000008,-0.00981,Match
197096.26,0.0,194110.8740000001,-0.01962,Match
197105.06,0.0,194112.6520000001,-0.014715,Match
197113.96,0.0,194114.5670000001,-0.014715,Match
197122.96,0.0,194116.54100000008,-0.014715,Match
197132.06,0.0,194118.6140000001,-0.00981,Match
197141.26,0.0,194120.78600000008,-0.004905,Match
197150.56,0.0,194123.0570000001,-0.00981,Match
197159.96,0.0,194125.4280000001,-0.00981,Match
197169.46,0.0,194127.8960000001,-0.004905,Match
197179.06,0.0,194130.4620000001,-0.004905,Match
197188.76,0.0,194133.12900000007,-0.01962,Match
197198.56,0.0,194135.89300000007,-0.014715,Match
197208.46,0.0,194138.75600000008,-0.00981,Match
197218.46,0.0,194141.71800000008,-0.014715,Match
197228.56,0.0,194144.77800000008,-0.00981,Match
197238.76,0.0,194147.94600000008,-0.00981,Match
197249.06,0.0,194151.20500000007,-0.004905,Match
197259.46,0.0,194154.56300000008,-0.01962,Match
197269.96,0.0,194158.0190000001,-0.014715,Match
197280.56,0.0,194161.5730000001,-0.00981,Match
197291.26,0.0,194165.22600000008,-0.014715,Match
197302.06,0.0,194168.97900000008,-0.004905,Match
197312.96,0.0,194172.83000000007,-0.01962,Match
197323.96,0.0,194176.80900000007,-0.014715,Match
197335.06,0.0,194180.85800000007,-0.004905,Match
197346.26,0.0,194185.00600000005,-0.004905,Match
197357.56,0.0,194189.25200000007,-0.004905,Match
197368.96,0.0,194193.6220000001,-0.00981,Match
197380.46,0.0,194198.0650000001,-0.00981,Match
197392.06,0.0,194202.60700000005,-0.00981,Match
197403.76,0.0,194207.2470000001,-0.014715,Match
197415.56,0.0,194212.0160000001,-0.004905,Match
197427.46,0.0,194216.85500000007,-0.00981,Match
197439.46,0.0,194221.79200000007,-0.014715,Match
197451.56,0.0,194226.82800000007,-0.00981,Match
197463.76,0.0,194231.9670000001,-0.00981,Match
197476.06,0.0,194237.20000000007,-0.014715,Match
197488.46,0.0,194242.55600000007,-0.00981,Match
197500.96,0.0,194247.98700000008,-0.00981,Match
197513.56,0.0,194253.5160000001,-0.014715,Match
197526.26,0.0,194259.1440000001,-0.014715,Match
197539.06,0.0,194264.8710000001,-0.004905,Match
197551.96,0.0,194270.6970000001,-0.00981,Match
197564.96,0.0,194276.6210000001,0.004905,Match
197578.06,0.0,194282.6440000001,-0.014715,Match
197591.26,0.0,194288.7650000001,-0.023544,Match
197604.56,0.0,194294.9860000001,-0.033354,Match
197617.96,0.0,194301.30500000008,-0.00981,Match
197631.46,0.0,194307.7230000001,-0.023544,Match
197645.06,0.0,194314.24000000008,0.004905,Match
197658.76,0.0,194320.86200000008,-0.00981,Match
197672.56,0.0,194327.5760000001,-0.01962,Match
197686.46,0.0,194334.38900000008,0.0,Match
197700.46,0.0,194341.3010000001,-0.014715,Match
197714.56,0.0,194348.3120000001,0.0,Match
197728.76,0.0,194355.4210000001,-0.014715,Match
197743.06,0.0,194362.6490000001,0.0,Match
197757.46,0.0,194369.9560000001,-0.023544,Match
197771.96,0.0,194377.36200000008,-0.014715,Match
197786.56,0.0,194384.8670000001,0.004905,Match
197801.26,0.0,194392.47400000007,-0.01962,Match
197816.06,0.0,194400.17700000008,-0.028449,Match
197830.96,0.0,194408.0050000001,-0.01962,Match
197845.96,0.0,194415.9050000001,-0.01962,Match
197861.06,0.0,194423.9040000001,-0.00981,Match
197876.26,0.0,194432.0010000001,0.0,Match
197891.56,0.0,194440.2190000001,-0.004905,Match
197906.96,0.0,194448.5170000001,-0.00981,Match
197922.46,0.0,194456.9110000001,0.0,Match
197938.06,0.0,194465.4030000001,-0.00981,Match
197953.76,0.0,194473.9950000001,0.0,Match
197969.56,0.0,194482.6850000001,-0.023544,Match
197985.46,0.0,194491.4920000001,-0.014715,Match
198001.46,0.0,194500.3800000001,-0.038259,Match
198017.56,0.0,194509.4030000001,0.0,Match
198033.76,0.0,194518.4880000001,0.004905,Match
198050.06,0.0,194527.6720000001,-0.023544,Match
198066.46,0.0,194536.9550000001,-0.048069,Match
198082.96,0.0,194546.3650000001,-0.01962,Match
198099.56,0.0,194555.8450000001,-0.00981,Match
198116.26,0.0,194565.4240000001,-0.01962,Match
198133.06,0.0,194575.10200000013,0.0,Match
198149.96,0.0,194584.8780000001,-0.01962,Match
198166.96,0.0,194594.7530000001,-0.023544,Match
198184.06,0.0,194604.7260000001,-0.00981,Match
198201.26,0.0,194614.79800000013,-0.004905,Match
198218.56,0.0,194624.9700000001,0.0,Match
198235.96,0.0,194635.2400000001,-0.00981,Match
198253.46,0.0,194645.6080000001,-0.01962,Match
198271.06,0.0,194656.0840000001,-0.00981,Match
198288.76,0.0,194666.65000000008,-0.014715,Match
198306.56,0.0,194677.35500000007,-0.00981,Match
198324.46,0.0,194688.1190000001,-0.004905,Match
198342.46,0.0,194698.98200000008,-0.023544,Match
198360.56,0.0,194709.94200000007,-0.01962,Match
198378.76,0.0,194721.02100000007,-0.00981,Match
198397.06,0.0,194732.18000000008,-0.043164,Match
198415.46,0.0,194743.4780000001,-0.00981,Match
198433.96,0.0,194754.8340000001,-0.00981,Match
198452.56,0.0,194766.28900000008,-0.023544,Match
198471.26,0.0,194777.8420000001,-0.00981,Match
198490.06,0.0,194789.49500000008,-0.014715,Match
198508.96,0.0,194801.24600000007,-0.00981,Match
198527.96,0.0,194813.13400000008,0.00981,Match
198547.06,0.0,194825.08300000007,-0.033354,Match
198566.26,0.0,194837.1300000001,0.0,Match
198585.56,0.0,194849.2770000001,-0.004905,Match
198604.96,0.0,194861.5510000001,0.004905,Match
198624.46,0.0,194873.89500000008,-0.004905,Match
198644.06,0.0,194886.3370000001,-0.01962,Match
198663.76,0.0,194898.87800000008,-0.004905,Match
198683.56,0.0,194911.5180000001,-0.00981,Match
198703.46,0.0,194924.2570000001,-0.00981,Match
198723.46,0.0,194937.0950000001,-0.004905,Match
198743.56,0.0,194950.03100000008,-0.004905,Match
198763.76,0.0,194963.06600000008,-0.004905,Match
198784.06,0.0,194976.20000000007,-0.014715,Match
198804.46,0.0,194989.4320000001,-0.00981,Match
198824.96,0.0,195002.7630000001,-0.014715,Match
198845.56,-0.1,195016.1930000001,-0.071613,Match
198866.26,-0.2,195029.72200000007,-0.162846,Match
198887.06,-0.3,195043.3500000001,-0.297243,Match
198907.96,-0.4,195057.07700000008,-0.363951,Match
198928.96,-0.5,195070.9020000001,-0.512082,Match
198950.06,-0.6,195084.8360000001,-0.671004,Match
198971.26,-0.7,195098.85900000008,-0.656289,Match
198992.56,-0.7,195113.0130000001,-0.756351,Match
199013.96,-0.7,195127.2330000001,-0.704358,Match
199035.46,-0.7,195141.55200000008,-0.684738,Match
199057.06,-0.7,195155.9700000001,-0.747522,Match
199078.76,-0.7,195170.5000000001,-0.718092,Match
199100.56,-0.7,195185.1160000001,-0.742617,Match
199122.46,-0.7,195199.8620000001,-0.661194,Match
199144.46,-0.628571,195214.6750000001,-0.727902,Match
199166.56,-0.528571,195229.5870000001,-0.536607,Match
199188.76,-0.428571,195244.59700000013,-0.473823,Match
199211.06,-0.328571,195259.7370000001,-0.363951,Match
199233.46,-0.228571,195274.94500000012,-0.325692,Match
199255.96,-0.128571,195290.25200000012,-0.101043,Match
199278.56,-0.028571,195305.6580000001,-0.091233,Match
199301.26,0.0,-,-,Deletion
199324.06,0.0,-,-,Deletion
199346.96,0.0,195321.1990000001,-0.033354,Match
199369.96,0.0,195336.80300000013,0.0,Match
199393.06,0.0,195352.5050000001,-0.00981,Match
199416.26,0.0,195368.30600000013,-0.004905,Match
199439.56,0.0,195384.20500000013,-0.038259,Match
199462.96,0.0,195400.2040000001,0.023544,Match
199486.46,0.0,195416.3020000001,-0.038259,Match
199510.06,0.0,195432.4980000001,0.00981,Match
199533.76,0.0,195448.79300000012,-0.057879,Match
199557.56,0.0,195465.18700000012,-0.01962,Match
199581.46,0.0,195481.67900000012,-0.038259,Match
199605.46,0.0,195498.27100000012,-0.014715,Match
199629.56,0.0,195514.96200000012,-0.043164,Match
199653.76,0.0,195531.7510000001,-0.00981,Match
199678.06,0.0,195548.6390000001,-0.00981,Match
199702.46,0.0,195565.6260000001,0.004905,Match
199726.96,0.0,195582.71100000013,-0.028449,Match
199751.56,0.02,195599.8970000001,0.043164,Match
199776.26,0.12,195617.1800000001,0.061803,Match
199801.06,0.22,195634.5850000001,0.220725,Match
199825.96,0.32,195652.0650000001,0.287433,Match
199850.96,0.42,195669.6440000001,0.363951,Match
199876.06,0.52,195687.32200000013,0.555246,Match
199901.26,0.62,195705.1260000001,0.584676,Match
199926.56,0.7,195723.0010000001,0.732807,Match
199951.96,0.7,195740.9750000001,0.666099,Match
199977.46,0.7,195759.04800000013,0.752427,Match
200003.06,0.7,195777.23000000013,0.679833,Match
200028.76,0.7,195795.5000000001,0.732807,Match
200054.56,0.7,195813.91200000013,0.641574,Match
200080.46,0.7,195832.3800000001,0.709263,Match
200106.46,0.7,195850.96900000013,0.694548,Match
200132.56,0.608571,195869.63500000013,0.555246,Match
200158.76,0.508571,195888.3990000001,0.3924,Match
200185.06,0.408571,195907.26200000013,0.40221,Match
200211.46,0.308571,195926.2480000001,0.18639,Match
200237.96,0.208571,195945.3080000001,0.143226,Match
200264.56,0.108571,195964.50800000012,0.057879,Match
200291.26,0.008571,195983.76600000012,-0.023544,Match
200318.06,0.0,196003.12200000012,0.0,Match
200344.96,0.0,196022.5770000001,-0.048069,Match
200371.96,0.0,196042.1310000001,0.0,Match
200399.06,0.0,196061.78400000013,0.014715,Match
200426.26,0.0,196081.5770000001,-0.033354,Match
200453.56,0.0,196101.42800000013,-0.01962,Match
200480.96,0.0,196121.3780000001,-0.00981,Match
200508.46,0.0,196141.4270000001,0.014715,Match
200536.06,0.0,196161.5740000001,-0.00981,Match
200563.76,0.0,196181.82000000012,-0.052974,Match
200591.56,0.0,196202.16500000012,0.014715,Match
200619.46,0.0,196222.60800000012,-0.004905,Match
200647.46,0.0,196243.1500000001,0.004905,Match
-,-,196263.7910000001,-0.061803,Insertion
-,-,196284.53100000013,0.00981,Insertion
200675.56,0.0,196305.3700000001,0.0,Match
200703.76,0.0,196326.30700000012,-0.023544,Match
200732.06,0.0,196347.3430000001,-0.01962,Match
200760.46,0.0,196368.47800000012,-0.028449,Match
200788.96,0.0,196389.7510000001,0.014715,Match
200817.56,0.0,196411.08400000012,0.00981,Match
200846.26,0.0,196432.5220000001,-0.038259,Match
200875.06,0.0,196454.0520000001,-0.00981,Match
200903.96,0.0,196475.70900000012,-0.01962,Match
-,-,196497.43700000012,0.096138,Insertion
-,-,196519.2640000001,0.114777,Insertion
-,-,196541.18900000013,0.177561,Insertion
-,-,196563.2140000001,0.191295,Insertion
-,-,196585.3370000001,0.086328,Insertion
200932.96,0.0,196607.55900000007,0.00981,Match
200962.06,0.0,196629.87900000013,0.004905,Match
200991.26,0.0,196652.29800000013,-0.00981,Match
201020.56,0.0,196674.8320000001,0.014715,Match
201049.96,0.0,196697.44800000012,0.0,Match
201079.46,0.0,196720.16300000012,-0.004905,Match
201109.06,0.0,196742.97700000016,-0.00981,Match
201138.76,0.0,196765.89900000012,-0.061803,Match
201168.56,0.0,196788.9110000001,0.004905,Match
201198.46,0.0,196812.0220000001,-0.00981,Match
201228.46,0.0,196835.23100000012,-0.014715,Match
201258.56,0.0,196858.53800000012,-0.01962,Match
201288.76,0.0,196881.94500000012,-0.00981,Match
201319.06,0.0,196905.45000000016,-0.01962,Match
201349.46,0.0,196929.05400000012,-0.014715,Match
201379.96,0.0,196952.75800000012,-0.014715,Match
201410.56,0.0,196976.5600000001,-0.00981,Match
201441.26,0.0,197000.47400000013,-0.014715,Match
201472.06,0.0,197024.47400000013,-0.004905,Match
201502.96,0.0,197048.60500000013,-0.014715,Match
201533.96,0.0,197072.8020000001,-0.014715,Match
201565.06,0.0,197097.0980000001,-0.023544,Match
201596.26,0.0,197121.4920000001,0.0,Match
201627.56,0.0,197145.9960000001,-0.00981,Match
201658.96,0.0,197170.5880000001,-0.023544,Match
201690.46,0.0,197195.3140000001,-0.004905,Match
201722.06,0.0,197220.1030000001,-0.004905,Match
201753.76,0.0,197244.9910000001,-0.00981,Match
201785.56,0.0,197269.9780000001,0.004905,Match
201817.46,0.0,197295.0640000001,0.0,Match
201849.46,0.0,197320.2490000001,-0.033354,Match
201881.56,0.0,197345.5330000001,-0.028449,Match
201913.76,0.0,197370.91500000007,-0.004905,Match
201946.06,0.0,197396.39600000007,-0.00981,Match
201978.46,0.0,197421.9760000001,-0.004905,Match
202010.96,0.0,197447.6550000001,-0.014715,Match
202043.56,0.0,197473.43400000007,0.0,Match
202076.26,0.0,197499.3100000001,0.004905,Match
202109.06,0.0,197525.2850000001,-0.00981,Match
202141.96,0.0,197551.3590000001,-0.004905,Match
202174.96,0.0,197577.5310000001,-0.004905,Match
202208.06,0.0,197603.8020000001,0.004905,Match
202241.26,0.0,197630.1720000001,-0.00981,Match
202274.56,0.0,197656.6410000001,-0.00981,Match
202307.96,0.0,197683.2090000001,-0.014715,Match
202341.46,0.0,197709.8750000001,0.0,Match
202375.06,0.0,197736.64000000013,-0.01962,Match
202408.76,0.0,197763.50400000013,-0.014715,Match
202442.56,0.0,197790.4790000001,-0.014715,Match
202476.46,0.0,197817.5410000001,-0.014715,Match
202510.46,0.0,197844.7020000001,-0.00981,Match
202544.56,0.0,197871.96200000012,-0.01962,Match
202578.76,0.0,197899.33400000012,-0.004905,Match
202613.06,0.0,197926.79200000016,-0.014715,Match
202647.46,0.0,197954.34900000016,-0.00981,Match
202681.96,0.0,197982.00400000016,-0.028449,Match
202716.56,0.0,198009.75800000012,0.0,Match
202751.26,0.0,198037.61100000012,0.0,Match
202786.06,0.0,198065.58800000016,-0.01962,Match
202820.96,0.0,198093.63900000017,-0.004905,Match
202855.96,0.0,198121.78900000016,-0.00981,Match
202891.06,0.0,198150.03700000016,-0.01962,Match
202926.26,0.0,198178.40600000016,-0.004905,Match
202961.56,0.0,198206.85200000016,-0.014715,Match
202996.96,0.0,198235.39700000017,-0.014715,Match
203032.46,0.0,198264.04100000017,-0.00981,Match
203068.06,0.0,198292.79300000015,-0.00981,Match
203103.76,0.0,198321.63400000017,-0.00981,Match
203139.56,0.0,198350.60400000017,-0.004905,Match
203175.46,0.0,198379.64300000016,-0.014715,Match
203211.46,0.0,198408.78100000016,-0.014715,Match
203247.56,0.0,198438.01800000016,-0.004905,Match
203283.76,0.0,198467.35400000017,-0.023544,Match
203320.06,0.0,198496.78800000015,-0.01962,Match
203356.46,0.0,198526.32100000017,-0.004905,Match
203392.96,0.0,198555.95300000015,-0.00981,Match
203429.56,0.0,198585.68400000015,-0.023544,Match
203466.26,0.0,198615.51400000017,-0.014715,Match
203503.06,0.0,198645.44200000016,-0.004905,Match
203539.96,0.0,198675.4690000002,-0.004905,Match
203576.96,0.0,198705.59500000015,-0.004905,Match
203614.06,0.0,198735.82100000017,-0.01962,Match
203651.26,0.0,198766.14500000016,0.014715,Match
203688.56,0.0,198796.59400000016,0.00981,Match
203725.96,0.0,198827.11500000017,0.004905,Match
203763.46,0.0,198857.73500000016,0.00981,Match
203801.06,0.0,198888.45400000017,-0.014715,Match
203838.76,0.0,198919.27800000017,0.0,Match
203876.56,0.0,198950.19400000016,0.004905,Match
203914.46,0.0,198981.24300000016,-0.028449,Match
203952.46,0.0,199012.35800000012,0.0,Match
203990.56,0.0,199043.5710000001,0.014715,Match
204028.76,0.0,199074.88300000012,0.0,Match
204067.06,0.0,199106.30700000012,-0.052974,Match
204105.46,0.0,199137.81700000016,-0.033354,Match
204143.96,0.0,199169.4650000001,-0.023544,Match
204182.56,0.0,199201.1720000001,-0.023544,Match
204221.26,0.0,199232.97800000012,-0.028449,Match
204260.06,0.0,199264.88300000012,-0.014715,Match
204298.96,0.0,199296.90400000016,-0.004905,Match
204337.96,0.0,199329.00700000016,-0.00981,Match
204377.06,0.0,199361.20800000016,0.004905,Match
204416.26,0.0,199393.50900000017,-0.004905,Match
204455.56,0.0,199425.90800000017,-0.00981,Match
204494.96,0.0,199458.40600000016,-0.00981,Match
204534.46,0.0,199491.03000000017,-0.01962,Match
204574.06,0.0,199523.72600000017,-0.038259,Match
204613.76,0.0,199556.52000000016,-0.014715,Match
204653.56,0.0,199589.41300000015,-0.028449,Match
204693.46,0.0,199622.40400000016,-0.033354,Match
204733.46,0.0,199655.49400000015,0.0,Match
204773.56,0.0,199688.6830000002,-0.00981,Match
204813.76,0.0,199721.9710000002,-0.004905,Match
204854.06,0.0,199755.3570000002,-0.01962,Match
204894.46,0.0,199788.84200000015,0.004905,Match
204934.96,0.0,199822.42600000015,-0.014715,Match
204975.56,0.0,199856.11100000015,-0.00981,Match
205016.26,0.0,199889.8930000002,-0.004905,Match
205057.06,0.0,199923.8020000002,-0.014715,Match
205097.96,0.0,199957.7820000002,-0.00981,Match
205138.96,0.0,199991.86000000025,0.0,Match
205180.06,0.0,200026.0370000002,-0.00981,Match
205221.26,0.0,200060.34300000023,-0.004905,Match
205262.56,0.0,200094.71800000023,-0.00981,Match
205303.96,0.0,200129.19400000025,-0.00981,Match
205345.46,0.0,200163.7660000002,-0.004905,Match
205387.06,0.0,200198.4480000002,-0.004905,Match
205428.76,0.0,200233.2180000002,-0.00981,Match
205470.56,0.0,200268.1150000002,-0.014715,Match
205512.46,0.0,200303.0830000002,-0.014715,Match
205554.46,0.0,200338.14900000015,-0.004905,Match
205596.56,0.0,200373.3140000002,-0.01962,Match
205638.76,0.0,200408.5820000002,-0.01962,Match
205681.06,0.0,200443.9450000002,-0.033354,Match
205723.46,0.0,200479.4350000002,-0.01962,Match
205765.96,0.0,200514.9960000002,0.0,Match
205808.56,0.0,200550.6550000002,-0.033354,Match
205851.26,0.0,200586.4130000002,-0.01962,Match
205894.06,0.0,200622.2940000002,-0.00981,Match
205936.96,0.0,200658.2500000002,-0.014715,Match
205979.96,0.0,200694.3050000002,-0.00981,Match
206023.06,0.0,200730.4590000002,-0.004905,Match
206066.26,0.0,200766.7110000002,-0.01962,Match
206109.56,0.0,200803.0620000002,-0.023544,Match
206152.96,0.0,200839.51200000025,-0.01962,Match
206196.46,0.0,200876.06100000025,-0.01962,Match
206240.06,0.0,200912.7090000002,-0.014715,Match
206283.76,0.0,200949.45500000025,-0.00981,Match
206327.56,0.0,200986.3010000002,-0.043164,Match
206371.46,0.0,201023.2450000002,-0.014715,Match
206415.46,0.0,201060.2880000002,-0.00981,Match
206459.56,0.0,201097.4300000002,-0.014715,Match
206503.76,0.0,201134.6710000002,-0.00981,Match
206548.06,0.0,201172.0110000002,-0.014715,Match
206592.46,0.0,201209.4490000002,-0.014715,Match
206636.96,0.0,201246.9860000002,0.0,Match
206681.56,0.0,201284.6220000002,-0.01962,Match
206726.26,0.0,201322.3570000002,-0.00981,Match
206771.06,0.0,201360.1910000002,-0.023544,Match
206815.96,0.0,201398.12400000016,-0.023544,Match
206860.96,-0.1,201436.15500000017,-0.114777,Match
206906.06,-0.2,201474.30900000015,-0.224649,Match
206951.26,-0.3,201512.53800000015,-0.368856,Match
206996.56,-0.4,201550.86600000015,-0.483633,Match
207041.96,-0.5,201589.29300000015,-0.589581,Match
207087.46,-0.6,201627.83600000016,-0.632745,Match
207133.06,-0.7,201666.4600000002,-0.790686,Match
207178.76,-0.7,201705.1820000002,-0.732807,Match
207224.56,-0.7,201744.0030000002,-0.756351,Match
207270.46,-0.7,201782.9240000002,-0.704358,Match
207316.46,-0.7,201821.9440000002,-0.732807,Match
207362.56,-0.7,201861.06200000015,-0.742617,Match
207408.76,-0.7,201900.27800000017,-0.674928,Match
207455.06,-0.7,201939.63300000015,-0.714168,Match
207501.46,-0.628571,201979.04700000017,-0.651384,Match
207547.96,-0.528571,202018.56000000017,-0.560151,Match
207594.56,-0.428571,202058.17200000017,-0.426735,Match
207641.26,-0.328571,202097.92000000016,-0.340407,Match
207688.06,-0.228571,202137.72900000017,-0.191295,Match
207734.96,-0.128571,202177.63700000016,-0.104967,Match
207781.96,-0.028571,202217.64400000015,-0.023544,Match
207829.06,0.0,-,-,Deletion
207876.26,0.0,-,-,Deletion
207923.56,0.0,-,-,Deletion
207970.96,0.0,202257.75000000015,-0.014715,Match
208018.46,0.0,202297.95500000016,-0.004905,Match
208066.06,0.0,202338.25800000015,0.014715,Match
208113.76,0.0,202378.66000000015,-0.01962,Match
208161.56,0.0,202419.16100000017,-0.052974,Match
208209.46,0.0,202459.76100000017,0.023544,Match
208257.46,0.0,202500.46000000017,-0.057879,Match
208305.56,0.0,202541.25800000015,-0.004905,Match
208353.76,0.0,202582.15500000017,-0.01962,Match
208402.06,0.0,202623.17700000017,-0.004905,Match
208450.46,0.0,202664.27100000015,-0.004905,Match
208498.96,0.0,202705.4630000002,-0.033354,Match
208547.56,0.0,202746.75500000015,-0.00981,Match
208596.26,0.0,202788.16000000015,-0.028449,Match
208645.06,0.0,202829.65000000017,0.014715,Match
208693.96,0.0,202871.27600000016,-0.076518,Match
208742.96,0.02,202912.96300000016,0.028449,Match
208792.06,0.12,202954.75600000017,0.043164,Match
208841.26,0.22,202996.64000000016,0.201105,Match
208890.56,0.32,203038.64600000012,0.220725,Match
208939.96,0.42,203080.72800000012,0.41202,Match
208989.46,0.52,203122.90900000016,0.455184,Match
209039.06,0.62,203165.18900000016,0.62784,Match
209088.76,0.7,203207.56800000012,0.737712,Match
209138.56,0.7,203250.04500000016,0.679833,Match
209188.46,0.7,203292.63900000017,0.732807,Match
209238.46,0.7,203335.31400000016,0.646479,Match
209288.56,0.7,203378.12800000017,0.709263,Match
209338.76,0.7,203421.00000000015,0.666099,Match
209389.06,0.7,203463.97200000015,0.742617,Match
209439.46,0.7,203507.0420000002,0.671004,Match
209489.96,0.608571,203550.21100000016,0.593505,Match
209540.56,0.508571,203593.4790000002,0.397305,Match
209591.26,0.408571,203636.8460000002,0.354141,Match
209642.06,0.308571,203680.3110000002,0.20601,Match
209692.96,0.208571,203723.8760000002,0.167751,Match
209743.96,0.108571,203767.5490000002,0.014715,Match
209795.06,0.008571,203811.3100000002,0.0,Match
209846.26,0.0,203855.1700000002,-0.071613,Match
-,-,203899.1290000002,0.057879,Insertion
-,-,203943.19800000015,-0.033354,Insertion
-,-,203987.35500000016,-0.014715,Insertion
209897.56,0.0,204031.6100000002,-0.033354,Match
209948.96,0.0,204075.9650000002,0.01962,Match
210000.46,0.0,204120.4180000002,0.004905,Match
210052.06,0.0,204164.9700000002,-0.014715,Match
210103.76,0.0,204209.6370000002,-0.048069,Match
210155.56,0.0,204254.3860000002,0.01962,Match
210207.46,0.0,204299.2710000002,-0.023544,Match
210259.46,0.0,204344.2180000002,-0.004905,Match
210311.56,0.0,204389.2650000002,-0.052974,Match
210363.76,0.0,204434.4090000002,-0.004905,Match
210416.06,0.0,204479.68200000015,0.004905,Match
210468.46,0.0,204525.02300000016,-0.004905,Match
210520.96,0.0,204570.46300000016,-0.028449,Match
210573.56,0.0,204616.00100000016,-0.023544,Match
210626.26,0.0,204661.65800000017,0.028449,Match
210679.06,0.0,204707.39500000016,0.01962,Match
210731.96,0.0,204753.26900000015,-0.043164,Match
210784.96,0.0,204799.20300000015,0.0,Match
210838.06,0.0,204845.2460000002,-0.00981,Match
210891.26,0.0,204891.3780000002,0.014715,Match
210944.56,0.0,204937.6370000002,0.01962,Match
210997.96,0.0,204983.9660000002,0.119682,Match
-,-,205030.3940000002,0.20601,Insertion
-,-,205076.92000000025,0.153036,Insertion
-,-,205123.5650000002,0.101043,Insertion
211051.46,0.0,205170.2890000002,0.014715,Match
211105.06,0.0,205217.1530000002,-0.00981,Match
211158.76,0.0,205264.0740000002,-0.004905,Match
211212.56,0.0,205311.0940000002,-0.004905,Match
211266.46,0.0,205358.2130000002,-0.00981,Match
211320.46,0.0,205405.4300000002,-0.00981,Match
211374.56,0.0,205452.7460000002,-0.014715,Match
211428.76,0.0,205500.20600000015,-0.048069,Match
211483.06,0.0,205547.7190000002,-0.01962,Match
211537.46,0.0,205595.33100000015,-0.01962,Match
211591.96,0.0,205643.04100000017,-0.00981,Match
211646.56,0.0,205690.85100000017,-0.01962,Match
211701.26,0.0,205738.76000000015,-0.014715,Match
211756.06,0.0,205786.7670000002,-0.004905,Match
211810.96,0.0,205834.89600000015,-0.004905,Match
211865.96,0.0,205883.10100000017,-0.014715,Match
211921.06,0.0,205931.40500000017,-0.00981,Match
211976.26,0.0,205979.80700000015,-0.014715,Match
212031.56,0.0,206028.31700000016,-0.01962,Match
212086.96,0.0,206076.9170000002,-0.004905,Match
212142.46,0.0,206125.6470000002,-0.00981,Match
212198.06,0.0,206174.4440000002,-0.004905,Match
212253.76,0.0,206223.3400000002,-0.014715,Match
212309.56,0.0,206272.3350000002,0.004905,Match
212365.46,0.0,206321.43400000015,0.0,Match
212421.46,0.0,206370.6260000002,-0.023544,Match
212477.56,0.0,206419.9410000002,-0.01962,Match
212533.76,0.0,206469.3310000002,-0.004905,Match
212590.06,0.0,206518.81900000025,-0.028449,Match
212646.46,0.0,206568.40600000025,-0.023544,Match
212702.96,0.0,206618.0920000002,0.028449,Match
212759.56,0.0,206667.87600000025,-0.004905,Match
212816.26,0.0,206717.7600000002,-0.00981,Match
212873.06,0.0,206767.7420000002,-0.01962,Match
212929.96,0.0,206817.8610000002,-0.004905,Match
212986.96,0.0,206868.0410000002,-0.01962,Match
213044.06,0.0,206918.3200000002,-0.00981,Match
213101.26,0.0,206968.69700000025,-0.014715,Match
213158.56,0.0,207019.1730000002,0.0,Match
213215.96,0.0,207069.7520000002,-0.014715,Match
213273.46,0.0,207120.42500000025,0.004905,Match
213331.06,0.0,207171.20200000025,-0.004905,Match
213388.76,0.0,207222.07300000024,-0.01962,Match
213446.56,0.0,207273.06400000025,-0.01962,Match
213504.46,0.0,207324.13200000025,-0.01962,Match
213562.46,0.0,207375.29900000023,-0.014715,Match
213620.56,0.0,207426.56500000024,-0.014715,Match
213678.76,0.0,207477.93000000023,-0.004905,Match
213737.06,0.0,207529.39400000023,-0.004905,Match
213795.46,0.0,207580.97600000023,0.0,Match
213853.96,0.0,207632.63700000025,0.0,Match
213912.56,0.0,207684.3960000002,-0.014715,Match
213971.26,0.0,207736.2550000002,-0.00981,Match
214030.06,0.0,207788.2120000002,-0.004905,Match
214088.96,0.0,207840.2680000002,-0.00981,Match
214147.96,0.0,207892.4400000002,-0.01962,Match
214207.06,0.0,207944.6940000002,-0.033354,Match
214266.26,0.0,207997.0830000002,-0.023544,Match
214325.56,0.0,208049.53500000015,-0.01962,Match
214384.96,0.0,208102.08500000017,0.0,Match
214444.46,0.0,208154.73400000017,-0.00981,Match
214504.06,0.0,208207.50700000016,-0.01962,Match
214563.76,0.0,208260.35300000012,-0.014715,Match
214623.56,0.0,208313.29800000016,-0.014715,Match
214683.46,0.0,208366.34200000012,-0.01962,Match
214743.46,0.0,208419.48500000016,-0.00981,Match
214803.56,0.0,208472.72600000017,-0.004905,Match
214863.76,0.0,208526.09900000016,-0.004905,Match
214924.06,0.0,208579.53800000015,-0.004905,Match
214984.46,0.0,208633.07600000015,-0.014715,Match
215044.96,0.0,208686.71200000017,-0.00981,Match
215105.56,0.0,208740.44700000016,-0.014715,Match
215166.26,0.0,208794.28000000017,-0.014715,Match
215227.06,0.0,208848.21300000016,-0.014715,Match
215287.96,0.0,208902.24400000012,-0.004905,Match
215348.96,0.0,208956.3730000001,-0.004905,Match
215410.06,0.0,209010.62200000012,-0.004905,Match
215471.26,0.0,209064.9490000001,-0.01962,Match
215532.56,0.0,209119.37400000013,-0.014715,Match
215593.96,0.0,209173.89800000013,-0.014715,Match
215655.46,0.0,209228.5330000001,0.0,Match
215717.06,0.0,209283.25500000012,-0.00981,Match
215778.76,0.0,209338.07600000012,0.0,Match
215840.56,0.0,209392.9950000001,-0.023544,Match
215902.46,0.0,209448.01600000012,-0.014715,Match
215964.46,0.0,209503.13300000012,-0.00981,Match
216026.56,0.0,209558.3730000001,0.00981,Match
216088.76,0.0,209613.6880000001,-0.023544,Match
216151.06,0.0,209669.10200000013,-0.004905,Match
216213.46,0.0,209724.6140000001,-0.004905,Match
216275.96,0.0,209780.2290000001,-0.014715,Match
216338.56,0.0,209835.9390000001,-0.01962,Match
216401.26,0.0,209891.7820000001,-0.014715,Match
216464.06,0.0,209947.6900000001,-0.023544,Match
216526.96,0.0,210003.69600000008,0.00981,Match
216589.96,0.0,210059.80000000008,0.004905,Match
216653.06,0.0,210116.02600000007,-0.01962,Match
216716.26,0.0,210172.32800000007,-0.00981,Match
216779.56,0.0,210228.72900000008,-0.01962,Match
216842.96,0.0,210285.23000000007,-0.023544,Match
216906.46,0.0,210341.8560000001,0.014715,Match
216970.06,0.0,210398.5540000001,-0.00981,Match
217033.76,0.0,210455.35100000005,-0.01962,Match
217097.56,0.0,210512.2470000001,-0.028449,Match
217161.46,0.0,210569.24100000007,-0.023544,Match
217225.46,0.0,210626.33300000007,0.0,Match
217289.56,0.0,210683.52500000008,0.0,Match
217353.76,0.0,210740.8230000001,0.0,Match
217418.06,0.0,210798.2120000001,-0.01962,Match
217482.46,0.0,210855.69900000008,0.004905,Match
217546.96,0.0,210913.28600000008,0.0,Match
217611.56,0.0,210970.97200000007,-0.014715,Match
217676.26,0.0,211028.75600000008,-0.014715,Match
217741.06,0.0,211086.63900000008,-0.028449,Match
217805.96,0.0,211144.6220000001,-0.014715,Match
217870.96,0.0,211202.7030000001,-0.004905,Match
217936.06,0.0,211260.8830000001,-0.01962,Match
218001.26,0.0,211319.16100000008,-0.00981,Match
218066.56,0.0,211377.5380000001,-0.00981,Match
218131.96,0.0,211436.01400000008,-0.00981,Match
218197.46,0.0,211494.5890000001,-0.01962,Match
218263.06,0.0,211553.2800000001,-0.004905,Match
218328.76,0.0,211612.05200000008,-0.00981,Match
218394.56,0.0,211670.95400000009,-0.01962,Match
218460.46,0.0,211729.9240000001,0.0,Match
218526.46,0.0,211788.9920000001,-0.004905,Match
218592.56,0.0,211848.15800000008,0.0,Match
218658.76,0.0,211907.44900000008,0.0,Match
218725.06,0.0,211966.81400000007,-0.004905,Match
218791.46,0.0,212026.27800000008,-0.004905,Match
218857.96,0.0,212085.84000000008,0.0,Match
218924.56,0.0,212145.5180000001,-0.004905,Match
218991.26,0.0,212205.2780000001,0.0,Match
219058.06,0.0,212265.1780000001,-0.00981,Match
219124.96,0.0,212325.1360000001,-0.004905,Match
219191.96,0.0,212385.19200000013,-0.01962,Match
219259.06,0.0,212445.34700000013,-0.014715,Match
219326.26,0.0,212505.6450000001,0.0,Match
219393.56,0.0,212565.99700000012,-0.014715,Match
219460.96,0.0,212626.44800000012,-0.004905,Match
219528.46,0.0,212686.9980000001,-0.014715,Match
219596.06,0.0,212747.67400000012,-0.004905,Match
219663.76,0.0,212808.42100000012,0.0,Match
219731.56,0.0,212869.2670000001,0.0,Match
219799.46,0.0,212930.21200000012,-0.014715,Match
219867.46,0.0,212991.25500000012,-0.004905,Match
219935.56,0.0,213052.3970000001,0.004905,Match
220003.76,0.0,213113.63700000013,-0.00981,Match
220072.06,0.0,213174.97700000013,0.0,Match
220140.46,0.0,213236.41500000007,-0.01962,Match
220208.96,0.0,213297.9570000001,0.00981,Match
220277.56,0.0,213359.5930000001,0.0,Match
220346.26,0.0,213421.3270000001,0.004905,Match
220415.06,0.0,213483.1610000001,-0.004905,Match
220483.96,0.0,213545.0930000001,-0.014715,Match
220552.96,0.0,213607.1230000001,0.0,Match
220622.06,0.0,213669.2530000001,-0.004905,Match
220691.26,0.0,213731.4810000001,-0.004905,Match
220760.56,0.0,213793.8340000001,-0.01962,Match
220829.96,0.0,213856.2590000001,-0.01962,Match
220899.46,-0.1,213918.7830000001,-0.114777,Match
220969.06,-0.2,213981.4060000001,-0.254079,Match
221038.76,-0.3,214044.1280000001,-0.325692,Match
221108.56,-0.4,214106.9490000001,-0.546417,Match
221178.46,-0.5,214169.8890000001,-0.565056,Match
221248.46,-0.6,214232.9070000001,-0.671004,Match
221318.56,-0.7,214296.0240000001,-0.709263,Match
221388.76,-0.7,214359.2400000001,-0.722997,Match
221459.06,-0.7,214422.5560000001,-0.666099,Match
221529.46,-0.7,214485.9690000001,-0.699453,Match
221599.96,-0.7,214549.5000000001,-0.694548,Match
221670.56,-0.7,214613.1110000001,-0.694548,Match
221741.26,-0.7,214676.86200000008,-0.694548,Match
221812.06,-0.7,214740.67000000007,-0.699453,Match
221882.96,-0.628571,214804.57700000008,-0.62784,Match
221953.96,-0.528571,214868.58200000008,-0.464994,Match
222025.06,-0.428571,214932.7200000001,-0.455184,Match
222096.26,-0.328571,214996.9230000001,-0.302148,Match
222167.56,-0.228571,215061.2250000001,-0.1962,Match
222238.96,-0.128571,215125.6260000001,-0.104967,Match
222310.46,-0.028571,-,-,Deletion
222382.06,0.0,-,-,Deletion
222453.76,0.0,-,-,Deletion
222525.56,0.0,215190.1250000001,0.023544,Match
222597.46,0.0,215254.7230000001,-0.081423,Match
222669.46,0.0,215319.4200000001,0.004905,Match
222741.56,0.0,215384.2160000001,-0.01962,Match
222813.76,0.0,215449.1110000001,0.048069,Match
222886.06,0.0,215514.10400000008,-0.071613,Match
222958.46,0.0,215579.19600000008,0.033354,Match
223030.96,0.0,215644.38700000008,-0.086328,Match
223103.56,0.0,215709.6760000001,0.081423,Match
223176.26,0.0,215775.0760000001,-0.071613,Match
223249.06,0.0,215840.56300000005,0.00981,Match
223321.96,0.0,215906.18500000008,-0.071613,Match
223394.96,0.0,215971.8690000001,0.0,Match
223468.06,0.0,216037.6520000001,-0.023544,Match
223541.26,0.0,216103.53400000007,-0.01962,Match
223614.56,0.0,216169.52900000007,-0.028449,Match
223687.96,0.0,216235.60900000003,0.033354,Match
223761.46,0.02,216301.78700000007,-0.081423,Match
223835.06,0.12,216368.06400000007,0.043164,Match
223908.76,0.22,216434.47100000008,0.239364,Match
223982.56,0.32,216500.9450000001,0.258984,Match
224056.46,0.42,216567.51800000007,0.430659,Match
224130.46,0.52,216634.1900000001,0.473823,Match
224204.56,0.62,216700.96100000007,0.622935,Match
224278.76,0.7,216767.83000000007,0.714168,Match
224353.06,0.7,216834.79800000007,0.679833,Match
224427.46,0.7,216901.8640000001,0.684738,Match
224501.96,0.7,216969.0490000001,0.709263,Match
224576.56,0.7,217036.31300000005,0.704358,Match
224651.26,0.7,217103.71000000005,0.704358,Match
224726.06,0.7,217171.17200000005,0.674928,Match
224800.96,0.7,217238.73200000005,0.656289,Match
224875.96,0.608571,217306.3910000001,0.469899,Match
224951.06,0.508571,217374.1490000001,0.464994,Match
225026.26,0.408571,217442.00600000005,0.302148,Match
225101.56,0.308571,217509.96100000004,0.267813,Match
225176.96,0.208571,217578.01500000004,0.139302,Match
225252.46,0.108571,217646.16800000003,0.00981,Match
225328.06,0.008571,217714.42000000004,-0.014715,Match
225403.76,0.0,217782.77100000004,0.0,Match
225479.56,0.0,217851.22000000003,0.004905,Match
225555.46,0.0,217919.76800000004,-0.052974,Match
225631.46,0.0,217988.41400000005,0.0,Match
225707.56,0.0,218057.15900000004,0.0,Match
225783.76,0.0,218126.00200000004,0.00981,Match
225860.06,0.0,218194.94500000004,-0.043164,Match
225936.46,0.0,218264.00800000003,-0.01962,Match
226012.96,0.0,218333.14800000004,0.00981,Match
226089.56,0.0,218402.38700000005,0.0,Match
226166.26,0.0,218471.72500000003,-0.023544,Match
226243.06,0.0,218541.17400000003,-0.033354,Match
226319.96,0.0,218610.70900000003,-0.004905,Match
226396.96,0.0,218680.37500000003,0.023544,Match
226474.06,0.0,218750.107,-0.023544,Match
226551.26,0.0,218819.938,-0.028449,Match
226628.56,0.0,218889.868,-0.033354,Match
226705.96,0.0,218959.91,0.038259,Match
226783.46,0.0,219030.037,-0.028449,Match
226861.06,0.0,219100.299,-0.043164,Match
226938.76,0.0,219170.624,-0.014715,Match
227016.56,0.0,219241.047,0.014715,Match
227094.46,0.0,219311.57,0.0,Match
227172.46,0.0,219382.191,-0.033354,Match
-,-,219452.91000000003,0.104967,Insertion
-,-,219523.76800000004,0.201105,Insertion
-,-,219594.68500000003,0.244269,Insertion
-,-,219665.70100000003,0.143226,Insertion
-,-,219736.816,0.038259,Insertion
227250.56,0.0,219808.029,0.004905,Match
227328.76,0.0,219879.34,-0.023544,Match
227407.06,0.0,219950.75,0.0,Match
227485.46,0.0,220022.259,0.0,Match
227563.96,0.0,220093.868,-0.014715,Match
227642.56,0.0,220165.575,-0.01962,Match
227721.26,0.0,220237.38,0.01962,Match
227800.06,0.0,220309.284,-0.023544,Match
227878.96,0.0,220381.287,-0.00981,Match
227957.96,0.0,220453.389,-0.01962,Match
228037.06,0.0,220525.59,-0.01962,Match
228116.26,0.0,220597.889,0.00981,Match
228195.56,0.0,220670.287,-0.01962,Match
228274.96,0.0,220742.785,-0.00981,Match
228354.46,0.0,220815.381,-0.01962,Match
228434.06,0.0,220888.098,-0.00981,Match
228513.76,0.0,220960.891,-0.00981,Match
228593.56,0.0,221033.783,-0.004905,Match
228673.46,0.0,221106.773,0.0,Match
228753.46,0.0,221179.86599999995,-0.01962,Match
228833.56,0.0,221253.05399999995,-0.004905,Match
228913.76,0.0,221326.36499999996,-0.023544,Match
228994.06,0.0,221399.75099999996,-0.01962,Match
229074.46,0.0,221473.23599999992,-0.043164,Match
229154.96,0.0,221546.81899999996,-0.004905,Match
229235.56,0.0,221620.51899999997,0.014715,Match
229316.26,0.0,221694.29899999997,-0.01962,Match
229397.06,0.0,221768.17799999996,-0.014715,Match
229477.96,0.0,221842.15599999996,-0.033354,Match
229558.96,0.0,221916.23999999996,-0.01962,Match
229640.06,0.0,221990.41499999992,-0.004905,Match
229721.26,0.0,222064.71699999992,-0.028449,Match
229802.56,0.0,222139.0899999999,0.0,Match
229883.96,0.0,222213.56199999992,-0.043164,Match
229965.46,0.0,222288.1329999999,-0.004905,Match
230047.06,0.0,222362.80299999996,-0.01962,Match
230128.76,0.0,222437.57099999997,-0.004905,Match
230210.56,0.0,222512.47099999996,-0.014715,Match
230292.46,0.0,222587.43699999992,0.0,Match
230374.46,0.0,222662.50199999992,-0.004905,Match
230456.56,0.0,222737.6659999999,-0.00981,Match
230538.76,0.0,222812.9699999999,-0.004905,Match
230621.06,0.0,222888.33099999992,-0.004905,Match
230703.46,0.0,222963.7909999999,-0.00981,Match
230785.96,0.0,223039.3489999999,-0.014715,Match
230868.56,0.0,223115.0069999999,-0.023544,Match
230951.26,0.0,223190.7699999999,-0.01962,Match
231034.06,0.0,223266.6249999999,-0.014715,Match
231116.96,0.0,223342.60799999992,-0.01962,Match
231199.96,0.0,223418.65999999992,-0.004905,Match
231283.06,0.0,223494.81199999992,-0.00981,Match
231366.26,0.0,223571.06199999992,-0.00981,Match
231449.56,0.0,223647.42899999992,-0.004905,Match
231532.96,0.0,223723.8759999999,-0.014715,Match
231616.46,0.0,223800.4579999999,-0.00981,Match
231700.06,0.0,223877.1029999999,-0.014715,Match
231783.76,0.0,223953.8469999999,-0.014715,Match
231867.56,0.0,224030.6889999999,-0.00981,Match
231951.46,0.0,224107.6449999999,0.004905,Match
232035.46,0.0,224184.6849999999,-0.00981,Match
232119.56,0.0,224261.86099999992,-0.004905,Match
232203.76,0.0,224339.09899999996,-0.00981,Match
232288.06,0.0,224416.43499999997,0.0,Match
232372.46,0.0,224493.87099999996,-0.014715,Match
232456.96,0.0,224571.42799999996,-0.014715,Match
232541.56,0.0,224649.06099999996,0.0,Match
232626.26,0.0,224726.79299999992,-0.00981,Match
232711.06,0.0,224804.62399999992,-0.01962,Match
232795.96,0.0,224882.58399999992,-0.00981,Match
232880.96,0.0,224960.6119999999,-0.014715,Match
232966.06,0.0,225038.7389999999,-0.014715,Match
233051.26,0.0,225116.9649999999,-0.014715,Match
233136.56,0.0,225195.2889999999,-0.01962,Match
233221.96,0.0,225273.7119999999,-0.004905,Match
233307.46,0.0,225352.2749999999,-0.00981,Match
233393.06,0.0,225430.89599999992,-0.01962,Match
233478.76,0.0,225509.61599999992,-0.01962,Match
233564.56,0.0,225588.43399999992,-0.01962,Match
233650.46,0.0,225667.3509999999,-0.014715,Match
233736.46,0.0,225746.3669999999,-0.014715,Match
233822.56,0.0,225825.4819999999,-0.00981,Match
233908.76,0.0,225904.6949999999,-0.014715,Match
233995.06,0.0,225984.0069999999,-0.01962,Match
234081.46,0.0,226063.4179999999,-0.023544,Match
234167.96,0.0,226142.92699999988,-0.004905,Match
234254.56,0.0,226222.54099999988,-0.028449,Match
234341.26,0.0,226302.24799999988,-0.01962,Match
234428.06,0.0,226382.05299999987,0.004905,Match
234514.96,0.0,226461.95799999987,-0.004905,Match
234601.96,0.0,226541.96099999984,-0.00981,Match
234689.06,0.0,226622.06299999988,-0.028449,Match
234776.26,0.0,226702.2739999999,-0.023544,Match
234863.56,0.0,226782.57399999988,0.01962,Match
234950.96,0.0,226863.00699999987,-0.00981,Match
235038.46,0.0,226943.50399999987,-0.00981,Match
235126.06,0.0,227024.10099999988,0.0,Match
235213.76,0.0,227104.7959999999,0.004905,Match
235301.56,0.0,227185.61699999988,0.004905,Match
235389.46,0.0,227266.5099999999,-0.038259,Match
235477.46,0.0,227347.5009999999,-0.023544,Match
235565.56,0.0,227428.5909999999,-0.014715,Match
235653.76,0.0,227509.7789999999,-0.01962,Match
235742.06,0.0,227591.0659999999,-0.01962,Match
235830.46,0.0,227672.47799999992,0.0,Match
235918.96,0.0,227753.9629999999,-0.004905,Match
236007.56,0.0,227835.54599999991,-0.023544,Match
236096.26,0.0,227917.22799999992,-0.004905,Match
236185.06,0.0,227999.0089999999,-0.014715,Match
236273.96,0.0,228080.8889999999,-0.014715,Match
236362.96,0.0,228162.89099999992,0.004905,Match
236452.06,0.0,228244.9679999999,-0.028449,Match
236541.26,0.0,228327.1439999999,0.004905,Match
236630.56,0.0,228409.4189999999,-0.004905,Match
236719.96,0.0,228491.7919999999,0.0,Match
236809.46,0.0,228574.2649999999,-0.00981,Match
236899.06,0.0,228656.8359999999,0.004905,Match
236988.76,0.0,228739.5059999999,-0.004905,Match
237078.56,0.0,228822.27399999992,0.0,Match
237168.46,0.0,228905.16499999992,-0.033354,Match
237258.46,0.0,228988.1309999999,-0.004905,Match
237348.56,0.0,229071.19499999992,-0.004905,Match
237438.76,0.0,229154.3589999999,0.0,Match
237529.06,0.0,229237.62999999992,-0.00981,Match
237619.46,0.0,229320.99099999992,-0.014715,Match
237709.96,0.0,229404.4919999999,-0.00981,Match
237800.56,0.0,229488.05099999992,-0.014715,Match
237891.26,0.0,229571.7199999999,-0.014715,Match
237982.06,0.0,229655.4759999999,-0.01962,Match
238072.96,0.0,229739.3629999999,-0.014715,Match
238163.96,0.0,229823.3169999999,-0.004905,Match
238255.06,0.0,229907.3689999999,-0.028449,Match
238346.26,0.0,229991.5199999999,-0.004905,Match
238437.56,0.0,230075.7699999999,0.0,Match
238528.96,0.0,230160.1189999999,-0.01962,Match
238620.46,0.0,230244.5989999999,-0.004905,Match
238712.06,0.0,230329.1449999999,-0.00981,Match
238803.76,0.0,230413.7899999999,-0.004905,Match
238895.56,0.0,230498.5339999999,-0.00981,Match
238987.46,0.0,230583.3769999999,0.0,Match
239079.46,0.0,230668.31799999988,-0.00981,Match
239171.56,0.0,230753.3799999999,-0.014715,Match
239263.76,0.0,230838.51899999988,-0.023544,Match
239356.06,0.0,230923.75599999988,-0.01962,Match
239448.46,0.0,231009.0919999999,-0.014715,Match
239540.96,0.0,231094.52699999989,-0.004905,Match
239633.56,0.0,231180.0609999999,-0.004905,Match
239726.26,0.0,231265.6929999999,-0.00981,Match
239819.06,0.0,231351.4279999999,-0.00981,Match
239911.96,0.0,231437.2589999999,-0.014715,Match
240004.96,0.0,231523.1879999999,-0.014715,Match
240098.06,0.0,231609.2159999999,-0.014715,Match
240191.26,0.0,231695.3419999999,-0.01962,Match
240284.56,0.0,231781.5669999999,0.0,Match
240377.96,0.0,231867.9259999999,-0.00981,Match
240471.46,0.0,231954.3489999999,-0.014715,Match
240565.06,-0.1,232040.8719999999,-0.043164,Match
240658.76,-0.2,232127.4929999999,-0.244269,Match
240752.56,-0.3,232214.2359999999,-0.306072,Match
240846.46,-0.4,232301.05499999988,-0.455184,Match
240940.46,-0.5,232387.97299999988,-0.565056,Match
241034.56,-0.6,232474.98899999988,-0.541512,Match
241128.76,-0.7,232562.11199999988,-0.775971,Match
241223.06,-0.7,232649.32599999988,-0.694548,Match
241317.46,-0.7,232736.66599999988,-0.737712,Match
241411.96,-0.7,232824.07699999987,-0.714168,Match
241506.56,-0.7,232911.58699999988,-0.699453,Match
241601.26,-0.7,232999.19599999988,-0.709263,Match
241696.06,-0.7,233086.90299999987,-0.694548,Match
241790.96,-0.7,233174.70999999988,-0.704358,Match
241885.96,-0.628571,233262.61499999987,-0.714168,Match
241981.06,-0.528571,233350.61899999983,-0.521892,Match
242076.26,-0.428571,233438.72199999983,-0.455184,Match
242171.56,-0.328571,233526.92299999984,-0.354141,Match
242266.96,-0.228571,233615.22299999985,-0.272718,Match
242362.46,-0.128571,233703.62299999985,-0.162846,Match
242458.06,-0.028571,233792.12099999984,-0.01962,Match
242553.76,0.0,-,-,Deletion
242649.56,0.0,-,-,Deletion
242745.46,0.0,233880.71799999985,0.004905,Match
242841.46,0.0,233969.41399999984,-0.00981,Match
242937.56,0.0,234058.21299999984,-0.066708,Match
243033.76,0.0,234147.10599999985,0.061803,Match
243130.06,0.0,234236.09799999985,-0.101043,Match
243226.46,0.0,234325.18899999984,0.048069,Match
243322.96,0.0,234414.37999999983,-0.066708,Match
243419.56,0.0,234503.66799999983,-0.01962,Match
243516.26,0.0,234593.06999999983,-0.004905,Match
243613.06,0.0,234682.55499999985,-0.071613,Match
243709.96,0.0,234772.1399999998,0.023544,Match
243806.96,0.0,234861.82399999985,-0.048069,Match
243904.06,0.0,234951.60599999985,0.033354,Match
244001.26,0.0,235041.48699999985,-0.043164,Match
244098.56,0.0,235131.48999999985,-0.033354,Match
244195.96,0.0,235221.56799999985,0.023544,Match
244293.46,0.0,235311.74499999985,0.01962,Match
244391.06,0.02,235402.0199999998,0.01962,Match
244488.76,0.12,-,-,Deletion
244586.56,0.22,235492.40799999985,0.148131,Match
244684.46,0.32,235582.87999999983,0.315882,Match
244782.46,0.42,235673.48399999985,0.349236,Match
244880.56,0.52,235764.15299999985,0.469899,Match
244978.76,0.62,235854.92099999983,0.555246,Match
245077.06,0.7,235945.78799999983,0.709263,Match
245175.46,0.7,236036.78399999984,0.661194,Match
245273.96,0.7,236127.84899999984,0.742617,Match
245372.56,0.7,236219.01199999984,0.661194,Match
245471.26,0.7,236310.27399999983,0.718092,Match
245570.06,0.7,236401.66499999983,0.666099,Match
245668.96,0.7,236493.12399999984,0.704358,Match
245767.96,0.7,236584.68099999984,0.679833,Match
245867.06,0.608571,236676.33799999984,0.560151,Match
245966.26,0.508571,236768.09299999985,0.464994,Match
246065.56,0.408571,236859.94599999985,0.335502,Match
246164.96,0.308571,236951.89899999983,0.292338,Match
-,-,237043.94999999987,0.119682,Insertion
-,-,237136.09999999983,0.057879,Insertion
-,-,237228.34899999987,-0.043164,Insertion
-,-,237320.69599999988,0.048069,Insertion
-,-,237413.15799999988,-0.052974,Insertion
-,-,237505.70199999987,-0.004905,Insertion
-,-,237598.34499999988,-0.004905,Insertion
-,-,237691.08699999988,0.028449,Insertion
-,-,237783.92799999987,-0.028449,Insertion
-,-,237876.86699999988,-0.038259,Insertion
-,-,237969.91699999987,0.00981,Insertion
-,-,238063.05399999983,0.014715,Insertion
-,-,238156.32499999987,-0.01962,Insertion
-,-,238249.65899999987,-0.023544,Insertion
-,-,238343.09199999983,-0.033354,Insertion
-,-,238436.62299999985,0.014715,Insertion
-,-,238530.25999999983,-0.004905,Insertion
-,-,238623.98899999983,-0.033354,Insertion
-,-,238717.84599999984,-0.023544,Insertion
-,-,238811.7729999998,0.004905,Insertion
-,-,238905.7979999998,0.028449,Insertion
-,-,238999.9209999998,-0.048069,Insertion
-,-,239094.1479999998,-0.01962,Insertion
-,-,239188.4689999998,-0.00981,Insertion
-,-,239282.9149999998,0.023544,Insertion
-,-,239377.43299999984,-0.038259,Insertion
-,-,239472.0499999998,-0.048069,Insertion
-,-,239566.7649999998,0.023544,Insertion
-,-,239661.60399999985,0.153036,Insertion
-,-,239756.51599999983,0.162846,Insertion
246264.46,0.208571,239851.52799999985,0.224649,Match
-,-,239946.63899999985,0.066708,Insertion
246364.06,0.108571,240041.84799999985,0.066708,Match
-,-,240137.15699999983,-0.023544,Insertion
-,-,240232.56399999984,0.004905,Insertion
-,-,240328.06899999984,-0.00981,Insertion
-,-,240423.67299999984,0.0,Insertion
-,-,240519.37599999984,-0.014715,Insertion
-,-,240615.17699999985,-0.00981,Insertion
-,-,240711.07799999983,-0.00981,Insertion
-,-,240807.07699999987,-0.01962,Insertion
-,-,240903.18199999988,-0.01962,Insertion
-,-,240999.37899999987,-0.014715,Insertion
-,-,241095.69999999987,-0.014715,Insertion
-,-,241192.09399999987,-0.014715,Insertion
-,-,241288.58699999985,-0.01962,Insertion
-,-,241385.17899999983,0.0,Insertion
-,-,241481.87099999987,-0.00981,Insertion
-,-,241578.65999999983,-0.028449,Insertion
-,-,241675.57399999985,0.0,Insertion
-,-,241772.56099999984,-0.014715,Insertion
-,-,241869.64699999985,-0.023544,Insertion
-,-,241966.83199999985,-0.00981,Insertion
-,-,242064.12199999983,-0.057879,Insertion
-,-,242161.50399999987,-0.01962,Insertion
-,-,242259.03099999987,-0.00981,Insertion
-,-,242356.61099999983,-0.033354,Insertion
-,-,242454.30099999983,-0.014715,Insertion
-,-,242552.07899999985,-0.014715,Insertion
-,-,242649.98499999984,-0.033354,Insertion
-,-,242747.95999999985,-0.00981,Insertion
-,-,242846.03299999985,0.00981,Insertion
-,-,242944.20599999983,-0.014715,Insertion
-,-,243042.47799999983,-0.033354,Insertion
-,-,243140.84799999985,-0.028449,Insertion
-,-,243239.31599999985,0.023544,Insertion
-,-,243337.88299999983,-0.028449,Insertion
246463.76,0.008571,243436.54899999985,-0.048069,Match
246563.56,0.0,243535.31399999987,-0.01962,Match
246663.46,0.0,243634.17799999987,-0.014715,Match
246763.46,0.0,243733.14099999983,0.004905,Match
246863.56,0.0,243832.20299999983,-0.028449,Match
246963.76,0.0,243931.36299999987,-0.028449,Match
247064.06,0.0,244030.62199999983,-0.014715,Match
247164.46,0.0,244129.98699999985,-0.023544,Match
247264.96,0.0,244229.44299999985,-0.004905,Match
247365.56,0.0,244328.99799999985,-0.00981,Match
247466.26,0.0,244428.65099999984,-0.01962,Match
247567.06,0.0,244528.40799999985,-0.014715,Match
247667.96,0.0,244628.25899999985,-0.01962,Match
247768.96,0.0,244728.23599999983,-0.014715,Match
247870.06,0.0,244828.28499999983,-0.01962,Match
247971.26,0.0,244928.43399999983,-0.014715,Match
248072.56,0.0,245028.67999999988,-0.00981,Match
248173.96,0.0,245129.03099999987,-0.00981,Match
248275.46,0.0,245229.47499999983,-0.014715,Match
248377.06,0.0,245330.05099999983,-0.014715,Match
248478.76,0.0,245430.69299999985,-0.004905,Match
248580.56,0.0,245531.43299999984,0.01962,Match
248682.46,0.0,245632.27299999984,-0.014715,Match
248784.46,0.0,245733.23699999985,-0.00981,Match
248886.56,0.0,245834.27399999983,-0.01962,Match
248988.76,0.0,245935.40999999983,-0.00981,Match
249091.06,0.0,246036.64499999984,-0.004905,Match
249193.46,0.0,246137.99099999983,-0.004905,Match
249295.96,0.0,246239.42299999984,-0.023544,Match
249398.56,0.0,246340.98799999984,0.0,Match
249501.26,0.0,246442.61799999984,0.0,Match
249604.06,0.0,246544.34699999983,-0.00981,Match
249706.96,0.0,246646.17499999984,-0.00981,Match
249809.96,0.0,246748.10199999984,-0.01962,Match
249913.06,0.0,246850.12699999983,-0.01962,Match
250016.26,0.0,246952.25099999984,-0.014715,Match
250119.56,0.0,247054.47399999984,0.004905,Match
