dt-timestamp(s),dt-s1,dt-s2,dt-s3,dt-s4,dt-s5,dt-s6,pt-timestamp(s),pt-s1,pt-s2,pt-s3,pt-s4,pt-s5,pt-s6,operation
0.199985504,89.90004107,89.99974617,89.99998758,90.00018756,90.0800679,73.00011473,0.0,90.0,90.0,90.0,90.0,90.0,73.0,Match
-,-,-,-,-,-,-,21.0,90.0,90.0,90.0,90.0,90.0,72.0,Insertion
-,-,-,-,-,-,-,42.0,90.0,90.0,91.0,91.0,90.0,72.0,Insertion
-,-,-,-,-,-,-,62.0,90.0,90.0,91.0,91.0,90.0,71.0,Insertion
-,-,-,-,-,-,-,83.0,90.0,90.0,92.0,92.0,90.0,71.0,Insertion
-,-,-,-,-,-,-,104.0,90.0,90.0,93.0,92.0,90.0,70.0,Insertion
-,-,-,-,-,-,-,125.0,90.0,90.0,94.0,93.0,90.0,70.0,Insertion
-,-,-,-,-,-,-,145.0,90.0,90.0,94.0,94.0,90.0,69.0,Insertion
-,-,-,-,-,-,-,166.0,90.0,90.0,95.0,94.0,90.0,69.0,Insertion
-,-,-,-,-,-,-,186.0,90.0,90.0,95.0,95.0,90.0,68.0,Insertion
-,-,-,-,-,-,-,201.0,90.0,90.0,96.0,95.0,90.0,68.0,Insertion
-,-,-,-,-,-,-,214.0,90.0,90.0,96.0,96.0,90.0,68.0,Insertion
-,-,-,-,-,-,-,234.0,90.0,90.0,96.4,96.3,90.0,67.7,Insertion
-,-,-,-,-,-,-,254.0,90.0,90.0,96.8,96.6,90.0,67.4,Insertion
-,-,-,-,-,-,-,274.0,90.0,90.0,97.2,96.9,90.0,67.1,Insertion
-,-,-,-,-,-,-,300.0,90.0,90.0,100.0,99.0,90.0,65.0,Insertion
20.05302906,89.6658852,90.00763918,90.89207039,90.81095157,89.99397142,72.39089359,320.0,90.0,90.0,100.4,99.4,90.0,64.7,Mismatch
40.15080929,89.69276339,90.00339163,91.78904184,91.62922813,90.00039843,71.75440148,340.0,90.0,90.0,100.8,99.8,90.0,64.4,Mismatch
60.13505459,89.69067823,89.99867236,92.64078557,92.40631481,90.00001161,71.16115618,360.0,90.0,90.0,101.2,100.2,90.0,64.1,Mismatch
80.03716469,89.69069256,89.99992027,93.56098091,93.24444464,90.00001174,70.49466069,380.0,90.0,90.0,101.6,100.6,90.0,63.8,Mismatch
100.1064539,89.69075362,90.00058998,94.46799763,94.07064733,89.99971289,69.87412297,400.0,90.0,90.0,104.0,103.0,90.0,62.0,Mismatch
120.1167822,89.69081766,90.0004358,95.36799412,94.89068865,89.99987995,69.23054469,420.0,90.0,90.0,104.5,103.4,90.0,61.7,Mismatch
140.1251078,89.69063462,90.00052901,96.28743296,95.72830392,90.00014579,68.61645852,440.0,90.0,90.0,105.0,103.8,90.0,61.4,Mismatch
160.0910187,89.69084811,90.00061955,97.20045165,96.56015955,90.00000702,67.95587978,460.0,90.0,90.0,105.5,104.2,90.0,61.1,Mismatch
180.0615072,89.69069787,90.00066607,98.10703142,97.38609348,89.99995085,67.31787285,480.0,90.0,90.0,106.0,104.6,90.0,60.8,Mismatch
200.0503302,89.69074833,90.00075248,99.02001359,98.21791811,89.99987712,66.68910471,500.0,90.0,90.0,109.0,107.0,90.0,59.0,Mismatch
220.0386047,89.69061648,90.0008694,99.92654959,99.04387905,90.00016579,66.06574044,520.0,90.0,90.0,109.4,107.4,90.0,58.7,Mismatch
240.0575876,89.69078557,90.00088519,100.9039402,99.93437628,89.99956357,65.36505776,540.0,90.0,90.0,109.8,107.8,90.0,58.4,Mismatch
260.038352,89.69039536,90.00094829,101.8233387,100.7720555,90.00063559,64.7478399,560.0,90.0,90.0,110.2,108.2,90.0,58.1,Mismatch
280.0915718,89.6909397,90.00104047,102.7170533,101.5863331,89.99983298,64.11108669,580.0,90.0,90.0,110.6,108.6,90.0,57.8,Mismatch
300.01719,89.69080631,90.00119461,103.6299848,102.4180146,90.00073853,63.45780506,600.0,90.0,90.0,113.0,111.0,90.0,56.0,Mismatch
320.0055838,89.69068144,90.00118285,104.5880613,103.2908627,90.00024482,62.79529516,620.0,90.0,90.0,113.5,111.4,90.0,55.7,Mismatch
340.0060654,89.6907029,90.00131071,105.5717156,104.1871201,89.9996486,62.09705867,640.0,90.0,90.0,114.0,111.8,90.0,55.4,Mismatch
360.1337671,89.69066973,90.00143096,106.5232052,105.0538958,89.99997348,61.43879122,660.0,90.0,90.0,114.5,112.2,90.0,55.1,Mismatch
380.0518036,89.69074688,90.00131817,107.494245,105.938768,89.99929541,60.75771907,680.0,90.0,90.0,115.0,112.6,90.0,54.8,Mismatch
400.0000954,89.69082332,90.00155901,108.4778289,106.8346855,89.99997216,60.06465025,700.0,90.0,90.0,118.0,115.0,90.0,53.0,Mismatch
420.0263739,89.69049632,90.00155497,109.4101399,107.6842404,90.00009927,59.42649511,720.0,90.0,90.0,118.4,115.4,90.0,52.7,Mismatch
440.0624275,89.69046413,90.00158467,110.3102443,108.5043304,90.00015137,58.80261661,740.0,90.0,90.0,118.8,115.8,90.0,52.4,Mismatch
460.063386,89.69076163,90.00174053,111.2618283,109.3711022,89.9999815,58.12671898,760.0,90.0,90.0,119.2,116.2,90.0,52.1,Mismatch
480.093646,89.69058654,90.00174485,112.2326204,110.2560534,89.9999707,57.44715434,780.0,90.0,90.0,119.6,116.6,90.0,51.8,Mismatch
500.0879049,89.69054207,90.00187282,113.2229974,111.1576333,89.99964106,56.75711733,800.0,90.0,90.0,122.0,119.0,90.0,50.0,Mismatch
520.0587749,89.69056642,90.0017914,114.200189,112.0483103,89.9999177,56.06893308,820.0,90.0,90.0,122.5,119.5,90.0,49.6,Mismatch
540.1107311,89.69080415,90.00207487,115.1194009,112.8858543,89.99937096,55.41773198,840.0,90.0,90.0,123.0,120.0,90.0,49.2,Mismatch
560.0174189,89.69096888,90.00193744,116.0516917,113.7354858,89.99961766,54.75337132,860.0,90.0,90.0,123.5,120.5,90.0,48.8,Mismatch
580.0107956,89.69066926,90.00217379,116.9712541,114.5729701,90.00000227,54.12393224,880.0,90.0,90.0,124.0,121.0,90.0,48.4,Mismatch
600.1056194,89.69061877,90.00202316,117.9097736,115.4284646,90.00030203,53.48320602,900.0,90.0,90.0,127.0,124.0,90.0,46.0,Mismatch
620.1203585,89.69086845,90.00256041,118.8162341,116.2537726,89.99962411,52.81744139,920.0,90.0,90.0,127.4,124.4,90.0,45.7,Mismatch
640.0840282,89.69104366,90.00221781,119.735972,117.0918476,89.99954057,52.1976986,940.0,90.0,90.0,127.8,124.8,90.0,45.4,Mismatch
660.0083828,89.69082677,90.00245171,120.6679896,117.9410269,89.99979978,51.53165957,960.0,90.0,90.0,128.2,125.2,90.0,45.1,Mismatch
680.0387621,89.69082807,90.00254993,121.632409,118.8197158,90.0000055,50.86190963,980.0,90.0,90.0,128.6,125.6,90.0,44.8,Mismatch
700.0398874,89.69101262,90.00268267,122.5518567,119.6570931,90.0001728,50.21400847,1000.0,90.0,90.0,131.0,128.0,90.0,43.0,Mismatch
720.102644,89.6908769,90.00260207,123.4006404,120.4304981,90.00000339,49.60892919,1020.0,90.0,90.0,131.5,128.4,90.0,42.7,Mismatch
740.0058746,89.69045263,90.00249506,124.2941758,121.2449933,89.99967271,49.01379484,1040.0,90.0,90.0,132.0,128.8,90.0,42.4,Mismatch
760.0600719,89.69070631,90.00192094,125.2523586,122.1183613,89.99968618,48.3394748,1060.0,90.0,90.0,132.5,129.2,90.0,42.1,Mismatch
780.0958157,89.69116238,90.00208505,126.2490008,123.0262975,90.0001592,47.63478665,1080.0,90.0,90.0,133.0,129.6,90.0,41.8,Mismatch
800.0626326,89.69051014,90.0025775,126.8080733,123.5357028,89.99995699,47.24860328,1100.0,90.0,90.0,136.0,132.0,90.0,40.0,Mismatch
820.0164318,89.69096761,90.00274978,127.7596025,124.4022246,89.99994656,46.55321003,1120.0,90.0,90.0,136.4,132.4,90.0,39.7,Mismatch
840.1185036,89.69013973,90.00312142,128.7235339,125.2804367,90.00003256,45.90995419,1140.0,90.0,90.0,136.8,132.8,90.0,39.4,Mismatch
860.0569248,89.69054791,90.00274642,129.6628837,126.1361101,89.9999191,45.2305553,1160.0,90.0,90.0,137.2,133.2,90.0,39.1,Mismatch
880.0526619,89.69027983,90.00234376,130.5247884,126.9218071,90.00008708,44.64859114,1180.0,90.0,90.0,137.6,133.6,90.0,38.8,Mismatch
900.0238657,89.69073645,90.00298946,131.4628736,127.7755005,89.99985957,43.96876156,1200.0,90.0,90.0,140.0,136.0,90.0,37.0,Mismatch
920.0793028,89.69104856,90.00279833,132.3758773,128.6085758,89.99997088,43.3406281,1220.0,90.0,90.0,140.5,136.4,90.0,36.7,Mismatch
940.0285959,89.69062682,90.00261169,133.3405108,129.4871044,90.00001481,42.67181637,1240.0,90.0,90.0,141.0,136.8,90.0,36.4,Mismatch
960.0629568,89.69069422,90.00254143,134.2982974,130.3597053,89.99987134,42.01108359,1260.0,90.0,90.0,141.5,137.2,90.0,36.1,Mismatch
980.1132441,89.69069406,90.0032266,135.2175895,131.1966621,89.99998094,41.35450372,1280.0,90.0,90.0,142.0,137.6,90.0,35.8,Mismatch
1000.012302,89.69074764,90.00308071,136.1307201,132.0286777,89.99987506,40.70677989,1300.0,90.0,90.0,145.0,140.0,90.0,34.0,Mismatch
1020.065522,89.69070485,90.00305827,137.0499523,132.8662182,89.99999263,40.06000834,1320.0,90.0,90.0,145.4,140.4,90.0,33.7,Mismatch
1040.032983,89.69048187,90.00262368,137.9564871,133.6927675,89.999962,39.45720105,1340.0,90.0,90.0,145.8,140.8,90.0,33.4,Mismatch
1060.056257,89.69022016,90.00250259,138.8695958,134.524716,89.99997679,38.81786064,1360.0,90.0,90.0,146.2,141.2,90.0,33.1,Mismatch
1080.003977,89.69038812,90.00317297,139.7822537,135.3558244,89.99990492,38.17317878,1380.0,90.0,90.0,146.6,141.6,90.0,32.8,Mismatch
1100.09315,89.69075575,90.00318457,140.7016753,136.1932554,89.99997776,37.50536949,1400.0,90.0,90.0,149.0,144.0,90.0,31.0,Mismatch
1120.09182,89.69046069,90.00303925,141.6147299,137.0255108,89.99993432,36.86783667,1420.0,90.0,90.0,149.5,144.4,90.0,30.6,Mismatch
1140.104055,89.69077415,90.00358431,142.5338538,137.8622212,89.99992206,36.22264601,1440.0,90.0,90.0,150.0,144.8,90.0,30.2,Mismatch
1160.01389,89.69102469,90.00388435,143.4465841,138.6936853,89.99994055,35.57589488,1460.0,90.0,90.0,150.5,145.2,90.0,29.8,Mismatch
1180.033517,89.69067478,90.00269808,144.379311,139.5444877,89.99990286,34.94855629,1480.0,90.0,90.0,151.0,145.6,90.0,29.4,Mismatch
1200.139332,89.69069099,90.00246407,145.3050522,140.388093,89.99990384,34.31254935,1500.0,90.0,90.0,154.0,148.0,90.0,27.0,Mismatch
1220.041466,89.69026422,90.00352472,146.2113638,141.2130255,89.99999445,33.65403817,1520.0,90.0,90.0,154.4,148.4,90.0,26.7,Mismatch
1240.083408,89.69095666,90.00396316,147.1239589,142.0441496,90.00013843,33.00711693,1540.0,90.0,90.0,154.8,148.8,90.0,26.4,Mismatch
1260.065508,89.69117675,90.00337484,148.0563986,142.8940501,90.00006867,32.34478915,1560.0,90.0,90.0,155.2,149.2,90.0,26.1,Mismatch
1280.006623,89.69121522,90.00319937,148.9694026,143.7261476,90.00005704,31.70644114,1580.0,90.0,90.0,155.6,149.6,90.0,25.8,Mismatch
1300.074029,89.6911269,90.00340541,149.8951495,144.5693309,90.00009149,31.06579872,1600.0,90.0,90.0,158.0,152.0,90.0,24.0,Mismatch
1320.099401,89.69043016,90.00322463,150.8401022,145.4304658,89.9998593,30.43373122,1620.0,90.0,90.0,158.5,152.4,90.0,23.7,Mismatch
1340.056276,89.69082196,90.00376831,151.8108194,146.3147832,90.00005615,29.73782366,1640.0,90.0,90.0,159.0,152.8,90.0,23.4,Mismatch
1360.141397,89.69069966,90.00234182,152.7756503,147.1945241,89.99983243,29.0770638,1660.0,90.0,90.0,159.5,153.2,90.0,23.1,Mismatch
1380.043912,89.69067118,90.00343432,153.694782,148.0307588,89.9998775,28.4089113,1680.0,90.0,90.0,160.0,153.6,90.0,22.8,Mismatch
1400.073743,89.69070941,90.0030611,154.4023916,148.6750319,89.99966867,27.92568999,1700.0,90.0,90.0,163.0,156.0,90.0,21.0,Mismatch
1420.117283,89.69053304,90.00324926,155.0705578,149.2846378,90.00000521,27.45277709,1720.0,90.0,90.0,163.4,156.4,90.0,20.7,Mismatch
1440.161109,89.69039767,90.00366698,155.976868,150.1100313,89.99965366,26.82031738,1740.0,90.0,90.0,163.8,156.8,90.0,20.4,Mismatch
1460.077572,89.6909159,90.00331402,156.8838233,150.9359288,90.00010244,26.17042729,1760.0,90.0,90.0,164.2,157.2,90.0,20.1,Mismatch
1480.012727,89.69051738,90.00305256,157.7901484,151.7622713,89.99952853,25.56467558,1780.0,90.0,90.0,164.6,157.6,90.0,19.8,Mismatch
1500.103307,89.69092199,90.00386086,158.728682,152.6166297,89.99966258,24.87431635,1800.0,90.0,90.0,167.0,160.0,90.0,18.0,Mismatch
1520.076966,89.69085727,90.00248809,159.635525,153.4436433,89.99985778,24.25354952,1820.0,90.0,90.0,167.5,160.5,90.0,17.7,Mismatch
1540.091848,89.69073488,90.0027245,160.542367,154.2693697,89.99975644,23.62546332,1840.0,90.0,90.0,168.0,161.0,90.0,17.4,Mismatch
1560.081482,89.69060244,90.003643,161.4545724,155.1007079,89.99964825,22.97602086,1860.0,90.0,90.0,168.5,161.5,90.0,17.1,Mismatch
1580.104661,89.69065725,90.0034516,162.3543777,155.9207246,89.99982286,22.35700832,1880.0,90.0,90.0,169.0,162.0,90.0,16.8,Mismatch
1600.037551,89.69068399,90.00353049,163.2740363,156.7579531,89.99964895,21.6952561,1900.0,90.0,90.0,172.0,165.0,90.0,15.0,Mismatch
1620.019937,89.69107281,90.0023204,164.2000721,157.6027448,90.00006296,21.05801654,1920.0,90.0,90.0,172.4,165.4,90.0,14.7,Mismatch
1640.025783,89.69035153,90.00271458,165.0289776,158.3581297,89.99912576,20.50239872,1940.0,90.0,90.0,172.8,165.8,90.0,14.4,Mismatch
1660.014224,89.69056654,90.0024717,165.9101142,159.1602465,89.99995318,19.86152747,1960.0,90.0,90.0,173.2,166.2,90.0,14.1,Mismatch
1680.151486,89.69075536,90.00292672,166.8157968,159.9867695,89.99959241,19.22482791,1980.0,90.0,90.0,173.6,166.6,90.0,13.8,Mismatch
1700.049758,89.69045994,90.00268488,167.7103498,160.7994279,89.99990689,18.61014295,2000.0,90.0,90.0,176.0,169.0,90.0,12.0,Mismatch
1720.161343,89.69107411,90.00185061,168.6172696,161.6260776,90.00044922,17.97832266,2020.0,90.0,90.0,176.4,169.3,90.0,11.8,Mismatch
1740.221334,89.69078611,90.00270523,169.5029448,162.4353406,90.00018203,17.35686218,2040.0,90.0,90.0,176.8,169.6,90.0,11.6,Mismatch
1760.036492,89.6905901,90.00227272,170.1847671,163.0563413,89.99952293,16.88240798,2060.0,90.0,90.0,177.2,169.9,90.0,11.4,Mismatch
1780.001354,89.6907166,90.0027953,171.0087784,163.8040528,90.00040505,16.29911101,2080.0,90.0,90.0,177.6,170.2,90.0,11.2,Mismatch
1800.072932,89.69062808,90.00308349,171.9386898,164.6557487,90.00028,15.64127203,2100.0,90.0,90.0,180.0,172.0,90.0,10.0,Mismatch
1820.154309,89.69063473,90.00275178,172.8394775,165.475129,89.99978561,15.0207865,2120.0,90.0,90.0,180.0,172.0,90.0,10.3,Mismatch
1840.145206,89.69094669,90.00297419,173.7654984,166.3179294,90.00002857,14.35787872,2140.0,90.0,90.0,180.0,172.0,90.0,10.6,Mismatch
1860.124063,89.69085949,90.00252537,174.6523726,167.1269198,90.00034643,13.74452436,2160.0,90.0,90.0,180.0,172.0,90.0,10.9,Mismatch
1880.022359,89.6906951,90.0024159,175.552708,167.9469064,89.99990373,13.12748854,2180.0,90.0,90.0,180.0,172.0,90.0,11.2,Mismatch
1900.084209,89.69081584,90.00198276,176.478741,168.7902412,90.00032535,12.47200332,2200.0,90.0,90.0,180.0,172.0,90.0,13.0,Mismatch
1920.038605,89.69056821,90.00244371,177.3783608,169.610223,89.99973942,11.84723857,2220.0,90.0,90.0,180.0,172.0,90.0,13.3,Mismatch
1940.045118,89.69062643,90.00320298,178.2717065,170.4242505,89.99977726,11.19519129,2240.0,90.0,90.0,180.0,172.0,90.0,13.6,Mismatch
1960.097265,89.69075017,90.00194739,179.1915272,171.2619972,90.00032636,10.57605922,2260.0,90.0,90.0,180.0,172.0,90.0,13.9,Mismatch
1980.053186,89.69052306,90.00666256,180.0040999,172.000539,89.99986238,10.09024884,2280.0,90.0,90.0,180.0,172.0,90.0,14.2,Mismatch
2000.020051,89.69074559,90.00044246,180.0038463,171.9976253,90.00018648,10.69276866,2300.0,90.0,90.0,180.0,172.0,90.0,16.0,Mismatch
2020.064092,89.69063995,90.00217254,180.0070523,171.9996198,90.000001,11.35356777,2320.0,90.0,90.0,180.0,172.0,90.0,16.3,Mismatch
2040.114832,89.6906296,90.0021415,180.0005504,172.0007818,89.99992473,11.9632524,2340.0,90.0,90.0,180.0,172.0,90.0,16.6,Mismatch
2060.06999,89.69073678,90.00036842,180.0036098,171.9988292,89.99972006,12.59098205,2360.0,90.0,90.0,180.0,172.0,90.0,16.9,Mismatch
2080.097055,89.69086745,90.00394828,180.0011633,171.9998117,90.00021067,13.22919879,2380.0,90.0,90.0,180.0,172.0,90.0,17.2,Mismatch
2100.024724,89.69055505,90.00206238,180.0041998,171.9978195,89.99998946,13.88268448,2400.0,90.0,90.0,180.0,172.0,90.0,19.0,Mismatch
2120.104313,89.69052185,90.00458953,180.0000105,172.0007631,89.99952555,14.50612251,2420.0,90.0,90.0,180.0,172.0,90.0,19.3,Mismatch
2140.080404,89.69089357,90.00115724,180.0050431,171.9963308,90.00014177,15.12331715,2440.0,90.0,90.0,180.0,172.0,90.0,19.6,Mismatch
2160.094833,89.69078434,90.00045905,180.0033783,171.9983421,90.00025007,15.77359341,2460.0,90.0,90.0,180.0,172.0,90.0,19.9,Mismatch
2180.055356,89.69081494,90.00227905,180.0026051,171.9978631,90.00002949,16.39724537,2480.0,90.0,90.0,180.0,172.0,90.0,20.2,Mismatch
2200.046682,89.69068027,90.0003978,180.0030456,171.9987515,90.00011451,17.04617113,2500.0,90.0,90.0,180.0,172.0,90.0,22.0,Mismatch
2220.026779,89.69064229,90.00060947,180.0045407,171.9996921,90.00008321,17.70874834,2520.0,90.0,90.0,180.0,172.0,90.0,22.3,Mismatch
2240.038395,89.69091084,90.00126808,180.0037556,171.9989556,90.00014377,18.3697486,2540.0,90.0,90.0,180.0,172.0,90.0,22.6,Mismatch
2260.011435,89.69077845,90.00204484,180.0008287,171.999587,90.00037033,18.98268952,2560.0,90.0,90.0,180.0,172.0,90.0,22.9,Mismatch
2280.003023,89.69064911,90.00174452,180.0015698,171.9997273,89.99995154,19.6236683,2580.0,90.0,90.0,180.0,172.0,90.0,23.2,Mismatch
2300.060463,89.69083957,90.00079761,180.0032949,171.9971958,90.00011357,20.25887187,2600.0,90.0,90.0,180.0,172.0,90.0,25.0,Mismatch
2320.045519,89.69058521,90.00291641,180.0027775,171.9999997,89.99957921,20.91144386,2620.0,90.0,90.0,180.0,172.0,90.0,25.3,Mismatch
2340.109682,89.6906732,90.00315559,180.0012787,172.001505,90.00016293,21.52090985,2640.0,90.0,90.0,180.0,172.0,90.0,25.6,Mismatch
2360.119152,89.69051521,90.00307299,180.0009449,172.0015684,89.99962259,22.14703773,2660.0,90.0,90.0,180.0,172.0,90.0,25.9,Mismatch
2380.135369,89.69055104,90.00181797,180.0013025,171.9974266,90.0000784,22.77538461,2680.0,90.0,90.0,180.0,172.0,90.0,26.2,Mismatch
2400.125313,89.69068787,90.00164369,180.0035468,171.9990221,90.00013011,23.39695114,2700.0,90.0,90.0,180.0,172.0,90.0,28.0,Mismatch
2420.031619,89.69034333,90.00486173,179.9959478,172.0045129,89.99909839,24.07033877,2720.0,90.0,90.0,180.0,172.0,90.0,28.4,Mismatch
2440.040374,89.69094696,90.00159171,180.0000853,171.99994,90.00024938,24.68843021,2740.0,90.0,90.0,180.0,172.0,90.0,28.8,Mismatch
2460.06577,89.69065322,90.0027313,180.0045066,171.9994075,90.00002358,25.34529293,2760.0,90.0,90.0,180.0,172.0,90.0,29.2,Mismatch
2480.111527,89.69091388,90.00053784,180.0045032,171.9977545,90.00058729,25.97334732,2780.0,90.0,90.0,180.0,172.0,90.0,29.6,Mismatch
2500.029874,89.69067817,90.0019891,180.0034004,172.0000858,89.99977043,26.61430861,2800.0,90.0,90.0,180.0,172.0,90.0,32.0,Mismatch
2520.12527,89.69056694,90.00130503,180.0054851,171.9972828,89.99971146,27.29413682,2820.0,90.0,90.0,180.0,172.0,90.0,32.3,Mismatch
2540.141773,89.69060797,90.00296689,180.0006944,172.0016565,89.99981819,27.88175216,2840.0,90.0,90.0,180.0,172.0,90.0,32.6,Mismatch
2560.001302,89.690839,90.00202236,180.0028932,171.9987055,90.00005653,28.53239737,2860.0,90.0,90.0,180.0,172.0,90.0,32.9,Mismatch
2580.037451,89.69104677,90.00045666,180.0011752,172.0005629,90.00065962,29.16293181,2880.0,90.0,90.0,180.0,172.0,90.0,33.2,Mismatch
2600.067854,89.69062141,90.00298237,179.9989461,172.0029298,89.99997259,29.81572995,2900.0,90.0,90.0,180.0,172.0,90.0,35.0,Mismatch
2620.050859,89.69058152,90.00247767,179.9999846,172.0021594,89.99965764,30.48643927,2920.0,90.0,90.0,180.0,172.0,90.0,35.3,Mismatch
2640.050817,89.69067876,90.0027486,180.0026012,172.0003969,90.00070243,31.14345351,2940.0,90.0,90.0,180.0,172.0,90.0,35.6,Mismatch
2660.010791,89.69096031,90.00385019,180.0003138,171.9998376,90.00008837,31.75100561,2960.0,90.0,90.0,180.0,172.0,90.0,35.9,Mismatch
2680.087829,89.69060429,90.00231275,180.004052,171.9993141,89.99993511,32.40097753,2980.0,90.0,90.0,180.0,172.0,90.0,36.2,Mismatch
2700.042844,89.69087984,90.00172779,180.0040901,171.9979611,90.00048606,33.08353143,3000.0,90.0,90.0,180.0,172.0,90.0,38.0,Mismatch
2720.138383,89.69079156,90.00287889,180.0002975,172.0027134,90.00036471,33.72508736,3020.0,90.0,90.0,180.0,172.0,90.0,38.3,Mismatch
2740.113759,89.69031825,90.00276191,180.0017195,171.9999794,89.99939574,34.39965354,3040.0,90.0,90.0,180.0,172.0,90.0,38.6,Mismatch
2760.021496,89.69089258,90.00363462,180.0006885,172.0018372,89.99992713,35.02377206,3060.0,90.0,90.0,180.0,172.0,90.0,38.9,Mismatch
2780.068779,89.69027336,90.00298255,180.0013716,172.0018504,89.99971922,35.68248514,3080.0,90.0,90.0,180.0,172.0,90.0,39.2,Mismatch
2801.890612,89.69120761,90.00222625,180.0043228,171.9991241,90.00017482,36.06000699,3100.0,90.0,90.0,180.0,172.0,90.0,41.0,Mismatch
2820.035315,89.69052088,90.00089759,180.0014184,172.0014839,89.99929922,36.61183004,3120.0,90.0,90.0,180.0,172.0,90.0,41.3,Mismatch
2840.052199,89.69078541,90.00314881,180.0019,171.9991343,90.00059326,37.22567376,3140.0,90.0,90.0,180.0,172.0,90.0,41.6,Mismatch
2860.075641,89.69044582,90.00150263,180.0019965,172.0005388,89.99960636,37.89807768,3160.0,90.0,90.0,180.0,172.0,90.0,41.9,Mismatch
2880.053544,89.69060439,90.00383649,180.002182,172.0008202,89.99969183,38.51740196,3180.0,90.0,90.0,180.0,172.0,90.0,42.2,Mismatch
2900.081539,89.69020196,90.00185261,180.0009864,172.0000989,89.99927038,39.17463351,3200.0,90.0,90.0,180.0,172.0,90.0,44.0,Mismatch
2920.075583,89.69075315,90.00486516,179.9964053,172.0033731,89.99976973,39.78097106,3220.0,90.0,90.0,180.0,172.0,90.0,44.3,Mismatch
2940.044308,89.69080732,90.00161365,180.0046423,171.9979445,90.00003678,40.38757986,3240.0,90.0,90.0,180.0,172.0,90.0,44.6,Mismatch
2960.002661,89.69069434,90.00241816,180.0000389,172.0011322,90.00015442,41.03753151,3260.0,90.0,90.0,180.0,172.0,90.0,44.9,Mismatch
2980.08039,89.69059492,90.00299343,180.0016018,172.0003846,89.99972753,41.68200563,3280.0,90.0,90.0,180.0,172.0,90.0,45.2,Mismatch
3000.028276,89.69030584,90.00418358,179.9981406,172.0037534,89.99891558,42.33081617,3300.0,90.0,90.0,180.0,172.0,90.0,47.0,Mismatch
3020.035243,89.69083391,90.00266786,180.0014036,171.9995374,89.99998004,42.95264877,3320.0,90.0,90.0,180.0,172.0,90.0,47.3,Mismatch
3040.036798,89.69085791,90.00254542,180.0010993,172.0004527,90.0001819,43.63153174,3340.0,90.0,90.0,180.0,172.0,90.0,47.6,Mismatch
3060.031891,89.69059248,90.00091872,180.0016952,171.9996287,89.99969588,44.28325976,3360.0,90.0,90.0,180.0,172.0,90.0,47.9,Mismatch
3080.059481,89.69071896,90.00312556,180.001746,171.9987624,90.00015683,44.93745483,3380.0,90.0,90.0,180.0,172.0,90.0,48.2,Mismatch
3100.106359,89.69055399,90.00183242,180.0024415,171.9995369,89.99989212,45.60494108,3400.0,90.0,90.0,180.0,172.0,90.0,50.0,Mismatch
3120.158982,89.69046414,90.00247106,180.0014864,172.0015791,90.00009065,46.25541222,3420.0,90.0,90.0,180.0,172.0,90.0,50.4,Mismatch
3140.031838,89.69080311,90.00147196,180.0008114,171.9995782,89.99996751,46.86244742,3440.0,90.0,90.0,180.0,172.0,90.0,50.8,Mismatch
3160.034084,89.69107239,90.00288384,180.0018165,172.0001722,90.00030566,47.52566717,3460.0,90.0,90.0,180.0,172.0,90.0,51.2,Mismatch
3180.065918,89.69055476,90.00300343,179.9999244,172.0007428,89.99968097,48.17020159,3480.0,90.0,90.0,180.0,172.0,90.0,51.6,Mismatch
3200.011444,89.6909286,90.00154862,180.0020179,172.0004631,90.00028797,48.79804693,3500.0,90.0,90.0,180.0,172.0,90.0,54.0,Mismatch
3220.034933,89.69039936,90.00058086,180.0034138,171.9978691,89.99886328,49.4568124,3520.0,90.0,90.0,180.0,172.0,90.0,54.3,Mismatch
3240.057659,89.69052757,90.00284126,180.0017291,171.999984,89.99983851,50.08029914,3540.0,90.0,90.0,180.0,172.0,90.0,54.6,Mismatch
3260.069156,89.69058625,90.00140491,180.0032505,171.9976509,89.9997918,50.74624978,3560.0,90.0,90.0,180.0,172.0,90.0,54.9,Mismatch
3280.095053,89.69089331,90.00266624,180.0023762,172.0002258,89.99934188,51.38519965,3580.0,90.0,90.0,180.0,172.0,90.0,55.2,Mismatch
3300.018597,89.69097991,90.00397141,180.0000548,172.0020647,90.00089045,52.03357708,3600.0,90.0,90.0,180.0,172.0,90.0,57.0,Mismatch
3320.085979,89.69050647,90.00240194,180.0015201,171.9996188,89.99955335,52.66431729,3620.0,90.0,90.0,180.0,172.0,90.0,57.3,Mismatch
3340.028834,89.69086921,90.00248822,180.0015063,172.0002389,89.99998852,53.32173402,3640.0,90.0,90.0,180.0,172.0,90.0,57.6,Mismatch
3360.129833,89.69098111,90.00225009,180.0025263,172.000304,90.00040116,53.95140176,3660.0,90.0,90.0,180.0,172.0,90.0,57.9,Mismatch
3380.068398,89.69033957,90.00234445,180.0022663,171.9999368,89.99870332,54.59213652,3680.0,90.0,90.0,180.0,172.0,90.0,58.2,Mismatch
3400.122857,89.69132513,90.00264951,180.002016,172.0003609,90.00112218,55.24073913,3700.0,90.0,90.0,180.0,172.0,90.0,60.0,Mismatch
3420.109129,89.69045942,90.00225552,180.0019121,171.9999996,89.99974071,55.89832623,3720.0,90.0,90.0,180.0,172.0,90.0,60.3,Mismatch
3440.072918,89.69076782,90.00137883,180.0010332,172.0006917,90.00015503,56.52905929,3740.0,90.0,90.0,180.0,172.0,90.0,60.6,Mismatch
3460.039639,89.69079255,90.00471238,179.9986096,172.0029482,89.99964488,57.17489589,3760.0,90.0,90.0,180.0,172.0,90.0,60.9,Mismatch
3480.037975,89.69075756,90.00208517,180.0011498,171.9997507,90.00008337,57.80339473,3780.0,90.0,90.0,180.0,172.0,90.0,61.2,Mismatch
3500.179791,89.69088847,90.00242396,180.0026802,172.0002901,89.99986347,58.45515528,3800.0,90.0,90.0,180.0,172.0,90.0,63.0,Mismatch
3520.086002,89.69055285,90.00306009,180.002665,172.0005742,90.00021414,59.09108065,3820.0,90.0,90.0,180.0,172.0,90.0,63.3,Mismatch
3540.086818,89.69091911,90.00362859,180.0008457,172.0013471,89.99983985,59.71613693,3840.0,90.0,90.0,180.0,172.0,90.0,63.6,Mismatch
3560.067105,89.69103773,90.00257855,180.0016556,172.000408,90.00042038,60.35671781,3860.0,90.0,90.0,180.0,172.0,90.0,63.9,Mismatch
3580.041194,89.69123366,90.00215141,180.0017081,172.0001296,90.00078649,60.97892501,3880.0,90.0,90.0,180.0,172.0,90.0,64.2,Mismatch
3600.091505,89.69038128,90.00253932,180.001981,172.0003317,90.00025695,61.63470877,3900.0,90.0,90.0,180.0,172.0,90.0,66.0,Mismatch
3620.048332,89.69090554,90.00217169,180.0021394,172.000054,90.00049547,62.29242454,3920.0,90.0,90.0,180.0,172.0,90.0,66.3,Mismatch
3640.072846,89.69049889,90.0015619,180.0016727,171.9998727,90.00027141,62.93684404,3940.0,90.0,90.0,180.0,172.0,90.0,66.6,Mismatch
3660.033035,89.69036199,90.00267641,180.0023797,172.0003972,89.9995871,63.57209454,3960.0,90.0,90.0,180.0,172.0,90.0,66.9,Mismatch
3680.053496,89.69102851,90.00247858,180.001964,172.0003539,90.00052852,64.22048715,3980.0,90.0,90.0,180.0,172.0,90.0,67.2,Mismatch
3700.146461,89.69064177,90.00178422,180.0018548,171.9999298,90.00023748,64.87702669,4000.0,90.0,90.0,180.0,172.0,90.0,69.0,Mismatch
3720.095396,89.69023711,90.00199815,180.0023307,171.9999595,89.99891687,65.51867658,4020.0,90.0,90.0,180.0,172.0,90.0,69.3,Mismatch
3740.107036,89.69075068,90.00234192,180.0022528,172.0002048,89.99954832,66.14342581,4040.0,90.0,90.0,180.0,172.0,90.0,69.6,Mismatch
3760.088015,89.69050561,90.00247216,180.0021476,172.0003233,89.99897564,66.78388839,4060.0,90.0,90.0,180.0,172.0,90.0,69.9,Mismatch
3780.014682,89.69081761,90.00232606,180.0021672,172.0002119,90.00074474,67.41914162,4080.0,90.0,90.0,180.0,172.0,90.0,70.2,Mismatch
3800.080037,89.69082231,90.00258905,180.002436,172.0003526,89.99950651,68.03827744,4100.0,90.0,90.0,180.0,172.0,90.0,72.0,Mismatch
3820.013118,89.69054929,90.00224121,180.0021648,172.0000036,90.00002304,68.67521166,4120.0,90.0,89.8,179.9,171.6,90.0,72.1,Mismatch
3840.046406,89.69091252,90.00243686,180.0023351,172.0002238,90.00036941,69.26755014,4140.0,90.0,89.6,179.8,171.2,90.0,72.2,Mismatch
3860.025907,89.69073388,90.00223901,180.0021317,172.0001263,89.99977646,69.89087515,4160.0,90.0,89.4,179.7,170.8,90.0,72.3,Mismatch
3880.009913,89.69079364,90.00239595,180.0022696,172.000192,89.999554,70.51060318,4180.0,90.0,89.2,179.6,170.4,90.0,72.4,Mismatch
3900.039744,89.69105767,90.00228005,180.0023305,172.0001511,90.0014011,71.13795741,4200.0,90.0,88.0,179.0,168.0,90.0,73.0,Mismatch
3920.1195,89.69120584,90.00237961,180.0024115,172.0003042,90.00020739,71.75276799,4220.0,90.0,87.9,179.0,167.6,90.0,73.0,Mismatch
3940.030336,89.6905496,90.00237737,180.0023743,172.0001308,90.00004721,72.4240049,4240.0,90.0,87.8,179.0,167.2,90.0,73.0,Mismatch
3960.095978,89.69101973,89.97427056,179.9902181,171.9350645,90.00056462,72.98953698,4260.0,90.0,87.7,179.0,166.8,90.0,73.0,Mismatch
3980.04427,89.69093867,89.62470172,179.8957875,171.0684077,90.00019876,72.98945712,4280.0,90.0,87.6,179.0,166.4,90.0,73.0,Mismatch
4000.000334,89.69092978,89.26258654,179.7909976,170.1825169,90.00021586,72.98950329,4300.0,90.0,87.0,179.0,164.0,90.0,73.0,Mismatch
4020.039749,89.69094407,88.91783558,179.6927548,169.3348887,90.00019587,72.99017202,4320.0,90.0,86.8,178.9,163.6,90.0,73.0,Mismatch
4040.050077,89.69052284,88.56007462,179.5902691,168.4563071,89.99976504,73.00426413,4340.0,90.0,86.6,178.8,163.2,90.0,73.0,Mismatch
4060.046458,89.69050898,88.20023601,179.4875868,167.5718186,89.99976162,73.00388988,4360.0,90.0,86.4,178.7,162.8,90.0,73.0,Mismatch
4080.110931,89.69093072,87.84252916,179.385373,166.6932403,90.00021867,72.98936322,4380.0,90.0,86.2,178.6,162.4,90.0,73.0,Mismatch
4100.089526,89.69090756,87.4776551,179.2813019,165.796402,90.00021774,72.98970019,4400.0,90.0,85.0,178.0,160.0,90.0,73.0,Mismatch
4120.112395,89.69051794,87.10506295,179.1748515,164.8810018,89.99976198,73.00450784,4420.0,90.0,84.8,178.0,159.6,90.0,73.0,Mismatch
4140.069866,89.69093316,86.74762442,179.0727537,164.0026288,90.00020851,72.98960653,4440.0,90.0,84.6,178.0,159.2,90.0,73.0,Mismatch
4160.057616,89.69052013,86.39498399,178.9719768,163.136309,89.99976278,73.00444814,4460.0,90.0,84.4,178.0,158.8,90.0,73.0,Mismatch
4180.10726,89.69049479,86.04497602,178.8720174,162.2763119,89.99976848,73.00390408,4480.0,90.0,84.2,178.0,158.4,90.0,73.0,Mismatch
4200.097084,89.69095983,85.68758929,178.7699402,161.3979691,90.00019651,72.98954251,4500.0,90.0,83.0,178.0,156.0,90.0,73.0,Mismatch
4220.017266,89.69096543,85.33241654,178.668405,160.5255576,90.00019778,72.9894218,4520.0,90.0,82.8,177.9,155.5,90.0,73.0,Mismatch
4240.026903,89.69050209,84.97505001,178.5664767,159.6471106,89.99975974,73.00421823,4540.0,90.0,82.6,177.8,155.0,90.0,73.0,Mismatch
4260.006785,89.69051671,84.62005534,178.4649488,158.7749046,89.99975271,73.00396398,4560.0,90.0,82.4,177.7,154.5,90.0,73.0,Mismatch
4280.044508,89.69094926,84.25240571,178.3599661,157.87183,90.00020113,72.99001384,4580.0,90.0,82.2,177.6,154.0,90.0,73.0,Mismatch
4300.057244,89.69094528,83.8924849,178.2571625,156.9872201,90.00018854,72.98942513,4600.0,90.0,81.0,177.0,151.0,90.0,73.0,Mismatch
4320.086765,89.69095697,83.54246551,178.1571468,156.1272037,90.00018724,72.98939336,4620.0,90.0,80.9,177.0,150.6,90.0,73.0,Mismatch
4340.129852,89.69093989,83.18234719,178.054305,155.2425553,90.00018528,72.98940948,4640.0,90.0,80.8,177.0,150.2,90.0,73.0,Mismatch
4360.026097,89.6909616,82.83237374,177.9543634,154.3825276,90.00017462,72.98963746,4660.0,90.0,80.7,177.0,149.8,90.0,73.0,Mismatch
4380.052829,89.69050284,82.47499839,177.8523226,153.5041054,89.99976578,73.00457606,4680.0,90.0,80.6,177.0,149.4,90.0,73.0,Mismatch
4400.071335,89.69093949,82.10731688,177.7471646,152.6009673,90.00017569,72.98970965,4700.0,90.0,80.0,177.0,147.0,90.0,73.0,Mismatch
4420.01996,89.69049133,81.75480469,177.6465313,151.7348406,89.99978381,73.00465066,4720.0,90.0,79.8,176.9,146.6,90.0,73.0,Mismatch
4440.020037,89.69047884,81.40485104,177.546521,150.8747631,89.99978768,73.00420132,4740.0,90.0,79.6,176.8,146.2,90.0,73.0,Mismatch
4460.048485,89.69050736,81.03487887,177.4407613,149.9656919,89.9997817,73.00386803,4760.0,90.0,79.4,176.7,145.8,90.0,73.0,Mismatch
4480.06866,89.6909435,80.68732276,177.3415927,149.1117787,90.00015549,72.98933904,4780.0,90.0,79.2,176.6,145.4,90.0,73.0,Mismatch
4500.110221,89.69094387,80.32726893,177.2386934,148.2271349,90.00014137,72.98975955,4800.0,90.0,78.0,176.0,143.0,90.0,73.0,Mismatch
4520.055509,89.69048434,79.98485052,177.1408389,147.3855667,89.99979742,73.00397657,4820.0,90.0,77.8,176.0,142.5,90.0,73.0,Mismatch
4540.068769,89.69096179,79.63225604,177.0402273,146.5193663,90.0001359,72.98953938,4840.0,90.0,77.6,176.0,142.0,90.0,73.0,Mismatch
4560.035825,89.69051257,79.26965628,176.9366734,145.6284962,89.99979806,73.00453397,4860.0,90.0,77.4,176.0,141.5,90.0,73.0,Mismatch
4580.066204,89.69049673,78.89972973,176.8310525,144.7193521,89.99981186,73.00386727,4880.0,90.0,77.2,176.0,141.0,90.0,73.0,Mismatch
4600.087476,89.69095655,78.53722231,176.7273902,143.8286959,90.0001188,72.98943616,4900.0,90.0,76.0,176.0,138.0,90.0,73.0,Mismatch
4620.041561,89.6904709,78.16461994,176.6208837,142.9132947,89.9998192,73.00406741,4920.0,90.0,75.8,175.9,137.6,90.0,73.0,Mismatch
4640.038109,89.69094838,77.81207255,176.5202232,142.0471152,90.00010557,72.98959885,4940.0,90.0,75.6,175.8,137.2,90.0,73.0,Mismatch
4660.07297,89.69049647,77.44953827,176.416706,141.1562733,89.99982734,73.00439942,4960.0,90.0,75.4,175.7,136.8,90.0,73.0,Mismatch
4680.141592,89.69051229,77.09457144,176.315206,140.2840548,89.99983311,73.00413978,4980.0,90.0,75.2,175.6,136.4,90.0,73.0,Mismatch
4700.086498,89.69094648,76.74201707,176.2145875,139.4178495,90.00009129,72.98946816,5000.0,90.0,74.0,175.0,134.0,90.0,73.0,Mismatch
4720.176291,89.69050503,76.37950437,176.1110335,138.5270478,89.99984486,73.00424402,5020.0,90.0,73.9,175.0,133.6,90.0,73.0,Mismatch
4740.020156,89.69096409,76.02195567,176.008893,137.6486123,90.00007698,72.98952026,5040.0,90.0,73.8,175.0,133.2,90.0,73.0,Mismatch
4760.001087,89.69095036,75.6519193,175.9031828,136.7394176,90.00006927,72.9894551,5060.0,90.0,73.7,175.0,132.8,90.0,73.0,Mismatch
4780.013108,89.69093132,75.29190308,175.8003053,135.8548352,90.00006559,72.98932483,5080.0,90.0,73.6,175.0,132.4,90.0,73.0,Mismatch
4800.109005,89.69050047,74.94440046,175.7010289,135.0008959,89.99986745,73.00407029,5100.0,90.0,73.0,175.0,130.0,90.0,73.0,Mismatch
4820.093846,89.69093983,74.5968413,175.6017406,134.1470274,90.00005036,72.98950748,5120.0,90.0,72.8,174.9,129.5,90.0,73.0,Mismatch
4840.029788,89.69092962,74.226806,175.4960273,133.2378332,90.00004377,72.98947729,5140.0,90.0,72.6,174.8,129.0,90.0,73.0,Mismatch
4860.154009,89.69094883,73.88177234,175.3974562,132.3900705,90.00003547,72.98945053,5160.0,90.0,72.4,174.7,128.5,90.0,73.0,Mismatch
4880.003428,89.69094234,73.53673792,175.2988848,131.542308,90.00003318,72.98965041,5180.0,90.0,72.2,174.6,128.0,90.0,73.0,Mismatch
4900.098896,89.69050137,73.18423254,175.198167,130.6760826,89.99989508,73.00406136,5200.0,90.0,71.0,174.0,125.0,90.0,73.0,Mismatch
4920.175195,89.69048722,72.84419739,175.1010205,129.8406051,89.99990095,73.00396691,5220.0,90.0,70.8,174.0,124.6,90.0,73.0,Mismatch
4940.005469,89.69049808,72.48916042,174.9995876,128.9682676,89.9999055,73.0041578,5240.0,90.0,70.6,174.0,124.2,90.0,73.0,Mismatch
4960.031319,89.6909515,72.13158941,174.8974453,128.0898148,90.0000048,72.98936899,5260.0,90.0,70.4,174.0,123.8,90.0,73.0,Mismatch
4980.055475,89.69094524,71.78155013,174.7974405,127.2297614,89.99999866,72.9894079,5280.0,90.0,70.2,174.0,123.4,90.0,73.0,Mismatch
5000.081325,89.69048927,71.42904351,174.6967117,126.3635372,89.99992513,73.00394534,5300.0,90.0,69.0,174.0,121.0,90.0,73.0,Mismatch
5020.102453,89.69050532,71.07400278,174.5952753,125.4911968,89.99993029,73.00395478,5320.0,90.0,68.8,173.9,120.6,90.0,73.0,Mismatch
5040.172768,89.69050432,70.72396189,174.4952666,124.6311422,89.99993652,73.00400811,5340.0,90.0,68.6,173.8,120.2,90.0,73.0,Mismatch
5060.000443,89.69050429,70.37391982,174.3952569,123.7710867,89.9999425,73.00395333,5360.0,90.0,68.4,173.7,119.8,90.0,73.0,Mismatch
5080.131412,89.69093553,70.02634219,174.2959749,122.9171966,89.99996698,72.98935292,5380.0,90.0,68.2,173.6,119.4,90.0,73.0,Mismatch
5100.05734,89.69050166,69.66383252,174.1923776,122.0264004,89.99995492,73.00398059,5400.0,90.0,67.0,173.0,117.0,90.0,73.0,Mismatch
5120.156693,89.69050551,69.3137881,174.0923653,121.1663427,89.99996096,73.00394446,5420.0,90.0,66.9,173.0,116.6,90.0,73.0,Mismatch
5140.028143,89.69050574,68.9487321,173.9880394,120.2694315,89.99996293,73.00397542,5440.0,90.0,66.8,173.0,116.2,90.0,73.0,Mismatch
5160.147095,89.69050509,68.59869447,173.8880332,119.4093817,89.99995845,73.00396987,5460.0,90.0,66.7,173.0,115.8,90.0,73.0,Mismatch
5180.086207,89.69050591,68.25364733,173.7894218,118.561584,89.99995367,73.00395851,5480.0,90.0,66.6,173.0,115.4,90.0,73.0,Mismatch
5200.074148,89.69093729,67.90603522,173.6901739,117.7076143,89.99996499,72.98939642,5500.0,90.0,66.0,173.0,113.0,90.0,73.0,Mismatch
5220.097303,89.69050735,67.54346597,173.5864922,116.8168218,89.99995751,73.00423878,5520.0,90.0,65.8,172.9,112.5,90.0,73.0,Mismatch
5240.039587,89.69093543,67.17597054,173.4815852,115.9138352,89.99995203,72.99017442,5540.0,90.0,65.6,172.8,112.0,90.0,73.0,Mismatch
5260.074353,89.69093418,66.81596905,173.3786026,115.0292953,89.99994489,72.99094174,5560.0,90.0,65.4,172.7,111.5,90.0,73.0,Mismatch
5280.040407,89.69093379,66.46094011,173.2771899,114.156898,89.99993977,72.99194707,5580.0,90.0,65.2,172.6,111.0,90.0,73.0,Mismatch
5300.008893,89.69093291,66.1058101,173.1757834,113.2845058,89.9999343,72.99319686,5600.0,90.0,64.0,172.0,108.0,90.0,73.0,Mismatch
5320.007563,89.69093208,65.74067918,173.0715051,112.387494,89.99992941,72.99473804,5620.0,90.0,63.8,172.0,107.6,90.0,73.0,Mismatch
5340.074968,89.69051166,65.37820259,172.9678974,111.4967628,89.99999352,73.01046562,5640.0,90.0,63.6,172.0,107.2,90.0,73.0,Mismatch
5360.075784,89.69051191,65.02310815,172.866422,110.6244277,89.99999901,73.01048432,5660.0,90.0,63.4,172.0,106.8,90.0,73.0,Mismatch
5380.065179,89.69092481,64.6806014,172.7684416,109.782873,89.99991139,72.99601684,5680.0,90.0,63.2,172.0,106.4,90.0,73.0,Mismatch
5400.12176,89.69092401,64.33554849,172.66985,108.9350812,89.99990614,72.99604439,5700.0,90.0,62.0,172.0,104.0,90.0,73.0,Mismatch
5420.06824,89.69052043,63.99301364,172.5719995,108.0933697,90.00001462,73.01052922,5720.0,90.0,61.8,171.9,103.6,90.0,73.0,Mismatch
5440.021014,89.69092098,63.64539125,172.4728452,107.2394135,89.9998978,72.99591252,5740.0,90.0,61.6,171.8,103.2,90.0,73.0,Mismatch
5460.011196,89.690516,63.29282979,172.3719926,106.3732171,90.00002527,73.01051707,5760.0,90.0,61.4,171.7,102.8,90.0,73.0,Mismatch
5480.150318,89.69052723,62.9378681,172.2705429,105.500888,90.00003014,73.01043256,5780.0,90.0,61.2,171.6,102.4,90.0,73.0,Mismatch
5500.014973,89.69092411,62.59019711,172.1713169,104.6468796,89.99988568,72.99590948,5800.0,90.0,60.0,171.0,100.0,90.0,73.0,Mismatch
5520.106626,89.69092701,62.24012222,172.071264,103.7868286,89.99988124,72.99599231,5820.0,90.0,59.9,171.0,99.5,90.0,73.0,Mismatch
5540.0141,89.69051968,61.90264193,171.9747467,102.957492,90.00004674,73.01044409,5840.0,90.0,59.8,171.0,99.0,90.0,73.0,Mismatch
5560.097051,89.69092754,61.55508963,171.875378,102.1036708,89.99987222,72.99601728,5860.0,90.0,59.7,171.0,98.5,90.0,73.0,Mismatch
5580.100775,89.69052202,61.23752732,171.7846679,101.323381,90.00005342,73.010403,5880.0,90.0,59.6,171.0,98.0,90.0,73.0,Mismatch
5600.001073,89.69053278,60.90746613,171.6903457,100.5124553,90.00006076,73.01018608,5900.0,90.0,59.0,171.0,95.0,90.0,73.0,Mismatch
5620.005465,89.69092658,60.56984496,171.5939941,99.68302024,89.99986156,72.99596521,5920.0,90.0,58.8,170.9,94.6,90.0,73.0,Mismatch
5640.044427,89.69090167,60.24483457,171.500954,98.88452449,89.99985618,72.9958443,5940.0,90.0,58.6,170.8,94.2,90.0,73.0,Mismatch
5660.09407,89.6909201,59.89971532,171.4025089,98.03657835,89.99985945,72.99610715,5960.0,90.0,58.4,170.7,93.8,90.0,73.0,Mismatch
5680.082202,89.69052911,59.69724345,171.3445021,97.53906124,90.00007344,73.01044329,5980.0,90.0,58.2,170.6,93.4,90.0,73.0,Mismatch
5700.056291,89.69090778,59.35960942,171.2481752,96.70959409,89.99985203,72.99609467,6000.0,90.0,57.0,170.0,91.0,90.0,73.0,Mismatch
5720.049858,89.690916,59.01954137,171.1510006,95.87408511,89.99985252,72.99610393,6020.0,90.0,56.8,170.0,90.6,90.0,73.0,Mismatch
5740.012646,89.69089374,58.67453479,171.0522189,95.02646187,89.99984015,72.99585146,6040.0,90.0,56.6,170.0,90.2,90.0,73.0,Mismatch
5760.099292,89.69054619,58.31196096,170.9487038,94.13552203,90.00008654,73.01034974,6060.0,90.0,56.4,170.0,89.8,90.0,73.0,Mismatch
5780.092335,89.69056178,57.95690568,170.8471595,93.26325421,90.00008255,73.01025203,6080.0,90.0,56.2,170.0,89.4,90.0,73.0,Mismatch
5800.028491,89.69054682,57.61181895,170.7486308,92.41535422,90.00009547,73.0105398,6100.0,90.0,55.0,170.0,87.0,90.0,73.0,Mismatch
5820.078397,89.69055226,57.25174383,170.6457353,91.53069546,90.00009582,73.01034814,6120.0,90.0,55.0,169.8,86.9,90.0,73.0,Mismatch
5840.010953,89.69089169,56.90418034,170.5463035,90.67691078,89.99984033,72.9957865,6140.0,90.0,55.0,169.6,86.8,90.0,73.0,Mismatch
5860.125041,89.69088946,56.54903297,170.4450378,89.80434305,89.99984245,72.99609456,6160.0,90.0,55.0,169.4,86.7,90.0,73.0,Mismatch
5880.106521,89.69087171,56.19896604,170.3449919,88.9442579,89.99984175,72.9958457,6180.0,90.0,55.0,169.2,86.6,90.0,73.0,Mismatch
5900.108099,89.69054944,55.84647428,170.2440414,88.07819811,90.00009981,73.01008757,6200.0,90.0,55.0,168.0,86.0,90.0,73.0,Mismatch
5920.104122,89.69087557,55.49880777,170.1449195,87.22408838,89.99984214,72.99597116,6220.0,90.0,55.2,167.6,86.0,90.0,73.0,Mismatch
5940.10849,89.6905626,55.14632649,170.0439494,86.35803449,90.00010184,73.01018335,6240.0,90.0,55.4,167.2,86.0,90.0,73.0,Mismatch
5960.080767,89.69057078,55.21419752,169.5181575,86.02562312,90.00009642,73.01029473,6260.0,90.0,55.6,166.8,86.0,90.0,73.0,Mismatch
5980.105305,89.69086397,55.57034815,168.6999426,86.06592608,89.9998447,72.9958033,6280.0,90.0,55.8,166.4,86.0,90.0,73.0,Mismatch
6000.154972,89.69056848,55.92824453,167.8828706,86.10690036,90.00009793,73.01050593,6300.0,90.0,57.0,164.0,86.0,90.0,73.0,Mismatch
6020.07854,89.69056578,56.27854276,167.083045,86.1470189,90.00009806,73.01045806,6320.0,90.0,57.2,163.6,86.0,90.0,73.0,Mismatch
6040.07175,89.69085811,56.62070893,166.2999727,86.186092,89.99984012,72.99546537,6340.0,90.0,57.4,163.2,86.0,90.0,73.0,Mismatch
6060.070753,89.69057796,56.97326517,165.4940431,86.22627685,90.00010598,73.01027841,6360.0,90.0,57.6,162.8,86.0,90.0,73.0,Mismatch
6080.142689,89.69086378,57.32073507,164.6998013,86.26606318,89.99984773,72.99567886,6380.0,90.0,57.8,162.4,86.0,90.0,73.0,Mismatch
6100.182724,89.69085898,57.67075439,163.8997288,86.30606526,89.9998441,72.99613954,6400.0,90.0,59.0,160.0,86.0,90.0,73.0,Mismatch
6120.09716,89.69086798,58.0207687,163.0996474,86.34605563,89.99984334,72.99602429,6420.0,90.0,59.1,159.6,86.0,90.0,73.0,Mismatch
6140.080166,89.69087365,58.36580412,162.3109704,86.38547833,89.99984987,72.99562999,6440.0,90.0,59.2,159.2,86.0,90.0,73.0,Mismatch
6160.022664,89.69086617,58.71582136,161.5108932,86.4254722,89.99984916,72.99535453,6460.0,90.0,59.3,158.8,86.0,90.0,73.0,Mismatch
6180.007482,89.69058983,59.0634365,160.7164438,86.46512952,90.00010509,73.01046452,6480.0,90.0,59.4,158.4,86.0,90.0,73.0,Mismatch
6200.144935,89.69057507,59.41836301,159.9050121,86.50575365,90.00011138,73.00994122,6500.0,90.0,60.0,156.0,86.0,90.0,73.0,Mismatch
6220.098472,89.69085239,59.78087205,159.076398,86.54710766,89.99984371,72.99575914,6520.0,90.0,60.2,155.6,86.0,90.0,73.0,Mismatch
6240.016866,89.69086969,60.13588425,158.2648375,86.58775851,89.99985187,72.99571155,6540.0,90.0,60.4,155.2,86.0,90.0,73.0,Mismatch
6260.074639,89.69057592,60.49347273,157.4476082,86.62850955,90.00010272,73.01016184,6560.0,90.0,60.6,154.8,86.0,90.0,73.0,Mismatch
6280.053091,89.69057924,60.8434879,156.6475263,86.66850311,90.00010074,73.01015616,6580.0,90.0,60.8,154.4,86.0,90.0,73.0,Mismatch
6300.039148,89.69058896,61.1985379,155.8359605,86.70909293,90.00010042,73.0105622,6600.0,90.0,62.0,152.0,86.0,90.0,73.0,Mismatch
6320.092273,89.6908585,61.54600673,155.041692,86.74874077,89.99984939,72.99549939,6620.0,90.0,62.2,151.6,86.1,90.0,73.0,Mismatch
6340.139055,89.69058881,61.90348677,154.2244511,86.7897129,90.00010648,73.00971441,6640.0,90.0,62.4,151.2,86.2,90.0,73.0,Mismatch
6360.101199,89.69085203,62.25099524,153.4300947,86.82941139,89.99984866,72.99552736,6660.0,90.0,62.6,150.8,86.3,90.0,73.0,Mismatch
6380.032706,89.69058992,62.60858928,152.6128048,86.87021772,90.00010351,73.0104164,6680.0,90.0,62.8,150.4,86.4,90.0,73.0,Mismatch
6400.055671,89.69085589,62.97601824,151.7728038,86.91223941,89.9998542,72.99612396,6700.0,90.0,64.0,148.0,87.0,90.0,73.0,Mismatch
6420.074439,89.69059926,63.34862038,150.9212228,86.95474941,90.00009907,73.01041597,6720.0,90.0,64.2,147.6,87.0,90.0,73.0,Mismatch
6440.10694,89.69058974,63.71866048,150.075387,86.99704648,90.00010124,73.01049386,6740.0,90.0,64.4,147.2,87.0,90.0,73.0,Mismatch
6460.014534,89.6905931,64.06364262,149.2867885,87.03645306,90.00009642,73.01000614,6760.0,90.0,64.6,146.8,87.0,90.0,73.0,Mismatch
6480.05023,89.6908522,64.4360964,148.4353333,87.07903535,89.99986148,72.9953782,6780.0,90.0,64.8,146.4,87.0,90.0,73.0,Mismatch
6500.12486,89.69060027,64.80369362,147.5951607,87.12102875,90.00010976,73.00991075,6800.0,90.0,66.0,144.0,87.0,90.0,73.0,Mismatch
6520.097089,89.69084958,65.16112837,146.7780194,87.16189006,89.99985965,72.99574343,6820.0,90.0,66.1,143.6,87.0,90.0,73.0,Mismatch
6540.04457,89.6908554,65.51614025,145.9665027,87.20245479,89.999864,72.99610097,6840.0,90.0,66.2,143.2,87.0,90.0,73.0,Mismatch
6560.030508,89.69061105,65.87365794,145.1492485,87.24336516,90.00010394,73.00973506,6860.0,90.0,66.3,142.8,87.0,90.0,73.0,Mismatch
6580.09963,89.69060037,66.2287452,144.3376823,87.28386137,90.00009451,73.00990975,6880.0,90.0,66.4,142.4,87.0,90.0,73.0,Mismatch
6600.105572,89.69059649,66.5687565,143.5604866,87.32268998,90.00009525,73.01032252,6900.0,90.0,67.0,140.0,87.0,90.0,73.0,Mismatch
6620.08934,89.69083457,66.91622188,142.7661654,87.36243103,89.99986566,72.99609606,6920.0,90.0,67.2,139.6,87.0,90.0,73.0,Mismatch
6640.149903,89.69083034,67.26622981,141.9660744,87.40244134,89.99986991,72.99615051,6940.0,90.0,67.4,139.2,87.0,90.0,73.0,Mismatch
6660.002708,89.69084165,67.62124784,141.1545799,87.44296606,89.99987035,72.99604319,6960.0,90.0,67.6,138.8,87.0,90.0,73.0,Mismatch
6680.001521,89.69083076,67.97628172,140.3430466,87.48356455,89.9998742,72.99570056,6980.0,90.0,67.8,138.4,87.0,90.0,73.0,Mismatch
6700.088048,89.69083109,68.34132385,139.5086837,87.52522431,89.99986631,72.99613034,7000.0,90.0,69.0,136.0,87.0,90.0,73.0,Mismatch
6720.144129,89.69083406,68.7063468,138.6742836,87.56693986,89.99986992,72.99597812,7020.0,90.0,69.2,135.6,87.0,90.0,73.0,Mismatch
6740.090036,89.6908308,69.05631325,137.8742208,87.60699102,89.99987617,72.99559323,7040.0,90.0,69.4,135.2,87.0,90.0,73.0,Mismatch
6760.02655,89.6906233,69.40885507,137.0684007,87.64728161,90.00008797,73.01035366,7060.0,90.0,69.6,134.8,87.0,90.0,73.0,Mismatch
6780.066681,89.69061923,69.76390194,136.2568728,87.68779587,90.00008849,73.01025346,7080.0,90.0,69.8,134.4,87.0,90.0,73.0,Mismatch
6800.014472,89.69062423,70.12391075,135.4339599,87.72890908,90.00008862,73.01040102,7100.0,90.0,71.0,132.0,87.0,90.0,73.0,Mismatch
6820.048761,89.69061958,70.47894343,134.6224135,87.76949818,90.00008415,73.01000757,7120.0,90.0,71.2,131.6,87.1,90.0,73.0,Mismatch
6840.135694,89.69082223,70.83637801,133.8052732,87.81037575,89.99988481,72.99606984,7140.0,90.0,71.4,131.2,87.2,90.0,73.0,Mismatch
6860.028434,89.69081984,71.1914122,132.9937346,87.85092105,89.9998844,72.99604633,7160.0,90.0,71.6,130.8,87.3,90.0,73.0,Mismatch
6880.061746,89.69062281,71.54397479,132.1878739,87.89120896,90.00008541,73.01050247,7180.0,90.0,71.8,130.4,87.4,90.0,73.0,Mismatch
6900.048494,89.69081239,71.90143515,131.3707074,87.9320744,89.99988204,72.99544147,7200.0,90.0,73.0,128.0,88.0,90.0,73.0,Mismatch
6920.097685,89.69062834,72.25901905,130.5534088,87.97289531,90.00008136,73.01030812,7220.0,90.0,73.1,127.6,88.0,90.0,73.0,Mismatch
6940.058994,89.69081515,72.61146319,129.7476774,88.01319551,89.99989402,72.9954218,7240.0,90.0,73.2,127.2,88.0,90.0,73.0,Mismatch
6960.083699,89.69063472,72.96905256,128.9303948,88.05401566,90.00007579,73.01031314,7260.0,90.0,73.3,126.8,88.0,90.0,73.0,Mismatch
6980.012417,89.69064054,73.32404465,128.1188909,88.09458585,90.00007666,73.01036976,7280.0,90.0,73.4,126.4,88.0,90.0,73.0,Mismatch
7000.080061,89.6906325,73.68907665,127.2844977,88.13630443,90.00007466,73.01012716,7300.0,90.0,74.0,124.0,88.0,90.0,73.0,Mismatch
7020.014882,89.69064408,74.04409605,126.4729873,88.17685316,90.00007959,73.00973395,7320.0,90.0,74.2,123.6,88.0,90.0,73.0,Mismatch
7040.09099,89.69080694,74.40153811,125.655836,88.21772627,89.99990045,72.99613279,7340.0,90.0,74.4,123.2,88.0,90.0,73.0,Mismatch
7060.036182,89.69064416,74.75406994,124.8499959,88.25804655,90.00006919,73.01041518,7360.0,90.0,74.6,122.8,88.0,90.0,73.0,Mismatch
7080.108333,89.69080334,75.10156989,124.0556919,88.29768096,89.99990654,72.99522154,7380.0,90.0,74.8,122.4,88.0,90.0,73.0,Mismatch
7100.146747,89.69079907,75.45658958,123.2441799,88.3382437,89.99990697,72.99580098,7400.0,90.0,76.0,120.0,88.0,90.0,73.0,Mismatch
7120.012307,89.69079973,75.81664415,122.4212035,88.37935086,89.99990616,72.99540687,7420.0,90.0,76.2,119.6,88.0,90.0,73.0,Mismatch
7140.024304,89.69065044,76.19913958,121.546798,88.42312811,90.00006571,73.01017826,7440.0,90.0,76.4,119.2,88.0,90.0,73.0,Mismatch
7160.076332,89.69079411,76.57166974,120.6953086,88.4656274,89.99991385,72.99597512,7460.0,90.0,76.6,118.8,88.0,90.0,73.0,Mismatch
7180.067968,89.69078701,76.9316813,119.8723654,88.50677301,89.9999173,72.99602507,7480.0,90.0,76.8,118.4,88.0,90.0,73.0,Mismatch
7200.018048,89.69065931,77.28421907,119.0665347,88.54707,90.00006104,73.01046687,7500.0,90.0,78.0,116.0,88.0,90.0,73.0,Mismatch
7220.038295,89.69078155,77.64171331,118.2493044,88.58796362,89.99992113,72.99609968,7520.0,90.0,78.2,115.6,88.0,90.0,73.0,Mismatch
7240.042067,89.69065391,78.00927234,117.4091591,88.62993754,90.0000574,73.01018892,7540.0,90.0,78.4,115.2,88.0,90.0,73.0,Mismatch
7260.138083,89.6907859,78.37669555,116.5692077,88.6719062,89.99992687,72.99564732,7560.0,90.0,78.6,114.8,88.0,90.0,73.0,Mismatch
7280.021453,89.69078021,78.74173873,115.7347773,88.71363598,89.99992533,72.99610161,7580.0,90.0,78.8,114.4,88.0,90.0,73.0,Mismatch
7300.077057,89.69065832,79.11424525,114.8832843,88.75618075,90.00004594,73.01021405,7600.0,90.0,80.0,112.0,88.0,90.0,73.0,Mismatch
7320.010185,89.69077829,79.46176768,114.0888914,88.79590356,89.99993058,72.99580958,7620.0,90.0,80.1,111.6,88.1,90.0,73.0,Mismatch
7340.096426,89.69066773,79.82427629,113.2602526,88.8373086,90.00004915,73.01006107,7640.0,90.0,80.2,111.2,88.2,90.0,73.0,Mismatch
7360.021448,89.69077273,80.18179682,112.4430055,88.87817037,89.99993931,72.99605062,7660.0,90.0,80.3,110.8,88.3,90.0,73.0,Mismatch
7380.056405,89.69077628,80.53181127,111.6429214,88.91816211,89.99994038,72.99533061,7680.0,90.0,80.4,110.4,88.4,90.0,73.0,Mismatch
7400.009823,89.69066873,80.8843224,110.8371353,88.95842894,90.00003976,73.00990091,7700.0,90.0,81.0,108.0,89.0,90.0,73.0,Mismatch
7420.129251,89.69067553,81.23938055,110.0255577,88.99899739,90.00003697,73.01023391,7720.0,90.0,81.2,107.6,89.0,90.0,73.0,Mismatch
7440.023589,89.69067621,81.60939357,109.1797568,89.0412744,90.00003566,73.01041038,7740.0,90.0,81.4,107.2,89.0,90.0,73.0,Mismatch
7460.142875,89.6906768,81.97940664,108.3339558,89.08355158,90.00003349,73.01026345,7760.0,90.0,81.6,106.8,89.0,90.0,73.0,Mismatch
7480.18353,89.69067938,82.33941921,107.5110142,89.12468625,90.00002906,73.0095884,7780.0,90.0,81.8,106.4,89.0,90.0,73.0,Mismatch
7500.033808,89.69068596,82.69439946,106.6995485,89.16524691,90.00003287,73.01030773,7800.0,90.0,83.0,104.0,89.0,90.0,73.0,Mismatch
7520.052195,89.69075441,83.05191304,105.882317,89.2060986,89.99995965,72.99584694,7820.0,90.0,83.2,103.6,89.0,90.0,73.0,Mismatch
7540.017915,89.6907566,83.4069241,105.0708134,89.24665099,89.99996195,72.99612325,7840.0,90.0,83.4,103.2,89.0,90.0,73.0,Mismatch
7560.008025,89.69075247,83.76693881,104.2478684,89.28778628,89.99996469,72.99527742,7860.0,90.0,83.6,102.8,89.0,90.0,73.0,Mismatch
7580.082393,89.69069312,84.12948212,103.4191654,89.32921657,90.00002058,73.01034816,7880.0,90.0,83.8,102.4,89.0,90.0,73.0,Mismatch
7600.046873,89.69069272,84.49949508,102.573364,89.37149372,90.0000195,73.0103422,7900.0,90.0,85.0,100.0,89.0,90.0,73.0,Mismatch
7620.105648,89.69069524,84.85449099,101.7618753,89.41205598,90.00001849,73.00966235,7920.0,90.0,85.2,99.6,89.0,90.0,73.0,Mismatch
7640.0913,89.69069711,85.21952004,100.9274803,89.45376279,90.00001416,73.01025273,7940.0,90.0,85.4,99.2,89.0,90.0,73.0,Mismatch
7660.066724,89.69074166,85.57701319,100.1102841,89.49460287,89.99997979,72.99604437,7960.0,90.0,85.6,98.8,89.0,90.0,73.0,Mismatch
7680.093908,89.69070255,85.89954394,99.37303448,89.53146142,90.00001039,73.01038612,7980.0,90.0,85.8,98.4,89.0,90.0,73.0,Mismatch
7700.012827,89.69070434,86.24955605,98.57295206,89.57145324,90.00000908,73.01047797,8000.0,90.0,87.0,96.0,89.0,90.0,73.0,Mismatch
7720.013666,89.6907362,86.60205552,97.76717527,89.61172421,89.9999873,72.99552107,8020.0,90.0,87.1,95.6,89.0,90.0,73.0,Mismatch
7740.063143,89.69070735,86.954579,96.96135946,89.65200856,90.00000246,73.00976258,8040.0,90.0,87.2,95.2,89.0,90.0,73.0,Mismatch
7760.014462,89.69073253,87.29208324,96.18986514,89.69056494,89.99999358,72.99544479,8060.0,90.0,87.3,94.8,89.0,90.0,73.0,Mismatch
7780.000472,89.69071409,87.61960471,95.44119947,89.72799334,90.00000041,73.01038952,8080.0,90.0,87.4,94.4,89.0,90.0,73.0,Mismatch
7800.05157,89.69071447,87.95961746,94.66397537,89.76684272,89.99999771,73.01032429,8100.0,90.0,88.0,92.0,89.0,90.0,73.0,Mismatch
7820.029283,89.69071542,88.11962349,94.29822281,89.78512479,89.99999656,73.01007763,8120.0,89.9,88.1,91.8,89.0,90.0,73.0,Mismatch
7840.054655,89.69072645,88.457131,93.52672282,89.82368412,90.00000286,72.99610068,8140.0,89.8,88.2,91.6,89.0,90.0,73.0,Mismatch
7860.064554,89.69071978,88.79464876,92.75520437,89.86225219,89.99999142,73.00986092,8160.0,89.7,88.3,91.4,89.0,90.0,73.0,Mismatch
7880.008817,89.69072168,89.14215902,91.96084079,89.90195587,90.00000902,72.99612816,8180.0,89.6,88.4,91.2,89.0,90.0,73.0,Mismatch
7900.102305,89.69072331,89.47967452,91.18932635,89.94052227,89.99998957,73.0100981,8200.0,89.0,89.0,90.0,89.0,90.0,73.0,Mismatch
7920.094967,89.69072437,89.83468783,90.3778129,89.98108555,89.99999088,73.01032551,8220.0,88.6,88.9,90.4,89.0,90.0,73.0,Mismatch
7940.015483,89.28530279,89.83665943,90.36256251,89.98027873,90.00092912,72.99594676,8240.0,88.2,88.8,90.8,89.0,90.0,73.0,Mismatch
7960.037661,88.42325081,89.5073059,91.13244207,89.94442169,90.00004582,72.99596944,8260.0,87.8,88.7,91.2,89.0,90.0,73.0,Mismatch
7980.033135,87.60299061,89.18539874,91.86253955,89.90701209,90.00000635,72.99600449,8280.0,87.4,88.6,91.6,89.0,90.0,73.0,Mismatch
8000.09048,86.73803875,88.84802774,92.63413528,89.86850964,89.99999545,73.01014913,8300.0,85.0,88.0,94.0,89.0,90.0,73.0,Mismatch
8020.018101,85.84748793,88.50010399,93.42821642,89.82862479,89.99999933,72.99608427,8320.0,84.5,87.8,94.4,89.0,90.0,73.0,Mismatch
8040.071678,84.93127713,88.1426724,94.24549204,89.78781308,90.00000118,73.01029852,8340.0,84.0,87.6,94.8,89.0,90.0,73.0,Mismatch
8060.068846,84.02792128,87.79015119,95.05130331,89.74752916,89.99999346,72.99612722,8360.0,83.5,87.4,95.2,89.0,90.0,73.0,Mismatch
8080.004954,83.16295909,87.4526972,95.82283726,89.70899359,90.00000511,73.01005022,8380.0,83.0,87.2,95.6,89.0,90.0,73.0,Mismatch
8100.051236,82.27242376,87.10518721,96.61723207,89.66928501,89.9999873,72.9959946,8400.0,80.0,86.0,98.0,89.0,90.0,73.0,Mismatch
8120.113897,81.36264024,86.75016692,97.42873971,89.62871751,89.99998409,72.99586385,8420.0,79.6,85.8,98.4,89.0,90.0,73.0,Mismatch
8140.069008,80.48485442,86.40765549,98.21165683,89.5895862,90.00001154,73.01027265,8440.0,79.2,85.6,98.8,89.0,90.0,73.0,Mismatch
8160.094523,79.6071448,86.06512412,98.99462051,89.55044122,89.99998019,72.99539004,8460.0,78.8,85.4,99.2,89.0,90.0,73.0,Mismatch
8180.026436,78.72934894,85.72262858,99.77753875,89.51131104,90.00001634,73.01041275,8480.0,78.4,85.2,99.6,89.0,90.0,73.0,Mismatch
8200.023556,77.8260201,85.37010839,100.5833481,89.47102815,89.99997334,72.99613594,8500.0,76.0,84.0,102.0,89.0,90.0,73.0,Mismatch
8220.097923,76.9034246,85.01009511,101.4062902,89.42989247,89.99996973,72.99612011,8520.0,75.5,83.8,102.4,89.0,90.0,73.0,Mismatch
8240.033364,75.98717244,84.65258666,102.2235112,89.38904484,90.000025,73.00953223,8540.0,75.0,83.6,102.8,89.0,90.0,73.0,Mismatch
8260.024333,75.10300735,84.30757562,103.0121585,89.34962976,90.00002533,73.01002665,8560.0,74.5,83.4,103.2,89.0,90.0,73.0,Mismatch
8280.146861,74.20603761,83.95756266,103.8122422,89.30963668,90.00002823,73.00952625,8580.0,74.0,83.2,103.6,89.0,90.0,73.0,Mismatch
8300.023055,73.35398553,83.62501793,104.5723693,89.2716339,89.99995896,72.99551759,8600.0,71.0,82.0,106.0,89.0,90.0,73.0,Mismatch
8320.161748,72.46334893,83.27753661,105.3666902,89.23193665,90.00003369,73.01012194,8620.0,70.6,81.9,106.4,88.9,90.0,73.0,Mismatch
8340.086055,71.57918813,82.93251967,106.1553558,89.19250332,90.00003359,73.01017709,8640.0,70.2,81.8,106.8,88.8,90.0,73.0,Mismatch
8360.042381,70.70152096,82.59000551,106.9382922,89.15337086,89.99994963,72.99570017,8660.0,69.8,81.7,107.2,88.7,90.0,73.0,Mismatch
8380.017972,69.80455162,82.23999271,107.7383747,89.11337824,89.99994625,72.99533982,8680.0,69.4,81.6,107.6,88.6,90.0,73.0,Mismatch
8400.092196,68.90758676,81.88997965,108.5384575,89.07338502,89.99994544,72.99603787,8700.0,67.0,81.0,110.0,88.0,90.0,73.0,Mismatch
8420.069242,68.01692055,81.54246457,109.332834,89.03367128,90.00004251,73.0101405,8720.0,66.5,80.8,110.4,88.0,90.0,73.0,Mismatch
8440.018368,67.13927007,81.19995358,110.1157637,88.99454185,89.99994211,72.99536825,8740.0,66.0,80.6,110.8,88.0,90.0,73.0,Mismatch
8460.103035,66.23579495,80.84744291,110.9215551,88.95427219,90.00004979,73.00963798,8760.0,65.5,80.4,111.2,88.0,90.0,73.0,Mismatch
8480.181098,65.39007663,80.51743029,111.6759199,88.91656457,90.00004691,73.01021099,8780.0,65.0,80.2,111.6,88.0,90.0,73.0,Mismatch
8500.122237,64.5059119,80.17241015,112.4645939,88.87712271,90.00004859,73.01041458,8800.0,62.0,79.0,114.0,88.0,90.0,73.0,Mismatch
8520.034003,63.62827843,79.82990255,113.2475149,88.83799967,89.9999324,72.99569298,8820.0,61.6,78.8,114.4,88.0,90.0,73.0,Mismatch
8540.01863,62.763222,79.49238316,114.0190437,88.79942013,90.00005278,73.01051147,8840.0,61.2,78.6,114.8,88.0,90.0,73.0,Mismatch
8560.14154,61.85343187,79.1373769,114.8305331,88.75887823,90.00005693,73.01019045,8860.0,60.8,78.4,115.2,88.0,90.0,73.0,Mismatch
8580.035639,60.96928191,78.79235458,115.619213,88.71943146,90.00005419,73.01041011,8880.0,60.4,78.2,115.6,88.0,90.0,73.0,Mismatch
8600.132465,60.05948465,78.43734933,116.4306991,88.67889184,90.00005869,73.00973588,8900.0,58.0,77.0,118.0,88.0,90.0,73.0,Mismatch
8620.051336,59.21377544,78.10733603,117.1850628,88.6411848,90.0000658,73.00975826,8920.0,57.5,76.8,118.4,88.0,90.0,73.0,Mismatch
8640.137029,58.30398203,77.75230448,117.9966163,88.60058626,90.00005931,73.01004404,8940.0,57.0,76.6,118.8,88.0,90.0,73.0,Mismatch
8660.061169,57.42636846,77.40981582,118.7795091,88.56146025,89.99991424,72.99567381,8960.0,56.5,76.4,119.2,88.0,90.0,73.0,Mismatch
8680.006909,56.51003957,77.0522685,119.5967958,88.52059205,90.00006514,73.01045881,8980.0,56.0,76.2,119.6,88.0,90.0,73.0,Mismatch
8700.142789,55.58743538,76.69225368,120.4197388,88.47945663,90.0000689,73.01011644,9000.0,53.0,75.0,122.0,88.0,90.0,73.0,Mismatch
8720.036221,54.68420502,76.33977108,121.2254791,88.43919791,89.99990671,72.99592894,9020.0,52.6,74.9,122.4,88.0,90.0,73.0,Mismatch
8740.140915,53.76786349,75.98222516,122.0427649,88.39832841,90.00006889,73.00993565,9040.0,52.2,74.8,122.8,88.0,90.0,73.0,Mismatch
8760.163951,52.86460022,75.62974125,122.8485058,88.35806984,89.9999109,72.9960299,9060.0,51.8,74.7,123.2,88.0,90.0,73.0,Mismatch
8780.040002,51.98668284,75.28724035,123.6314161,88.31895835,90.00006809,73.01007195,9080.0,51.4,74.6,123.6,88.0,90.0,73.0,Mismatch
8800.053334,51.07065585,74.92971146,124.4486725,88.27808535,89.99989798,72.9952816,9100.0,49.0,74.0,126.0,88.0,90.0,73.0,Mismatch
8820.070243,50.1543037,74.5721667,125.2659577,88.23721289,90.00006594,73.0101026,9120.0,48.5,73.8,126.4,87.9,90.0,73.0,Mismatch
8840.019321,49.2639079,74.22459746,126.0603893,88.1975183,89.99989949,72.99576283,9140.0,48.0,73.6,126.8,87.8,90.0,73.0,Mismatch
8860.138297,48.36036389,73.87213756,126.866124,88.15722632,90.0000758,73.01047904,9160.0,47.5,73.4,127.2,87.7,90.0,73.0,Mismatch
8880.007219,47.47620696,73.52716997,127.6546854,88.11785359,90.00007283,73.01011745,9180.0,47.0,73.2,127.6,87.6,90.0,73.0,Mismatch
8900.106359,46.55360041,73.16715571,128.4776256,88.07671883,90.00007739,73.01042726,9200.0,44.0,72.0,130.0,87.0,90.0,73.0,Mismatch
8920.055008,45.6438198,72.81209208,129.2892344,88.03610259,90.00008298,73.01037981,9220.0,43.6,71.8,130.4,87.0,90.0,73.0,Mismatch
8940.065145,44.72780863,72.45452131,130.106526,87.99526395,89.99988867,72.99594338,9240.0,43.2,71.6,130.8,87.0,90.0,73.0,Mismatch
8960.144329,43.81142357,72.09711419,130.9235855,87.95445655,90.00008167,73.01024283,9260.0,42.8,71.4,131.2,87.0,90.0,73.0,Mismatch
8980.010128,42.90823325,71.74449425,131.729544,87.91413445,89.99988257,72.99581561,9280.0,42.4,71.2,131.6,87.0,90.0,73.0,Mismatch
9000.007486,41.99845881,71.38950455,132.5409926,87.87361435,89.99988347,72.99589929,9300.0,40.0,70.0,134.0,87.0,90.0,73.0,Mismatch
9020.001006,41.09488315,71.03700116,133.3467726,87.8333476,90.00008149,73.01025672,9320.0,39.5,69.8,134.4,87.0,90.0,73.0,Mismatch
9040.028501,40.1850867,70.68203315,134.1582365,87.79275367,90.00008561,73.01041692,9340.0,39.0,69.6,134.8,87.0,90.0,73.0,Mismatch
9060.027456,39.28811506,70.33197458,134.9583776,87.75275375,90.00008742,73.01036108,9360.0,38.5,69.4,135.2,87.0,90.0,73.0,Mismatch
9080.07071,38.38495187,69.97943786,135.7642092,87.71248435,89.99987984,72.99616676,9380.0,38.0,69.2,135.6,87.0,90.0,73.0,Mismatch
9100.096869,37.48135304,69.62696509,136.569943,87.67222472,90.00008135,73.0098043,9400.0,35.0,68.0,138.0,87.0,90.0,73.0,Mismatch
9120.124125,36.59720749,69.28198431,137.3585709,87.63273818,90.00008426,73.0099964,9420.0,34.6,67.9,138.4,87.0,90.0,73.0,Mismatch
9140.02552,35.68122136,68.92439196,138.1758839,87.59192882,89.99987127,72.99605423,9440.0,34.2,67.8,138.8,87.0,90.0,73.0,Mismatch
9160.125613,34.78425967,68.57437966,138.9759234,87.55196167,89.9998734,72.99612012,9460.0,33.8,67.7,139.2,87.0,90.0,73.0,Mismatch
9180.020285,33.90628357,68.23193059,139.7588496,87.51274824,90.00009325,73.01048248,9480.0,33.4,67.6,139.6,87.0,90.0,73.0,Mismatch
9200.040674,33.00312058,67.87935961,140.5646937,87.47250154,89.99986924,72.99579082,9500.0,31.0,67.0,142.0,87.0,90.0,73.0,Mismatch
9220.040154,32.11897175,67.53436719,141.3533339,87.43306334,89.99986426,72.99568799,9520.0,30.5,66.8,142.4,87.0,90.0,73.0,Mismatch
9240.093422,31.22817155,67.18688955,142.1476397,87.39335191,90.00009569,73.01001703,9540.0,30.0,66.6,142.8,87.0,90.0,73.0,Mismatch
9260.067892,30.32502671,66.83431572,142.9534922,87.35311525,89.99986596,72.99582832,9560.0,29.5,66.4,143.2,87.0,90.0,73.0,Mismatch
9280.936098,29.56237642,66.53683979,143.6335255,87.31908818,90.00009415,73.0104008,9580.0,29.0,66.2,143.6,87.0,90.0,73.0,Mismatch
9300.063133,28.90886054,66.28185532,144.2164436,87.28989695,90.000092,73.00984656,9600.0,26.0,65.0,146.0,87.0,90.0,73.0,Mismatch
9320.088673,28.02471435,65.93682232,145.0050891,87.25053982,90.00010005,73.01024308,9620.0,25.6,64.8,146.4,86.9,90.0,73.0,Mismatch
9340.149546,27.11493912,65.58182633,145.8165709,87.2099654,90.00010127,73.01052259,9640.0,25.2,64.6,146.8,86.8,90.0,73.0,Mismatch
9360.046935,26.22460584,65.23425779,146.6109908,87.17028426,89.99986146,72.99608341,9660.0,24.8,64.4,147.2,86.7,90.0,73.0,Mismatch
9380.115271,25.33378677,64.88675713,147.4053388,87.13056574,90.00009812,73.01042129,9680.0,24.4,64.2,147.6,86.6,90.0,73.0,Mismatch
9400.105643,24.41783316,64.52918308,148.2226181,87.0897173,89.99985889,72.99583929,9700.0,22.0,63.0,150.0,86.0,90.0,73.0,Mismatch
9420.120382,23.50140148,64.17171026,149.0398132,87.04884552,90.00009436,73.01054187,9720.0,21.5,62.8,150.4,86.0,90.0,73.0,Mismatch
9440.081525,22.61108841,63.82415949,149.8342152,87.00916457,89.99985966,72.99547522,9740.0,21.0,62.6,150.8,86.0,90.0,73.0,Mismatch
9460.157537,21.7202665,63.47666849,150.6285177,86.96950194,90.00010704,73.01001076,9760.0,20.5,62.4,151.2,86.0,90.0,73.0,Mismatch
9480.037498,20.8299689,63.12909358,151.4229638,86.92977276,89.99985539,72.99585237,9780.0,20.0,62.2,151.6,86.0,90.0,73.0,Mismatch
9500.037265,19.90736031,62.76912354,152.2458609,86.88861836,89.99985333,72.99546092,9800.0,17.0,61.0,154.0,86.0,90.0,73.0,Mismatch
9520.05856,18.99758533,62.4141009,153.0573553,86.84807005,89.99984831,72.99593138,9820.0,16.6,60.9,154.4,86.0,90.0,73.0,Mismatch
9540.12177,18.09394824,62.0616001,153.8631097,86.80783014,90.00009868,73.01015311,9840.0,16.2,60.8,154.8,86.0,90.0,73.0,Mismatch
9560.076761,17.24208351,61.72905204,154.6232449,86.76979693,89.99985042,72.99594663,9860.0,15.8,60.7,155.2,86.0,90.0,73.0,Mismatch
9580.155706,16.37073226,61.38911102,155.4004241,86.73086198,89.99984731,72.99574279,9880.0,15.4,60.6,155.6,86.0,90.0,73.0,Mismatch
9600.001192,15.46709729,61.03661118,156.2061867,86.6905937,90.00010717,73.01025532,9900.0,13.0,60.0,158.0,86.0,90.0,73.0,Mismatch
9620.090127,14.53168935,60.67158721,157.0405953,86.64885604,90.00010467,73.01028689,9920.0,12.6,59.8,158.3,86.0,90.0,73.0,Mismatch
9640.086031,13.60907196,60.31151405,157.8635069,86.60785881,90.00010329,73.01013092,9940.0,12.2,59.6,158.6,86.0,90.0,73.0,Mismatch
9660.087085,12.71879049,59.96398552,158.6579078,86.56810865,89.99984446,72.9957748,9960.0,11.8,59.4,158.9,86.0,90.0,73.0,Mismatch
9680.042458,11.82182181,59.61396489,159.4579864,86.52812004,89.99984932,72.99560078,9980.0,11.4,59.2,159.2,86.0,90.0,73.0,Mismatch
9700.020885,10.91815725,59.26146725,160.2637466,86.48787515,90.00010143,73.01020554,10000.0,9.0,58.0,161.0,86.0,90.0,73.0,Mismatch
9720.077038,9.982747914,58.89643947,161.0981277,86.44615242,90.00010325,73.01015486,10020.0,8.5,57.8,161.4,86.0,90.0,73.0,Mismatch
9740.012002,9.060150521,58.53648093,161.9210805,86.40488909,90.00009629,73.01005904,10040.0,8.0,57.6,161.8,86.0,90.0,73.0,Mismatch
9760.130811,8.144249189,58.17889673,162.7383086,86.36414513,89.99984416,72.99591249,10060.0,7.5,57.4,162.2,86.0,90.0,73.0,Mismatch
9780.075097,7.227751515,57.82144136,163.5555101,86.32321264,90.00010198,73.01021392,10080.0,7.0,57.2,162.6,86.0,90.0,73.0,Mismatch
9800.143099,6.324687697,57.46891816,164.361306,86.2829213,89.99984648,72.9958399,10100.0,4.0,56.0,165.0,86.0,90.0,73.0,Mismatch
9820.023155,5.414879568,57.11382523,165.1728671,86.24241088,89.99984663,72.99588949,10120.0,3.6,55.9,165.4,86.0,90.0,73.0,Mismatch
9840.12835,4.505111842,56.75880213,165.9843635,86.20188296,89.99984383,72.99571154,10140.0,3.2,55.8,165.8,86.0,90.0,73.0,Mismatch
9860.091662,3.608127283,56.40878208,166.7844411,86.16188783,89.99983446,72.99574461,10160.0,2.8,55.7,166.2,86.0,90.0,73.0,Mismatch
9880.013156,2.704451748,56.05634447,167.5901521,86.12158855,90.00010263,73.01013773,10180.0,2.4,55.6,166.6,86.0,90.0,73.0,Mismatch
9900.069094,1.82031022,55.71127686,168.3788411,86.08219587,90.00009957,73.01036874,10200.0,0.0,55.0,169.0,86.0,90.0,73.0,Mismatch
9920.068192,0.942855198,55.36881291,169.1617753,86.04294666,89.9998456,72.9960489,10220.0,0.0,55.0,169.1,86.0,90.0,72.7,Mismatch
9940.096712,0.026350803,55.01124007,169.9789959,86.0022012,90.00010138,73.01025731,10240.0,0.0,55.0,169.2,86.0,90.0,72.4,Mismatch
9960.090351,-0.000491226,55.00206464,170.0034179,86.00153178,89.99992053,72.40221834,10260.0,0.0,55.0,169.3,86.0,90.0,72.1,Mismatch
9980.162716,0.001533246,55.00053536,170.0021401,86.00079721,90.00004565,71.72812066,10280.0,0.0,55.0,169.4,86.0,90.0,71.8,Mismatch
10000.12341,0.000829557,55.00095685,170.0024131,86.00087731,90.00069554,71.10274655,10300.0,0.0,55.0,170.0,86.0,90.0,70.0,Mismatch
10020.09118,0.00025876,55.00091267,170.0025922,86.00095369,89.99923302,70.4625075,10320.0,0.0,55.0,170.0,86.0,90.0,69.7,Mismatch
10040.12971,0.001377965,55.0010529,170.002384,86.00098815,90.00091709,69.81225701,10340.0,0.0,55.0,170.0,86.0,90.0,69.4,Mismatch
10060.08608,7.03e-05,55.00096707,170.0025222,86.0009217,89.99981051,69.19467608,10360.0,0.0,55.0,170.0,86.0,90.0,69.1,Match
10080.16934,-0.001016652,55.00099795,170.0024792,86.00097927,90.00013717,68.54261947,10380.0,0.0,55.0,170.0,86.0,90.0,68.8,Mismatch
10100.08764,-6.87e-05,55.00090458,170.0024984,86.00100162,89.99972743,67.9207087,10400.0,0.0,55.0,170.0,86.0,90.0,67.0,Mismatch
10120.09585,0.002024675,55.00087297,170.0025502,86.00100556,90.00043298,67.271389,10420.0,0.0,55.0,170.0,86.0,90.0,66.7,Mismatch
10140.14058,-0.000437863,55.00103452,170.0023939,86.00102023,89.99972835,66.66051343,10440.0,0.0,55.0,170.0,86.0,90.0,66.4,Mismatch
10160.11565,0.001616518,55.0009298,170.0025455,86.00087319,90.00048579,66.0369053,10460.0,0.0,55.0,170.0,86.0,90.0,66.1,Match
10180.17323,0.000529984,55.00089448,170.0025977,86.00094237,89.99973357,65.40647412,10480.0,0.0,55.0,170.0,86.0,90.0,65.8,Mismatch
10200.13337,-0.001299786,55.00100113,170.0024325,86.00092157,89.9998725,64.75574352,10500.0,0.0,55.0,170.0,86.0,90.0,64.0,Mismatch
10220.07184,0.001865717,55.00108059,170.0024894,86.00085745,90.00013643,64.11492478,10520.0,0.0,55.0,170.0,86.0,90.0,63.7,Mismatch
10240.01234,-0.000576277,55.00108775,170.002402,86.00095602,89.99988034,63.48431673,10540.0,0.0,55.0,170.0,86.0,90.0,63.4,Match
10260.00369,0.000378804,55.00128436,170.0021593,86.00089275,89.99944917,62.86358706,10560.0,0.0,55.0,170.0,86.0,90.0,63.1,Mismatch
10280.07591,0.00085439,55.00104399,170.0021846,86.00120589,90.00070432,62.23075469,10580.0,0.0,55.0,170.0,86.0,90.0,62.8,Mismatch
10300.11282,0.002239759,55.00096746,170.0022284,86.00142397,89.99995898,61.62183601,10600.0,0.0,55.0,170.0,86.0,90.0,61.0,Mismatch
10320.02094,0.001699688,55.00091016,170.0025824,86.00087452,90.00060816,60.98406716,10620.0,0.0,55.0,170.0,86.0,90.0,60.6,Mismatch
10340.10196,0.00076159,55.00101106,170.0024023,86.0009535,89.99944491,60.35499458,10640.0,0.0,55.0,170.0,86.0,90.0,60.2,Mismatch
10360.05924,-0.001141166,55.00097694,170.0023474,86.00099801,89.99958836,59.69745579,10660.0,0.0,55.0,170.0,86.0,90.0,59.8,Match
10380.07646,-0.000675975,55.00094414,170.0024626,86.00101525,89.99934885,59.0624687,10680.0,0.0,55.0,170.0,86.0,90.0,59.4,Mismatch
10400.08824,-0.000287315,55.0012024,170.0023558,86.0008676,89.99970613,58.40078472,10700.0,0.0,55.0,170.0,86.0,90.0,57.0,Mismatch
10420.04557,0.001123188,55.00086911,170.0026629,86.00094818,89.99995651,57.7805361,10720.0,0.0,55.0,170.0,86.0,90.0,56.7,Mismatch
10440.01305,0.002284089,55.0010227,170.0023942,86.00104253,90.00019184,57.1106221,10740.0,0.0,55.0,170.0,86.0,90.0,56.4,Mismatch
10460.05204,-0.000261324,55.00073846,170.0027488,86.0008999,89.99949793,56.47471592,10760.0,0.0,55.0,170.0,86.0,90.0,56.1,Mismatch
10480.17375,-0.000128018,55.00081642,170.0022211,86.00167992,89.9995585,55.81287923,10780.0,0.0,55.0,170.0,86.0,90.0,55.8,Match
10500.10495,1.21e-05,55.00106147,170.0022526,86.00106094,90.00026075,55.17730574,10800.0,0.0,55.0,170.0,86.0,90.0,54.0,Mismatch
10520.0418,0.001281957,55.00100857,170.0025494,86.00090407,89.99985255,54.52558142,10820.0,0.0,55.0,170.0,86.0,90.0,53.7,Mismatch
10540.00669,0.000456255,55.00079326,170.0031651,86.00020121,90.00025523,53.89544398,10840.0,0.0,55.0,170.0,86.0,90.0,53.4,Mismatch
10560.04179,0.000973577,55.0013765,170.002057,86.00071905,90.00051696,53.22539653,10860.0,0.0,55.0,170.0,86.0,90.0,53.1,Match
10580.01091,-0.001655767,55.00091272,170.0027478,86.00063615,89.99991004,52.54121278,10880.0,0.0,55.0,170.0,86.0,90.0,52.8,Mismatch
10600.1179,-2.7e-07,55.0008979,170.0026956,86.00085976,90.00045213,51.89999263,10900.0,0.0,55.0,170.0,86.0,90.0,51.0,Mismatch
10620.01367,0.000289047,55.00059132,170.0028892,86.0009281,89.99977036,51.25074629,10920.0,0.0,55.0,170.0,86.0,90.0,50.7,Mismatch
10640.02736,0.002070275,55.00100012,170.0019781,86.001699,90.00072615,50.56952308,10940.0,0.0,55.0,170.0,86.0,90.0,50.4,Mismatch
10660.02619,0.000802728,55.00108043,170.0024243,86.0006832,90.0000083,49.94888498,10960.0,0.0,55.0,170.0,86.0,90.0,50.1,Mismatch
10680.02918,0.001038282,55.0013085,170.0017533,86.00154809,90.00051215,49.27252724,10980.0,0.0,55.0,170.0,86.0,90.0,49.8,Mismatch
10700.12391,0.002182517,55.00105387,170.0021857,86.00134121,90.00024715,48.60299099,11000.0,0.0,55.0,170.0,86.0,90.0,48.0,Mismatch
10720.03648,-0.000955184,55.00090086,170.0029415,86.00027955,90.00014615,47.95803788,11020.0,0.0,55.0,170.0,86.0,90.0,47.7,Mismatch
10740.05747,-0.000421596,55.00135061,170.0019842,86.00086116,89.99958993,47.30665206,11040.0,0.0,55.0,170.0,86.0,90.0,47.4,Match
10760.12757,0.000750127,55.00122376,170.0022219,86.00073558,90.0001117,46.66369187,11060.0,0.0,55.0,170.0,86.0,90.0,47.1,Mismatch
10780.01423,-0.000126459,55.00085988,170.0026184,86.00088328,90.00001991,46.02784522,11080.0,0.0,55.0,170.0,86.0,90.0,46.8,Mismatch
10800.00327,0.000165729,55.00122907,170.0017543,86.00141902,89.99934445,45.41777789,11100.0,0.0,55.0,170.0,86.0,90.0,45.0,Mismatch
10820.07,-0.000377277,55.00052312,170.0024903,86.00165772,90.00046776,44.76566613,11120.0,0.0,55.0,170.0,86.0,90.0,44.7,Match
10840.04235,0.00046112,55.00053125,170.002943,86.00081665,89.99983311,44.08128985,11140.0,0.0,55.0,170.0,86.0,90.0,44.4,Mismatch
10860.14512,0.000885928,55.00060863,170.0029103,86.00097139,89.99955792,43.44797984,11160.0,0.0,55.0,170.0,86.0,90.0,44.1,Mismatch
10880.03209,-0.000343977,55.00137734,170.0014306,86.00166945,89.99956178,42.77297459,11180.0,0.0,55.0,170.0,86.0,90.0,43.8,Mismatch
10900.17514,0.000869947,55.00054586,170.0026279,86.00162472,90.00050638,42.13968265,11200.0,0.0,55.0,170.0,86.0,90.0,42.0,Match
10920.03353,0.000901079,55.00136001,170.0027538,85.99970412,90.00050967,41.51524622,11220.0,0.0,55.0,170.0,86.0,90.0,41.6,Match
10940.00793,0.001400092,55.00030114,170.0031244,86.00094187,90.00034871,40.90137512,11240.0,0.0,55.0,170.0,86.0,90.0,41.2,Mismatch
10960.17339,0.000552315,55.00053157,170.0025429,86.00165979,90.00005671,40.25880612,11260.0,0.0,55.0,170.0,86.0,90.0,40.8,Mismatch
10980.01804,0.000278638,55.00039945,170.0025838,86.00161341,89.99988643,39.63887289,11280.0,0.0,55.0,170.0,86.0,90.0,40.4,Mismatch
11000.09093,0.001224364,55.00096229,170.002618,86.00074299,90.00081553,38.98750752,11300.0,0.0,55.0,170.0,86.0,90.0,38.0,Mismatch
11020.04042,-0.000619627,55.00121814,170.0015938,86.00158242,90.00032864,38.35534517,11320.0,0.0,55.0,170.0,86.0,90.0,37.7,Mismatch
11040.07101,-0.00039191,55.00069156,170.0031928,86.00014779,89.99990951,37.68944814,11340.0,0.0,55.0,170.0,86.0,90.0,37.4,Mismatch
11060.13808,-0.00163729,55.00055167,170.003356,86.00008963,89.99949905,37.05834944,11360.0,0.0,55.0,170.0,86.0,90.0,37.1,Match
11080.13783,0.001032146,55.00105075,170.00236,86.00058675,90.00034272,36.44353811,11380.0,0.0,55.0,170.0,86.0,90.0,36.8,Mismatch
11100.04134,-0.00018081,55.00041294,170.0031334,86.00061718,89.99999082,35.8235757,11400.0,0.0,55.0,170.0,86.0,90.0,35.0,Mismatch
11120.02268,7.29e-06,55.00057149,170.0027676,86.00083785,90.00015434,35.15612409,11420.0,0.0,55.0,170.0,86.0,90.0,34.7,Mismatch
11140.12325,0.000927143,55.00114378,170.0024168,86.00070839,89.99981253,34.43735954,11440.0,0.0,55.0,170.0,86.0,90.0,34.4,Match
11160.01084,-0.000301471,55.00068144,170.0029177,86.00062022,89.99983527,33.79920777,11460.0,0.0,55.0,170.0,86.0,90.0,34.1,Mismatch
11180.17368,2.86e-06,55.00072112,170.0031914,86.00013899,89.99940447,33.1579868,11480.0,0.0,55.0,170.0,86.0,90.0,33.8,Mismatch
11200.04432,4.12e-05,55.00167225,170.0013375,86.00142793,90.00030571,32.52866333,11500.0,0.0,55.0,170.0,86.0,90.0,32.0,Mismatch
11220.01984,0.000170424,54.99988509,170.0030421,86.00163145,89.99985587,31.89789017,11520.0,0.0,55.0,170.0,86.0,90.0,31.7,Mismatch
11240.01505,0.000729174,55.00063123,170.0030416,86.00030369,89.99990819,31.25352342,11540.0,0.0,55.0,170.0,86.0,90.0,31.4,Match
11260.03706,-0.000360063,55.00042941,170.00299,86.00095654,89.99977786,30.59488948,11560.0,0.0,55.0,170.0,86.0,90.0,31.1,Mismatch
11280.09143,0.000673629,55.00068412,170.0022588,86.00152868,90.00011358,29.91610576,11580.0,0.0,55.0,170.0,86.0,90.0,30.8,Mismatch
11300.03824,0.001808269,55.00186988,170.001296,86.00094697,90.00076408,29.25269977,11600.0,0.0,55.0,170.0,86.0,90.0,29.0,Mismatch
11320.00778,2.46e-05,55.00113868,170.0016671,86.00190979,90.00021312,28.59006496,11620.0,0.0,55.0,170.0,86.0,90.0,28.7,Match
11340.00027,0.000656358,55.00089518,170.0024969,86.00073496,90.00064969,27.94345794,11640.0,0.0,55.0,170.0,86.0,90.0,28.4,Mismatch
11360.07249,0.00012014,55.0010914,170.002204,86.00107571,89.99942439,27.31069952,11660.0,0.0,55.0,170.0,86.0,90.0,28.1,Mismatch
11380.03488,0.0007149,54.99983444,170.0032363,86.00132277,90.00040207,26.6742131,11680.0,0.0,55.0,170.0,86.0,90.0,27.8,Mismatch
11400.04597,0.000874033,55.00127178,170.0021816,86.00083607,89.99988172,26.01555209,11700.0,0.0,55.0,170.0,86.0,90.0,26.0,Match
-,-,-,-,-,-,-,11720.0,0.0,55.0,170.0,86.0,90.0,25.7,Insertion
-,-,-,-,-,-,-,11740.0,0.0,55.0,170.0,86.0,90.0,25.4,Insertion
11420.12458,-0.000579772,54.99971991,170.0038998,86.0006777,90.00002046,25.39293494,11760.0,0.0,55.0,170.0,86.0,90.0,25.1,Mismatch
11440.06894,0.001173349,55.00082776,170.0025578,86.00074733,90.00026204,24.75299834,11780.0,0.0,55.0,170.0,86.0,90.0,24.8,Match
11460.01382,-0.0013265,55.00121184,170.001217,86.00217835,89.99978393,24.13451423,11800.0,0.0,55.0,170.0,86.0,90.0,23.0,Mismatch
11480.16703,-1.91e-05,55.00131604,170.0019735,86.00091473,89.99985928,23.44659372,11820.0,0.0,55.0,170.0,86.0,90.0,22.7,Mismatch
11500.01645,-0.000258991,55.00017706,170.0034094,86.00039715,89.99963483,22.80252645,11840.0,0.0,55.0,170.0,86.0,90.0,22.4,Mismatch
11520.16141,0.000290168,55.00089357,170.0022512,86.00128714,89.9997347,22.16777161,11860.0,0.0,55.0,170.0,86.0,90.0,22.1,Match
11540.20393,-0.000426383,55.0010439,170.0022881,86.00070169,89.99988003,21.52631295,11880.0,0.0,55.0,170.0,86.0,90.0,21.8,Mismatch
11560.02357,-0.001139599,55.00155513,170.0016156,86.00108403,89.9999928,20.90166719,11900.0,0.0,55.0,170.0,86.0,90.0,20.0,Mismatch
11580.06108,0.000929536,55.00149495,170.001827,86.00055597,90.00034864,20.27022249,11920.0,0.0,55.0,170.0,86.0,90.0,19.7,Mismatch
11600.12228,-0.001522681,54.99965738,170.005277,85.99869728,90.00017584,19.63924096,11940.0,0.0,55.0,170.0,86.0,90.0,19.4,Mismatch
11620.0789,-1.36e-05,55.00033986,170.0028495,86.00125693,89.99968873,19.01392146,11960.0,0.0,55.0,170.0,86.0,90.0,19.1,Match
11640.06796,-0.000231368,54.99960849,170.0042137,86.00022927,90.00027126,18.39035101,11980.0,0.0,55.0,170.0,86.0,90.0,18.8,Mismatch
11660.14941,0.000300465,55.00096935,170.0022602,86.00114848,90.00020671,17.72964318,12000.0,0.0,55.0,170.0,86.0,90.0,17.0,Mismatch
11680.02064,0.00090048,55.00042094,170.0022493,86.00168314,90.00043759,17.08876823,12020.0,0.0,55.0,170.0,86.0,90.0,16.7,Mismatch
11700.01905,0.000144012,55.00093025,170.0015973,86.00224939,89.99964061,16.42166276,12040.0,0.0,55.0,170.0,86.0,90.0,16.4,Match
-,-,-,-,-,-,-,12060.0,0.0,55.0,170.0,86.0,90.0,16.1,Insertion
11720.08374,-0.000370316,55.00101297,170.0021135,86.00099357,89.9991241,15.78075484,12080.0,0.0,55.0,170.0,86.0,90.0,15.8,Match
11740.00647,-0.000987549,55.00025042,170.0026383,86.00168125,89.99973538,15.14374011,12100.0,0.0,55.0,170.0,86.0,90.0,14.0,Mismatch
11760.02405,5.16e-05,55.00018999,170.0041699,85.99917953,89.99972752,14.48575875,12120.0,0.0,55.0,170.0,86.0,90.0,13.6,Mismatch
11780.16136,-0.000222026,55.00095482,170.0019187,86.0016163,89.99962893,13.86084052,12140.0,0.0,55.0,170.0,86.0,90.0,13.2,Mismatch
11800.06361,0.000511231,55.00240801,169.9999633,86.00180508,90.0002561,13.22380311,12160.0,0.0,55.0,170.0,86.0,90.0,12.8,Mismatch
-,-,-,-,-,-,-,12180.0,0.0,55.0,170.0,86.0,90.0,12.4,Insertion
-,-,-,-,-,-,-,12200.0,0.0,55.0,170.0,86.0,90.0,10.0,Insertion
-,-,-,-,-,-,-,12220.0,0.2,55.0,170.0,86.2,90.0,10.0,Insertion
-,-,-,-,-,-,-,12240.0,0.4,55.0,170.0,86.4,90.0,10.0,Insertion
-,-,-,-,-,-,-,12260.0,0.6,55.0,170.0,86.6,90.0,10.0,Insertion
-,-,-,-,-,-,-,12280.0,0.8,55.0,170.0,86.8,90.0,10.0,Insertion
-,-,-,-,-,-,-,12300.0,2.0,55.0,170.0,88.0,90.0,10.0,Insertion
-,-,-,-,-,-,-,12320.0,2.4,55.2,170.0,88.4,90.0,10.0,Insertion
-,-,-,-,-,-,-,12340.0,2.8,55.4,170.0,88.8,90.0,10.0,Insertion
-,-,-,-,-,-,-,12360.0,3.2,55.6,170.0,89.2,90.0,10.0,Insertion
-,-,-,-,-,-,-,12380.0,3.6,55.8,170.0,89.6,90.0,10.0,Insertion
-,-,-,-,-,-,-,12400.0,6.0,57.0,170.0,92.0,90.0,10.0,Insertion
-,-,-,-,-,-,-,12420.0,6.5,57.2,170.1,92.4,90.0,10.0,Insertion
-,-,-,-,-,-,-,12440.0,7.0,57.4,170.2,92.8,90.0,10.0,Insertion
-,-,-,-,-,-,-,12460.0,7.5,57.6,170.3,93.2,90.0,10.0,Insertion
-,-,-,-,-,-,-,12480.0,8.0,57.8,170.4,93.6,90.0,10.0,Insertion
-,-,-,-,-,-,-,12500.0,11.0,59.0,171.0,96.0,90.0,10.0,Insertion
-,-,-,-,-,-,-,12520.0,11.4,59.2,171.0,96.5,90.0,10.0,Insertion
-,-,-,-,-,-,-,12540.0,11.8,59.4,171.0,97.0,90.0,10.0,Insertion
-,-,-,-,-,-,-,12560.0,12.2,59.6,171.0,97.5,90.0,10.0,Insertion
-,-,-,-,-,-,-,12580.0,12.6,59.8,171.0,98.0,90.0,10.0,Insertion
-,-,-,-,-,-,-,12600.0,15.0,61.0,171.0,101.0,90.0,10.0,Insertion
-,-,-,-,-,-,-,12620.0,15.5,61.1,171.1,101.4,90.0,10.0,Insertion
-,-,-,-,-,-,-,12640.0,16.0,61.2,171.2,101.8,90.0,10.0,Insertion
-,-,-,-,-,-,-,12660.0,16.5,61.3,171.3,102.2,90.0,10.0,Insertion
-,-,-,-,-,-,-,12680.0,17.0,61.4,171.4,102.6,90.0,10.0,Insertion
-,-,-,-,-,-,-,12700.0,20.0,62.0,172.0,105.0,90.0,10.0,Insertion
-,-,-,-,-,-,-,12720.0,20.4,62.2,172.0,105.4,90.0,10.0,Insertion
-,-,-,-,-,-,-,12740.0,20.8,62.4,172.0,105.8,90.0,10.0,Insertion
-,-,-,-,-,-,-,12760.0,21.2,62.6,172.0,106.2,90.0,10.0,Insertion
-,-,-,-,-,-,-,12780.0,21.6,62.8,172.0,106.6,90.0,10.0,Insertion
-,-,-,-,-,-,-,12800.0,24.0,64.0,172.0,109.0,90.0,10.0,Insertion
-,-,-,-,-,-,-,12820.0,24.5,64.2,172.1,109.4,90.0,10.0,Insertion
-,-,-,-,-,-,-,12840.0,25.0,64.4,172.2,109.8,90.0,10.0,Insertion
-,-,-,-,-,-,-,12860.0,25.5,64.6,172.3,110.2,90.0,10.0,Insertion
-,-,-,-,-,-,-,12880.0,26.0,64.8,172.4,110.6,90.0,10.0,Insertion
-,-,-,-,-,-,-,12900.0,29.0,66.0,173.0,113.0,90.0,10.0,Insertion
-,-,-,-,-,-,-,12920.0,29.4,66.2,173.0,113.5,90.0,10.0,Insertion
-,-,-,-,-,-,-,12940.0,29.8,66.4,173.0,114.0,90.0,10.0,Insertion
-,-,-,-,-,-,-,12960.0,30.2,66.6,173.0,114.5,90.0,10.0,Insertion
-,-,-,-,-,-,-,12980.0,30.6,66.8,173.0,115.0,90.0,10.0,Insertion
-,-,-,-,-,-,-,13000.0,33.0,68.0,173.0,118.0,90.0,10.0,Insertion
-,-,-,-,-,-,-,13020.0,33.5,68.1,173.1,118.4,90.0,10.0,Insertion
-,-,-,-,-,-,-,13040.0,34.0,68.2,173.2,118.8,90.0,10.0,Insertion
-,-,-,-,-,-,-,13060.0,34.5,68.3,173.3,119.2,90.0,10.0,Insertion
-,-,-,-,-,-,-,13080.0,35.0,68.4,173.4,119.6,90.0,10.0,Insertion
-,-,-,-,-,-,-,13100.0,38.0,69.0,174.0,122.0,90.0,10.0,Insertion
-,-,-,-,-,-,-,13120.0,38.4,69.2,174.0,122.4,90.0,10.0,Insertion
-,-,-,-,-,-,-,13140.0,38.8,69.4,174.0,122.8,90.0,10.0,Insertion
-,-,-,-,-,-,-,13160.0,39.2,69.6,174.0,123.2,90.0,10.0,Insertion
-,-,-,-,-,-,-,13180.0,39.6,69.8,174.0,123.6,90.0,10.0,Insertion
-,-,-,-,-,-,-,13200.0,42.0,71.0,174.0,126.0,90.0,10.0,Insertion
-,-,-,-,-,-,-,13220.0,42.5,71.2,174.1,126.5,90.0,10.0,Insertion
-,-,-,-,-,-,-,13240.0,43.0,71.4,174.2,127.0,90.0,10.0,Insertion
-,-,-,-,-,-,-,13260.0,43.5,71.6,174.3,127.5,90.0,10.0,Insertion
-,-,-,-,-,-,-,13280.0,44.0,71.8,174.4,128.0,90.0,10.0,Insertion
-,-,-,-,-,-,-,13300.0,47.0,73.0,175.0,131.0,90.0,10.0,Insertion
-,-,-,-,-,-,-,13320.0,47.4,73.2,175.0,131.4,90.0,10.0,Insertion
-,-,-,-,-,-,-,13340.0,47.8,73.4,175.0,131.8,90.0,10.0,Insertion
-,-,-,-,-,-,-,13360.0,48.2,73.6,175.0,132.2,90.0,10.0,Insertion
-,-,-,-,-,-,-,13380.0,48.6,73.8,175.0,132.6,90.0,10.0,Insertion
-,-,-,-,-,-,-,13400.0,51.0,75.0,175.0,135.0,90.0,10.0,Insertion
-,-,-,-,-,-,-,13420.0,51.5,75.1,175.1,135.4,90.0,10.0,Insertion
-,-,-,-,-,-,-,13440.0,52.0,75.2,175.2,135.8,90.0,10.0,Insertion
-,-,-,-,-,-,-,13460.0,52.5,75.3,175.3,136.2,90.0,10.0,Insertion
-,-,-,-,-,-,-,13480.0,53.0,75.4,175.4,136.6,90.0,10.0,Insertion
-,-,-,-,-,-,-,13500.0,56.0,76.0,176.0,139.0,90.0,10.0,Insertion
-,-,-,-,-,-,-,13520.0,56.4,76.2,176.0,139.5,90.0,10.0,Insertion
-,-,-,-,-,-,-,13540.0,56.8,76.4,176.0,140.0,90.0,10.0,Insertion
-,-,-,-,-,-,-,13560.0,57.2,76.6,176.0,140.5,90.0,10.0,Insertion
-,-,-,-,-,-,-,13580.0,57.6,76.8,176.0,141.0,90.0,10.0,Insertion
-,-,-,-,-,-,-,13600.0,60.0,78.0,176.0,144.0,90.0,10.0,Insertion
-,-,-,-,-,-,-,13620.0,60.5,78.2,176.1,144.4,90.0,10.0,Insertion
-,-,-,-,-,-,-,13640.0,61.0,78.4,176.2,144.8,90.0,10.0,Insertion
-,-,-,-,-,-,-,13660.0,61.5,78.6,176.3,145.2,90.0,10.0,Insertion
-,-,-,-,-,-,-,13680.0,62.0,78.8,176.4,145.6,90.0,10.0,Insertion
-,-,-,-,-,-,-,13700.0,65.0,80.0,177.0,148.0,90.0,10.0,Insertion
-,-,-,-,-,-,-,13720.0,65.4,80.2,177.0,148.4,90.0,10.0,Insertion
-,-,-,-,-,-,-,13740.0,65.8,80.4,177.0,148.8,90.0,10.0,Insertion
-,-,-,-,-,-,-,13760.0,66.2,80.6,177.0,149.2,90.0,10.0,Insertion
-,-,-,-,-,-,-,13780.0,66.6,80.8,177.0,149.6,90.0,10.0,Insertion
-,-,-,-,-,-,-,13800.0,69.0,82.0,177.0,152.0,90.0,10.0,Insertion
-,-,-,-,-,-,-,13820.0,69.4,82.1,177.1,152.4,90.0,10.0,Insertion
-,-,-,-,-,-,-,13840.0,69.8,82.2,177.2,152.8,90.0,10.0,Insertion
-,-,-,-,-,-,-,13860.0,70.2,82.3,177.3,153.2,90.0,10.0,Insertion
-,-,-,-,-,-,-,13880.0,70.6,82.4,177.4,153.6,90.0,10.0,Insertion
-,-,-,-,-,-,-,13900.0,73.0,83.0,178.0,156.0,90.0,10.0,Insertion
-,-,-,-,-,-,-,13920.0,73.5,83.2,178.0,156.4,90.0,10.0,Insertion
-,-,-,-,-,-,-,13940.0,74.0,83.4,178.0,156.8,90.0,10.0,Insertion
-,-,-,-,-,-,-,13960.0,74.5,83.6,178.0,157.2,90.0,10.0,Insertion
-,-,-,-,-,-,-,13980.0,75.0,83.8,178.0,157.6,90.0,10.0,Insertion
-,-,-,-,-,-,-,14000.0,78.0,85.0,178.0,160.0,90.0,10.0,Insertion
-,-,-,-,-,-,-,14020.0,78.4,85.2,178.1,160.5,90.0,10.0,Insertion
-,-,-,-,-,-,-,14040.0,78.8,85.4,178.2,161.0,90.0,10.0,Insertion
-,-,-,-,-,-,-,14060.0,79.2,85.6,178.3,161.5,90.0,10.0,Insertion
-,-,-,-,-,-,-,14080.0,79.6,85.8,178.4,162.0,90.0,10.0,Insertion
-,-,-,-,-,-,-,14100.0,82.0,87.0,179.0,165.0,90.0,10.0,Insertion
-,-,-,-,-,-,-,14120.0,82.5,87.1,179.0,165.4,90.0,10.0,Insertion
-,-,-,-,-,-,-,14140.0,83.0,87.2,179.0,165.8,90.0,10.0,Insertion
-,-,-,-,-,-,-,14160.0,83.5,87.3,179.0,166.2,90.0,10.0,Insertion
-,-,-,-,-,-,-,14180.0,84.0,87.4,179.0,166.6,90.0,10.0,Insertion
-,-,-,-,-,-,-,14200.0,87.0,88.0,179.0,169.0,90.0,10.0,Insertion
-,-,-,-,-,-,-,14220.0,87.3,88.2,179.1,169.3,90.0,10.0,Insertion
-,-,-,-,-,-,-,14240.0,87.6,88.4,179.2,169.6,90.0,10.0,Insertion
-,-,-,-,-,-,-,14260.0,87.9,88.6,179.3,169.9,90.0,10.0,Insertion
-,-,-,-,-,-,-,14280.0,88.2,88.8,179.4,170.2,90.0,10.0,Insertion
-,-,-,-,-,-,-,14300.0,90.0,90.0,180.0,172.0,90.0,10.0,Insertion
-,-,-,-,-,-,-,14320.0,90.0,90.0,180.0,172.0,90.0,10.3,Insertion
-,-,-,-,-,-,-,14340.0,90.0,90.0,180.0,172.0,90.0,10.6,Insertion
-,-,-,-,-,-,-,14360.0,90.0,90.0,180.0,172.0,90.0,10.9,Insertion
-,-,-,-,-,-,-,14380.0,90.0,90.0,180.0,172.0,90.0,11.2,Insertion
-,-,-,-,-,-,-,14400.0,90.0,90.0,180.0,172.0,90.0,13.0,Insertion
-,-,-,-,-,-,-,14420.0,90.0,90.0,180.0,172.0,90.0,13.3,Insertion
-,-,-,-,-,-,-,14440.0,90.0,90.0,180.0,172.0,90.0,13.6,Insertion
-,-,-,-,-,-,-,14460.0,90.0,90.0,180.0,172.0,90.0,13.9,Insertion
-,-,-,-,-,-,-,14480.0,90.0,90.0,180.0,172.0,90.0,14.2,Insertion
-,-,-,-,-,-,-,14500.0,90.0,90.0,180.0,172.0,90.0,16.0,Insertion
-,-,-,-,-,-,-,14520.0,90.0,90.0,180.0,172.0,90.0,16.4,Insertion
-,-,-,-,-,-,-,14540.0,90.0,90.0,180.0,172.0,90.0,16.8,Insertion
-,-,-,-,-,-,-,14560.0,90.0,90.0,180.0,172.0,90.0,17.2,Insertion
-,-,-,-,-,-,-,14580.0,90.0,90.0,180.0,172.0,90.0,17.6,Insertion
-,-,-,-,-,-,-,14600.0,90.0,90.0,180.0,172.0,90.0,20.0,Insertion
-,-,-,-,-,-,-,14620.0,90.0,90.0,180.0,172.0,90.0,20.3,Insertion
-,-,-,-,-,-,-,14640.0,90.0,90.0,180.0,172.0,90.0,20.6,Insertion
-,-,-,-,-,-,-,14660.0,90.0,90.0,180.0,172.0,90.0,20.9,Insertion
-,-,-,-,-,-,-,14680.0,90.0,90.0,180.0,172.0,90.0,21.2,Insertion
-,-,-,-,-,-,-,14700.0,90.0,90.0,180.0,172.0,90.0,23.0,Insertion
-,-,-,-,-,-,-,14720.0,90.0,90.0,180.0,172.0,90.0,23.3,Insertion
-,-,-,-,-,-,-,14740.0,90.0,90.0,180.0,172.0,90.0,23.6,Insertion
-,-,-,-,-,-,-,14760.0,90.0,90.0,180.0,172.0,90.0,23.9,Insertion
-,-,-,-,-,-,-,14780.0,90.0,90.0,180.0,172.0,90.0,24.2,Insertion
-,-,-,-,-,-,-,14800.0,90.0,90.0,180.0,172.0,90.0,26.0,Insertion
-,-,-,-,-,-,-,14820.0,90.0,90.0,180.0,172.0,90.0,26.3,Insertion
-,-,-,-,-,-,-,14840.0,90.0,90.0,180.0,172.0,90.0,26.6,Insertion
-,-,-,-,-,-,-,14860.0,90.0,90.0,180.0,172.0,90.0,26.9,Insertion
-,-,-,-,-,-,-,14880.0,90.0,90.0,180.0,172.0,90.0,27.2,Insertion
-,-,-,-,-,-,-,14900.0,90.0,90.0,180.0,172.0,90.0,29.0,Insertion
-,-,-,-,-,-,-,14920.0,90.0,90.0,180.0,172.0,90.0,29.3,Insertion
-,-,-,-,-,-,-,14940.0,90.0,90.0,180.0,172.0,90.0,29.6,Insertion
-,-,-,-,-,-,-,14960.0,90.0,90.0,180.0,172.0,90.0,29.9,Insertion
-,-,-,-,-,-,-,14980.0,90.0,90.0,180.0,172.0,90.0,30.2,Insertion
-,-,-,-,-,-,-,15000.0,90.0,90.0,180.0,172.0,90.0,32.0,Insertion
-,-,-,-,-,-,-,15020.0,90.0,90.0,180.0,172.0,90.0,32.3,Insertion
-,-,-,-,-,-,-,15040.0,90.0,90.0,180.0,172.0,90.0,32.6,Insertion
-,-,-,-,-,-,-,15060.0,90.0,90.0,180.0,172.0,90.0,32.9,Insertion
-,-,-,-,-,-,-,15080.0,90.0,90.0,180.0,172.0,90.0,33.2,Insertion
-,-,-,-,-,-,-,15100.0,90.0,90.0,180.0,172.0,90.0,35.0,Insertion
-,-,-,-,-,-,-,15120.0,90.0,90.0,180.0,172.0,90.0,35.3,Insertion
-,-,-,-,-,-,-,15140.0,90.0,90.0,180.0,172.0,90.0,35.6,Insertion
-,-,-,-,-,-,-,15160.0,90.0,90.0,180.0,172.0,90.0,35.9,Insertion
-,-,-,-,-,-,-,15180.0,90.0,90.0,180.0,172.0,90.0,36.2,Insertion
-,-,-,-,-,-,-,15200.0,90.0,90.0,180.0,172.0,90.0,38.0,Insertion
-,-,-,-,-,-,-,15220.0,90.0,90.0,180.0,172.0,90.0,38.4,Insertion
-,-,-,-,-,-,-,15240.0,90.0,90.0,180.0,172.0,90.0,38.8,Insertion
-,-,-,-,-,-,-,15260.0,90.0,90.0,180.0,172.0,90.0,39.2,Insertion
-,-,-,-,-,-,-,15280.0,90.0,90.0,180.0,172.0,90.0,39.6,Insertion
-,-,-,-,-,-,-,15300.0,90.0,90.0,180.0,172.0,90.0,42.0,Insertion
-,-,-,-,-,-,-,15320.0,90.0,90.0,180.0,172.0,90.0,42.3,Insertion
-,-,-,-,-,-,-,15340.0,90.0,90.0,180.0,172.0,90.0,42.6,Insertion
-,-,-,-,-,-,-,15360.0,90.0,90.0,180.0,172.0,90.0,42.9,Insertion
-,-,-,-,-,-,-,15380.0,90.0,90.0,180.0,172.0,90.0,43.2,Insertion
-,-,-,-,-,-,-,15400.0,90.0,90.0,180.0,172.0,90.0,45.0,Insertion
-,-,-,-,-,-,-,15420.0,90.0,90.0,180.0,172.0,90.0,45.3,Insertion
-,-,-,-,-,-,-,15440.0,90.0,90.0,180.0,172.0,90.0,45.6,Insertion
-,-,-,-,-,-,-,15460.0,90.0,90.0,180.0,172.0,90.0,45.9,Insertion
-,-,-,-,-,-,-,15480.0,90.0,90.0,180.0,172.0,90.0,46.2,Insertion
-,-,-,-,-,-,-,15500.0,90.0,90.0,180.0,172.0,90.0,48.0,Insertion
-,-,-,-,-,-,-,15520.0,90.0,90.0,180.0,172.0,90.0,48.3,Insertion
-,-,-,-,-,-,-,15540.0,90.0,90.0,180.0,172.0,90.0,48.6,Insertion
-,-,-,-,-,-,-,15560.0,90.0,90.0,180.0,172.0,90.0,48.9,Insertion
-,-,-,-,-,-,-,15580.0,90.0,90.0,180.0,172.0,90.0,49.2,Insertion
-,-,-,-,-,-,-,15600.0,90.0,90.0,180.0,172.0,90.0,51.0,Insertion
-,-,-,-,-,-,-,15620.0,90.0,90.0,180.0,172.0,90.0,51.3,Insertion
-,-,-,-,-,-,-,15640.0,90.0,90.0,180.0,172.0,90.0,51.6,Insertion
-,-,-,-,-,-,-,15660.0,90.0,90.0,180.0,172.0,90.0,51.9,Insertion
-,-,-,-,-,-,-,15680.0,90.0,90.0,180.0,172.0,90.0,52.2,Insertion
-,-,-,-,-,-,-,15700.0,90.0,90.0,180.0,172.0,90.0,54.0,Insertion
-,-,-,-,-,-,-,15720.0,90.0,90.0,180.0,172.0,90.0,54.3,Insertion
-,-,-,-,-,-,-,15740.0,90.0,90.0,180.0,172.0,90.0,54.6,Insertion
-,-,-,-,-,-,-,15760.0,90.0,90.0,180.0,172.0,90.0,54.9,Insertion
-,-,-,-,-,-,-,15780.0,90.0,90.0,180.0,172.0,90.0,55.2,Insertion
-,-,-,-,-,-,-,15800.0,90.0,90.0,180.0,172.0,90.0,57.0,Insertion
-,-,-,-,-,-,-,15820.0,90.0,90.0,180.0,172.0,90.0,57.3,Insertion
-,-,-,-,-,-,-,15840.0,90.0,90.0,180.0,172.0,90.0,57.6,Insertion
-,-,-,-,-,-,-,15860.0,90.0,90.0,180.0,172.0,90.0,57.9,Insertion
-,-,-,-,-,-,-,15880.0,90.0,90.0,180.0,172.0,90.0,58.2,Insertion
-,-,-,-,-,-,-,15900.0,90.0,90.0,180.0,172.0,90.0,60.0,Insertion
-,-,-,-,-,-,-,15920.0,90.0,90.0,180.0,172.0,90.0,60.3,Insertion
-,-,-,-,-,-,-,15940.0,90.0,90.0,180.0,172.0,90.0,60.6,Insertion
-,-,-,-,-,-,-,15960.0,90.0,90.0,180.0,172.0,90.0,60.9,Insertion
-,-,-,-,-,-,-,15980.0,90.0,90.0,180.0,172.0,90.0,61.2,Insertion
-,-,-,-,-,-,-,16000.0,90.0,90.0,180.0,172.0,90.0,63.0,Insertion
-,-,-,-,-,-,-,16020.0,90.0,90.0,180.0,172.0,90.0,63.4,Insertion
-,-,-,-,-,-,-,16040.0,90.0,90.0,180.0,172.0,90.0,63.8,Insertion
-,-,-,-,-,-,-,16060.0,90.0,90.0,180.0,172.0,90.0,64.2,Insertion
-,-,-,-,-,-,-,16080.0,90.0,90.0,180.0,172.0,90.0,64.6,Insertion
-,-,-,-,-,-,-,16100.0,90.0,90.0,180.0,172.0,90.0,67.0,Insertion
-,-,-,-,-,-,-,16120.0,90.0,90.0,180.0,172.0,90.0,67.3,Insertion
-,-,-,-,-,-,-,16140.0,90.0,90.0,180.0,172.0,90.0,67.6,Insertion
-,-,-,-,-,-,-,16160.0,90.0,90.0,180.0,172.0,90.0,67.9,Insertion
-,-,-,-,-,-,-,16180.0,90.0,90.0,180.0,172.0,90.0,68.2,Insertion
-,-,-,-,-,-,-,16200.0,90.0,90.0,180.0,172.0,90.0,70.0,Insertion
-,-,-,-,-,-,-,16220.0,90.0,90.0,180.0,172.0,90.0,70.3,Insertion
-,-,-,-,-,-,-,16240.0,90.0,90.0,180.0,172.0,90.0,70.6,Insertion
-,-,-,-,-,-,-,16260.0,90.0,90.0,180.0,172.0,90.0,70.9,Insertion
-,-,-,-,-,-,-,16280.0,90.0,90.0,180.0,172.0,90.0,71.2,Insertion
-,-,-,-,-,-,-,16300.0,90.0,90.0,180.0,172.0,90.0,73.0,Insertion
-,-,-,-,-,-,-,16320.0,90.0,89.8,179.9,171.6,90.0,73.0,Insertion
-,-,-,-,-,-,-,16340.0,90.0,89.6,179.8,171.2,90.0,73.0,Insertion
-,-,-,-,-,-,-,16360.0,90.0,89.4,179.7,170.8,90.0,73.0,Insertion
-,-,-,-,-,-,-,16380.0,90.0,89.2,179.6,170.4,90.0,73.0,Insertion
-,-,-,-,-,-,-,16400.0,90.0,88.0,179.0,168.0,90.0,73.0,Insertion
-,-,-,-,-,-,-,16420.0,90.0,87.8,179.0,167.5,90.0,73.0,Insertion
-,-,-,-,-,-,-,16440.0,90.0,87.6,179.0,167.0,90.0,73.0,Insertion
-,-,-,-,-,-,-,16460.0,90.0,87.4,179.0,166.5,90.0,73.0,Insertion
-,-,-,-,-,-,-,16480.0,90.0,87.2,179.0,166.0,90.0,73.0,Insertion
-,-,-,-,-,-,-,16500.0,90.0,86.0,179.0,163.0,90.0,73.0,Insertion
-,-,-,-,-,-,-,16520.0,90.0,85.8,178.9,162.6,90.0,73.0,Insertion
-,-,-,-,-,-,-,16540.0,90.0,85.6,178.8,162.2,90.0,73.0,Insertion
-,-,-,-,-,-,-,16560.0,90.0,85.4,178.7,161.8,90.0,73.0,Insertion
-,-,-,-,-,-,-,16580.0,90.0,85.2,178.6,161.4,90.0,73.0,Insertion
-,-,-,-,-,-,-,16600.0,90.0,84.0,178.0,159.0,90.0,73.0,Insertion
-,-,-,-,-,-,-,16620.0,90.0,83.9,178.0,158.6,90.0,73.0,Insertion
-,-,-,-,-,-,-,16640.0,90.0,83.8,178.0,158.2,90.0,73.0,Insertion
-,-,-,-,-,-,-,16660.0,90.0,83.7,178.0,157.8,90.0,73.0,Insertion
-,-,-,-,-,-,-,16680.0,90.0,83.6,178.0,157.4,90.0,73.0,Insertion
-,-,-,-,-,-,-,16700.0,90.0,83.0,178.0,155.0,90.0,73.0,Insertion
-,-,-,-,-,-,-,16720.0,90.0,82.8,177.9,154.5,90.0,73.0,Insertion
-,-,-,-,-,-,-,16740.0,90.0,82.6,177.8,154.0,90.0,73.0,Insertion
-,-,-,-,-,-,-,16760.0,90.0,82.4,177.7,153.5,90.0,73.0,Insertion
-,-,-,-,-,-,-,16780.0,90.0,82.2,177.6,153.0,90.0,73.0,Insertion
-,-,-,-,-,-,-,16800.0,90.0,81.0,177.0,150.0,90.0,73.0,Insertion
-,-,-,-,-,-,-,16820.0,90.0,80.8,177.0,149.6,90.0,73.0,Insertion
-,-,-,-,-,-,-,16840.0,90.0,80.6,177.0,149.2,90.0,73.0,Insertion
-,-,-,-,-,-,-,16860.0,90.0,80.4,177.0,148.8,90.0,73.0,Insertion
-,-,-,-,-,-,-,16880.0,90.0,80.2,177.0,148.4,90.0,73.0,Insertion
-,-,-,-,-,-,-,16900.0,90.0,79.0,177.0,146.0,90.0,73.0,Insertion
-,-,-,-,-,-,-,16920.0,90.0,78.8,176.9,145.6,90.0,73.0,Insertion
-,-,-,-,-,-,-,16940.0,90.0,78.6,176.8,145.2,90.0,73.0,Insertion
-,-,-,-,-,-,-,16960.0,90.0,78.4,176.7,144.8,90.0,73.0,Insertion
-,-,-,-,-,-,-,16980.0,90.0,78.2,176.6,144.4,90.0,73.0,Insertion
-,-,-,-,-,-,-,17000.0,90.0,77.0,176.0,142.0,90.0,73.0,Insertion
-,-,-,-,-,-,-,17020.0,90.0,76.9,176.0,141.6,90.0,73.0,Insertion
-,-,-,-,-,-,-,17040.0,90.0,76.8,176.0,141.2,90.0,73.0,Insertion
-,-,-,-,-,-,-,17060.0,90.0,76.7,176.0,140.8,90.0,73.0,Insertion
-,-,-,-,-,-,-,17080.0,90.0,76.6,176.0,140.4,90.0,73.0,Insertion
-,-,-,-,-,-,-,17100.0,90.0,76.0,176.0,138.0,90.0,73.0,Insertion
-,-,-,-,-,-,-,17120.0,90.0,75.8,175.9,137.5,90.0,73.0,Insertion
-,-,-,-,-,-,-,17140.0,90.0,75.6,175.8,137.0,90.0,73.0,Insertion
-,-,-,-,-,-,-,17160.0,90.0,75.4,175.7,136.5,90.0,73.0,Insertion
-,-,-,-,-,-,-,17180.0,90.0,75.2,175.6,136.0,90.0,73.0,Insertion
-,-,-,-,-,-,-,17200.0,90.0,74.0,175.0,133.0,90.0,73.0,Insertion
-,-,-,-,-,-,-,17220.0,90.0,73.8,175.0,132.6,90.0,73.0,Insertion
-,-,-,-,-,-,-,17240.0,90.0,73.6,175.0,132.2,90.0,73.0,Insertion
-,-,-,-,-,-,-,17260.0,90.0,73.4,175.0,131.8,90.0,73.0,Insertion
-,-,-,-,-,-,-,17280.0,90.0,73.2,175.0,131.4,90.0,73.0,Insertion
-,-,-,-,-,-,-,17300.0,90.0,72.0,175.0,129.0,90.0,73.0,Insertion
-,-,-,-,-,-,-,17320.0,90.0,71.8,174.9,128.6,90.0,73.0,Insertion
-,-,-,-,-,-,-,17340.0,90.0,71.6,174.8,128.2,90.0,73.0,Insertion
-,-,-,-,-,-,-,17360.0,90.0,71.4,174.7,127.8,90.0,73.0,Insertion
-,-,-,-,-,-,-,17380.0,90.0,71.2,174.6,127.4,90.0,73.0,Insertion
-,-,-,-,-,-,-,17400.0,90.0,70.0,174.0,125.0,90.0,73.0,Insertion
-,-,-,-,-,-,-,17420.0,90.0,69.9,174.0,124.5,90.0,73.0,Insertion
-,-,-,-,-,-,-,17440.0,90.0,69.8,174.0,124.0,90.0,73.0,Insertion
-,-,-,-,-,-,-,17460.0,90.0,69.7,174.0,123.5,90.0,73.0,Insertion
-,-,-,-,-,-,-,17480.0,90.0,69.6,174.0,123.0,90.0,73.0,Insertion
-,-,-,-,-,-,-,17500.0,90.0,69.0,174.0,120.0,90.0,73.0,Insertion
-,-,-,-,-,-,-,17520.0,90.0,68.8,173.9,119.6,90.0,73.0,Insertion
-,-,-,-,-,-,-,17540.0,90.0,68.6,173.8,119.2,90.0,73.0,Insertion
-,-,-,-,-,-,-,17560.0,90.0,68.4,173.7,118.8,90.0,73.0,Insertion
-,-,-,-,-,-,-,17580.0,90.0,68.2,173.6,118.4,90.0,73.0,Insertion
-,-,-,-,-,-,-,17600.0,90.0,67.0,173.0,116.0,90.0,73.0,Insertion
-,-,-,-,-,-,-,17620.0,90.0,66.8,173.0,115.6,90.0,73.0,Insertion
-,-,-,-,-,-,-,17640.0,90.0,66.6,173.0,115.2,90.0,73.0,Insertion
-,-,-,-,-,-,-,17660.0,90.0,66.4,173.0,114.8,90.0,73.0,Insertion
-,-,-,-,-,-,-,17680.0,90.0,66.2,173.0,114.4,90.0,73.0,Insertion
-,-,-,-,-,-,-,17700.0,90.0,65.0,173.0,112.0,90.0,73.0,Insertion
-,-,-,-,-,-,-,17720.0,90.0,64.9,172.9,111.6,90.0,73.0,Insertion
-,-,-,-,-,-,-,17740.0,90.0,64.8,172.8,111.2,90.0,73.0,Insertion
-,-,-,-,-,-,-,17760.0,90.0,64.7,172.7,110.8,90.0,73.0,Insertion
-,-,-,-,-,-,-,17780.0,90.0,64.6,172.6,110.4,90.0,73.0,Insertion
-,-,-,-,-,-,-,17800.0,90.0,64.0,172.0,108.0,90.0,73.0,Insertion
-,-,-,-,-,-,-,17820.0,90.0,63.8,172.0,107.6,90.0,73.0,Insertion
-,-,-,-,-,-,-,17840.0,90.0,63.6,172.0,107.2,90.0,73.0,Insertion
-,-,-,-,-,-,-,17860.0,90.0,63.4,172.0,106.8,90.0,73.0,Insertion
-,-,-,-,-,-,-,17880.0,90.0,63.2,172.0,106.4,90.0,73.0,Insertion
-,-,-,-,-,-,-,17900.0,90.0,62.0,172.0,104.0,90.0,73.0,Insertion
-,-,-,-,-,-,-,17920.0,90.0,61.8,171.9,103.5,90.0,73.0,Insertion
-,-,-,-,-,-,-,17940.0,90.0,61.6,171.8,103.0,90.0,73.0,Insertion
-,-,-,-,-,-,-,17960.0,90.0,61.4,171.7,102.5,90.0,73.0,Insertion
-,-,-,-,-,-,-,17980.0,90.0,61.2,171.6,102.0,90.0,73.0,Insertion
-,-,-,-,-,-,-,18000.0,90.0,60.0,171.0,99.0,90.0,73.0,Insertion
-,-,-,-,-,-,-,18020.0,90.0,59.8,171.0,98.6,90.0,73.0,Insertion
-,-,-,-,-,-,-,18040.0,90.0,59.6,171.0,98.2,90.0,73.0,Insertion
-,-,-,-,-,-,-,18060.0,90.0,59.4,171.0,97.8,90.0,73.0,Insertion
-,-,-,-,-,-,-,18080.0,90.0,59.2,171.0,97.4,90.0,73.0,Insertion
-,-,-,-,-,-,-,18100.0,90.0,58.0,171.0,95.0,90.0,73.0,Insertion
-,-,-,-,-,-,-,18120.0,90.0,57.9,170.9,94.6,90.0,73.0,Insertion
-,-,-,-,-,-,-,18140.0,90.0,57.8,170.8,94.2,90.0,73.0,Insertion
-,-,-,-,-,-,-,18160.0,90.0,57.7,170.7,93.8,90.0,73.0,Insertion
-,-,-,-,-,-,-,18180.0,90.0,57.6,170.6,93.4,90.0,73.0,Insertion
-,-,-,-,-,-,-,18200.0,90.0,57.0,170.0,91.0,90.0,73.0,Insertion
-,-,-,-,-,-,-,18220.0,90.0,56.8,170.0,90.5,90.0,73.0,Insertion
-,-,-,-,-,-,-,18240.0,90.0,56.6,170.0,90.0,90.0,73.0,Insertion
-,-,-,-,-,-,-,18260.0,90.0,56.4,170.0,89.5,90.0,73.0,Insertion
-,-,-,-,-,-,-,18280.0,90.0,56.2,170.0,89.0,90.0,73.0,Insertion
-,-,-,-,-,-,-,18300.0,90.0,55.0,170.0,86.0,90.0,73.0,Insertion
-,-,-,-,-,-,-,18320.0,90.0,55.1,169.7,86.0,90.0,73.0,Insertion
-,-,-,-,-,-,-,18340.0,90.0,55.2,169.4,86.0,90.0,73.0,Insertion
-,-,-,-,-,-,-,18360.0,90.0,55.3,169.1,86.0,90.0,73.0,Insertion
-,-,-,-,-,-,-,18380.0,90.0,55.4,168.8,86.0,90.0,73.0,Insertion
-,-,-,-,-,-,-,18400.0,90.0,56.0,167.0,86.0,90.0,73.0,Insertion
-,-,-,-,-,-,-,18420.0,90.0,56.1,166.6,86.0,90.0,73.0,Insertion
-,-,-,-,-,-,-,18440.0,90.0,56.2,166.2,86.0,90.0,73.0,Insertion
-,-,-,-,-,-,-,18460.0,90.0,56.3,165.8,86.0,90.0,73.0,Insertion
-,-,-,-,-,-,-,18480.0,90.0,56.4,165.4,86.0,90.0,73.0,Insertion
-,-,-,-,-,-,-,18500.0,90.0,57.0,163.0,86.0,90.0,73.0,Insertion
-,-,-,-,-,-,-,18520.0,90.0,57.2,162.6,86.0,90.0,73.0,Insertion
-,-,-,-,-,-,-,18540.0,90.0,57.4,162.2,86.0,90.0,73.0,Insertion
-,-,-,-,-,-,-,18560.0,90.0,57.6,161.8,86.0,90.0,73.0,Insertion
-,-,-,-,-,-,-,18580.0,90.0,57.8,161.4,86.0,90.0,73.0,Insertion
-,-,-,-,-,-,-,18600.0,90.0,59.0,159.0,86.0,90.0,73.0,Insertion
-,-,-,-,-,-,-,18620.0,90.0,59.2,158.6,86.0,90.0,73.0,Insertion
-,-,-,-,-,-,-,18640.0,90.0,59.4,158.2,86.0,90.0,73.0,Insertion
-,-,-,-,-,-,-,18660.0,90.0,59.6,157.8,86.0,90.0,73.0,Insertion
-,-,-,-,-,-,-,18680.0,90.0,59.8,157.4,86.0,90.0,73.0,Insertion
-,-,-,-,-,-,-,18700.0,90.0,61.0,155.0,86.0,90.0,73.0,Insertion
-,-,-,-,-,-,-,18720.0,90.0,61.2,154.6,86.0,90.0,73.0,Insertion
-,-,-,-,-,-,-,18740.0,90.0,61.4,154.2,86.0,90.0,73.0,Insertion
-,-,-,-,-,-,-,18760.0,90.0,61.6,153.8,86.0,90.0,73.0,Insertion
-,-,-,-,-,-,-,18780.0,90.0,61.8,153.4,86.0,90.0,73.0,Insertion
-,-,-,-,-,-,-,18800.0,90.0,63.0,151.0,86.0,90.0,73.0,Insertion
-,-,-,-,-,-,-,18820.0,90.0,63.1,150.6,86.1,90.0,73.0,Insertion
-,-,-,-,-,-,-,18840.0,90.0,63.2,150.2,86.2,90.0,73.0,Insertion
-,-,-,-,-,-,-,18860.0,90.0,63.3,149.8,86.3,90.0,73.0,Insertion
-,-,-,-,-,-,-,18880.0,90.0,63.4,149.4,86.4,90.0,73.0,Insertion
-,-,-,-,-,-,-,18900.0,90.0,64.0,147.0,87.0,90.0,73.0,Insertion
-,-,-,-,-,-,-,18920.0,90.0,64.2,146.6,87.0,90.0,73.0,Insertion
-,-,-,-,-,-,-,18940.0,90.0,64.4,146.2,87.0,90.0,73.0,Insertion
-,-,-,-,-,-,-,18960.0,90.0,64.6,145.8,87.0,90.0,73.0,Insertion
-,-,-,-,-,-,-,18980.0,90.0,64.8,145.4,87.0,90.0,73.0,Insertion
-,-,-,-,-,-,-,19000.0,90.0,66.0,143.0,87.0,90.0,73.0,Insertion
-,-,-,-,-,-,-,19020.0,90.0,66.2,142.6,87.0,90.0,73.0,Insertion
-,-,-,-,-,-,-,19040.0,90.0,66.4,142.2,87.0,90.0,73.0,Insertion
-,-,-,-,-,-,-,19060.0,90.0,66.6,141.8,87.0,90.0,73.0,Insertion
-,-,-,-,-,-,-,19080.0,90.0,66.8,141.4,87.0,90.0,73.0,Insertion
-,-,-,-,-,-,-,19100.0,90.0,68.0,139.0,87.0,90.0,73.0,Insertion
-,-,-,-,-,-,-,19120.0,90.0,68.2,138.6,87.0,90.0,73.0,Insertion
-,-,-,-,-,-,-,19140.0,90.0,68.4,138.2,87.0,90.0,73.0,Insertion
-,-,-,-,-,-,-,19160.0,90.0,68.6,137.8,87.0,90.0,73.0,Insertion
-,-,-,-,-,-,-,19180.0,90.0,68.8,137.4,87.0,90.0,73.0,Insertion
-,-,-,-,-,-,-,19200.0,90.0,70.0,135.0,87.0,90.0,73.0,Insertion
-,-,-,-,-,-,-,19220.0,90.0,70.1,134.6,87.0,90.0,73.0,Insertion
-,-,-,-,-,-,-,19240.0,90.0,70.2,134.2,87.0,90.0,73.0,Insertion
-,-,-,-,-,-,-,19260.0,90.0,70.3,133.8,87.0,90.0,73.0,Insertion
-,-,-,-,-,-,-,19280.0,90.0,70.4,133.4,87.0,90.0,73.0,Insertion
-,-,-,-,-,-,-,19300.0,90.0,71.0,131.0,87.0,90.0,73.0,Insertion
-,-,-,-,-,-,-,19320.0,90.0,71.2,130.6,87.1,90.0,73.0,Insertion
-,-,-,-,-,-,-,19340.0,90.0,71.4,130.2,87.2,90.0,73.0,Insertion
-,-,-,-,-,-,-,19360.0,90.0,71.6,129.8,87.3,90.0,73.0,Insertion
-,-,-,-,-,-,-,19380.0,90.0,71.8,129.4,87.4,90.0,73.0,Insertion
-,-,-,-,-,-,-,19400.0,90.0,73.0,127.0,88.0,90.0,73.0,Insertion
-,-,-,-,-,-,-,19420.0,90.0,73.2,126.6,88.0,90.0,73.0,Insertion
-,-,-,-,-,-,-,19440.0,90.0,73.4,126.2,88.0,90.0,73.0,Insertion
-,-,-,-,-,-,-,19460.0,90.0,73.6,125.8,88.0,90.0,73.0,Insertion
-,-,-,-,-,-,-,19480.0,90.0,73.8,125.4,88.0,90.0,73.0,Insertion
-,-,-,-,-,-,-,19500.0,90.0,75.0,123.0,88.0,90.0,73.0,Insertion
-,-,-,-,-,-,-,19520.0,90.0,75.1,122.7,88.0,90.0,73.0,Insertion
-,-,-,-,-,-,-,19540.0,90.0,75.2,122.4,88.0,90.0,73.0,Insertion
-,-,-,-,-,-,-,19560.0,90.0,75.3,122.1,88.0,90.0,73.0,Insertion
-,-,-,-,-,-,-,19580.0,90.0,75.4,121.8,88.0,90.0,73.0,Insertion
-,-,-,-,-,-,-,19600.0,90.0,76.0,120.0,88.0,90.0,73.0,Insertion
-,-,-,-,-,-,-,19620.0,90.0,76.2,119.6,88.0,90.0,73.0,Insertion
-,-,-,-,-,-,-,19640.0,90.0,76.4,119.2,88.0,90.0,73.0,Insertion
-,-,-,-,-,-,-,19660.0,90.0,76.6,118.8,88.0,90.0,73.0,Insertion
-,-,-,-,-,-,-,19680.0,90.0,76.8,118.4,88.0,90.0,73.0,Insertion
-,-,-,-,-,-,-,19700.0,90.0,78.0,116.0,88.0,90.0,73.0,Insertion
-,-,-,-,-,-,-,19720.0,90.0,78.2,115.6,88.0,90.0,73.0,Insertion
-,-,-,-,-,-,-,19740.0,90.0,78.4,115.2,88.0,90.0,73.0,Insertion
-,-,-,-,-,-,-,19760.0,90.0,78.6,114.8,88.0,90.0,73.0,Insertion
-,-,-,-,-,-,-,19780.0,90.0,78.8,114.4,88.0,90.0,73.0,Insertion
-,-,-,-,-,-,-,19800.0,90.0,80.0,112.0,88.0,90.0,73.0,Insertion
-,-,-,-,-,-,-,19820.0,90.0,80.2,111.6,88.1,90.0,73.0,Insertion
-,-,-,-,-,-,-,19840.0,90.0,80.4,111.2,88.2,90.0,73.0,Insertion
-,-,-,-,-,-,-,19860.0,90.0,80.6,110.8,88.3,90.0,73.0,Insertion
11820.06359,-0.000258477,55.00087314,170.0020699,86.00138692,89.99965137,12.58821734,19880.0,90.0,80.8,110.4,88.4,90.0,73.0,Mismatch
11840.03952,-6.25e-05,55.00183649,170.0013949,86.00052486,89.99971134,11.94455617,19900.0,90.0,82.0,108.0,89.0,90.0,73.0,Mismatch
11860.11162,0.000230613,55.00062791,170.0022358,86.00119293,89.99958389,11.33376582,19920.0,90.0,82.1,107.6,89.0,90.0,73.0,Mismatch
11880.09651,0.000202363,55.00095706,170.0024183,86.0006691,90.00020026,10.68899615,19940.0,90.0,82.2,107.2,89.0,90.0,73.0,Mismatch
11900.10865,0.000642883,55.00196171,170.0005881,86.00182609,90.00044579,10.03458051,19960.0,90.0,82.3,106.8,89.0,90.0,73.0,Mismatch
